companyName,aliases,region,country,city,legalEntity,registeredCapital,businessScope,categories,tier,lifecycleStatus,website,financingSummary,confidence,scopeStatus,discoveryRound,seeded,strongEvidenceCount,weakEvidenceCount,validationStatus,missingFields,primaryEvidenceUrl,evidenceCount
"Abbott Diabetes Care, Inc.",Abbott Diabetes Care,US,US,Alameda,,not_applicable_or_not_disclosed,,chronic_disease_management; remote_patient_monitoring,A,active_or_unverified,,not_checked_or_not_disclosed,0.96,in_scope,round1,no,10,0,validated_official_product,businessScope; financing; legalEntity; website,https://www.accessdata.fda.gov/scripts/cdrh/cfdocs/cfpmn/pmn.cfm?id=K060768,10
"Big Health, Inc.",Big Health; Sleepio; Daylight,US,US,San Francisco,,not_applicable_or_not_disclosed,Mental Health Solutions | Big Health,digital_therapeutics; mental_health; sleep_health,A,active_or_unverified,https://www.bighealth.com/,not_checked_or_not_disclosed,0.96,in_scope,round1+round2,yes,3,1,validated_official_product,financing; legalEntity,https://www.accessdata.fda.gov/scripts/cdrh/cfdocs/cfpmn/pmn.cfm?id=K233577,5
"Canon, Inc.",CANON INC,US,JP,"Ohta-Ku, Tokyo, Japan",CANON INC,not_checked_or_not_disclosed,,samd,A,active_or_unverified,,not_checked_or_not_disclosed,0.96,in_scope,round1,no,6,0,validated_official_product,businessScope; financing; registeredCapital; website,https://www.accessdata.fda.gov/scripts/cdrh/cfdocs/cfpmn/pmn.cfm?id=K023124,6
"Cardon Rehabilitation Products, Inc.",,US,US,Niagara Falls,,not_applicable_or_not_disclosed,,,A,active_or_unverified,,not_checked_or_not_disclosed,0.96,in_scope,round1,no,9,0,validated_official_product,businessScope; financing; legalEntity; website,https://www.accessdata.fda.gov/scripts/cdrh/cfdocs/cfpmn/pmn.cfm?id=K951955,9
"Impact Applications, Inc.",,US,US,San Diego,,not_applicable_or_not_disclosed,,mental_health,A,active_or_unverified,,not_checked_or_not_disclosed,0.96,in_scope,round1,no,6,0,validated_official_product,businessScope; financing; legalEntity; website,https://www.accessdata.fda.gov/scripts/cdrh/cfdocs/cfpmn/pmn.cfm?id=K181223,6
"Lifescan, Inc.",,US,US,West Chester,,not_applicable_or_not_disclosed,,chronic_disease_management; samd,A,active_or_unverified,,not_checked_or_not_disclosed,0.96,in_scope,round1,no,4,0,validated_official_product,businessScope; financing; legalEntity; website,https://www.accessdata.fda.gov/scripts/cdrh/cfdocs/cfpmn/pmn.cfm?id=K120558,4
"Marquest Medical Products, Inc.",,US,US,Englewood,,not_applicable_or_not_disclosed,,,A,active_or_unverified,,not_checked_or_not_disclosed,0.96,in_scope,round1,no,6,0,validated_official_product,businessScope; financing; legalEntity; website,https://www.accessdata.fda.gov/scripts/cdrh/cfdocs/cfpmn/pmn.cfm?id=K902632,6
"Medtronic, Inc.",Medtronic plc,US,US,Mounds View,Medtronic plc,not_applicable_or_not_disclosed,,health_management_platform; patient_engagement,A,active_or_unverified,,not_checked_or_not_disclosed,0.96,in_scope,round1,no,5,0,validated_official_product,businessScope; financing; website,https://www.accessdata.fda.gov/scripts/cdrh/cfdocs/cfpmn/pmn.cfm?id=K153160,5
Mindmaze SA,MindMaze,Europe,CH,Lausanne,,not_applicable_or_not_disclosed,"Home - MindMaze Therapeutics; We are leaders in the development of innovative neurotherapeutic combinations, encompassing behavior, software, devices, and data",digital_therapeutics; rehabilitation; samd,A,active_or_unverified,https://www.mindmaze.com/,not_checked_or_not_disclosed,0.96,in_scope,round1+round2,yes,3,1,validated_official_product,financing; legalEntity,https://www.accessdata.fda.gov/scripts/cdrh/cfdocs/cfpmn/pmn.cfm?id=K173931,4
"Respironics Inc., Sleep & Home Respiratory Group",,US,US,Murrysville,,not_applicable_or_not_disclosed,,,A,active_or_unverified,,not_checked_or_not_disclosed,0.96,in_scope,round1,no,5,0,validated_official_product,businessScope; financing; legalEntity; website,https://www.accessdata.fda.gov/scripts/cdrh/cfdocs/cfpmn/pmn.cfm?id=K082866,5
Sherwood Medical Co.,,US,US,St. Louis,,not_applicable_or_not_disclosed,,,A,active_or_unverified,,not_checked_or_not_disclosed,0.96,in_scope,round1,no,5,0,validated_official_product,businessScope; financing; legalEntity; website,https://www.accessdata.fda.gov/scripts/cdrh/cfdocs/cfpmn/pmn.cfm?id=K930471,5
"Siemens Medical Solutions USA, Inc.",,US,US,Mavern,,not_applicable_or_not_disclosed,,samd,A,active_or_unverified,,not_checked_or_not_disclosed,0.96,in_scope,round1,no,4,0,validated_official_product,businessScope; financing; legalEntity; website,https://www.accessdata.fda.gov/scripts/cdrh/cfdocs/cfpmn/pmn.cfm?id=K032536,4
Taidoc Technology Corporation,,,TW,Taipei County,,not_checked_or_not_disclosed,,internet_healthcare; remote_patient_monitoring,A,active_or_unverified,,not_checked_or_not_disclosed,0.96,needs_region_verification,round1,no,5,0,needs_region_verification,businessScope; financing; legalEntity; registeredCapital; website,https://www.accessdata.fda.gov/scripts/cdrh/cfdocs/cfpmn/pmn.cfm?id=K083570,5
"Tandem Diabetes Care, Inc.",TANDEM DIABETES CARE INC,US,US,San Diego,TANDEM DIABETES CARE INC,not_applicable_or_not_disclosed,,samd,A,active_or_unverified,,not_checked_or_not_disclosed,0.96,in_scope,round1,no,10,0,validated_official_product,businessScope; financing; website,https://www.accessdata.fda.gov/scripts/cdrh/cfdocs/cfpmn/pmn.cfm?id=K122361,10
"Zephyr Sleep Technologies, Inc.",Zephyr Sleep Technologies,,CA,Calgary; Alberta,,not_checked_or_not_disclosed,,,A,active_or_unverified,,not_checked_or_not_disclosed,0.96,needs_region_verification,round1,no,4,0,needs_region_verification,businessScope; financing; legalEntity; registeredCapital; website,https://www.accessdata.fda.gov/scripts/cdrh/cfdocs/cfpmn/pmn.cfm?id=K103704,4
"Zhejiang Innuovo Rehabilitation Devices Co.,Ltd",,China,CN,Dongyang,,not_checked_or_not_disclosed,,,A,active_or_unverified,,not_checked_or_not_disclosed,0.96,out_of_scope_china_city,round1,no,7,0,out_of_scope_china_city,businessScope; financing; legalEntity; registeredCapital; website,https://www.accessdata.fda.gov/scripts/cdrh/cfdocs/cfpmn/pmn.cfm?id=K231428,7
上海卓昕医疗科技有限公司,,China,CN,上海,上海卓昕医疗科技有限公司,not_checked_or_not_disclosed,国械注准20263060212; 该产品临床适用于在外科手术时提供成人X射线透视、摄影和体层图像。,,A,active_or_unverified,,not_checked_or_not_disclosed,0.96,in_scope,round1,no,6,0,validated_official_product,financing; registeredCapital; website,https://udi.nmpa.gov.cn/showDetailCX.html?deviceRecordKey=0697526051015320260310102355590,6
上海联影智能科技股份有限公司,,China,CN,上海,上海联影智能科技股份有限公司,not_checked_or_not_disclosed,国械注准20213210607; 本软件由服务器端及浏览器端构成。浏览器端由患者管理模块、图像处理模块和服务模块组成，服务器端由数据访问和存储模块、数据同步模块和基于深度学习算法的图像处理模块组成。软件通过FTP下载的方式交付。,clinical_workflow; health_management_platform; patient_engagement; samd,A,active_or_unverified,,not_checked_or_not_disclosed,0.96,in_scope,round1,no,32,0,validated_official_product,financing; registeredCapital; website,https://udi.nmpa.gov.cn/showDetailCX.html?deviceRecordKey=0697419760002920220614032338768,32
上海镜影信息科技有限公司,,China,CN,上海,上海镜影信息科技有限公司,not_checked_or_not_disclosed,沪械注准20262210045; 结构组成：产品基于C/S架构，单机部署，由USB闪存盘和随机文件组成。产品功能模块包括：用户登录模块、电子支气管镜影像监测模块（基于深度学习）、系统管理模块、软件退出模块。 适用范围：产品与内窥镜设备联合使用，用于内窥镜操作时进行电子支气管镜影像监测（包括支气管镜检查的共31个正常位点的识别）。仅用于辅助监测，不能代替医生诊断。,clinical_workflow; remote_patient_monitoring; samd,A,active_or_unverified,,not_checked_or_not_disclosed,0.96,in_scope,round1,no,4,0,validated_official_product,financing; registeredCapital; website,https://udi.nmpa.gov.cn/showDetailCX.html?deviceRecordKey=0697755044001020260417012010264,4
中山瑞福医疗器械科技有限公司,,China,CN,,,not_checked_or_not_disclosed,,chronic_disease_management,A,active_or_unverified,,not_checked_or_not_disclosed,0.96,needs_city_verification,round1,no,8,0,needs_city_verification,businessScope; city; financing; legalEntity; registeredCapital; website,https://udi.nmpa.gov.cn/showDetailCX.html?deviceRecordKey=ca378ffe533249bca57eb24c4317f7e3,8
内特斯医疗系统DBA艾泰克有限公司,,China,CN,,,not_checked_or_not_disclosed,,sleep_health,A,active_or_unverified,,not_checked_or_not_disclosed,0.96,needs_city_verification,round1,no,4,0,needs_city_verification,businessScope; city; financing; legalEntity; registeredCapital; website,https://udi.nmpa.gov.cn/showDetailCX.html?deviceRecordKey=00382830027298202208310434215,4
北京品驰医疗设备股份有限公司,,China,CN,北京,北京品驰医疗设备股份有限公司,not_checked_or_not_disclosed,京械注准20252210036; 医生客户端软件 发布版本4.5,clinical_workflow; remote_patient_monitoring; samd,A,active_or_unverified,,not_checked_or_not_disclosed,0.96,in_scope,round1,no,6,0,validated_official_product,financing; registeredCapital; website,https://udi.nmpa.gov.cn/showDetailCX.html?deviceRecordKey=0695980960560920250409110149243,6
医伟司安股份有限公司,,China,CN,,医伟司安股份有限公司,not_checked_or_not_disclosed,国械注进20143034996; VNC-SD-150 外周血管慢性闭塞病变导管,,A,active_or_unverified,,not_checked_or_not_disclosed,0.96,needs_city_verification,round1,no,6,0,needs_city_verification,city; financing; registeredCapital; website,https://udi.nmpa.gov.cn/showDetailCX.html?deviceRecordKey=bc1fbf9e-231d-497f-a295-00f33b8d39cd,6
华思（天津）医疗健康管理有限公司,,China,CN,,,not_checked_or_not_disclosed,,health_management_platform; remote_patient_monitoring; samd,A,active_or_unverified,,not_checked_or_not_disclosed,0.96,needs_city_verification,round1,no,19,0,needs_city_verification,businessScope; city; financing; legalEntity; registeredCapital; website,https://udi.nmpa.gov.cn/showDetailCX.html?deviceRecordKey=0697452953104520250828052918072,19
天津怡和嘉业医疗科技有限公司,,China,CN,,,not_checked_or_not_disclosed,,sleep_health,A,active_or_unverified,,not_checked_or_not_disclosed,0.96,needs_city_verification,round1,no,32,0,needs_city_verification,businessScope; city; financing; legalEntity; registeredCapital; website,https://udi.nmpa.gov.cn/showDetailCX.html?deviceRecordKey=5D6A46D9CFDD2650AD9CA4CBBD7F6D20,32
天津致远慧图科技有限公司,,China,CN,,天津致远慧图科技有限公司,not_checked_or_not_disclosed,津械注准20232210046; 本产品用于对糖尿病和高血压患者的血糖、血压、胰岛素注射量以及与糖尿病、高血压相关数据的显示、传输、报告打印和统计分析，便于医护人员了解患者的治疗和康复情况。,chronic_disease_management; rehabilitation; remote_patient_monitoring; samd,A,active_or_unverified,,not_checked_or_not_disclosed,0.96,needs_city_verification,round1,no,4,0,needs_city_verification,city; financing; registeredCapital; website,https://udi.nmpa.gov.cn/showDetailCX.html?deviceRecordKey=0697549021014420230320104547712,4
安徽爱视睿医疗科技有限公司,,China,CN,,安徽爱视睿医疗科技有限公司,not_checked_or_not_disclosed,皖械注准20262060065; 由X射线发生装置(包括高压发生器、X射线管组件、限束器)、X射线影像系统(包括滤线栅、结构及组成平板探测器、图像采集处理工作站、显示器、打印机(选配))、移动式C形臂支架(包括C形臂机架、可视化操作面板)和控制装置(遥控器、脚踏开关、无线脚踏开关(选配))组成，适用范围用于外科手术透视及摄影，获得影像供临床诊断用,clinical_workflow,A,active_or_unverified,,not_checked_or_not_disclosed,0.96,needs_city_verification,round1,no,8,0,needs_city_verification,city; financing; registeredCapital; website,https://udi.nmpa.gov.cn/showDetailCX.html?deviceRecordKey=0697892077001020260513021547627,8
山东正心医疗科技有限公司,,China,CN,,山东正心医疗科技有限公司,not_checked_or_not_disclosed,鲁械注准20222070798; 该产品是通过穿戴式心电传感器采集人体表面的心电信号，将采集后的数据存入内部存储器之中。本产品带有蓝牙功能，可实现数据的存储和传输，为医护人员的诊断提供参考。,clinical_workflow; remote_patient_monitoring,A,active_or_unverified,,not_checked_or_not_disclosed,0.96,needs_city_verification,round1,no,24,0,needs_city_verification,city; financing; registeredCapital; website,https://udi.nmpa.gov.cn/showDetailCX.html?deviceRecordKey=0697246767051220240530041724743,24
广州安必平医药科技股份有限公司,,China,CN,广州,广州安必平医药科技股份有限公司,not_checked_or_not_disclosed,国械注准20263210644; 数字病理图像(采用病理切片扫描仪对采用膜式液基薄层细胞学(膜式法)和沉降式液基薄层细胞学(沉降式法)制备方法制备的宫颈细胞学涂片进行扫描，形成宫颈细胞学数字病理图像)进行全片分析，对疑似病变细胞进行自动识别和标记并给出诊断提示，其结果供执业细胞学病理医师参考，阅片病理医生不应仅针对提示的疑似病变细胞进行审查，还应针对全部数字图片进行审查。该软件作为执业细胞学病理医师进行宫颈细胞学检查时的辅助诊断工具，其提示的诊断结果和标记的疑似病变细胞不能作,clinical_workflow; samd,A,active_or_unverified,,not_checked_or_not_disclosed,0.96,in_scope,round1,no,6,0,validated_official_product,financing; registeredCapital; website,https://udi.nmpa.gov.cn/showDetailCX.html?deviceRecordKey=0694850093468220260509111140206,6
广州视景医疗软件有限公司,,China,CN,广州,,not_checked_or_not_disclosed,,digital_therapeutics; samd,A,active_or_unverified,,not_checked_or_not_disclosed,0.96,in_scope,round1,no,11,0,validated_official_product,businessScope; financing; legalEntity; registeredCapital; website,https://udi.nmpa.gov.cn/showDetailCX.html?deviceRecordKey=0697104746013020260330021851550,11
广西医准智能科技有限公司,,China,CN,,广西医准智能科技有限公司,not_checked_or_not_disclosed,桂械注准20262210022; 结构及组成 1. 物理结构组成:由安装光盘、产品说明书和用户文档集组成。逻辑结构组成:为C/S架构，服务端与客户端部署在同一台设备上。其中包括登录管理模块、检查管理模块、影像管理模块、病例管理模块、报告管理模块、用户管理模块和系统设置模块。 2.适用范围：供医疗机构使用，适用于实时颈动脉超声影像的接收、显示以及异常部位标记和处理，为临床医生提供影像处理结果，不包括自动诊断。,clinical_workflow; samd,A,active_or_unverified,,not_checked_or_not_disclosed,0.96,needs_city_verification,round1,no,4,0,needs_city_verification,city; financing; registeredCapital; website,https://udi.nmpa.gov.cn/showDetailCX.html?deviceRecordKey=0697549183016720260204040539443,4
成都云卫康医疗科技有限公司,,China,CN,成都,,not_checked_or_not_disclosed,,remote_patient_monitoring; samd; sleep_health,A,active_or_unverified,,not_checked_or_not_disclosed,0.96,in_scope,round1,no,6,0,validated_official_product,businessScope; financing; legalEntity; registeredCapital; website,https://udi.nmpa.gov.cn/showDetailCX.html?deviceRecordKey=MA.156.M0.101195.0YWK0033202403220556523,6
武汉兰丁智能医学股份有限公司,,China,CN,,武汉兰丁智能医学股份有限公司,not_checked_or_not_disclosed,鄂械注准20122221170; 由硬件和软件（分析软件发布版本 V1.2，报告软件发布版本 V1.0）两部分组成。硬件由光学显微镜、显微电动 XY 平台、工业相机（Ⅰ型包括黑白工业相机一台）、计算机组成。软件由三维自动定位调焦功能模块、图像采集与存储功能模块、图像处理功能模块、图像分析功能模块、诊断报告输出功能及远程会诊功能模块组成。,clinical_workflow; remote_patient_monitoring; samd,A,active_or_unverified,,not_checked_or_not_disclosed,0.96,needs_city_verification,round1,no,8,0,needs_city_verification,city; financing; registeredCapital; website,https://udi.nmpa.gov.cn/showDetailCX.html?deviceRecordKey=06975866142710202507090242481,8
武汉市九头鸟医疗仪器开发有限公司,,China,CN,,武汉市九头鸟医疗仪器开发有限公司,not_checked_or_not_disclosed,国械注准20153091258; 治疗仪由主机、控制和显示面板、负压系统、电极导联线组成,rehabilitation,A,active_or_unverified,,not_checked_or_not_disclosed,0.96,needs_city_verification,round1,no,4,0,needs_city_verification,city; financing; registeredCapital; website,https://udi.nmpa.gov.cn/showDetailCX.html?deviceRecordKey=0697548329202720260418110923009,4
武汉康录生物技术股份有限公司,,China,CN,,武汉康录生物技术股份有限公司,not_checked_or_not_disclosed,鄂汉械备20180037号; 本试剂盒仅适用于慢性淋巴细胞白血病的检测，为医师提供诊断的辅助信息。,clinical_workflow,A,active_or_unverified,,not_checked_or_not_disclosed,0.96,needs_city_verification,round1,no,6,0,needs_city_verification,city; financing; registeredCapital; website,https://udi.nmpa.gov.cn/showDetailCX.html?deviceRecordKey=2d77c6be-9155-4945-b0c5-22e9056a52ac,6
江西思维智光医疗科技有限公司,,China,CN,,,not_checked_or_not_disclosed,,mental_health,A,active_or_unverified,,not_checked_or_not_disclosed,0.96,needs_city_verification,round1,no,31,0,needs_city_verification,businessScope; city; financing; legalEntity; registeredCapital; website,https://udi.nmpa.gov.cn/showDetailCX.html?deviceRecordKey=069799554101862026041703374918,31
济民健康管理股份有限公司,,China,CN,,,not_checked_or_not_disclosed,,health_management_platform,A,active_or_unverified,,not_checked_or_not_disclosed,0.96,needs_city_verification,round1,no,15,0,needs_city_verification,businessScope; city; financing; legalEntity; registeredCapital; website,https://udi.nmpa.gov.cn/showDetailCX.html?deviceRecordKey=1f088f9d-ff2a-495e-b20b-6004c2213d40,15
深圳京柏医疗科技股份有限公司,,China,CN,深圳,深圳京柏医疗科技股份有限公司,not_checked_or_not_disclosed,粤械注准20252090764; 适用于产妇催乳治疗，促进产后排尿、子宫复旧、产后恢复。对患者盆底肌表面肌电信号进行采集、分析、评估，通过神经肌肉电刺激和生物反馈进行盆底功能障碍的辅助治疗。适用于产后盆底功能康复，尿失禁(含产后压力性尿失禁)，轻度盆腔器官膨出和脱垂的辅助治疗，慢性盆腔疼痛的缓解，辅助改善盆底肌松弛，辅助治疗阴道松弛。,rehabilitation,A,active_or_unverified,,not_checked_or_not_disclosed,0.96,in_scope,round1,no,6,0,validated_official_product,financing; registeredCapital; website,https://udi.nmpa.gov.cn/showDetailCX.html?deviceRecordKey=0695174055061120260430020307433,6
深圳市亚辉龙生物科技股份有限公司,,China,CN,深圳,,not_checked_or_not_disclosed,,chronic_disease_management,A,active_or_unverified,,not_checked_or_not_disclosed,0.96,in_scope,round1,no,4,0,validated_official_product,businessScope; financing; legalEntity; registeredCapital; website,https://udi.nmpa.gov.cn/showDetailCX.html?deviceRecordKey=1f59cb8b-b489-41ac-8ddf-c5f2d5198b24,4
深圳市伯劳特生物制品有限公司,,China,CN,深圳,,not_checked_or_not_disclosed,,chronic_disease_management,A,active_or_unverified,,not_checked_or_not_disclosed,0.96,in_scope,round1,no,4,0,validated_official_product,businessScope; financing; legalEntity; registeredCapital; website,https://udi.nmpa.gov.cn/showDetailCX.html?deviceRecordKey=0694076750016720240529031730243,4
深圳市保身欣科技电子有限公司,,China,CN,深圳,,not_checked_or_not_disclosed,,remote_patient_monitoring,A,active_or_unverified,,not_checked_or_not_disclosed,0.96,in_scope,round1,no,4,0,validated_official_product,businessScope; financing; legalEntity; registeredCapital; website,https://udi.nmpa.gov.cn/showDetailCX.html?deviceRecordKey=0692048530807820260512095841386,4
深圳市埃微医疗信息技术有限公司,,China,CN,深圳,深圳市埃微医疗信息技术有限公司,not_checked_or_not_disclosed,粤械注准20262070254; 穿戴式心电传感器,clinical_workflow; remote_patient_monitoring; samd,A,active_or_unverified,,not_checked_or_not_disclosed,0.96,in_scope,round1,no,12,0,validated_official_product,financing; registeredCapital; website,https://udi.nmpa.gov.cn/showDetailCX.html?deviceRecordKey=0697996622005720260407052252779,12
深圳市安普康科技有限公司,,China,CN,深圳,,not_checked_or_not_disclosed,,remote_patient_monitoring,A,active_or_unverified,,not_checked_or_not_disclosed,0.96,in_scope,round1,no,93,0,validated_official_product,businessScope; financing; legalEntity; registeredCapital; website,https://udi.nmpa.gov.cn/showDetailCX.html?deviceRecordKey=0694672552335320260512092607521,93
深圳市宝润科技有限公司,,China,CN,深圳,深圳市宝润科技有限公司,not_checked_or_not_disclosed,粤械注准20262060267; 产品主要由X射线发生装置（组合机头）（BWG-25-2AS-PR-D）、限束器（BRC-11或BRC-12，选配）、平板探测器（BRF 2121B-3或BRF 3040B-3或BRF 2121C-5或BRF 3030C-3）、图像处理软件（DMOC(V02)，选配）、移动C形臂机架（MC-02）、移动工作站小车（MWC-02）、滤线栅（BWG-006或BWG-007或BWG-008，选配）、图像采集工作站（BWS-350）组成。,samd,A,active_or_unverified,,not_checked_or_not_disclosed,0.96,in_scope,round1,no,16,0,validated_official_product,financing; registeredCapital; website,https://udi.nmpa.gov.cn/showDetailCX.html?deviceRecordKey=0697442622248020260318030714128,16
深圳市理邦精密仪器股份有限公司,,China,CN,深圳,深圳市理邦精密仪器股份有限公司,not_checked_or_not_disclosed,粤械注准20232072162; 产品注册证结构组成：由记录仪(含主机、嵌入式软件和可充电电池)、USB数据线、心电导联线、中央充电站 (含电源线)、蓝牙接收盒 (只适用于静态心电和运动心电采集)组成。 产品注册证适用范围：与心电工作站、动态心电图工作站、心电网络数据管理软件配套，供医疗机构对受检者进行心电图信息采集、浏览、存储，可用于动态心电检测、心电远程监测、静态心电采集、运动心电试验。本产品不具备分析诊断功能。,clinical_workflow; remote_patient_monitoring; samd,A,active_or_unverified,,not_checked_or_not_disclosed,0.96,in_scope,round1,no,24,0,validated_official_product,financing; registeredCapital; website,https://udi.nmpa.gov.cn/showDetailCX.html?deviceRecordKey=069444138319332023122702190811,24
深圳市资福医疗技术有限公司,,China,CN,深圳,深圳市资福医疗技术有限公司,not_checked_or_not_disclosed,国械注准20263060447; 图像分析软件，发布版本：V1,samd,A,active_or_unverified,,not_checked_or_not_disclosed,0.96,in_scope,round1,no,6,0,validated_official_product,financing; registeredCapital; website,https://udi.nmpa.gov.cn/showDetailCX.html?deviceRecordKey=0697169084049520260414040017392,6
深圳迈瑞生物医疗电子股份有限公司,,China,CN,深圳,深圳迈瑞生物医疗电子股份有限公司,not_checked_or_not_disclosed,粤械注准20152061096; 移动式X射线机,,A,active_or_unverified,,not_checked_or_not_disclosed,0.96,in_scope,round1,no,32,0,validated_official_product,financing; registeredCapital; website,https://udi.nmpa.gov.cn/showDetailCX.html?deviceRecordKey=069030530816962026011502474526,32
深圳麦科田生物医疗技术股份有限公司,,China,CN,深圳,深圳麦科田生物医疗技术股份有限公司,not_checked_or_not_disclosed,粤械注准20212211668; 通过有线或无线网络获取监护设备的生命体征信息、输注设备的输注信息，供医疗机构对患者的生命体征、输注信息进行集中监护和管理。,samd,A,active_or_unverified,,not_checked_or_not_disclosed,0.96,in_scope,round1,no,8,0,validated_official_product,financing; registeredCapital; website,https://udi.nmpa.gov.cn/showDetailCX.html?deviceRecordKey=0692680261465520260509060024941,8
瑞海胜（厦门）康复用品有限公司,,China,CN,,瑞海胜（厦门）康复用品有限公司,not_checked_or_not_disclosed,闽厦械备20260029; SY1IV100-ICON60/WBDE-F40R11 手动轮椅车,rehabilitation,A,active_or_unverified,,not_checked_or_not_disclosed,0.96,needs_city_verification,round1,no,54,0,needs_city_verification,city; financing; registeredCapital; website,https://udi.nmpa.gov.cn/showDetailCX.html?deviceRecordKey=06975872081720202603040234192,54
纳龙健康科技股份有限公司,,China,CN,,纳龙健康科技股份有限公司,not_checked_or_not_disclosed,闽械注准20182210079; 影像档案传输处理系统软件,remote_patient_monitoring; samd,A,active_or_unverified,,not_checked_or_not_disclosed,0.96,needs_city_verification,round1,no,12,0,needs_city_verification,city; financing; registeredCapital; website,https://udi.nmpa.gov.cn/showDetailCX.html?deviceRecordKey=0697614113017020260424042209895,12
绍兴金箓生物技术有限公司,,China,CN,,绍兴金箓生物技术有限公司,not_checked_or_not_disclosed,浙绍械备20180113号; 本产品由CCND1/IGH双色探针、RB1/LAMP双色探针、MYB/CEN6双色探针、TP53/CEN17双色探针、ETV6/CEP12双色探针、ATM/CEN11双色探针和染色液组成,,A,active_or_unverified,,not_checked_or_not_disclosed,0.96,needs_city_verification,round1,no,6,0,needs_city_verification,city; financing; registeredCapital; website,https://udi.nmpa.gov.cn/showDetailCX.html?deviceRecordKey=0697532900221620240626030509298,6
美敦力导航股份有限公司,,China,CN,,美敦力导航股份有限公司,not_checked_or_not_disclosed,国械注进20183060139; O2 部件号:软件发布版本4.3 软件发布版本 附带软件版本 4.3,samd,A,active_or_unverified,,not_checked_or_not_disclosed,0.96,needs_city_verification,round1,no,4,0,needs_city_verification,city; financing; registeredCapital; website,https://udi.nmpa.gov.cn/showDetailCX.html?deviceRecordKey=d224c319c6044a5a8d3eb3ec41dee51a,4
美敦力糖尿病科技（成都）有限公司,,China,CN,成都,,not_checked_or_not_disclosed,,chronic_disease_management,A,active_or_unverified,,not_checked_or_not_disclosed,0.96,in_scope,round1,no,5,0,validated_official_product,businessScope; financing; legalEntity; registeredCapital; website,https://udi.nmpa.gov.cn/showDetailCX.html?deviceRecordKey=0076300063270020230207115542933,5
腾讯医疗健康（深圳）有限公司,,China,CN,深圳,腾讯医疗健康（深圳）有限公司,not_checked_or_not_disclosed,国械注准20223211140; 本产品在医疗机构使用。适用于需要进行眼底照相以判断是否具有相关疾病或存在相关疾病风险的成年患者。对单张免散瞳彩色眼底图像(后极部45°左右包含全部视盘和黄斑，并经软件判定图像质量合格)进行分析，为具有眼底检查资质的执业医师提供可疑慢性青光眼样视神经病变的提示和是否需进一步就医检查的辅助诊断建议。不能仅凭本产品结果进行临床决策。彩色眼底图像应由指定型号的眼底照相机拍摄。该产品不适用于高度近视人群。,clinical_workflow; mental_health; samd,A,active_or_unverified,,not_checked_or_not_disclosed,0.96,in_scope,round1,no,5,0,validated_official_product,financing; registeredCapital; website,https://udi.nmpa.gov.cn/showDetailCX.html?deviceRecordKey=0697541034009820250217120028629,5
艾科托迈德有限公司 AKTORmed GmbH,,China,CN,,艾科托迈德有限公司 AKTORmed GmbH,not_checked_or_not_disclosed,国械注进20262010045; 本产品由机械臂组件、夹持组件（包含重复使用夹持组件和一次性使用夹持组件）、操纵杆组件和遥控器组件、台车组成。,,A,active_or_unverified,,not_checked_or_not_disclosed,0.96,needs_city_verification,round1,no,16,0,needs_city_verification,city; financing; registeredCapital; website,https://udi.nmpa.gov.cn/showDetailCX.html?deviceRecordKey=372e067a0d814590bc697daa059f7d30,16
苏州一目万相科技有限公司,,China,CN,,苏州一目万相科技有限公司,not_checked_or_not_disclosed,国械注准20243062126; 由移动式C形臂机架、X射线发生装置、平板探测器、监视器、限束器以及选配件组成。,,A,active_or_unverified,,not_checked_or_not_disclosed,0.96,needs_city_verification,round1,no,4,0,needs_city_verification,city; financing; registeredCapital; website,https://udi.nmpa.gov.cn/showDetailCX.html?deviceRecordKey=0697633057002220260305085826347,4
苏州歌锐医疗科技有限公司,,China,CN,,苏州歌锐医疗科技有限公司,not_checked_or_not_disclosed,国械注准20263060243; 移动式C形臂X射线机，用于在外科手术时提供X射线透视、摄影、血管减影和体层图像。,,A,active_or_unverified,,not_checked_or_not_disclosed,0.96,needs_city_verification,round1,no,6,0,needs_city_verification,city; financing; registeredCapital; website,https://udi.nmpa.gov.cn/showDetailCX.html?deviceRecordKey=0697549601006920260429074128451,6
英国雅培糖尿病护理公司,,China,CN,,,not_checked_or_not_disclosed,,chronic_disease_management; remote_patient_monitoring,A,active_or_unverified,,not_checked_or_not_disclosed,0.96,needs_city_verification,round1,no,13,0,needs_city_verification,businessScope; city; financing; legalEntity; registeredCapital; website,https://udi.nmpa.gov.cn/showDetailCX.html?deviceRecordKey=0502179100284920241010051926155,13
长沙爱孕记医疗科技有限公司,,China,CN,,长沙爱孕记医疗科技有限公司,not_checked_or_not_disclosed,湘械注准20252210246; 适用于产前超声影像的显示、传输与存储，用于远程会诊。不具有自动识别病变部位或自动判定病变性质的功能。,remote_patient_monitoring; samd,A,active_or_unverified,,not_checked_or_not_disclosed,0.96,needs_city_verification,round1,no,6,0,needs_city_verification,city; financing; registeredCapital; website,https://udi.nmpa.gov.cn/showDetailCX.html?deviceRecordKey=273c8003f6164690916f8a3fdc31996c,6
青岛远程科技有限公司,,China,CN,,青岛远程科技有限公司,not_checked_or_not_disclosed,鲁械注准20212140228; 医用防护口罩由口罩本体、鼻夹、口罩带、卡扣四部分组成。口罩本体分为四层，中间两层为静电棉和聚丙烯熔喷无纺布，外层和内层为聚丙烯纺粘无纺布，鼻夹内置塑料铁丝制成，口罩带为锦纶加氨纶松紧带，卡扣为聚乙烯s扣。产品以非无菌形式提供。,remote_patient_monitoring,A,active_or_unverified,,not_checked_or_not_disclosed,0.96,needs_city_verification,round1,no,10,0,needs_city_verification,city; financing; registeredCapital; website,https://udi.nmpa.gov.cn/showDetailCX.html?deviceRecordKey=0697510300027820231010040328484,10
"3M Health Care, Sarns",,US,US,Mchenry,,not_applicable_or_not_disclosed,,,A,active_or_unverified,,not_checked_or_not_disclosed,0.92,in_scope,round1,no,3,0,validated_official_product,businessScope; financing; legalEntity; website,https://www.accessdata.fda.gov/scripts/cdrh/cfdocs/cfpmn/pmn.cfm?id=K771499,3
Bio-Rad Laboratories,"BIO-RAD LABORATORIES, INC.",US,US,Irvine,"BIO-RAD LABORATORIES, INC.",not_applicable_or_not_disclosed,,chronic_disease_management,A,active_or_unverified,,not_checked_or_not_disclosed,0.92,in_scope,round1,no,3,0,validated_official_product,businessScope; financing; website,https://www.accessdata.fda.gov/scripts/cdrh/cfdocs/cfpmn/pmn.cfm?id=K070546,3
Canon Medical Systems Corporation,,,JP,Otawara-Shi,,not_checked_or_not_disclosed,,samd,A,active_or_unverified,,not_checked_or_not_disclosed,0.92,needs_region_verification,round1,no,3,0,needs_region_verification,businessScope; financing; legalEntity; registeredCapital; website,https://www.accessdata.fda.gov/scripts/cdrh/cfdocs/cfpmn/pmn.cfm?id=K233195,3
"Concord Laboratories, Inc.",,US,US,Mchenry,,not_applicable_or_not_disclosed,,,A,active_or_unverified,,not_checked_or_not_disclosed,0.92,in_scope,round1,no,3,0,validated_official_product,businessScope; financing; legalEntity; website,https://www.accessdata.fda.gov/scripts/cdrh/cfdocs/cfpmn/pmn.cfm?id=K833582,3
"Dexcom, Inc.",DEXCOM INC,US,US,San Diego,DEXCOM INC,not_applicable_or_not_disclosed,,remote_patient_monitoring,A,active_or_unverified,,not_checked_or_not_disclosed,0.92,in_scope,round1,no,3,0,validated_official_product,businessScope; financing; website,https://www.accessdata.fda.gov/scripts/cdrh/cfdocs/cfpmn/pmn.cfm?id=K192787,3
GE Medical Systems Ultrasound and Primary Care Diagnostics,,US,US,Wauwatosa,,not_applicable_or_not_disclosed,,samd,A,active_or_unverified,,not_checked_or_not_disclosed,0.92,in_scope,round1,no,3,0,validated_official_product,businessScope; financing; legalEntity; website,https://www.accessdata.fda.gov/scripts/cdrh/cfdocs/cfpmn/pmn.cfm?id=K220940,3
Hewlett-Packard GmbH,Hewlett-Packard Co.,Europe,DE,Boeblingen,,not_applicable_or_not_disclosed,,remote_patient_monitoring,A,active_or_unverified,,not_checked_or_not_disclosed,0.92,in_scope,round1,no,3,0,validated_official_product,businessScope; financing; legalEntity; website,https://www.accessdata.fda.gov/scripts/cdrh/cfdocs/cfpmn/pmn.cfm?id=K991773,3
"Philips Medical Systems (Cleveland), Inc.",,US,US,Cleveland,,not_applicable_or_not_disclosed,,samd,A,active_or_unverified,,not_checked_or_not_disclosed,0.92,in_scope,round1,no,3,0,validated_official_product,businessScope; financing; legalEntity; website,https://www.accessdata.fda.gov/scripts/cdrh/cfdocs/cfpmn/pmn.cfm?id=K000310,3
"Quinton, Inc.",,US,US,Seattle,,not_applicable_or_not_disclosed,,rehabilitation,A,active_or_unverified,,not_checked_or_not_disclosed,0.92,in_scope,round1,no,3,0,validated_official_product,businessScope; financing; legalEntity; website,https://www.accessdata.fda.gov/scripts/cdrh/cfdocs/cfpmn/pmn.cfm?id=K864949,3
"Shenzhen Mindray Bio-Medical Electronics Co., Ltd.",,China,CN,Shenzhen,,not_checked_or_not_disclosed,,,A,active_or_unverified,,not_checked_or_not_disclosed,0.92,out_of_scope_china_city,round1,no,3,0,out_of_scope_china_city,businessScope; financing; legalEntity; registeredCapital; website,https://www.accessdata.fda.gov/scripts/cdrh/cfdocs/cfpmn/pmn.cfm?id=K191769,3
"Smiths Medical Asd, Inc.",,US,US,St. Paul,,not_applicable_or_not_disclosed,,,A,active_or_unverified,,not_checked_or_not_disclosed,0.92,in_scope,round1,no,3,0,validated_official_product,businessScope; financing; legalEntity; website,https://www.accessdata.fda.gov/scripts/cdrh/cfdocs/cfpmn/pmn.cfm?id=K141193,3
Stryker Corporation,STRYKER CORP,Europe,DE,Freiburg,STRYKER CORP,not_applicable_or_not_disclosed,,samd,A,active_or_unverified,,not_checked_or_not_disclosed,0.92,in_scope,round1,no,3,0,validated_official_product,businessScope; financing; website,https://www.accessdata.fda.gov/scripts/cdrh/cfdocs/cfpmn/pmn.cfm?id=K221098,3
Target Therapeutics,,US,US,Los Angeles,,not_applicable_or_not_disclosed,,,A,active_or_unverified,,not_checked_or_not_disclosed,0.92,in_scope,round1,no,3,0,validated_official_product,businessScope; financing; legalEntity; website,https://www.accessdata.fda.gov/scripts/cdrh/cfdocs/cfpmn/pmn.cfm?id=K880762,3
Voluntis Sa.,Voluntis; Aptar Digital Health; Theraxium,Europe,FR,Paris,,not_applicable_or_not_disclosed,"Home | Aptar Digital Health; We are on a mission to enhance the patient experiences, leveraging robust platforms and a team of experts to offer differentiating experiences",chronic_disease_management; digital_therapeutics; samd,A,active_or_unverified,https://www.aptardigitalhealth.com/,not_checked_or_not_disclosed,0.92,in_scope,round1+round2,yes,2,1,validated_official_product,financing; legalEntity,https://www.accessdata.fda.gov/scripts/cdrh/cfdocs/cfpmn/pmn.cfm?id=K170669,3
ADAS3D医疗有限公司,,China,CN,,ADAS3D医疗有限公司,not_checked_or_not_disclosed,国械注进20232210618; 该产品由软件安装文件和授权文件组成，功能模块包括左心室增强分析模块、右心室厚度分析模块、左心房增强分析模块、心脏解剖信息提取分析模块、影像配准多模态工具模块、对照3D多模态工具模块、增强量化工具（左心室和左心房）模块和病例研究存储数据库模块。发布版本2.6,samd,A,active_or_unverified,,not_checked_or_not_disclosed,0.88,needs_city_verification,round1,no,2,0,needs_city_verification,city; financing; registeredCapital; website,https://udi.nmpa.gov.cn/showDetailCX.html?deviceRecordKey=0843702172204820260416013910405,2
上海导向医疗系统有限公司,,China,CN,上海,上海导向医疗系统有限公司,not_checked_or_not_disclosed,沪械注准20262210178; 产品为 C/S 架构，通过 U 盘交付，软件功能模块包括患者数据管理、感兴趣区勾画、几何图形融合、图像序列比较、打印报告。,samd,A,active_or_unverified,,not_checked_or_not_disclosed,0.88,in_scope,round1,no,2,0,validated_official_product,financing; registeredCapital; website,https://udi.nmpa.gov.cn/showDetailCX.html?deviceRecordKey=0694933910336220260506035412241,2
上海微创医疗机器人（集团）股份有限公司,,China,CN,上海,上海微创医疗机器人（集团）股份有限公司,not_checked_or_not_disclosed,国械注准20223010108; 远程通讯工作站,remote_patient_monitoring,A,active_or_unverified,,not_checked_or_not_disclosed,0.88,in_scope,round1,no,2,0,validated_official_product,financing; registeredCapital; website,https://udi.nmpa.gov.cn/showDetailCX.html?deviceRecordKey=0697162154189720250714111901457,2
上海远心医疗科技有限公司,,China,CN,上海,上海远心医疗科技有限公司,not_checked_or_not_disclosed,沪械注准20232210173; 远程遥测心电分析软件,remote_patient_monitoring; samd,A,active_or_unverified,,not_checked_or_not_disclosed,0.88,in_scope,round1,no,2,0,validated_official_product,financing; registeredCapital; website,https://udi.nmpa.gov.cn/showDetailCX.html?deviceRecordKey=0697830410015020251126054846763,2
亳州融健医疗用品有限公司,,China,CN,,亳州融健医疗用品有限公司,not_checked_or_not_disclosed,皖械注准20222090273; 软件发布版本：2，起势，盆底康复治疗仪，彩盒，1台/盒,rehabilitation; samd,A,active_or_unverified,,not_checked_or_not_disclosed,0.88,needs_city_verification,round1,no,2,0,needs_city_verification,city; financing; registeredCapital; website,https://udi.nmpa.gov.cn/showDetailCX.html?deviceRecordKey=06973774191615202604020500141,2
北京新网医讯技术有限公司,,China,CN,北京,北京新网医讯技术有限公司,not_checked_or_not_disclosed,京械注准20172700272; 用于医疗机构内部以及医疗机构之间传输、处理患者医学影像信息以及患者医学影像会诊。,remote_patient_monitoring; samd,A,active_or_unverified,,not_checked_or_not_disclosed,0.88,in_scope,round1,no,2,0,validated_official_product,financing; registeredCapital; website,https://udi.nmpa.gov.cn/showDetailCX.html?deviceRecordKey=06975940490058202301090405080,2
北京至真互联网技术有限公司,,China,CN,北京,北京至真互联网技术有限公司,not_checked_or_not_disclosed,国械注准20223211102; 本产品在医疗机构使用，对成年糖尿病患者的双眼免散瞳眼底图像（经自动图像质量判定合格）进行分析，为执业医师提供是否发现中度非增殖性（含）以上糖尿病视网膜病变，以及进一步就医检查的辅助诊断建议，不能仅凭本产品结果进行临床决策。眼底图像应由指定型号的眼底照相机拍摄，并经培训合格的执业医师对图像质量进行评价认可。,chronic_disease_management; clinical_workflow; samd,A,active_or_unverified,,not_checked_or_not_disclosed,0.88,in_scope,round1,no,2,0,validated_official_product,financing; registeredCapital; website,https://udi.nmpa.gov.cn/showDetailCX.html?deviceRecordKey=0697508757001920221110021746316,2
南京普爱医疗设备股份有限公司,,China,CN,,南京普爱医疗设备股份有限公司,not_checked_or_not_disclosed,苏械注准20172061756; 产品由 X射线源组件（组合式）、医用诊断 X 射线影像增强器、C 形臂及可移动机架、图像处理工作站或图像处理系统组成。,clinical_workflow,A,active_or_unverified,,not_checked_or_not_disclosed,0.88,needs_city_verification,round1,no,2,0,needs_city_verification,city; financing; registeredCapital; website,https://udi.nmpa.gov.cn/showDetailCX.html?deviceRecordKey=0697387682150220260119103155945,2
合肥合滨智能机器人有限公司,,China,CN,,合肥合滨智能机器人有限公司,not_checked_or_not_disclosed,国械注准20233061640; 超声探头夹持及远程控制系统（HEBIN-RUS-T7）是一种采用机器人技术实现远程超声诊断的医用电气设备。,clinical_workflow; remote_patient_monitoring,A,active_or_unverified,,not_checked_or_not_disclosed,0.88,needs_city_verification,round1,no,2,0,needs_city_verification,city; financing; registeredCapital; website,https://udi.nmpa.gov.cn/showDetailCX.html?deviceRecordKey=0697545144001620240327110556534,2
嘉兴允英医学检验有限公司,,China,CN,,嘉兴允英医学检验有限公司,not_checked_or_not_disclosed,浙械注准20262210195; 产品在临床上用于对来源于人类非小细胞肺癌（NSCLC）患者经中性福尔马林固定的石蜡包埋（FFPE）的组织样本中EGFR/ALK基因测序数据进行对比、计算，通过与参考基因组进行对比给出EGFR基因19外显子缺失、L858R突变、T790M突变的突变频率、位点总深度、突变深度、ALK 融合基因和内参基因的reads信息，最终根据阳性判断值给出EGFR基因19外显子缺失、L858R、T790M和ALK基因融合的变异检测结果。,samd,A,active_or_unverified,,not_checked_or_not_disclosed,0.88,needs_city_verification,round1,no,2,0,needs_city_verification,city; financing; registeredCapital; website,https://udi.nmpa.gov.cn/showDetailCX.html?deviceRecordKey=0697545115090820260424110259267,2
安健科技（重庆）有限公司,,China,CN,,安健科技（重庆）有限公司,not_checked_or_not_disclosed,渝械注准20192060148; 用于对患者的常规摄影，获得单幅影像供临床诊断用。,clinical_workflow,A,active_or_unverified,,not_checked_or_not_disclosed,0.88,needs_city_verification,round1,no,2,0,needs_city_verification,city; financing; registeredCapital; website,https://udi.nmpa.gov.cn/showDetailCX.html?deviceRecordKey=957b2adce4cc4ca29f70ba4d4ff07b57,2
执鼎医疗科技有限公司,,China,CN,,执鼎医疗科技有限公司,not_checked_or_not_disclosed,浙械注准20202210906; 眼科影像存储与传输软件是一个WEB应用软件，技术架构为BS架构。该软件用于对患者信息、患者的检查信息和影像信息进行管理。客户通过PC端的WEB浏览器进行操作。,samd,A,active_or_unverified,,not_checked_or_not_disclosed,0.88,needs_city_verification,round1,no,2,0,needs_city_verification,city; financing; registeredCapital; website,https://udi.nmpa.gov.cn/showDetailCX.html?deviceRecordKey=0697304719107620260508030807326,2
日本尼德克株式会社,,China,CN,,日本尼德克株式会社,not_checked_or_not_disclosed,"国械注进20213160291,国械注进20182162019,国械注进20172166681,国械注进20172162324,国械注进20172162256; NAVIS-EX 影像存档软件是一款能从以下NIDEK 眼底摄影设备中获取数据，并对其存档供轻易传输至外部系统中的软件。",samd,A,active_or_unverified,,not_checked_or_not_disclosed,0.88,needs_city_verification,round1,no,2,0,needs_city_verification,city; financing; registeredCapital; website,https://udi.nmpa.gov.cn/showDetailCX.html?deviceRecordKey=0498766910164320260403013305251,2
景昱医疗科技（苏州）股份有限公司,,China,CN,,景昱医疗科技（苏州）股份有限公司,not_checked_or_not_disclosed,苏械注准20252211065; 由U 盘（选配）、随机文件、远程程控问诊医生端、远程程控问诊患者端组成。,clinical_workflow; online_consultation; remote_patient_monitoring; samd,A,active_or_unverified,,not_checked_or_not_disclosed,0.88,needs_city_verification,round1,no,2,0,needs_city_verification,city; financing; registeredCapital; website,https://udi.nmpa.gov.cn/showDetailCX.html?deviceRecordKey=0697037781066020250718070235628,2
桂林优利特医疗电子有限公司,,China,CN,,桂林优利特医疗电子有限公司,not_checked_or_not_disclosed,桂械注准20252210493; 中文 RM-01 血糖数据管理软件,samd,A,active_or_unverified,,not_checked_or_not_disclosed,0.88,needs_city_verification,round1,no,2,0,needs_city_verification,city; financing; registeredCapital; website,https://udi.nmpa.gov.cn/showDetailCX.html?deviceRecordKey=06935740735889202604101007341,2
武汉楚精灵医疗科技有限公司,,China,CN,,武汉楚精灵医疗科技有限公司,not_checked_or_not_disclosed,国械注准20263210316; 本产品在医疗机构使用，用于胃部电子内窥镜图像的显示处理分析。经临床医 生判断存在胃部局灶性病变需进一步使用电子染色放大观察时，可用于对冻结 图像中是否存在高级别上皮内瘤变及以上病变的图像特征进行分诊提示，供经 培训合格的医师临床使用，不能单独作为临床诊疗决策的依据。产品仅适用于 指定型号的电子内窥镜及图像处理器，在白色光源（普通光）模式和指定的染 色放大模式下使用。,samd,A,active_or_unverified,,not_checked_or_not_disclosed,0.88,needs_city_verification,round1,no,2,0,needs_city_verification,city; financing; registeredCapital; website,https://udi.nmpa.gov.cn/showDetailCX.html?deviceRecordKey=0697460473102520260419033246769,2
深圳市绘云生物科技有限公司,,China,CN,深圳,深圳市绘云生物科技有限公司,not_checked_or_not_disclosed,粤械注准20212211795; 本软件通过分析年龄、天门冬氨酸氨基转移酶、丙氨酸氨基转移酶、血小板计数四个临床指标， 输出肝纤维化和肝硬化的风险概率，供辅助诊断。由专业临床医生结合患者具体病征做出诊断。主要由管理员模块、首页模块、预测模块、批量预测模块、预测记录模块、报告信息模块、下载记录模块组成，软件载体为光盘。软件发布版本号：V1。,clinical_workflow; samd,A,active_or_unverified,,not_checked_or_not_disclosed,0.88,in_scope,round1,no,2,0,validated_official_product,financing; registeredCapital; website,https://udi.nmpa.gov.cn/showDetailCX.html?deviceRecordKey=06975754180022202304110424121,2
深圳星康医疗科技有限公司,,China,CN,深圳,深圳星康医疗科技有限公司,not_checked_or_not_disclosed,粤械注准20202211234; 适用于动态心电图数据的分析，分析的结果将用于协助医务人员进行临床分析和诊断。,clinical_workflow; remote_patient_monitoring; samd,A,active_or_unverified,,not_checked_or_not_disclosed,0.88,in_scope,round1,no,2,0,validated_official_product,financing; registeredCapital; website,https://udi.nmpa.gov.cn/showDetailCX.html?deviceRecordKey=0697521590151720260512042339217,2
湖南朗开医疗科技有限公司,,China,CN,,湖南朗开医疗科技有限公司,not_checked_or_not_disclosed,湘械注准20212211345; 运用相关传输协议在多台客户端之间传输数据，实现了实时信息交流和资源共享。产品可用于DICOM影像、三维重建结果、虚拟内窥影像的上传下载和信息浏览，并进行远程分享，可用于远程会诊。本产品不具备手术导航功能或自动标记病灶的功能。,remote_patient_monitoring,A,active_or_unverified,,not_checked_or_not_disclosed,0.88,needs_city_verification,round1,no,2,0,needs_city_verification,city; financing; registeredCapital; website,https://udi.nmpa.gov.cn/showDetailCX.html?deviceRecordKey=1697725918018420240314040805176,2
环科医学影像公司,,China,CN,,环科医学影像公司,not_checked_or_not_disclosed,国械注进20172215228; 由软件安装光盘组成，组成模块包括：查看、轮廓绘制标签和测量工具、工作空间、患者数据、报告模块、序列概览、病例查看器模块、多平面重建、4D查看器、血流模块、左心室/右心室功能模块、T2*模块、T2映射、T1映射、首过灌注模块、血管模块、4D血流、冠状动脉模块、钙化积分、主动脉瓣模块、股动脉模块、二尖瓣模块、穿房间隔模块。发布版本5.11,samd,A,active_or_unverified,,not_checked_or_not_disclosed,0.88,needs_city_verification,round1,no,2,0,needs_city_verification,city; financing; registeredCapital; website,https://udi.nmpa.gov.cn/showDetailCX.html?deviceRecordKey=0088291600001120260415110044685,2
维斯安（北京）医疗器械有限公司,,China,CN,北京,维斯安（北京）医疗器械有限公司,not_checked_or_not_disclosed,国械注准20253050348; 远程扩展器usb信号扩展,remote_patient_monitoring,A,active_or_unverified,,not_checked_or_not_disclosed,0.88,in_scope,round1,no,2,0,validated_official_product,financing; registeredCapital; website,https://udi.nmpa.gov.cn/showDetailCX.html?deviceRecordKey=3adb79ab002c4672af6070c9f3c1cf7b,2
苏州塞伯坦医疗科技有限公司,,China,CN,,苏州塞伯坦医疗科技有限公司,not_checked_or_not_disclosed,苏械注准20252212402; 医学影像处理软件是专为辅助耳科医生进行中内耳手术提供图像处理功能。产品通过打开符合 DICOM3.0 格式的 CT 图像；在二维视图窗口利用图像分割技术选择需要设计的区域；上下滑动二维视窗的滑块以调整合适的图层来显示需要绘制的解剖结构；在解剖结构上设置标记点，软件根据已设置的标记点，自动增长生成需要的解剖结构，同时进行三维重建，并在软件的三维视窗中显示已绘制的解剖结构。,clinical_workflow; samd,A,active_or_unverified,,not_checked_or_not_disclosed,0.88,needs_city_verification,round1,no,2,0,needs_city_verification,city; financing; registeredCapital; website,https://udi.nmpa.gov.cn/showDetailCX.html?deviceRecordKey=0697783813001520260410042043412,2
语坤（北京）网络科技有限公司,,China,CN,北京,语坤（北京）网络科技有限公司,not_checked_or_not_disclosed,京械注准20262210158; 本产品为 B/S 架构，由软件安装程序组成，模块功能包括用户登录、影像列表、DR 工作站、CT 工作站、血管 CTA、MR工作站、骨 3D、管理配置、平台管理、传输队列。,samd,A,active_or_unverified,,not_checked_or_not_disclosed,0.88,in_scope,round1,no,2,0,validated_official_product,financing; registeredCapital; website,https://udi.nmpa.gov.cn/showDetailCX.html?deviceRecordKey=0697418338085020260506052020828,2
辽宁迪浩生物科技有限公司,,China,CN,,辽宁迪浩生物科技有限公司,not_checked_or_not_disclosed,辽械注准20202210373; 远程会诊,remote_patient_monitoring,A,active_or_unverified,,not_checked_or_not_disclosed,0.88,needs_city_verification,round1,no,2,0,needs_city_verification,city; financing; registeredCapital; website,https://udi.nmpa.gov.cn/showDetailCX.html?deviceRecordKey=a66841e0-6ec2-410b-aeec-aa0aea963e57,2
麦康迪（绍兴）科技有限公司,,China,CN,,麦康迪（绍兴）科技有限公司,not_checked_or_not_disclosed,浙械注准20252212016; 产品适用于医疗机构对符合 DICOM 标准的终末期肝病或肝移植患者的 L3 腰椎影像进行图像导入、处理、显示和保存，不包括自动诊断功能。,clinical_workflow; samd,A,active_or_unverified,,not_checked_or_not_disclosed,0.88,needs_city_verification,round1,no,2,0,needs_city_verification,city; financing; registeredCapital; website,https://udi.nmpa.gov.cn/showDetailCX.html?deviceRecordKey=6479ba87437042aeb1168a1c055b35ca,2
3Shape A/S,,Europe,DK,Copenhagen,,not_applicable_or_not_disclosed,,,A,active_or_unverified,,not_checked_or_not_disclosed,0.86,in_scope,round1,no,1,0,validated_official_product,businessScope; financing; legalEntity; website,https://www.accessdata.fda.gov/scripts/cdrh/cfdocs/cfpmn/pmn.cfm?id=K200100,1
Abbott Laboratories,ABBOTT LABORATORIES,US,US,Bedford,ABBOTT LABORATORIES,not_applicable_or_not_disclosed,,chronic_disease_management,A,active_or_unverified,,not_checked_or_not_disclosed,0.86,in_scope,round1,no,2,0,validated_official_product,businessScope; financing; website,https://www.accessdata.fda.gov/scripts/cdrh/cfdocs/cfpmn/pmn.cfm?id=K001993,2
ABBOTT MEDICAL,,US,US,Westford,,not_applicable_or_not_disclosed,,samd,A,active_or_unverified,,not_checked_or_not_disclosed,0.86,in_scope,round1,no,1,0,validated_official_product,businessScope; financing; legalEntity; website,https://www.accessdata.fda.gov/scripts/cdrh/cfdocs/cfpmn/pmn.cfm?id=K253459,1
Abigo Medical AB,,Europe,SE,Askim,,not_applicable_or_not_disclosed,,,A,active_or_unverified,,not_checked_or_not_disclosed,0.86,in_scope,round1,no,1,0,validated_official_product,businessScope; financing; legalEntity; website,https://www.accessdata.fda.gov/scripts/cdrh/cfdocs/cfpmn/pmn.cfm?id=K171225,1
"Access Vascular, Inc.",,US,US,Ballerica,,not_applicable_or_not_disclosed,,,A,active_or_unverified,,not_checked_or_not_disclosed,0.86,in_scope,round1,no,1,0,validated_official_product,businessScope; financing; legalEntity; website,https://www.accessdata.fda.gov/scripts/cdrh/cfdocs/cfpmn/pmn.cfm?id=K243941,1
"ACON Laboratories, Inc.",,US,US,San Diego,,not_applicable_or_not_disclosed,,chronic_disease_management; remote_patient_monitoring; samd,A,active_or_unverified,,not_checked_or_not_disclosed,0.86,in_scope,round1,no,1,0,validated_official_product,businessScope; financing; legalEntity; website,https://www.accessdata.fda.gov/scripts/cdrh/cfdocs/cfpmn/pmn.cfm?id=K101371,1
"Actigraph, LLC",,US,US,Pensacola,,not_applicable_or_not_disclosed,,,A,active_or_unverified,,not_checked_or_not_disclosed,0.86,in_scope,round1,no,1,0,validated_official_product,businessScope; financing; legalEntity; website,https://www.accessdata.fda.gov/scripts/cdrh/cfdocs/cfpmn/pmn.cfm?id=K231532,1
"Adaptive Video, Inc.",,US,US,Novato,,not_applicable_or_not_disclosed,,,A,active_or_unverified,,not_checked_or_not_disclosed,0.86,in_scope,round1,no,1,0,validated_official_product,businessScope; financing; legalEntity; website,https://www.accessdata.fda.gov/scripts/cdrh/cfdocs/cfpmn/pmn.cfm?id=K943158,1
"Adsis , Ltd.",,US,US,Washington,,not_applicable_or_not_disclosed,,,A,active_or_unverified,,not_checked_or_not_disclosed,0.86,in_scope,round1,no,1,0,validated_official_product,businessScope; financing; legalEntity; website,https://www.accessdata.fda.gov/scripts/cdrh/cfdocs/cfpmn/pmn.cfm?id=K010791,1
"Advanced Brain Monitoring, Inc.",,US,US,Dousman,,not_applicable_or_not_disclosed,,sleep_health,A,active_or_unverified,,not_checked_or_not_disclosed,0.86,in_scope,round1,no,1,0,validated_official_product,businessScope; financing; legalEntity; website,https://www.accessdata.fda.gov/scripts/cdrh/cfdocs/cfpmn/pmn.cfm?id=K120450,1
"Advanced Planimetric Services, LLC",,US,US,Elmwood Park,,not_applicable_or_not_disclosed,,samd,A,active_or_unverified,,not_checked_or_not_disclosed,0.86,in_scope,round1,no,1,0,validated_official_product,businessScope; financing; legalEntity; website,https://www.accessdata.fda.gov/scripts/cdrh/cfdocs/cfpmn/pmn.cfm?id=K130165,1
"Agamatrix, Inc.",,US,US,Salem,,not_applicable_or_not_disclosed,,chronic_disease_management; remote_patient_monitoring; samd,A,active_or_unverified,,not_checked_or_not_disclosed,0.86,in_scope,round1,no,1,0,validated_official_product,businessScope; financing; legalEntity; website,https://www.accessdata.fda.gov/scripts/cdrh/cfdocs/cfpmn/pmn.cfm?id=K103544,1
Agfa Healthcare Corporation,,US,US,Greenville,,not_applicable_or_not_disclosed,,,A,active_or_unverified,,not_checked_or_not_disclosed,0.86,in_scope,round1,no,1,0,validated_official_product,businessScope; financing; legalEntity; website,https://www.accessdata.fda.gov/scripts/cdrh/cfdocs/cfpmn/pmn.cfm?id=K081963,1
"Akzona, Inc.",,US,US,Mchenry,,not_applicable_or_not_disclosed,,,A,active_or_unverified,,not_checked_or_not_disclosed,0.86,in_scope,round1,no,1,0,validated_official_product,businessScope; financing; legalEntity; website,https://www.accessdata.fda.gov/scripts/cdrh/cfdocs/cfpmn/pmn.cfm?id=K801435,1
"Alert Care, Inc.",,US,US,Borden,,not_applicable_or_not_disclosed,,,A,active_or_unverified,,not_checked_or_not_disclosed,0.86,in_scope,round1,no,1,0,validated_official_product,businessScope; financing; legalEntity; website,https://www.accessdata.fda.gov/scripts/cdrh/cfdocs/cfpmn/pmn.cfm?id=K926053,1
"Ali-Oop Co., Inc.",,US,US,Mchenry,,not_applicable_or_not_disclosed,,,A,active_or_unverified,,not_checked_or_not_disclosed,0.86,in_scope,round1,no,1,0,validated_official_product,businessScope; financing; legalEntity; website,https://www.accessdata.fda.gov/scripts/cdrh/cfdocs/cfpmn/pmn.cfm?id=K813356,1
Allergan Medical Optics,,US,US,Anasco,,not_applicable_or_not_disclosed,,,A,active_or_unverified,,not_checked_or_not_disclosed,0.86,in_scope,round1,no,1,0,validated_official_product,businessScope; financing; legalEntity; website,https://www.accessdata.fda.gov/scripts/cdrh/cfdocs/cfpmn/pmn.cfm?id=K924235,1
American Pharmaseal Div. Ahsc,,US,US,Valencia,,not_applicable_or_not_disclosed,,,A,active_or_unverified,,not_checked_or_not_disclosed,0.86,in_scope,round1,no,1,0,validated_official_product,businessScope; financing; legalEntity; website,https://www.accessdata.fda.gov/scripts/cdrh/cfdocs/cfpmn/pmn.cfm?id=K870720,1
American Sleep Association,,US,US,Chesterland,,not_applicable_or_not_disclosed,,samd,A,active_or_unverified,,not_checked_or_not_disclosed,0.86,in_scope,round1,no,1,0,validated_official_product,businessScope; financing; legalEntity; website,https://www.accessdata.fda.gov/scripts/cdrh/cfdocs/cfpmn/pmn.cfm?id=K130504,1
"American Threshold Industries, Inc.",,US,US,Mchenry,,not_applicable_or_not_disclosed,,,A,active_or_unverified,,not_checked_or_not_disclosed,0.86,in_scope,round1,no,1,0,validated_official_product,businessScope; financing; legalEntity; website,https://www.accessdata.fda.gov/scripts/cdrh/cfdocs/cfpmn/pmn.cfm?id=K832487,1
"Analytical Products, Inc.",,US,US,Belmont,,not_applicable_or_not_disclosed,,,A,active_or_unverified,,not_checked_or_not_disclosed,0.86,in_scope,round1,no,1,0,validated_official_product,businessScope; financing; legalEntity; website,https://www.accessdata.fda.gov/scripts/cdrh/cfdocs/cfpmn/pmn.cfm?id=K843360,1
"Andon Medical Co., Ltd.",,China,CN,Tianjin,,not_checked_or_not_disclosed,,remote_patient_monitoring,A,active_or_unverified,,not_checked_or_not_disclosed,0.86,out_of_scope_china_city,round1,no,1,0,out_of_scope_china_city,businessScope; financing; legalEntity; registeredCapital; website,https://www.accessdata.fda.gov/scripts/cdrh/cfdocs/cfpmn/pmn.cfm?id=K093262,1
"Andover Medical, Inc.",,US,US,Mchenry,,not_applicable_or_not_disclosed,,,A,active_or_unverified,,not_checked_or_not_disclosed,0.86,in_scope,round1,no,1,0,validated_official_product,businessScope; financing; legalEntity; website,https://www.accessdata.fda.gov/scripts/cdrh/cfdocs/cfpmn/pmn.cfm?id=K823414,1
"Andros Analyzers, Inc.",,US,US,Berkeley,,not_applicable_or_not_disclosed,,,A,active_or_unverified,,not_checked_or_not_disclosed,0.86,in_scope,round1,no,1,0,validated_official_product,businessScope; financing; legalEntity; website,https://www.accessdata.fda.gov/scripts/cdrh/cfdocs/cfpmn/pmn.cfm?id=K892869,1
"Angiosystems, Inc.",,US,US,Great Neck,,not_applicable_or_not_disclosed,,,A,active_or_unverified,,not_checked_or_not_disclosed,0.86,in_scope,round1,no,1,0,validated_official_product,businessScope; financing; legalEntity; website,https://www.accessdata.fda.gov/scripts/cdrh/cfdocs/cfpmn/pmn.cfm?id=K905464,1
Animas Corp.,,US,US,West Chester,,not_applicable_or_not_disclosed,,chronic_disease_management; samd,A,active_or_unverified,,not_checked_or_not_disclosed,0.86,in_scope,round1,no,1,0,validated_official_product,businessScope; financing; legalEntity; website,https://www.accessdata.fda.gov/scripts/cdrh/cfdocs/cfpmn/pmn.cfm?id=K063674,1
"Anulex Technologies, Inc.",,US,US,Minnetonka,,not_applicable_or_not_disclosed,,,A,active_or_unverified,,not_checked_or_not_disclosed,0.86,in_scope,round1,no,1,0,validated_official_product,businessScope; financing; legalEntity; website,https://www.accessdata.fda.gov/scripts/cdrh/cfdocs/cfpmn/pmn.cfm?id=K112849,1
Apex Medical Corp.,,,TW,"Shi-Chih, Taipei Hsien",,not_checked_or_not_disclosed,,,A,active_or_unverified,,not_checked_or_not_disclosed,0.86,needs_region_verification,round1,no,2,0,needs_region_verification,businessScope; financing; legalEntity; registeredCapital; website,https://www.accessdata.fda.gov/scripts/cdrh/cfdocs/cfpmn/pmn.cfm?id=K970429,2
"Apnicure, Inc.",,US,US,Redwood City,,not_applicable_or_not_disclosed,,sleep_health,A,active_or_unverified,,not_checked_or_not_disclosed,0.86,in_scope,round1,no,1,0,validated_official_product,businessScope; financing; legalEntity; website,https://www.accessdata.fda.gov/scripts/cdrh/cfdocs/cfpmn/pmn.cfm?id=K130538,1
"Apple, Inc.",Apple Inc.,US,US,Cupertino,Apple Inc.,not_applicable_or_not_disclosed,,sleep_health,A,active_or_unverified,,not_checked_or_not_disclosed,0.86,in_scope,round1,no,2,0,validated_official_product,businessScope; financing; website,https://www.accessdata.fda.gov/scripts/cdrh/cfdocs/cfpmn/pmn.cfm?id=K240929,2
"Applied Diabetes Research, Inc.",,US,US,Dana Point,,not_applicable_or_not_disclosed,,,A,active_or_unverified,,not_checked_or_not_disclosed,0.86,in_scope,round1,no,1,0,validated_official_product,businessScope; financing; legalEntity; website,https://www.accessdata.fda.gov/scripts/cdrh/cfdocs/cfpmn/pmn.cfm?id=K041152,1
"Aqueduct Critical Care, Inc.",,US,US,Bothell,,not_applicable_or_not_disclosed,,,A,active_or_unverified,,not_checked_or_not_disclosed,0.86,in_scope,round1,no,1,0,validated_official_product,businessScope; financing; legalEntity; website,https://www.accessdata.fda.gov/scripts/cdrh/cfdocs/cfpmn/pmn.cfm?id=K181301,1
"Argus Cognitive, Inc.",,US,US,Lebanon,,not_applicable_or_not_disclosed,,mental_health; samd,A,active_or_unverified,,not_checked_or_not_disclosed,0.86,in_scope,round1,no,1,0,validated_official_product,businessScope; financing; legalEntity; website,https://www.accessdata.fda.gov/scripts/cdrh/cfdocs/cfpmn/pmn.cfm?id=K223322,1
"Arkray Factory USA, Inc.",,US,US,Edina,,not_applicable_or_not_disclosed,,chronic_disease_management; samd,A,active_or_unverified,,not_checked_or_not_disclosed,0.86,in_scope,round1,no,1,0,validated_official_product,businessScope; financing; legalEntity; website,https://www.accessdata.fda.gov/scripts/cdrh/cfdocs/cfpmn/pmn.cfm?id=K093819,1
"Arocep Enterprises , Ltd.",,,CA,"Brampton, Ontario",,not_checked_or_not_disclosed,,,A,active_or_unverified,,not_checked_or_not_disclosed,0.86,needs_region_verification,round1,no,1,0,needs_region_verification,businessScope; financing; legalEntity; registeredCapital; website,https://www.accessdata.fda.gov/scripts/cdrh/cfdocs/cfpmn/pmn.cfm?id=K936148,1
Artrya Limited,,,AU,Perth,,not_checked_or_not_disclosed,,,A,active_or_unverified,,not_checked_or_not_disclosed,0.86,needs_region_verification,round1,no,1,0,needs_region_verification,businessScope; financing; legalEntity; registeredCapital; website,https://www.accessdata.fda.gov/scripts/cdrh/cfdocs/cfpmn/pmn.cfm?id=K251837,1
"Arzco Medical Electronics, Inc.",,US,US,Vernon Hills,,not_applicable_or_not_disclosed,,remote_patient_monitoring,A,active_or_unverified,,not_checked_or_not_disclosed,0.86,in_scope,round1,no,1,0,validated_official_product,businessScope; financing; legalEntity; website,https://www.accessdata.fda.gov/scripts/cdrh/cfdocs/cfpmn/pmn.cfm?id=K904943,1
"Ascensia Diabetes Care U.S., Inc.",,US,US,Parsippany,,not_applicable_or_not_disclosed,,,A,active_or_unverified,,not_checked_or_not_disclosed,0.86,in_scope,round1,no,1,0,validated_official_product,businessScope; financing; legalEntity; website,https://www.accessdata.fda.gov/scripts/cdrh/cfdocs/cfpmn/pmn.cfm?id=K250813,1
Aspen Glove Sdn. Bhd.,,,MY,Georgetown,,not_checked_or_not_disclosed,,,A,active_or_unverified,,not_checked_or_not_disclosed,0.86,needs_region_verification,round1,no,1,0,needs_region_verification,businessScope; financing; legalEntity; registeredCapital; website,https://www.accessdata.fda.gov/scripts/cdrh/cfdocs/cfpmn/pmn.cfm?id=K211477,1
"Atcor Medical Pty, Ltd.",,US,US,"Washington, D.C.",,not_applicable_or_not_disclosed,,,A,active_or_unverified,,not_checked_or_not_disclosed,0.86,in_scope,round1,no,1,0,validated_official_product,businessScope; financing; legalEntity; website,https://www.accessdata.fda.gov/scripts/cdrh/cfdocs/cfpmn/pmn.cfm?id=K070795,1
"Athena Gtx, Inc.",,US,US,Johnson,,not_applicable_or_not_disclosed,,,A,active_or_unverified,,not_checked_or_not_disclosed,0.86,in_scope,round1,no,1,0,validated_official_product,businessScope; financing; legalEntity; website,https://www.accessdata.fda.gov/scripts/cdrh/cfdocs/cfpmn/pmn.cfm?id=K233354,1
Atheus Corp.,,US,US,Los Angeles,,not_applicable_or_not_disclosed,,,A,active_or_unverified,,not_checked_or_not_disclosed,0.86,in_scope,round1,no,1,0,validated_official_product,businessScope; financing; legalEntity; website,https://www.accessdata.fda.gov/scripts/cdrh/cfdocs/cfpmn/pmn.cfm?id=K905606,1
Athlos OY,,Europe,FI,Espoo,,not_applicable_or_not_disclosed,,,A,active_or_unverified,,not_checked_or_not_disclosed,0.86,in_scope,round1,no,1,0,validated_official_product,businessScope; financing; legalEntity; website,https://www.accessdata.fda.gov/scripts/cdrh/cfdocs/cfpmn/pmn.cfm?id=K211688,1
"Atlantic Therapeutics, Ltd.",,Europe,IE,Galway,,not_applicable_or_not_disclosed,,,A,active_or_unverified,,not_checked_or_not_disclosed,0.86,in_scope,round1,no,1,0,validated_official_product,businessScope; financing; legalEntity; website,https://www.accessdata.fda.gov/scripts/cdrh/cfdocs/cfpmn/pmn.cfm?id=K192357,1
"Atrility Medical, LLC",,US,US,Madison,,not_applicable_or_not_disclosed,,,A,active_or_unverified,,not_checked_or_not_disclosed,0.86,in_scope,round1,no,1,0,validated_official_product,businessScope; financing; legalEntity; website,https://www.accessdata.fda.gov/scripts/cdrh/cfdocs/cfpmn/pmn.cfm?id=K200674,1
"Auri-Stem Medical, Inc.",,US,US,Boulder,,not_applicable_or_not_disclosed,,,A,active_or_unverified,,not_checked_or_not_disclosed,0.86,in_scope,round1,no,1,0,validated_official_product,businessScope; financing; legalEntity; website,https://www.accessdata.fda.gov/scripts/cdrh/cfdocs/cfpmn/pmn.cfm?id=K060158,1
Avita Corporation,,US,US,Flaggstaff,,not_applicable_or_not_disclosed,,,A,active_or_unverified,,not_checked_or_not_disclosed,0.86,in_scope,round1,no,1,0,validated_official_product,businessScope; financing; legalEntity; website,https://www.accessdata.fda.gov/scripts/cdrh/cfdocs/cfpmn/pmn.cfm?id=K012136,1
"B.Braun Medical, Inc.",,US,US,Bethlehem,,not_applicable_or_not_disclosed,,,A,active_or_unverified,,not_checked_or_not_disclosed,0.86,in_scope,round1,no,1,0,validated_official_product,businessScope; financing; legalEntity; website,https://www.accessdata.fda.gov/scripts/cdrh/cfdocs/cfpmn/pmn.cfm?id=K964929,1
"Barron Associates, Inc.",,US,US,Charlottesville,,not_applicable_or_not_disclosed,,samd,A,active_or_unverified,,not_checked_or_not_disclosed,0.86,in_scope,round1,no,1,0,validated_official_product,businessScope; financing; legalEntity; website,https://www.accessdata.fda.gov/scripts/cdrh/cfdocs/cfpmn/pmn.cfm?id=K163245,1
"Basic Medical Technology, Inc.",,US,US,Ontario,,not_applicable_or_not_disclosed,,,A,active_or_unverified,,not_checked_or_not_disclosed,0.86,in_scope,round1,no,1,0,validated_official_product,businessScope; financing; legalEntity; website,https://www.accessdata.fda.gov/scripts/cdrh/cfdocs/cfpmn/pmn.cfm?id=K250193,1
Baxter Healthcare Corp,,US,US,Round Lake,,not_applicable_or_not_disclosed,,,A,active_or_unverified,,not_checked_or_not_disclosed,0.86,in_scope,round1,no,1,0,validated_official_product,businessScope; financing; legalEntity; website,https://www.accessdata.fda.gov/scripts/cdrh/cfdocs/cfpmn/pmn.cfm?id=K974397,1
"Bayer Healthcare, LLC",,US,US,Mishawaka,,not_applicable_or_not_disclosed,,chronic_disease_management; samd,A,active_or_unverified,,not_checked_or_not_disclosed,0.86,in_scope,round1,no,1,0,validated_official_product,businessScope; financing; legalEntity; website,https://www.accessdata.fda.gov/scripts/cdrh/cfdocs/cfpmn/pmn.cfm?id=K082486,1
Bd Becton Dickinson Vacutainer Systems Preanalytic,,US,US,Washington,,not_applicable_or_not_disclosed,,remote_patient_monitoring,A,active_or_unverified,,not_checked_or_not_disclosed,0.86,in_scope,round1,no,1,0,validated_official_product,businessScope; financing; legalEntity; website,https://www.accessdata.fda.gov/scripts/cdrh/cfdocs/cfpmn/pmn.cfm?id=K780939,1
"Becton Dickinson Infusion Therapy Systems, Inc.",,US,US,Sandy,,not_applicable_or_not_disclosed,,,A,active_or_unverified,,not_checked_or_not_disclosed,0.86,in_scope,round1,no,1,0,validated_official_product,businessScope; financing; legalEntity; website,https://www.accessdata.fda.gov/scripts/cdrh/cfdocs/cfpmn/pmn.cfm?id=K102520,1
Bemco Mattress Co.,,US,US,Mchenry,,not_applicable_or_not_disclosed,,sleep_health,A,active_or_unverified,,not_checked_or_not_disclosed,0.86,in_scope,round1,no,1,0,validated_official_product,businessScope; financing; legalEntity; website,https://www.accessdata.fda.gov/scripts/cdrh/cfdocs/cfpmn/pmn.cfm?id=K834344,1
Betel Care Sdn. Bhd.,,,MY,Selangor Darul Ehsan,,not_checked_or_not_disclosed,,,A,active_or_unverified,,not_checked_or_not_disclosed,0.86,needs_region_verification,round1,no,1,0,needs_region_verification,businessScope; financing; legalEntity; registeredCapital; website,https://www.accessdata.fda.gov/scripts/cdrh/cfdocs/cfpmn/pmn.cfm?id=K000652,1
Bio-Rad,,US,US,Irvine,,not_applicable_or_not_disclosed,,chronic_disease_management,A,active_or_unverified,,not_checked_or_not_disclosed,0.86,in_scope,round1,no,1,0,validated_official_product,businessScope; financing; legalEntity; website,https://www.accessdata.fda.gov/scripts/cdrh/cfdocs/cfpmn/pmn.cfm?id=K052838,1
"Bio-Research Associates, Inc.",,US,US,Milwaukee,,not_applicable_or_not_disclosed,,,A,active_or_unverified,,not_checked_or_not_disclosed,0.86,in_scope,round1,no,2,0,validated_official_product,businessScope; financing; legalEntity; website,https://www.accessdata.fda.gov/scripts/cdrh/cfdocs/cfpmn/pmn.cfm?id=K003176,2
Bio-Scan S.A,,US,US,Stamford,,not_applicable_or_not_disclosed,,,A,active_or_unverified,,not_checked_or_not_disclosed,0.86,in_scope,round1,no,1,0,validated_official_product,businessScope; financing; legalEntity; website,https://www.accessdata.fda.gov/scripts/cdrh/cfdocs/cfpmn/pmn.cfm?id=K013897,1
"Biogaming , Ltd.",,,IL,Petach Tikva,,not_checked_or_not_disclosed,,,A,active_or_unverified,,not_checked_or_not_disclosed,0.86,needs_region_verification,round1,no,1,0,needs_region_verification,businessScope; financing; legalEntity; registeredCapital; website,https://www.accessdata.fda.gov/scripts/cdrh/cfdocs/cfpmn/pmn.cfm?id=K151955,1
"Biomagnetic Technologies, Inc.",,US,US,San Diego,,not_applicable_or_not_disclosed,,,A,active_or_unverified,,not_checked_or_not_disclosed,0.86,in_scope,round1,no,1,0,validated_official_product,businessScope; financing; legalEntity; website,https://www.accessdata.fda.gov/scripts/cdrh/cfdocs/cfpmn/pmn.cfm?id=K941553,1
"Bioness, Inc.",,US,US,Valencia,,not_applicable_or_not_disclosed,,rehabilitation,A,active_or_unverified,,not_checked_or_not_disclosed,0.86,in_scope,round1,no,2,0,validated_official_product,businessScope; financing; legalEntity; website,https://www.accessdata.fda.gov/scripts/cdrh/cfdocs/cfpmn/pmn.cfm?id=K123636,2
Bionime Corporation,,US,US,Mission Viejo,,not_applicable_or_not_disclosed,,chronic_disease_management,A,active_or_unverified,,not_checked_or_not_disclosed,0.86,in_scope,round1,no,1,0,validated_official_product,businessScope; financing; legalEntity; website,https://www.accessdata.fda.gov/scripts/cdrh/cfdocs/cfpmn/pmn.cfm?id=K113007,1
"Biorest, Inc.",,US,US,San Antonio,,not_applicable_or_not_disclosed,,,A,active_or_unverified,,not_checked_or_not_disclosed,0.86,in_scope,round1,no,1,0,validated_official_product,businessScope; financing; legalEntity; website,https://www.accessdata.fda.gov/scripts/cdrh/cfdocs/cfpmn/pmn.cfm?id=K873920,1
"Biosafety Systems, Inc.",,US,US,San Diego,,not_applicable_or_not_disclosed,,,A,active_or_unverified,,not_checked_or_not_disclosed,0.86,in_scope,round1,no,1,0,validated_official_product,businessScope; financing; legalEntity; website,https://www.accessdata.fda.gov/scripts/cdrh/cfdocs/cfpmn/pmn.cfm?id=K944095,1
"Biotechnology, Inc.",,US,US,Mchenry,,not_applicable_or_not_disclosed,,,A,active_or_unverified,,not_checked_or_not_disclosed,0.86,in_scope,round1,no,1,0,validated_official_product,businessScope; financing; legalEntity; website,https://www.accessdata.fda.gov/scripts/cdrh/cfdocs/cfpmn/pmn.cfm?id=K831752,1
Biotek-Caribbean,,,DO,"Santo Domingo, Dom. Rep.",,not_checked_or_not_disclosed,,,A,active_or_unverified,,not_checked_or_not_disclosed,0.86,needs_region_verification,round1,no,1,0,needs_region_verification,businessScope; financing; legalEntity; registeredCapital; website,https://www.accessdata.fda.gov/scripts/cdrh/cfdocs/cfpmn/pmn.cfm?id=K844615,1
Biotronics Corp.,,US,US,Mchenry,,not_applicable_or_not_disclosed,,,A,active_or_unverified,,not_checked_or_not_disclosed,0.86,in_scope,round1,no,1,0,validated_official_product,businessScope; financing; legalEntity; website,https://www.accessdata.fda.gov/scripts/cdrh/cfdocs/cfpmn/pmn.cfm?id=K771534,1
"Biotronik, Inc.",,US,US,Lake Oswego,,not_applicable_or_not_disclosed,,,A,active_or_unverified,,not_checked_or_not_disclosed,0.86,in_scope,round1,no,1,0,validated_official_product,businessScope; financing; legalEntity; website,https://www.accessdata.fda.gov/scripts/cdrh/cfdocs/cfpmn/pmn.cfm?id=K261074,1
"Bistos Co., Ltd.",,,KR,Gyeonggi,,not_checked_or_not_disclosed,,,A,active_or_unverified,,not_checked_or_not_disclosed,0.86,needs_region_verification,round1,no,1,0,needs_region_verification,businessScope; financing; legalEntity; registeredCapital; website,https://www.accessdata.fda.gov/scripts/cdrh/cfdocs/cfpmn/pmn.cfm?id=K232991,1
Boehringer Mannheim Corp.,,US,US,Indianapolis,,not_applicable_or_not_disclosed,,,A,active_or_unverified,,not_checked_or_not_disclosed,0.86,in_scope,round1,no,1,0,validated_official_product,businessScope; financing; legalEntity; website,https://www.accessdata.fda.gov/scripts/cdrh/cfdocs/cfpmn/pmn.cfm?id=K982949,1
"Boston Scientific Cardiac Diagnostic Technologies, Inc.",,US,US,Rochester,,not_applicable_or_not_disclosed,,remote_patient_monitoring,A,active_or_unverified,,not_checked_or_not_disclosed,0.86,in_scope,round1,no,1,0,validated_official_product,businessScope; financing; legalEntity; website,https://www.accessdata.fda.gov/scripts/cdrh/cfdocs/cfpmn/pmn.cfm?id=K243349,1
Brainlab AG,,Europe,DE,Munich,,not_applicable_or_not_disclosed,,samd,A,active_or_unverified,,not_checked_or_not_disclosed,0.86,in_scope,round1,no,1,0,validated_official_product,businessScope; financing; legalEntity; website,https://www.accessdata.fda.gov/scripts/cdrh/cfdocs/cfpmn/pmn.cfm?id=K243633,1
Brightheart,,Europe,FR,Paris,,not_applicable_or_not_disclosed,,,A,active_or_unverified,,not_checked_or_not_disclosed,0.86,in_scope,round1,no,1,0,validated_official_product,businessScope; financing; legalEntity; website,https://www.accessdata.fda.gov/scripts/cdrh/cfdocs/cfpmn/pmn.cfm?id=K251456,1
Broadmaster Biotech Corperation,,,TW,Zhonghe Dist,,not_checked_or_not_disclosed,,remote_patient_monitoring,A,active_or_unverified,,not_checked_or_not_disclosed,0.86,needs_region_verification,round1,no,1,0,needs_region_verification,businessScope; financing; legalEntity; registeredCapital; website,https://www.accessdata.fda.gov/scripts/cdrh/cfdocs/cfpmn/pmn.cfm?id=K120183,1
"Broncus Technologies, Inc.",,US,US,Mountain View,,not_applicable_or_not_disclosed,,,A,active_or_unverified,,not_checked_or_not_disclosed,0.86,in_scope,round1,no,1,0,validated_official_product,businessScope; financing; legalEntity; website,https://www.accessdata.fda.gov/scripts/cdrh/cfdocs/cfpmn/pmn.cfm?id=K090095,1
"Bruno Independent Living Aids, Inc.",,US,US,Oconomowoc,,not_applicable_or_not_disclosed,,,A,active_or_unverified,,not_checked_or_not_disclosed,0.86,in_scope,round1,no,1,0,validated_official_product,businessScope; financing; legalEntity; website,https://www.accessdata.fda.gov/scripts/cdrh/cfdocs/cfpmn/pmn.cfm?id=K022509,1
"Bryggs Medical, LLC",,US,US,Avon,,not_applicable_or_not_disclosed,,,A,active_or_unverified,,not_checked_or_not_disclosed,0.86,in_scope,round1,no,1,0,validated_official_product,businessScope; financing; legalEntity; website,https://www.accessdata.fda.gov/scripts/cdrh/cfdocs/cfpmn/pmn.cfm?id=K191728,1
"Burron Medical Products, Inc.",,US,US,Walker,,not_applicable_or_not_disclosed,,,A,active_or_unverified,,not_checked_or_not_disclosed,0.86,in_scope,round1,no,1,0,validated_official_product,businessScope; financing; legalEntity; website,https://www.accessdata.fda.gov/scripts/cdrh/cfdocs/cfpmn/pmn.cfm?id=K813498,1
"C.R. Bard, Inc.",,US,US,Mchenry,,not_applicable_or_not_disclosed,,,A,active_or_unverified,,not_checked_or_not_disclosed,0.86,in_scope,round1,no,2,0,validated_official_product,businessScope; financing; legalEntity; website,https://www.accessdata.fda.gov/scripts/cdrh/cfdocs/cfpmn/pmn.cfm?id=K772295,2
"Calgary Scientific, Inc.",,,CA,"Calgary, Alberta",,not_checked_or_not_disclosed,,,A,active_or_unverified,,not_checked_or_not_disclosed,0.86,needs_region_verification,round1,no,1,0,needs_region_verification,businessScope; financing; legalEntity; registeredCapital; website,https://www.accessdata.fda.gov/scripts/cdrh/cfdocs/cfpmn/pmn.cfm?id=K123186,1
"Cambridge Cognition , Ltd., US Agent: Clementi Associates , Ltd.",,Europe,GB,Bottisham,,not_applicable_or_not_disclosed,,,A,active_or_unverified,,not_checked_or_not_disclosed,0.86,in_scope,round1,no,1,0,validated_official_product,businessScope; financing; legalEntity; website,https://www.accessdata.fda.gov/scripts/cdrh/cfdocs/cfpmn/pmn.cfm?id=K161328,1
"Cambridge Heart, Inc.",,US,US,South West Ranches,,not_applicable_or_not_disclosed,,remote_patient_monitoring,A,active_or_unverified,,not_checked_or_not_disclosed,0.86,in_scope,round1,no,1,0,validated_official_product,businessScope; financing; legalEntity; website,https://www.accessdata.fda.gov/scripts/cdrh/cfdocs/cfpmn/pmn.cfm?id=K983102,1
Canon Inc. -Medical Equipment Group,,,JP,"Tachikawa-Shi, Tokyo",,not_checked_or_not_disclosed,,,A,active_or_unverified,,not_checked_or_not_disclosed,0.86,needs_region_verification,round1,no,1,0,needs_region_verification,businessScope; financing; legalEntity; registeredCapital; website,https://www.accessdata.fda.gov/scripts/cdrh/cfdocs/cfpmn/pmn.cfm?id=K111682,1
Capsule Technologie Sas,,US,US,Andover,,not_applicable_or_not_disclosed,,remote_patient_monitoring,A,active_or_unverified,,not_checked_or_not_disclosed,0.86,in_scope,round1,no,1,0,validated_official_product,businessScope; financing; legalEntity; website,https://www.accessdata.fda.gov/scripts/cdrh/cfdocs/cfpmn/pmn.cfm?id=K200856,1
"Card Guard Scientific Survival , Ltd.",,US,US,Malibu,,not_applicable_or_not_disclosed,,,A,active_or_unverified,,not_checked_or_not_disclosed,0.86,in_scope,round1,no,1,0,validated_official_product,businessScope; financing; legalEntity; website,https://www.accessdata.fda.gov/scripts/cdrh/cfdocs/cfpmn/pmn.cfm?id=K960553,1
"Cardiac Control Systems, Inc.",,US,US,Palm Coast,,not_applicable_or_not_disclosed,,,A,active_or_unverified,,not_checked_or_not_disclosed,0.86,in_scope,round1,no,1,0,validated_official_product,businessScope; financing; legalEntity; website,https://www.accessdata.fda.gov/scripts/cdrh/cfdocs/cfpmn/pmn.cfm?id=K884023,1
"Cardiac Pacemakers, Inc.",,US,US,Mchenry,,not_applicable_or_not_disclosed,,,A,active_or_unverified,,not_checked_or_not_disclosed,0.86,in_scope,round1,no,1,0,validated_official_product,businessScope; financing; legalEntity; website,https://www.accessdata.fda.gov/scripts/cdrh/cfdocs/cfpmn/pmn.cfm?id=K831160,1
Cardiac Telecommunications,,US,US,Houston,,not_applicable_or_not_disclosed,,,A,active_or_unverified,,not_checked_or_not_disclosed,0.86,in_scope,round1,no,1,0,validated_official_product,businessScope; financing; legalEntity; website,https://www.accessdata.fda.gov/scripts/cdrh/cfdocs/cfpmn/pmn.cfm?id=K000609,1
"Cardima, Inc.",,US,US,Fremont,,not_applicable_or_not_disclosed,,,A,active_or_unverified,,not_checked_or_not_disclosed,0.86,in_scope,round1,no,1,0,validated_official_product,businessScope; financing; legalEntity; website,https://www.accessdata.fda.gov/scripts/cdrh/cfdocs/cfpmn/pmn.cfm?id=K060715,1
Cardinalhealth,,US,US,Waukegan,,not_applicable_or_not_disclosed,,,A,active_or_unverified,,not_checked_or_not_disclosed,0.86,in_scope,round1,no,1,0,validated_official_product,businessScope; financing; legalEntity; website,https://www.accessdata.fda.gov/scripts/cdrh/cfdocs/cfpmn/pmn.cfm?id=K252313,1
"Cardiovascular Diagnostics, Inc.",,US,US,Raleigh,,not_applicable_or_not_disclosed,,,A,active_or_unverified,,not_checked_or_not_disclosed,0.86,in_scope,round1,no,1,0,validated_official_product,businessScope; financing; legalEntity; website,https://www.accessdata.fda.gov/scripts/cdrh/cfdocs/cfpmn/pmn.cfm?id=K981178,1
"Care Products, Inc.",,US,US,Waterbury,,not_applicable_or_not_disclosed,,,A,active_or_unverified,,not_checked_or_not_disclosed,0.86,in_scope,round1,no,1,0,validated_official_product,businessScope; financing; legalEntity; website,https://www.accessdata.fda.gov/scripts/cdrh/cfdocs/cfpmn/pmn.cfm?id=K030216,1
Care Wise Medical Products Corp.,,US,US,Morgan Hill,,not_applicable_or_not_disclosed,,,A,active_or_unverified,,not_checked_or_not_disclosed,0.86,in_scope,round1,no,1,0,validated_official_product,businessScope; financing; legalEntity; website,https://www.accessdata.fda.gov/scripts/cdrh/cfdocs/cfpmn/pmn.cfm?id=K884770,1
Careglove Global Sdn. Bhd.,,,MY,Seremban,,not_checked_or_not_disclosed,,,A,active_or_unverified,,not_checked_or_not_disclosed,0.86,needs_region_verification,round1,no,1,0,needs_region_verification,businessScope; financing; legalEntity; registeredCapital; website,https://www.accessdata.fda.gov/scripts/cdrh/cfdocs/cfpmn/pmn.cfm?id=K230121,1
Carestream Health,"Carestream Health, Inc.",US,US,Rochester,,not_applicable_or_not_disclosed,,,A,active_or_unverified,,not_checked_or_not_disclosed,0.86,in_scope,round1,no,2,0,validated_official_product,businessScope; financing; legalEntity; website,https://www.accessdata.fda.gov/scripts/cdrh/cfdocs/cfpmn/pmn.cfm?id=K253185,2
"Catco Medical, Inc.",,US,US,San Antonio,,not_applicable_or_not_disclosed,,,A,active_or_unverified,,not_checked_or_not_disclosed,0.86,in_scope,round1,no,1,0,validated_official_product,businessScope; financing; legalEntity; website,https://www.accessdata.fda.gov/scripts/cdrh/cfdocs/cfpmn/pmn.cfm?id=K944504,1
"Catheter Robotics, Inc.",,US,US,Mt. Olive,,not_applicable_or_not_disclosed,,,A,active_or_unverified,,not_checked_or_not_disclosed,0.86,in_scope,round1,no,1,0,validated_official_product,businessScope; financing; legalEntity; website,https://www.accessdata.fda.gov/scripts/cdrh/cfdocs/cfpmn/pmn.cfm?id=DEN140009,1
Cedars-Sinai Medical Center,,US,US,Los Angeles,,not_applicable_or_not_disclosed,,remote_patient_monitoring,A,active_or_unverified,,not_checked_or_not_disclosed,0.86,in_scope,round1,no,1,0,validated_official_product,businessScope; financing; legalEntity; website,https://www.accessdata.fda.gov/scripts/cdrh/cfdocs/cfpmn/pmn.cfm?id=K172609,1
"Cerebra Medical , Ltd.",,,CA,Winnipeg,,not_checked_or_not_disclosed,,sleep_health,A,active_or_unverified,,not_checked_or_not_disclosed,0.86,needs_region_verification,round1,no,1,0,needs_region_verification,businessScope; financing; legalEntity; registeredCapital; website,https://www.accessdata.fda.gov/scripts/cdrh/cfdocs/cfpmn/pmn.cfm?id=K213007,1
"Cerebral Assessment Systems, Inc.",,US,US,Pittsford,,not_applicable_or_not_disclosed,,,A,active_or_unverified,,not_checked_or_not_disclosed,0.86,in_scope,round1,no,1,0,validated_official_product,businessScope; financing; legalEntity; website,https://www.accessdata.fda.gov/scripts/cdrh/cfdocs/cfpmn/pmn.cfm?id=DEN130033,1
"Cereve, Inc.",,US,US,Oakmont,,not_applicable_or_not_disclosed,,sleep_health,A,active_or_unverified,,not_checked_or_not_disclosed,0.86,in_scope,round1,no,1,0,validated_official_product,businessScope; financing; legalEntity; website,https://www.accessdata.fda.gov/scripts/cdrh/cfdocs/cfpmn/pmn.cfm?id=DEN140032,1
"Changsha Anxiang Medical Technology Co., Ltd.",,China,CN,Changsha,,not_checked_or_not_disclosed,,,A,active_or_unverified,,not_checked_or_not_disclosed,0.86,out_of_scope_china_city,round1,no,1,0,out_of_scope_china_city,businessScope; financing; legalEntity; registeredCapital; website,https://www.accessdata.fda.gov/scripts/cdrh/cfdocs/cfpmn/pmn.cfm?id=K242567,1
"Charnwood Dynamics , Ltd.",,Europe,GB,"Rothley, Leicestershire",,not_applicable_or_not_disclosed,,,A,active_or_unverified,,not_checked_or_not_disclosed,0.86,in_scope,round1,no,1,0,validated_official_product,businessScope; financing; legalEntity; website,https://www.accessdata.fda.gov/scripts/cdrh/cfdocs/cfpmn/pmn.cfm?id=K033514,1
"Chattanooga Group, Inc.",,US,US,Walker,,not_applicable_or_not_disclosed,,,A,active_or_unverified,,not_checked_or_not_disclosed,0.86,in_scope,round1,no,2,0,validated_official_product,businessScope; financing; legalEntity; website,https://www.accessdata.fda.gov/scripts/cdrh/cfdocs/cfpmn/pmn.cfm?id=K813593,2
Chesebrough-Pond'S U.S.A. Co.,,US,US,Mchenry,,not_applicable_or_not_disclosed,,,A,active_or_unverified,,not_checked_or_not_disclosed,0.86,in_scope,round1,no,1,0,validated_official_product,businessScope; financing; legalEntity; website,https://www.accessdata.fda.gov/scripts/cdrh/cfdocs/cfpmn/pmn.cfm?id=K833923,1
Ciba Corning Diagnostics Corp.,,US,US,East Walpole,,not_applicable_or_not_disclosed,,,A,active_or_unverified,,not_checked_or_not_disclosed,0.86,in_scope,round1,no,1,0,validated_official_product,businessScope; financing; legalEntity; website,https://www.accessdata.fda.gov/scripts/cdrh/cfdocs/cfpmn/pmn.cfm?id=K875117,1
Ciba Vision Corporation,,US,US,Duluth,,not_applicable_or_not_disclosed,,,A,active_or_unverified,,not_checked_or_not_disclosed,0.86,in_scope,round1,no,1,0,validated_official_product,businessScope; financing; legalEntity; website,https://www.accessdata.fda.gov/scripts/cdrh/cfdocs/cfpmn/pmn.cfm?id=K993949,1
"Clinical Information Systems, Inc.",,US,US,Ann Arbor,,not_applicable_or_not_disclosed,,,A,active_or_unverified,,not_checked_or_not_disclosed,0.86,in_scope,round1,no,1,0,validated_official_product,businessScope; financing; legalEntity; website,https://www.accessdata.fda.gov/scripts/cdrh/cfdocs/cfpmn/pmn.cfm?id=K882352,1
"Cnd Global Technologies, Inc.",,US,US,Cumberland,,not_applicable_or_not_disclosed,,,A,active_or_unverified,,not_checked_or_not_disclosed,0.86,in_scope,round1,no,1,0,validated_official_product,businessScope; financing; legalEntity; website,https://www.accessdata.fda.gov/scripts/cdrh/cfdocs/cfpmn/pmn.cfm?id=K190234,1
"Cobe Laboratories, Inc.",,US,US,Mchenry,,not_applicable_or_not_disclosed,,,A,active_or_unverified,,not_checked_or_not_disclosed,0.86,in_scope,round1,no,1,0,validated_official_product,businessScope; financing; legalEntity; website,https://www.accessdata.fda.gov/scripts/cdrh/cfdocs/cfpmn/pmn.cfm?id=K830629,1
Cochlear Americas,,US,US,Lone Tree,,not_applicable_or_not_disclosed,,samd,A,active_or_unverified,,not_checked_or_not_disclosed,0.86,in_scope,round1,no,1,0,validated_official_product,businessScope; financing; legalEntity; website,https://www.accessdata.fda.gov/scripts/cdrh/cfdocs/cfpmn/pmn.cfm?id=K212136,1
Codonics.Incorporated,,US,US,Middleburg Heights,,not_applicable_or_not_disclosed,,,A,active_or_unverified,,not_checked_or_not_disclosed,0.86,in_scope,round1,no,1,0,validated_official_product,businessScope; financing; legalEntity; website,https://www.accessdata.fda.gov/scripts/cdrh/cfdocs/cfpmn/pmn.cfm?id=K251352,1
Colon Therapeutics,,US,US,Groves,,not_applicable_or_not_disclosed,,,A,active_or_unverified,,not_checked_or_not_disclosed,0.86,in_scope,round1,no,1,0,validated_official_product,businessScope; financing; legalEntity; website,https://www.accessdata.fda.gov/scripts/cdrh/cfdocs/cfpmn/pmn.cfm?id=K972455,1
Conair Corp.,,US,US,Stamford,,not_applicable_or_not_disclosed,,,A,active_or_unverified,,not_checked_or_not_disclosed,0.86,in_scope,round1,no,1,0,validated_official_product,businessScope; financing; legalEntity; website,https://www.accessdata.fda.gov/scripts/cdrh/cfdocs/cfpmn/pmn.cfm?id=K924584,1
Concord/Portex,,US,US,Keene,,not_applicable_or_not_disclosed,,,A,active_or_unverified,,not_checked_or_not_disclosed,0.86,in_scope,round1,no,1,0,validated_official_product,businessScope; financing; legalEntity; website,https://www.accessdata.fda.gov/scripts/cdrh/cfdocs/cfpmn/pmn.cfm?id=K912043,1
Condor Instruments Ltda. - Epp,,,BR,Sao Paulo,,not_checked_or_not_disclosed,,,A,active_or_unverified,,not_checked_or_not_disclosed,0.86,needs_region_verification,round1,no,1,0,needs_region_verification,businessScope; financing; legalEntity; registeredCapital; website,https://www.accessdata.fda.gov/scripts/cdrh/cfdocs/cfpmn/pmn.cfm?id=K151784,1
Conmedcorp,,US,US,Utica,,not_applicable_or_not_disclosed,,remote_patient_monitoring,A,active_or_unverified,,not_checked_or_not_disclosed,0.86,in_scope,round1,no,1,0,validated_official_product,businessScope; financing; legalEntity; website,https://www.accessdata.fda.gov/scripts/cdrh/cfdocs/cfpmn/pmn.cfm?id=K963787,1
"Conphar, Inc.",,US,US,Walker,,not_applicable_or_not_disclosed,,remote_patient_monitoring,A,active_or_unverified,,not_checked_or_not_disclosed,0.86,in_scope,round1,no,1,0,validated_official_product,businessScope; financing; legalEntity; website,https://www.accessdata.fda.gov/scripts/cdrh/cfdocs/cfpmn/pmn.cfm?id=K813385,1
"Cook, Inc.",Cook Incorporated,US,US,Walker,,not_applicable_or_not_disclosed,,,A,active_or_unverified,,not_checked_or_not_disclosed,0.86,in_scope,round1,no,2,0,validated_official_product,businessScope; financing; legalEntity; website,https://www.accessdata.fda.gov/scripts/cdrh/cfdocs/cfpmn/pmn.cfm?id=K772011,2
"Copal, Inc.",,US,US,Mchenry,,not_applicable_or_not_disclosed,,,A,active_or_unverified,,not_checked_or_not_disclosed,0.86,in_scope,round1,no,1,0,validated_official_product,businessScope; financing; legalEntity; website,https://www.accessdata.fda.gov/scripts/cdrh/cfdocs/cfpmn/pmn.cfm?id=K832721,1
"Corventis, Inc.",,US,US,San Jose,,not_applicable_or_not_disclosed,,health_management_platform; patient_engagement; remote_patient_monitoring,A,active_or_unverified,,not_checked_or_not_disclosed,0.86,in_scope,round1,no,2,0,validated_official_product,businessScope; financing; legalEntity; website,https://www.accessdata.fda.gov/scripts/cdrh/cfdocs/cfpmn/pmn.cfm?id=K090696,2
Craniofacial Pain Center of Idaho,,US,US,Boise,,not_applicable_or_not_disclosed,,sleep_health,A,active_or_unverified,,not_checked_or_not_disclosed,0.86,in_scope,round1,no,1,0,validated_official_product,businessScope; financing; legalEntity; website,https://www.accessdata.fda.gov/scripts/cdrh/cfdocs/cfpmn/pmn.cfm?id=K082849,1
"CSA Medical, Inc.",,US,US,Lexington,,not_applicable_or_not_disclosed,,,A,active_or_unverified,,not_checked_or_not_disclosed,0.86,in_scope,round1,no,1,0,validated_official_product,businessScope; financing; legalEntity; website,https://www.accessdata.fda.gov/scripts/cdrh/cfdocs/cfpmn/pmn.cfm?id=K171522,1
"Currie Medical Specialties, Inc.",,US,US,Mchenry,,not_applicable_or_not_disclosed,,,A,active_or_unverified,,not_checked_or_not_disclosed,0.86,in_scope,round1,no,1,0,validated_official_product,businessScope; financing; legalEntity; website,https://www.accessdata.fda.gov/scripts/cdrh/cfdocs/cfpmn/pmn.cfm?id=K830333,1
"Customed, Inc.",,US,US,Fajardo,,not_applicable_or_not_disclosed,,,A,active_or_unverified,,not_checked_or_not_disclosed,0.86,in_scope,round1,no,2,0,validated_official_product,businessScope; financing; legalEntity; website,https://www.accessdata.fda.gov/scripts/cdrh/cfdocs/cfpmn/pmn.cfm?id=K930986,2
Cybex,,US,US,Ronkonkoma,,not_applicable_or_not_disclosed,,rehabilitation,A,active_or_unverified,,not_checked_or_not_disclosed,0.86,in_scope,round1,no,1,0,validated_official_product,businessScope; financing; legalEntity; website,https://www.accessdata.fda.gov/scripts/cdrh/cfdocs/cfpmn/pmn.cfm?id=K843739,1
"Daesung America Co., Inc.",,US,US,Fort Lee,,not_applicable_or_not_disclosed,,,A,active_or_unverified,,not_checked_or_not_disclosed,0.86,in_scope,round1,no,1,0,validated_official_product,businessScope; financing; legalEntity; website,https://www.accessdata.fda.gov/scripts/cdrh/cfdocs/cfpmn/pmn.cfm?id=K892978,1
"Darmiyan, Inc.",,US,US,Berkeley,,not_applicable_or_not_disclosed,,,A,active_or_unverified,,not_checked_or_not_disclosed,0.86,in_scope,round1,no,1,0,validated_official_product,businessScope; financing; legalEntity; website,https://www.accessdata.fda.gov/scripts/cdrh/cfdocs/cfpmn/pmn.cfm?id=DEN220066,1
Dash Medical Gloves Sdn Bhd,,US,US,Franklin,,not_applicable_or_not_disclosed,,,A,active_or_unverified,,not_checked_or_not_disclosed,0.86,in_scope,round1,no,1,0,validated_official_product,businessScope; financing; legalEntity; website,https://www.accessdata.fda.gov/scripts/cdrh/cfdocs/cfpmn/pmn.cfm?id=K992128,1
"Datascope Corp., Patient Monitoring Division",,US,US,Mahwh,,not_applicable_or_not_disclosed,,,A,active_or_unverified,,not_checked_or_not_disclosed,0.86,in_scope,round1,no,1,0,validated_official_product,businessScope; financing; legalEntity; website,https://www.accessdata.fda.gov/scripts/cdrh/cfdocs/cfpmn/pmn.cfm?id=K091834,1
Datex-Ohmeda,,US,US,Needham,,not_applicable_or_not_disclosed,,samd,A,active_or_unverified,,not_checked_or_not_disclosed,0.86,in_scope,round1,no,1,0,validated_official_product,businessScope; financing; legalEntity; website,https://www.accessdata.fda.gov/scripts/cdrh/cfdocs/cfpmn/pmn.cfm?id=K023497,1
"Den Tek Oral Care, Inc.",,US,US,Washington,,not_applicable_or_not_disclosed,,,A,active_or_unverified,,not_checked_or_not_disclosed,0.86,in_scope,round1,no,1,0,validated_official_product,businessScope; financing; legalEntity; website,https://www.accessdata.fda.gov/scripts/cdrh/cfdocs/cfpmn/pmn.cfm?id=K083400,1
"Denttio, Inc.",,US,US,Los Angeles,,not_applicable_or_not_disclosed,,,A,active_or_unverified,,not_checked_or_not_disclosed,0.86,in_scope,round1,no,1,0,validated_official_product,businessScope; financing; legalEntity; website,https://www.accessdata.fda.gov/scripts/cdrh/cfdocs/cfpmn/pmn.cfm?id=K153144,1
"Deseret Medical, Inc.",,US,US,Sandy,,not_applicable_or_not_disclosed,,,A,active_or_unverified,,not_checked_or_not_disclosed,0.86,in_scope,round1,no,1,0,validated_official_product,businessScope; financing; legalEntity; website,https://www.accessdata.fda.gov/scripts/cdrh/cfdocs/cfpmn/pmn.cfm?id=K904121,1
"Devon Industries, Inc.",,US,US,Chatsworth,,not_applicable_or_not_disclosed,,,A,active_or_unverified,,not_checked_or_not_disclosed,0.86,in_scope,round1,no,1,0,validated_official_product,businessScope; financing; legalEntity; website,https://www.accessdata.fda.gov/scripts/cdrh/cfdocs/cfpmn/pmn.cfm?id=K954015,1
Dhd Medical Products Div. Diemolding Corp.,,US,US,Walker,,not_applicable_or_not_disclosed,,,A,active_or_unverified,,not_checked_or_not_disclosed,0.86,in_scope,round1,no,2,0,validated_official_product,businessScope; financing; legalEntity; website,https://www.accessdata.fda.gov/scripts/cdrh/cfdocs/cfpmn/pmn.cfm?id=K832545,2
"Dia Imaging Analysis, Ltd.",,,IL,Beer-Sheva,,not_checked_or_not_disclosed,,samd,A,active_or_unverified,,not_checked_or_not_disclosed,0.86,needs_region_verification,round1,no,1,0,needs_region_verification,businessScope; financing; legalEntity; registeredCapital; website,https://www.accessdata.fda.gov/scripts/cdrh/cfdocs/cfpmn/pmn.cfm?id=K243862,1
Diagnostic Monitoring Software,,US,US,Stateline,,not_applicable_or_not_disclosed,,remote_patient_monitoring,A,active_or_unverified,,not_checked_or_not_disclosed,0.86,in_scope,round1,no,1,0,validated_official_product,businessScope; financing; legalEntity; website,https://www.accessdata.fda.gov/scripts/cdrh/cfdocs/cfpmn/pmn.cfm?id=K133014,1
Diamond Orthotic Laboratory,,US,US,La Mesa,,not_applicable_or_not_disclosed,,sleep_health,A,active_or_unverified,,not_checked_or_not_disclosed,0.86,in_scope,round1,no,1,0,validated_official_product,businessScope; financing; legalEntity; website,https://www.accessdata.fda.gov/scripts/cdrh/cfdocs/cfpmn/pmn.cfm?id=K202499,1
"Diasonics, Inc.",,US,US,Walker,,not_applicable_or_not_disclosed,,,A,active_or_unverified,,not_checked_or_not_disclosed,0.86,in_scope,round1,no,1,0,validated_official_product,businessScope; financing; legalEntity; website,https://www.accessdata.fda.gov/scripts/cdrh/cfdocs/cfpmn/pmn.cfm?id=K813217,1
"Draeger Medical Systems, Inc.",,US,US,Andover,,not_applicable_or_not_disclosed,,samd,A,active_or_unverified,,not_checked_or_not_disclosed,0.86,in_scope,round1,no,1,0,validated_official_product,businessScope; financing; legalEntity; website,https://www.accessdata.fda.gov/scripts/cdrh/cfdocs/cfpmn/pmn.cfm?id=K141756,1
"DreaMed Diabetes, Ltd.",,,IL,Petah Tikva,,not_checked_or_not_disclosed,,,A,active_or_unverified,,not_checked_or_not_disclosed,0.86,needs_region_verification,round1,no,1,0,needs_region_verification,businessScope; financing; legalEntity; registeredCapital; website,https://www.accessdata.fda.gov/scripts/cdrh/cfdocs/cfpmn/pmn.cfm?id=K232722,1
"Dxrad Solutions , Ltd.",,US,US,Deer Field,,not_applicable_or_not_disclosed,,,A,active_or_unverified,,not_checked_or_not_disclosed,0.86,in_scope,round1,no,1,0,validated_official_product,businessScope; financing; legalEntity; website,https://www.accessdata.fda.gov/scripts/cdrh/cfdocs/cfpmn/pmn.cfm?id=K082261,1
Dynadx Corporation,,US,US,Crofton,,not_applicable_or_not_disclosed,,sleep_health,A,active_or_unverified,,not_checked_or_not_disclosed,0.86,in_scope,round1,no,1,0,validated_official_product,businessScope; financing; legalEntity; website,https://www.accessdata.fda.gov/scripts/cdrh/cfdocs/cfpmn/pmn.cfm?id=K070855,1
Dynarad Corp.,,US,US,Deer Park,,not_applicable_or_not_disclosed,,,A,active_or_unverified,,not_checked_or_not_disclosed,0.86,in_scope,round1,no,1,0,validated_official_product,businessScope; financing; legalEntity; website,https://www.accessdata.fda.gov/scripts/cdrh/cfdocs/cfpmn/pmn.cfm?id=K932354,1
E-San Limited,,US,US,Washington,,not_applicable_or_not_disclosed,,chronic_disease_management,A,active_or_unverified,,not_checked_or_not_disclosed,0.86,in_scope,round1,no,1,0,validated_official_product,businessScope; financing; legalEntity; website,https://www.accessdata.fda.gov/scripts/cdrh/cfdocs/cfpmn/pmn.cfm?id=K061328,1
E.M. Adams,,US,US,Mchenry,,not_applicable_or_not_disclosed,,,A,active_or_unverified,,not_checked_or_not_disclosed,0.86,in_scope,round1,no,1,0,validated_official_product,businessScope; financing; legalEntity; website,https://www.accessdata.fda.gov/scripts/cdrh/cfdocs/cfpmn/pmn.cfm?id=K813260,1
"Elaitra, Ltd.",,Europe,GB,London,,not_applicable_or_not_disclosed,,samd,A,active_or_unverified,,not_checked_or_not_disclosed,0.86,in_scope,round1,no,1,0,validated_official_product,businessScope; financing; legalEntity; website,https://www.accessdata.fda.gov/scripts/cdrh/cfdocs/cfpmn/pmn.cfm?id=K223501,1
"Electromedical Products, Inc.",,US,US,Hawthorne,,not_applicable_or_not_disclosed,,,A,active_or_unverified,,not_checked_or_not_disclosed,0.86,in_scope,round1,no,2,0,validated_official_product,businessScope; financing; legalEntity; website,https://www.accessdata.fda.gov/scripts/cdrh/cfdocs/cfpmn/pmn.cfm?id=K903014,2
Emde Corp.,,US,US,Mchenry,,not_applicable_or_not_disclosed,,,A,active_or_unverified,,not_checked_or_not_disclosed,0.86,in_scope,round1,no,2,0,validated_official_product,businessScope; financing; legalEntity; website,https://www.accessdata.fda.gov/scripts/cdrh/cfdocs/cfpmn/pmn.cfm?id=K771013,2
Empi,,US,US,Arden Hills,,not_applicable_or_not_disclosed,,,A,active_or_unverified,,not_checked_or_not_disclosed,0.86,in_scope,round1,no,1,0,validated_official_product,businessScope; financing; legalEntity; website,https://www.accessdata.fda.gov/scripts/cdrh/cfdocs/cfpmn/pmn.cfm?id=K890604,1
Engineered Medical Systems,,US,US,Indianapolis,,not_applicable_or_not_disclosed,,,A,active_or_unverified,,not_checked_or_not_disclosed,0.86,in_scope,round1,no,1,0,validated_official_product,businessScope; financing; legalEntity; website,https://www.accessdata.fda.gov/scripts/cdrh/cfdocs/cfpmn/pmn.cfm?id=K000314,1
Entra Health Systems,,US,US,San Diego,,not_applicable_or_not_disclosed,,internet_healthcare,A,active_or_unverified,,not_checked_or_not_disclosed,0.86,in_scope,round1,no,1,0,validated_official_product,businessScope; financing; legalEntity; website,https://www.accessdata.fda.gov/scripts/cdrh/cfdocs/cfpmn/pmn.cfm?id=K132930,1
"Epm Information Systems, Inc.",,US,US,Midlothian,,not_applicable_or_not_disclosed,,,A,active_or_unverified,,not_checked_or_not_disclosed,0.86,in_scope,round1,no,1,0,validated_official_product,businessScope; financing; legalEntity; website,https://www.accessdata.fda.gov/scripts/cdrh/cfdocs/cfpmn/pmn.cfm?id=K923033,1
Eps Bio Technology Corp.,,,TW,Hsinchu,,not_checked_or_not_disclosed,,remote_patient_monitoring,A,active_or_unverified,,not_checked_or_not_disclosed,0.86,needs_region_verification,round1,no,1,0,needs_region_verification,businessScope; financing; legalEntity; registeredCapital; website,https://www.accessdata.fda.gov/scripts/cdrh/cfdocs/cfpmn/pmn.cfm?id=K190189,1
"Erbe USA, Inc.",,US,US,Dacula,,not_applicable_or_not_disclosed,,,A,active_or_unverified,,not_checked_or_not_disclosed,0.86,in_scope,round1,no,1,0,validated_official_product,businessScope; financing; legalEntity; website,https://www.accessdata.fda.gov/scripts/cdrh/cfdocs/cfpmn/pmn.cfm?id=K972269,1
Ergoline GmbH,,Europe,DE,Bitz,,not_applicable_or_not_disclosed,,rehabilitation,A,active_or_unverified,,not_checked_or_not_disclosed,0.86,in_scope,round1,no,1,0,validated_official_product,businessScope; financing; legalEntity; website,https://www.accessdata.fda.gov/scripts/cdrh/cfdocs/cfpmn/pmn.cfm?id=K212883,1
Ever-More Latex Products Sdn Bhd,,,MY,Melaka,,not_checked_or_not_disclosed,,,A,active_or_unverified,,not_checked_or_not_disclosed,0.86,needs_region_verification,round1,no,1,0,needs_region_verification,businessScope; financing; legalEntity; registeredCapital; website,https://www.accessdata.fda.gov/scripts/cdrh/cfdocs/cfpmn/pmn.cfm?id=K023524,1
"Everyway Medical Instruments Co.,Ltd",,,TW,New Taipei City,,not_checked_or_not_disclosed,,,A,active_or_unverified,,not_checked_or_not_disclosed,0.86,needs_region_verification,round1,no,1,0,needs_region_verification,businessScope; financing; legalEntity; registeredCapital; website,https://www.accessdata.fda.gov/scripts/cdrh/cfdocs/cfpmn/pmn.cfm?id=K172919,1
"Excel Tech. , Ltd.",,,CA,Oakville,,not_checked_or_not_disclosed,,sleep_health,A,active_or_unverified,,not_checked_or_not_disclosed,0.86,needs_region_verification,round1,no,1,0,needs_region_verification,businessScope; financing; legalEntity; registeredCapital; website,https://www.accessdata.fda.gov/scripts/cdrh/cfdocs/cfpmn/pmn.cfm?id=K022037,1
"Eyekor, LLC",,US,US,North Reading,,not_applicable_or_not_disclosed,,,A,active_or_unverified,,not_checked_or_not_disclosed,0.86,in_scope,round1,no,1,0,validated_official_product,businessScope; financing; legalEntity; website,https://www.accessdata.fda.gov/scripts/cdrh/cfdocs/cfpmn/pmn.cfm?id=K130453,1
"Facial Alveodental Implant Rehabilitation, Inc.",,US,US,Vallejo,,not_applicable_or_not_disclosed,,,A,active_or_unverified,,not_checked_or_not_disclosed,0.86,in_scope,round1,no,1,0,validated_official_product,businessScope; financing; legalEntity; website,https://www.accessdata.fda.gov/scripts/cdrh/cfdocs/cfpmn/pmn.cfm?id=K852305,1
Feops NV,,Europe,BE,Gent-Zwijnaarde,,not_applicable_or_not_disclosed,,,A,active_or_unverified,,not_checked_or_not_disclosed,0.86,in_scope,round1,no,1,0,validated_official_product,businessScope; financing; legalEntity; website,https://www.accessdata.fda.gov/scripts/cdrh/cfdocs/cfpmn/pmn.cfm?id=DEN200030,1
"First Source, Inc.",,US,US,Rochester,,not_applicable_or_not_disclosed,,,A,active_or_unverified,,not_checked_or_not_disclosed,0.86,in_scope,round1,no,1,0,validated_official_product,businessScope; financing; legalEntity; website,https://www.accessdata.fda.gov/scripts/cdrh/cfdocs/cfpmn/pmn.cfm?id=K240009,1
Fisher and Paykel Healthcare Limited,,,NZ,Auckland,,not_checked_or_not_disclosed,,sleep_health,A,active_or_unverified,,not_checked_or_not_disclosed,0.86,needs_region_verification,round1,no,1,0,needs_region_verification,businessScope; financing; legalEntity; registeredCapital; website,https://www.accessdata.fda.gov/scripts/cdrh/cfdocs/cfpmn/pmn.cfm?id=K233829,1
Fluidotherapy Corp.,,US,US,Houston,,not_applicable_or_not_disclosed,,,A,active_or_unverified,,not_checked_or_not_disclosed,0.86,in_scope,round1,no,1,0,validated_official_product,businessScope; financing; legalEntity; website,https://www.accessdata.fda.gov/scripts/cdrh/cfdocs/cfpmn/pmn.cfm?id=K850640,1
"Foshan Care Medical Technology Co., Ltd.",,US,US,Carmichael,,not_applicable_or_not_disclosed,,,A,active_or_unverified,,not_checked_or_not_disclosed,0.86,in_scope,round1,no,1,0,validated_official_product,businessScope; financing; legalEntity; website,https://www.accessdata.fda.gov/scripts/cdrh/cfdocs/cfpmn/pmn.cfm?id=K101552,1
"Freespira, Inc.",,US,US,Kirkland,,not_applicable_or_not_disclosed,,,A,active_or_unverified,,not_checked_or_not_disclosed,0.86,in_scope,round1,no,1,0,validated_official_product,businessScope; financing; legalEntity; website,https://www.accessdata.fda.gov/scripts/cdrh/cfdocs/cfpmn/pmn.cfm?id=K233337,1
Fresenius Medical Care North America,,US,US,Lexington,,not_applicable_or_not_disclosed,,,A,active_or_unverified,,not_checked_or_not_disclosed,0.86,in_scope,round1,no,1,0,validated_official_product,businessScope; financing; legalEntity; website,https://www.accessdata.fda.gov/scripts/cdrh/cfdocs/cfpmn/pmn.cfm?id=K000451,1
"Fresenius Medical Care Renal Therapies Group, LLC",,US,US,Waltham,,not_applicable_or_not_disclosed,,,A,active_or_unverified,,not_checked_or_not_disclosed,0.86,in_scope,round1,no,2,0,validated_official_product,businessScope; financing; legalEntity; website,https://www.accessdata.fda.gov/scripts/cdrh/cfdocs/cfpmn/pmn.cfm?id=K201207,2
"Fujian Yuanxin Safety Protection Technology Co., Ltd.",,China,CN,Ningde,,not_checked_or_not_disclosed,,,A,active_or_unverified,,not_checked_or_not_disclosed,0.86,out_of_scope_china_city,round1,no,1,0,out_of_scope_china_city,businessScope; financing; legalEntity; registeredCapital; website,https://www.accessdata.fda.gov/scripts/cdrh/cfdocs/cfpmn/pmn.cfm?id=K212485,1
"Fujirebio Dianostics, Inc.",,US,US,Malvern,,not_applicable_or_not_disclosed,,,A,active_or_unverified,,not_checked_or_not_disclosed,0.86,in_scope,round1,no,1,0,validated_official_product,businessScope; financing; legalEntity; website,https://www.accessdata.fda.gov/scripts/cdrh/cfdocs/cfpmn/pmn.cfm?id=K191973,1
"Fukuda Denshi USA, Inc.",,US,US,Kirkland,,not_applicable_or_not_disclosed,,,A,active_or_unverified,,not_checked_or_not_disclosed,0.86,in_scope,round1,no,1,0,validated_official_product,businessScope; financing; legalEntity; website,https://www.accessdata.fda.gov/scripts/cdrh/cfdocs/cfpmn/pmn.cfm?id=K871385,1
"Galix Biomedical Instrumentation, Inc.",,US,US,Miami Beach,,not_applicable_or_not_disclosed,,remote_patient_monitoring,A,active_or_unverified,,not_checked_or_not_disclosed,0.86,in_scope,round1,no,1,0,validated_official_product,businessScope; financing; legalEntity; website,https://www.accessdata.fda.gov/scripts/cdrh/cfdocs/cfpmn/pmn.cfm?id=K971670,1
"Gauss Surgical, Inc.,",,US,US,Cupertino,,not_applicable_or_not_disclosed,,samd,A,active_or_unverified,,not_checked_or_not_disclosed,0.86,in_scope,round1,no,1,0,validated_official_product,businessScope; financing; legalEntity; website,https://www.accessdata.fda.gov/scripts/cdrh/cfdocs/cfpmn/pmn.cfm?id=K121274,1
"Gbs Commonwealth Co., Ltd.",,,KR,Geumcheon-Gu,,not_checked_or_not_disclosed,,,A,active_or_unverified,,not_checked_or_not_disclosed,0.86,needs_region_verification,round1,no,1,0,needs_region_verification,businessScope; financing; legalEntity; registeredCapital; website,https://www.accessdata.fda.gov/scripts/cdrh/cfdocs/cfpmn/pmn.cfm?id=K190762,1
Ge Dec Medical Systems,,US,US,Salt Lake City,,not_applicable_or_not_disclosed,,,A,active_or_unverified,,not_checked_or_not_disclosed,0.86,in_scope,round1,no,1,0,validated_official_product,businessScope; financing; legalEntity; website,https://www.accessdata.fda.gov/scripts/cdrh/cfdocs/cfpmn/pmn.cfm?id=K951765,1
Ge Medical Systems Information Technologies,,US,US,Wallingford,,not_applicable_or_not_disclosed,,,A,active_or_unverified,,not_checked_or_not_disclosed,0.86,in_scope,round1,no,1,0,validated_official_product,businessScope; financing; legalEntity; website,https://www.accessdata.fda.gov/scripts/cdrh/cfdocs/cfpmn/pmn.cfm?id=K900302,1
"Ge Medical Systems, LLC",,US,US,Waukesha,,not_applicable_or_not_disclosed,,,A,active_or_unverified,,not_checked_or_not_disclosed,0.86,in_scope,round1,no,2,0,validated_official_product,businessScope; financing; legalEntity; website,https://www.accessdata.fda.gov/scripts/cdrh/cfdocs/cfpmn/pmn.cfm?id=K182234,2
"Ge Oec Medical Systems, Inc.",,US,US,Salt Lake City,,not_applicable_or_not_disclosed,,,A,active_or_unverified,,not_checked_or_not_disclosed,0.86,in_scope,round1,no,1,0,validated_official_product,businessScope; financing; legalEntity; website,https://www.accessdata.fda.gov/scripts/cdrh/cfdocs/cfpmn/pmn.cfm?id=K172550,1
"Gemore Technology Co, Ltd.",,,TW,"Tan Shui, New Taipei City",,not_checked_or_not_disclosed,,,A,active_or_unverified,,not_checked_or_not_disclosed,0.86,needs_region_verification,round1,no,1,0,needs_region_verification,businessScope; financing; legalEntity; registeredCapital; website,https://www.accessdata.fda.gov/scripts/cdrh/cfdocs/cfpmn/pmn.cfm?id=K042559,1
General Electric Co.,GENERAL ELECTRIC CO,US,US,Milwaukee,GENERAL ELECTRIC CO,not_applicable_or_not_disclosed,,,A,active_or_unverified,,not_checked_or_not_disclosed,0.86,in_scope,round1,no,2,0,validated_official_product,businessScope; financing; website,https://www.accessdata.fda.gov/scripts/cdrh/cfdocs/cfpmn/pmn.cfm?id=K931460,2
"General Life Biotechnology Co., Ltd.",,US,US,Mission Viejo,,not_applicable_or_not_disclosed,,remote_patient_monitoring,A,active_or_unverified,,not_checked_or_not_disclosed,0.86,in_scope,round1,no,1,0,validated_official_product,businessScope; financing; legalEntity; website,https://www.accessdata.fda.gov/scripts/cdrh/cfdocs/cfpmn/pmn.cfm?id=K123090,1
"General X-Ray, Inc.",,US,US,Mchenry,,not_applicable_or_not_disclosed,,,A,active_or_unverified,,not_checked_or_not_disclosed,0.86,in_scope,round1,no,2,0,validated_official_product,businessScope; financing; legalEntity; website,https://www.accessdata.fda.gov/scripts/cdrh/cfdocs/cfpmn/pmn.cfm?id=K790443,2
Gleamer Sas,,Europe,FR,Paris,,not_applicable_or_not_disclosed,,,A,active_or_unverified,,not_checked_or_not_disclosed,0.86,in_scope,round1,no,1,0,validated_official_product,businessScope; financing; legalEntity; website,https://www.accessdata.fda.gov/scripts/cdrh/cfdocs/cfpmn/pmn.cfm?id=K241593,1
Glidewell Laboratories-Sleep Devices Group,,US,US,Irvine,,not_applicable_or_not_disclosed,,,A,active_or_unverified,,not_checked_or_not_disclosed,0.86,in_scope,round1,no,1,0,validated_official_product,businessScope; financing; legalEntity; website,https://www.accessdata.fda.gov/scripts/cdrh/cfdocs/cfpmn/pmn.cfm?id=K121365,1
"Good Sleep CO Pte , Ltd.",,,SG,Singapore,,not_checked_or_not_disclosed,,,A,active_or_unverified,,not_checked_or_not_disclosed,0.86,needs_region_verification,round1,no,2,0,needs_region_verification,businessScope; financing; legalEntity; registeredCapital; website,https://www.accessdata.fda.gov/scripts/cdrh/cfdocs/cfpmn/pmn.cfm?id=K232025,2
Grove Video Corp.,,US,US,Mchenry,,not_applicable_or_not_disclosed,,,A,active_or_unverified,,not_checked_or_not_disclosed,0.86,in_scope,round1,no,1,0,validated_official_product,businessScope; financing; legalEntity; website,https://www.accessdata.fda.gov/scripts/cdrh/cfdocs/cfpmn/pmn.cfm?id=K821571,1
"Guangzhou Raydose Software Technology., LLC",,China,CN,Guangzhou,,not_checked_or_not_disclosed,,,A,active_or_unverified,,not_checked_or_not_disclosed,0.86,out_of_scope_china_city,round1,no,1,0,out_of_scope_china_city,businessScope; financing; legalEntity; registeredCapital; website,https://www.accessdata.fda.gov/scripts/cdrh/cfdocs/cfpmn/pmn.cfm?id=K150767,1
"Guangzhou Xinbo Electronic Co., Ltd.",,China,CN,Guangzhou,,not_checked_or_not_disclosed,,,A,active_or_unverified,,not_checked_or_not_disclosed,0.86,out_of_scope_china_city,round1,no,1,0,out_of_scope_china_city,businessScope; financing; legalEntity; registeredCapital; website,https://www.accessdata.fda.gov/scripts/cdrh/cfdocs/cfpmn/pmn.cfm?id=K231789,1
"Gulf Medical Technologies, Inc.",,US,US,"Puerto Rico, Oo639",,not_applicable_or_not_disclosed,,,A,active_or_unverified,,not_checked_or_not_disclosed,0.86,in_scope,round1,no,1,0,validated_official_product,businessScope; financing; legalEntity; website,https://www.accessdata.fda.gov/scripts/cdrh/cfdocs/cfpmn/pmn.cfm?id=K900212,1
"Gyrus Acmi, Inc.",,US,US,Southborough,,not_applicable_or_not_disclosed,,,A,active_or_unverified,,not_checked_or_not_disclosed,0.86,in_scope,round1,no,1,0,validated_official_product,businessScope; financing; legalEntity; website,https://www.accessdata.fda.gov/scripts/cdrh/cfdocs/cfpmn/pmn.cfm?id=K110852,1
"Hammer-Plane, Inc.",,US,US,Simi Valley,,not_applicable_or_not_disclosed,,,A,active_or_unverified,,not_checked_or_not_disclosed,0.86,in_scope,round1,no,1,0,validated_official_product,businessScope; financing; legalEntity; website,https://www.accessdata.fda.gov/scripts/cdrh/cfdocs/cfpmn/pmn.cfm?id=K950098,1
"Hangzhou Primecare Medical Co., Ltd.",,China,CN,Hang Zhou,,not_checked_or_not_disclosed,,,A,active_or_unverified,,not_checked_or_not_disclosed,0.86,out_of_scope_china_city,round1,no,1,0,out_of_scope_china_city,businessScope; financing; legalEntity; registeredCapital; website,https://www.accessdata.fda.gov/scripts/cdrh/cfdocs/cfpmn/pmn.cfm?id=K202698,1
"Happiest Baby, Inc.",,US,US,Los Angeles,,not_applicable_or_not_disclosed,,sleep_health,A,active_or_unverified,,not_checked_or_not_disclosed,0.86,in_scope,round1,no,1,0,validated_official_product,businessScope; financing; legalEntity; website,https://www.accessdata.fda.gov/scripts/cdrh/cfdocs/cfpmn/pmn.cfm?id=DEN210039,1
Hartalega NGC Sdn. Bhd.,,,MY,Sepang,,not_checked_or_not_disclosed,,,A,active_or_unverified,,not_checked_or_not_disclosed,0.86,needs_region_verification,round1,no,1,0,needs_region_verification,businessScope; financing; legalEntity; registeredCapital; website,https://www.accessdata.fda.gov/scripts/cdrh/cfdocs/cfpmn/pmn.cfm?id=K150110,1
"Healthdirections, Inc.",,US,US,Morrisville,,not_applicable_or_not_disclosed,,,A,active_or_unverified,,not_checked_or_not_disclosed,0.86,in_scope,round1,no,1,0,validated_official_product,businessScope; financing; legalEntity; website,https://www.accessdata.fda.gov/scripts/cdrh/cfdocs/cfpmn/pmn.cfm?id=K883812,1
"Heartlab, Inc.",,US,US,Providence,,not_applicable_or_not_disclosed,,,A,active_or_unverified,,not_checked_or_not_disclosed,0.86,in_scope,round1,no,1,0,validated_official_product,businessScope; financing; legalEntity; website,https://www.accessdata.fda.gov/scripts/cdrh/cfdocs/cfpmn/pmn.cfm?id=K954479,1
"Hebei Handform Plastic Products Co., Ltd.",,China,CN,Zhong Road; Beijing,,not_checked_or_not_disclosed,,,A,active_or_unverified,,not_checked_or_not_disclosed,0.86,out_of_scope_china_city,round1,no,1,0,out_of_scope_china_city,businessScope; financing; legalEntity; registeredCapital; website,https://www.accessdata.fda.gov/scripts/cdrh/cfdocs/cfpmn/pmn.cfm?id=K082691,1
Hemedex Incorporated,,US,US,Cambridge,,not_applicable_or_not_disclosed,,,A,active_or_unverified,,not_checked_or_not_disclosed,0.86,in_scope,round1,no,1,0,validated_official_product,businessScope; financing; legalEntity; website,https://www.accessdata.fda.gov/scripts/cdrh/cfdocs/cfpmn/pmn.cfm?id=K141869,1
"Hill-Rom, Inc.",,US,US,Batesville,,not_applicable_or_not_disclosed,,sleep_health,A,active_or_unverified,,not_checked_or_not_disclosed,0.86,in_scope,round1,no,2,0,validated_official_product,businessScope; financing; legalEntity; website,https://www.accessdata.fda.gov/scripts/cdrh/cfdocs/cfpmn/pmn.cfm?id=K945729,2
"Hitachi Aloka Medical,Ltd. (Hitachi Aloka Medical",,US,US,Wallingford,,not_applicable_or_not_disclosed,,,A,active_or_unverified,,not_checked_or_not_disclosed,0.86,in_scope,round1,no,1,0,validated_official_product,businessScope; financing; legalEntity; website,https://www.accessdata.fda.gov/scripts/cdrh/cfdocs/cfpmn/pmn.cfm?id=K122537,1
Hospal Medical Corp.,,US,US,Mchenry,,not_applicable_or_not_disclosed,,,A,active_or_unverified,,not_checked_or_not_disclosed,0.86,in_scope,round1,no,1,0,validated_official_product,businessScope; financing; legalEntity; website,https://www.accessdata.fda.gov/scripts/cdrh/cfdocs/cfpmn/pmn.cfm?id=K771105,1
"Huntleigh Healthcare, Inc.",,US,US,Manalapan,,not_applicable_or_not_disclosed,,,A,active_or_unverified,,not_checked_or_not_disclosed,0.86,in_scope,round1,no,1,0,validated_official_product,businessScope; financing; legalEntity; website,https://www.accessdata.fda.gov/scripts/cdrh/cfdocs/cfpmn/pmn.cfm?id=K963711,1
Huntsville Rehabilitation Foundation,,US,US,Huntsville,,not_applicable_or_not_disclosed,,,A,active_or_unverified,,not_checked_or_not_disclosed,0.86,in_scope,round1,no,1,0,validated_official_product,businessScope; financing; legalEntity; website,https://www.accessdata.fda.gov/scripts/cdrh/cfdocs/cfpmn/pmn.cfm?id=K911568,1
"Hyland Therapeutic Div., Travenol Laboratories",,US,US,Walker,,not_applicable_or_not_disclosed,,,A,active_or_unverified,,not_checked_or_not_disclosed,0.86,in_scope,round1,no,1,0,validated_official_product,businessScope; financing; legalEntity; website,https://www.accessdata.fda.gov/scripts/cdrh/cfdocs/cfpmn/pmn.cfm?id=K820192,1
"Hypoguard USA, Inc.",,US,US,Edina,,not_applicable_or_not_disclosed,,samd,A,active_or_unverified,,not_checked_or_not_disclosed,0.86,in_scope,round1,no,1,0,validated_official_product,businessScope; financing; legalEntity; website,https://www.accessdata.fda.gov/scripts/cdrh/cfdocs/cfpmn/pmn.cfm?id=K022545,1
"I-Rep, Inc.",,US,US,Mchenry,,not_applicable_or_not_disclosed,,rehabilitation,A,active_or_unverified,,not_checked_or_not_disclosed,0.86,in_scope,round1,no,1,0,validated_official_product,businessScope; financing; legalEntity; website,https://www.accessdata.fda.gov/scripts/cdrh/cfdocs/cfpmn/pmn.cfm?id=K822906,1
"I-Sens, Inc.",,,KR,Seoul,,not_checked_or_not_disclosed,,remote_patient_monitoring,A,active_or_unverified,,not_checked_or_not_disclosed,0.86,needs_region_verification,round1,no,1,0,needs_region_verification,businessScope; financing; legalEntity; registeredCapital; website,https://www.accessdata.fda.gov/scripts/cdrh/cfdocs/cfpmn/pmn.cfm?id=K151164,1
I3 Membrane GmbH,,Europe,DE,Radeberg,,not_applicable_or_not_disclosed,,,A,active_or_unverified,,not_checked_or_not_disclosed,0.86,in_scope,round1,no,1,0,validated_official_product,businessScope; financing; legalEntity; website,https://www.accessdata.fda.gov/scripts/cdrh/cfdocs/cfpmn/pmn.cfm?id=K222727,1
"Image-Guided Neurologics, Inc.",,US,US,Melbourne,,not_applicable_or_not_disclosed,,,A,active_or_unverified,,not_checked_or_not_disclosed,0.86,in_scope,round1,no,1,0,validated_official_product,businessScope; financing; legalEntity; website,https://www.accessdata.fda.gov/scripts/cdrh/cfdocs/cfpmn/pmn.cfm?id=K990907,1
"Imagexray, LLC",,US,US,Nutley,,not_applicable_or_not_disclosed,,,A,active_or_unverified,,not_checked_or_not_disclosed,0.86,in_scope,round1,no,1,0,validated_official_product,businessScope; financing; legalEntity; website,https://www.accessdata.fda.gov/scripts/cdrh/cfdocs/cfpmn/pmn.cfm?id=K212523,1
"Imatron, Inc.",,US,US,South San Fransisco,,not_applicable_or_not_disclosed,,,A,active_or_unverified,,not_checked_or_not_disclosed,0.86,in_scope,round1,no,1,0,validated_official_product,businessScope; financing; legalEntity; website,https://www.accessdata.fda.gov/scripts/cdrh/cfdocs/cfpmn/pmn.cfm?id=K864046,1
"Imd, Inc.",,US,US,Franklin Lakes,,not_applicable_or_not_disclosed,,,A,active_or_unverified,,not_checked_or_not_disclosed,0.86,in_scope,round1,no,1,0,validated_official_product,businessScope; financing; legalEntity; website,https://www.accessdata.fda.gov/scripts/cdrh/cfdocs/cfpmn/pmn.cfm?id=K863133,1
Implant Management of America,,US,US,Miami,,not_applicable_or_not_disclosed,,,A,active_or_unverified,,not_checked_or_not_disclosed,0.86,in_scope,round1,no,1,0,validated_official_product,businessScope; financing; legalEntity; website,https://www.accessdata.fda.gov/scripts/cdrh/cfdocs/cfpmn/pmn.cfm?id=K961861,1
"Implantech Associates, Inc.",,US,US,Washington,,not_applicable_or_not_disclosed,,,A,active_or_unverified,,not_checked_or_not_disclosed,0.86,in_scope,round1,no,1,0,validated_official_product,businessScope; financing; legalEntity; website,https://www.accessdata.fda.gov/scripts/cdrh/cfdocs/cfpmn/pmn.cfm?id=K964846,1
"In Light Wellness Systems, Inc.",,US,US,Albuquerque,,not_applicable_or_not_disclosed,,,A,active_or_unverified,,not_checked_or_not_disclosed,0.86,in_scope,round1,no,1,0,validated_official_product,businessScope; financing; legalEntity; website,https://www.accessdata.fda.gov/scripts/cdrh/cfdocs/cfpmn/pmn.cfm?id=K153389,1
"Indiba USA, Inc.",,US,US,Palo Alto,,not_applicable_or_not_disclosed,,,A,active_or_unverified,,not_checked_or_not_disclosed,0.86,in_scope,round1,no,1,0,validated_official_product,businessScope; financing; legalEntity; website,https://www.accessdata.fda.gov/scripts/cdrh/cfdocs/cfpmn/pmn.cfm?id=K161458,1
"Influence, Inc.",,US,US,San Francisco,,not_applicable_or_not_disclosed,,sleep_health,A,active_or_unverified,,not_checked_or_not_disclosed,0.86,in_scope,round1,no,1,0,validated_official_product,businessScope; financing; legalEntity; website,https://www.accessdata.fda.gov/scripts/cdrh/cfdocs/cfpmn/pmn.cfm?id=K972023,1
"Infobionic, Inc.",,US,US,Lowell,,not_applicable_or_not_disclosed,,samd,A,active_or_unverified,,not_checked_or_not_disclosed,0.86,in_scope,round1,no,1,0,validated_official_product,businessScope; financing; legalEntity; website,https://www.accessdata.fda.gov/scripts/cdrh/cfdocs/cfpmn/pmn.cfm?id=K152491,1
"Infopia Co, Ltd.",,US,US,Fullerton,,not_applicable_or_not_disclosed,,remote_patient_monitoring,A,active_or_unverified,,not_checked_or_not_disclosed,0.86,in_scope,round1,no,2,0,validated_official_product,businessScope; financing; legalEntity; website,https://www.accessdata.fda.gov/scripts/cdrh/cfdocs/cfpmn/pmn.cfm?id=K132406,2
"Inner Mongolia Boming Medical Supplies Co., Ltd.",,China,CN,Baotou,,not_checked_or_not_disclosed,,,A,active_or_unverified,,not_checked_or_not_disclosed,0.86,out_of_scope_china_city,round1,no,1,0,out_of_scope_china_city,businessScope; financing; legalEntity; registeredCapital; website,https://www.accessdata.fda.gov/scripts/cdrh/cfdocs/cfpmn/pmn.cfm?id=K212467,1
"Innovative Neurological Devices, LLC",,US,US,Carmel,,not_applicable_or_not_disclosed,,,A,active_or_unverified,,not_checked_or_not_disclosed,0.86,in_scope,round1,no,1,0,validated_official_product,businessScope; financing; legalEntity; website,https://www.accessdata.fda.gov/scripts/cdrh/cfdocs/cfpmn/pmn.cfm?id=K182311,1
Instrumentation Laboratory CO,,US,US,Walker,,not_applicable_or_not_disclosed,,remote_patient_monitoring,A,active_or_unverified,,not_checked_or_not_disclosed,0.86,in_scope,round1,no,1,0,validated_official_product,businessScope; financing; legalEntity; website,https://www.accessdata.fda.gov/scripts/cdrh/cfdocs/cfpmn/pmn.cfm?id=K771977,1
Insulet Corporation,INSULET CORP,US,US,Acton,INSULET CORP,not_applicable_or_not_disclosed,,,A,active_or_unverified,,not_checked_or_not_disclosed,0.86,in_scope,round1,no,2,0,validated_official_product,businessScope; financing; website,https://www.accessdata.fda.gov/scripts/cdrh/cfdocs/cfpmn/pmn.cfm?id=K211575,2
"Intec Medical, Inc.",,US,US,Danvers,,not_applicable_or_not_disclosed,,,A,active_or_unverified,,not_checked_or_not_disclosed,0.86,in_scope,round1,no,1,0,validated_official_product,businessScope; financing; legalEntity; website,https://www.accessdata.fda.gov/scripts/cdrh/cfdocs/cfpmn/pmn.cfm?id=K903840,1
Integra Neurosciences,,US,US,San Diego,,not_applicable_or_not_disclosed,,,A,active_or_unverified,,not_checked_or_not_disclosed,0.86,in_scope,round1,no,1,0,validated_official_product,businessScope; financing; legalEntity; website,https://www.accessdata.fda.gov/scripts/cdrh/cfdocs/cfpmn/pmn.cfm?id=K031086,1
"Intelligent Retinal Imaging Systems, LLC",,US,US,Andover,,not_applicable_or_not_disclosed,,,A,active_or_unverified,,not_checked_or_not_disclosed,0.86,in_scope,round1,no,1,0,validated_official_product,businessScope; financing; legalEntity; website,https://www.accessdata.fda.gov/scripts/cdrh/cfdocs/cfpmn/pmn.cfm?id=K141922,1
Intelligent Ultrasound Limited,,Europe,GB,Cardiff,,not_applicable_or_not_disclosed,,,A,active_or_unverified,,not_checked_or_not_disclosed,0.86,in_scope,round1,no,1,0,validated_official_product,businessScope; financing; legalEntity; website,https://www.accessdata.fda.gov/scripts/cdrh/cfdocs/cfpmn/pmn.cfm?id=DEN220024,1
Interventional Therapeutics Corp.,,US,US,Mountain View,,not_applicable_or_not_disclosed,,,A,active_or_unverified,,not_checked_or_not_disclosed,0.86,in_scope,round1,no,1,0,validated_official_product,businessScope; financing; legalEntity; website,https://www.accessdata.fda.gov/scripts/cdrh/cfdocs/cfpmn/pmn.cfm?id=K931025,1
"Intra Luminal Therapeutics, Inc.",,US,US,Carlsbad,,not_applicable_or_not_disclosed,,,A,active_or_unverified,,not_checked_or_not_disclosed,0.86,in_scope,round1,no,1,0,validated_official_product,businessScope; financing; legalEntity; website,https://www.accessdata.fda.gov/scripts/cdrh/cfdocs/cfpmn/pmn.cfm?id=K041973,1
"Ischemaview, Inc.",,US,US,Golden,,not_applicable_or_not_disclosed,,,A,active_or_unverified,,not_checked_or_not_disclosed,0.86,in_scope,round1,no,2,0,validated_official_product,businessScope; financing; legalEntity; website,https://www.accessdata.fda.gov/scripts/cdrh/cfdocs/cfpmn/pmn.cfm?id=K232156,2
Jelco Laboratories,,US,US,Mchenry,,not_applicable_or_not_disclosed,,,A,active_or_unverified,,not_checked_or_not_disclosed,0.86,in_scope,round1,no,1,0,validated_official_product,businessScope; financing; legalEntity; website,https://www.accessdata.fda.gov/scripts/cdrh/cfdocs/cfpmn/pmn.cfm?id=K781857,1
"Jintronix, Inc.",,US,US,Seattle,,not_applicable_or_not_disclosed,,rehabilitation,A,active_or_unverified,,not_checked_or_not_disclosed,0.86,in_scope,round1,no,2,0,validated_official_product,businessScope; financing; legalEntity; website,https://www.accessdata.fda.gov/scripts/cdrh/cfdocs/cfpmn/pmn.cfm?id=K143034,2
"Johari Digital Healthcare , Ltd.",,,IN,"Boranada, Jodhpur, Rajasthan",,not_checked_or_not_disclosed,,,A,active_or_unverified,,not_checked_or_not_disclosed,0.86,needs_region_verification,round1,no,1,0,needs_region_verification,businessScope; financing; legalEntity; registeredCapital; website,https://www.accessdata.fda.gov/scripts/cdrh/cfdocs/cfpmn/pmn.cfm?id=K090052,1
Julie Alliance,,US,US,Daytona Beach,,not_applicable_or_not_disclosed,,,A,active_or_unverified,,not_checked_or_not_disclosed,0.86,in_scope,round1,no,1,0,validated_official_product,businessScope; financing; legalEntity; website,https://www.accessdata.fda.gov/scripts/cdrh/cfdocs/cfpmn/pmn.cfm?id=K990002,1
"Kalaco Scientific, Inc.",,US,US,San Carlos,,not_applicable_or_not_disclosed,,,A,active_or_unverified,,not_checked_or_not_disclosed,0.86,in_scope,round1,no,1,0,validated_official_product,businessScope; financing; legalEntity; website,https://www.accessdata.fda.gov/scripts/cdrh/cfdocs/cfpmn/pmn.cfm?id=K024377,1
"Katecho, Inc.",,US,US,Des Moines,,not_applicable_or_not_disclosed,,,A,active_or_unverified,,not_checked_or_not_disclosed,0.86,in_scope,round1,no,1,0,validated_official_product,businessScope; financing; legalEntity; website,https://www.accessdata.fda.gov/scripts/cdrh/cfdocs/cfpmn/pmn.cfm?id=K921679,1
"Kci USA, Inc.",,US,US,San Antonio,,not_applicable_or_not_disclosed,,,A,active_or_unverified,,not_checked_or_not_disclosed,0.86,in_scope,round1,no,1,0,validated_official_product,businessScope; financing; legalEntity; website,https://www.accessdata.fda.gov/scripts/cdrh/cfdocs/cfpmn/pmn.cfm?id=K181507,1
"Kenwell International , Ltd.",,,IN,"Karnataka, Karnataka",,not_checked_or_not_disclosed,,,A,active_or_unverified,,not_checked_or_not_disclosed,0.86,needs_region_verification,round1,no,1,0,needs_region_verification,businessScope; financing; legalEntity; registeredCapital; website,https://www.accessdata.fda.gov/scripts/cdrh/cfdocs/cfpmn/pmn.cfm?id=K900811,1
Kimberly-Clark Corp.,KIMBERLY CLARK CORP,US,US,Roswell,KIMBERLY CLARK CORP,not_applicable_or_not_disclosed,,,A,active_or_unverified,,not_checked_or_not_disclosed,0.86,in_scope,round1,no,2,0,validated_official_product,businessScope; financing; website,https://www.accessdata.fda.gov/scripts/cdrh/cfdocs/cfpmn/pmn.cfm?id=K081027,2
"Kinetic Rehabilitation Instruments, Inc.",,US,US,Washington,,not_applicable_or_not_disclosed,,,A,active_or_unverified,,not_checked_or_not_disclosed,0.86,in_scope,round1,no,1,0,validated_official_product,businessScope; financing; legalEntity; website,https://www.accessdata.fda.gov/scripts/cdrh/cfdocs/cfpmn/pmn.cfm?id=K954427,1
Kjaerulff Rehabilitation A/S,,Europe,DK,Otterup,,not_applicable_or_not_disclosed,,,A,active_or_unverified,,not_checked_or_not_disclosed,0.86,in_scope,round1,no,1,0,validated_official_product,businessScope; financing; legalEntity; website,https://www.accessdata.fda.gov/scripts/cdrh/cfdocs/cfpmn/pmn.cfm?id=K040677,1
"Knowell Therapeutic Technologies,Inc.",,,CA,Toronto,,not_checked_or_not_disclosed,,,A,active_or_unverified,,not_checked_or_not_disclosed,0.86,needs_region_verification,round1,no,1,0,needs_region_verification,businessScope; financing; legalEntity; registeredCapital; website,https://www.accessdata.fda.gov/scripts/cdrh/cfdocs/cfpmn/pmn.cfm?id=K944934,1
"Kone Instruments, Inc.",,US,US,Mchenry,,not_applicable_or_not_disclosed,,,A,active_or_unverified,,not_checked_or_not_disclosed,0.86,in_scope,round1,no,1,0,validated_official_product,businessScope; financing; legalEntity; website,https://www.accessdata.fda.gov/scripts/cdrh/cfdocs/cfpmn/pmn.cfm?id=K830432,1
"Konica Minolta Medical & Graphic, Inc.",,,JP,Watarai-Gun; Mie-Ken,,not_checked_or_not_disclosed,,,A,active_or_unverified,,not_checked_or_not_disclosed,0.86,needs_region_verification,round1,no,1,0,needs_region_verification,businessScope; financing; legalEntity; registeredCapital; website,https://www.accessdata.fda.gov/scripts/cdrh/cfdocs/cfpmn/pmn.cfm?id=K042386,1
Kronner Medical,,US,US,Roseburg,,not_applicable_or_not_disclosed,,,A,active_or_unverified,,not_checked_or_not_disclosed,0.86,in_scope,round1,no,1,0,validated_official_product,businessScope; financing; legalEntity; website,https://www.accessdata.fda.gov/scripts/cdrh/cfdocs/cfpmn/pmn.cfm?id=K895171,1
"Kub Technologies, Inc.",,US,US,Milford,,not_applicable_or_not_disclosed,,,A,active_or_unverified,,not_checked_or_not_disclosed,0.86,in_scope,round1,no,1,0,validated_official_product,businessScope; financing; legalEntity; website,https://www.accessdata.fda.gov/scripts/cdrh/cfdocs/cfpmn/pmn.cfm?id=K103348,1
"Kung-Ho International, Inc.",,US,US,Mchenry,,not_applicable_or_not_disclosed,,,A,active_or_unverified,,not_checked_or_not_disclosed,0.86,in_scope,round1,no,1,0,validated_official_product,businessScope; financing; legalEntity; website,https://www.accessdata.fda.gov/scripts/cdrh/cfdocs/cfpmn/pmn.cfm?id=K840040,1
"Lake Medical Products, Inc.",,US,US,Maryland Heights,,not_applicable_or_not_disclosed,,,A,active_or_unverified,,not_checked_or_not_disclosed,0.86,in_scope,round1,no,1,0,validated_official_product,businessScope; financing; legalEntity; website,https://www.accessdata.fda.gov/scripts/cdrh/cfdocs/cfpmn/pmn.cfm?id=K872244,1
Lakeview Sleep Center,,US,US,North Barrington,,not_applicable_or_not_disclosed,,,A,active_or_unverified,,not_checked_or_not_disclosed,0.86,in_scope,round1,no,1,0,validated_official_product,businessScope; financing; legalEntity; website,https://www.accessdata.fda.gov/scripts/cdrh/cfdocs/cfpmn/pmn.cfm?id=K130686,1
Laralab GmbH,,Europe,DE,Munich,,not_applicable_or_not_disclosed,,,A,active_or_unverified,,not_checked_or_not_disclosed,0.86,in_scope,round1,no,1,0,validated_official_product,businessScope; financing; legalEntity; website,https://www.accessdata.fda.gov/scripts/cdrh/cfdocs/cfpmn/pmn.cfm?id=K242500,1
"Largan Medical Co., Ltd.",,,TW,Taichung,,not_checked_or_not_disclosed,,,A,active_or_unverified,,not_checked_or_not_disclosed,0.86,needs_region_verification,round1,no,1,0,needs_region_verification,businessScope; financing; legalEntity; registeredCapital; website,https://www.accessdata.fda.gov/scripts/cdrh/cfdocs/cfpmn/pmn.cfm?id=K181230,1
"Lawrence Medical Systems, Inc.",,US,US,Cammarillo,,not_applicable_or_not_disclosed,,remote_patient_monitoring,A,active_or_unverified,,not_checked_or_not_disclosed,0.86,in_scope,round1,no,1,0,validated_official_product,businessScope; financing; legalEntity; website,https://www.accessdata.fda.gov/scripts/cdrh/cfdocs/cfpmn/pmn.cfm?id=K874885,1
"Life Balance Intl., Inc.",,US,US,East Draper,,not_applicable_or_not_disclosed,,,A,active_or_unverified,,not_checked_or_not_disclosed,0.86,in_scope,round1,no,1,0,validated_official_product,businessScope; financing; legalEntity; website,https://www.accessdata.fda.gov/scripts/cdrh/cfdocs/cfpmn/pmn.cfm?id=K910616,1
Ligence Uab,,Europe,LT,Kaunas,,not_applicable_or_not_disclosed,,,A,active_or_unverified,,not_checked_or_not_disclosed,0.86,in_scope,round1,no,1,0,validated_official_product,businessScope; financing; legalEntity; website,https://www.accessdata.fda.gov/scripts/cdrh/cfdocs/cfpmn/pmn.cfm?id=K253535,1
"Loredan Biomedical, Inc.",,US,US,West Sacramento,,not_applicable_or_not_disclosed,,,A,active_or_unverified,,not_checked_or_not_disclosed,0.86,in_scope,round1,no,1,0,validated_official_product,businessScope; financing; legalEntity; website,https://www.accessdata.fda.gov/scripts/cdrh/cfdocs/cfpmn/pmn.cfm?id=K924512,1
"Luminopia, Inc.",,US,US,Cambridge,,not_applicable_or_not_disclosed,,,A,active_or_unverified,,not_checked_or_not_disclosed,0.86,in_scope,round1,no,1,0,validated_official_product,businessScope; financing; legalEntity; website,https://www.accessdata.fda.gov/scripts/cdrh/cfdocs/cfpmn/pmn.cfm?id=K233720,1
"Lunit, Inc.",,,KR,Seoul,,not_checked_or_not_disclosed,,,A,active_or_unverified,,not_checked_or_not_disclosed,0.86,needs_region_verification,round1,no,1,0,needs_region_verification,businessScope; financing; legalEntity; registeredCapital; website,https://www.accessdata.fda.gov/scripts/cdrh/cfdocs/cfpmn/pmn.cfm?id=K211733,1
M-Pact Worldwide Management Corp.,,US,US,Eudora,,not_applicable_or_not_disclosed,,,A,active_or_unverified,,not_checked_or_not_disclosed,0.86,in_scope,round1,no,1,0,validated_official_product,businessScope; financing; legalEntity; website,https://www.accessdata.fda.gov/scripts/cdrh/cfdocs/cfpmn/pmn.cfm?id=K971832,1
"M2 Group Holdings, Inc.",,US,US,Sunnyvale,,not_applicable_or_not_disclosed,,chronic_disease_management,A,active_or_unverified,,not_checked_or_not_disclosed,0.86,in_scope,round1,no,1,0,validated_official_product,businessScope; financing; legalEntity; website,https://www.accessdata.fda.gov/scripts/cdrh/cfdocs/cfpmn/pmn.cfm?id=K100567,1
"Macneil Baby Care , Ltd.",,US,US,Downers Grove,,not_applicable_or_not_disclosed,,,A,active_or_unverified,,not_checked_or_not_disclosed,0.86,in_scope,round1,no,1,0,validated_official_product,businessScope; financing; legalEntity; website,https://www.accessdata.fda.gov/scripts/cdrh/cfdocs/cfpmn/pmn.cfm?id=K941112,1
"Macon & Co., Inc.",,US,US,Milwaukee,,not_applicable_or_not_disclosed,,remote_patient_monitoring,A,active_or_unverified,,not_checked_or_not_disclosed,0.86,in_scope,round1,no,1,0,validated_official_product,businessScope; financing; legalEntity; website,https://www.accessdata.fda.gov/scripts/cdrh/cfdocs/cfpmn/pmn.cfm?id=K902802,1
"Magnetic Research, Inc.",,US,US,Provo,,not_applicable_or_not_disclosed,,,A,active_or_unverified,,not_checked_or_not_disclosed,0.86,in_scope,round1,no,1,0,validated_official_product,businessScope; financing; legalEntity; website,https://www.accessdata.fda.gov/scripts/cdrh/cfdocs/cfpmn/pmn.cfm?id=K931795,1
"Mahana Therapeutics, Inc.",,US,US,San Francisco,,not_applicable_or_not_disclosed,,mental_health; samd,A,active_or_unverified,,not_checked_or_not_disclosed,0.86,in_scope,round1,no,1,0,validated_official_product,businessScope; financing; legalEntity; website,https://www.accessdata.fda.gov/scripts/cdrh/cfdocs/cfpmn/pmn.cfm?id=K211372,1
Mallinckrodt Critical Care,,US,US,Mchenry,,not_applicable_or_not_disclosed,,,A,active_or_unverified,,not_checked_or_not_disclosed,0.86,in_scope,round1,no,2,0,validated_official_product,businessScope; financing; legalEntity; website,https://www.accessdata.fda.gov/scripts/cdrh/cfdocs/cfpmn/pmn.cfm?id=K771313,2
"Marquette Electronics, Inc.",,US,US,Milwaukee,,not_applicable_or_not_disclosed,,,A,active_or_unverified,,not_checked_or_not_disclosed,0.86,in_scope,round1,no,1,0,validated_official_product,businessScope; financing; legalEntity; website,https://www.accessdata.fda.gov/scripts/cdrh/cfdocs/cfpmn/pmn.cfm?id=K964750,1
"Martech Medical Products, Inc.",,US,US,Temecula,,not_applicable_or_not_disclosed,,,A,active_or_unverified,,not_checked_or_not_disclosed,0.86,in_scope,round1,no,1,0,validated_official_product,businessScope; financing; legalEntity; website,https://www.accessdata.fda.gov/scripts/cdrh/cfdocs/cfpmn/pmn.cfm?id=K914778,1
"Martell Medical Products, Inc.",,US,US,Mchenry,,not_applicable_or_not_disclosed,,,A,active_or_unverified,,not_checked_or_not_disclosed,0.86,in_scope,round1,no,2,0,validated_official_product,businessScope; financing; legalEntity; website,https://www.accessdata.fda.gov/scripts/cdrh/cfdocs/cfpmn/pmn.cfm?id=K822786,2
"Medaica, Inc.",,US,US,Henderson,,not_applicable_or_not_disclosed,,internet_healthcare,A,active_or_unverified,,not_checked_or_not_disclosed,0.86,in_scope,round1,no,1,0,validated_official_product,businessScope; financing; legalEntity; website,https://www.accessdata.fda.gov/scripts/cdrh/cfdocs/cfpmn/pmn.cfm?id=K223166,1
"Medi-Man Rehabilitation Products, Inc.",,,CA,Mississauga,,not_checked_or_not_disclosed,,,A,active_or_unverified,,not_checked_or_not_disclosed,0.86,needs_region_verification,round1,no,1,0,needs_region_verification,businessScope; financing; legalEntity; registeredCapital; website,https://www.accessdata.fda.gov/scripts/cdrh/cfdocs/cfpmn/pmn.cfm?id=K844976,1
Medicaa (Uruguay) S.A.,,US,US,Austin,,not_applicable_or_not_disclosed,,rehabilitation,A,active_or_unverified,,not_checked_or_not_disclosed,0.86,in_scope,round1,no,1,0,validated_official_product,businessScope; financing; legalEntity; website,https://www.accessdata.fda.gov/scripts/cdrh/cfdocs/cfpmn/pmn.cfm?id=K070085,1
"Medical Analysis Systems, Inc.",,US,US,Camarillo,,not_applicable_or_not_disclosed,,chronic_disease_management,A,active_or_unverified,,not_checked_or_not_disclosed,0.86,in_scope,round1,no,2,0,validated_official_product,businessScope; financing; legalEntity; website,https://www.accessdata.fda.gov/scripts/cdrh/cfdocs/cfpmn/pmn.cfm?id=K042717,2
"Medical Compression Systems (Dbn) , Ltd.",,,IL,Kfar Saba,,not_checked_or_not_disclosed,,,A,active_or_unverified,,not_checked_or_not_disclosed,0.86,needs_region_verification,round1,no,1,0,needs_region_verification,businessScope; financing; legalEntity; registeredCapital; website,https://www.accessdata.fda.gov/scripts/cdrh/cfdocs/cfpmn/pmn.cfm?id=K110159,1
"Medical Consultants Intl. , Ltd.",,US,US,Glen Rock,,not_applicable_or_not_disclosed,,,A,active_or_unverified,,not_checked_or_not_disclosed,0.86,in_scope,round1,no,2,0,validated_official_product,businessScope; financing; legalEntity; website,https://www.accessdata.fda.gov/scripts/cdrh/cfdocs/cfpmn/pmn.cfm?id=K903654,2
"Medical Device Technologies, Inc.",,US,US,Gainsville,,not_applicable_or_not_disclosed,,,A,active_or_unverified,,not_checked_or_not_disclosed,0.86,in_scope,round1,no,1,0,validated_official_product,businessScope; financing; legalEntity; website,https://www.accessdata.fda.gov/scripts/cdrh/cfdocs/cfpmn/pmn.cfm?id=K982960,1
"Medical Industries America, Inc.",,US,US,Adel,,not_applicable_or_not_disclosed,,,A,active_or_unverified,,not_checked_or_not_disclosed,0.86,in_scope,round1,no,1,0,validated_official_product,businessScope; financing; legalEntity; website,https://www.accessdata.fda.gov/scripts/cdrh/cfdocs/cfpmn/pmn.cfm?id=K964078,1
"Medical, Inc.",,US,US,Mchenry,,not_applicable_or_not_disclosed,,,A,active_or_unverified,,not_checked_or_not_disclosed,0.86,in_scope,round1,no,1,0,validated_official_product,businessScope; financing; legalEntity; website,https://www.accessdata.fda.gov/scripts/cdrh/cfdocs/cfpmn/pmn.cfm?id=K823261,1
"Medline Industries, Inc.",,US,US,Mundelein,,not_applicable_or_not_disclosed,,,A,active_or_unverified,,not_checked_or_not_disclosed,0.86,in_scope,round1,no,1,0,validated_official_product,businessScope; financing; legalEntity; website,https://www.accessdata.fda.gov/scripts/cdrh/cfdocs/cfpmn/pmn.cfm?id=K103602,1
Medtronic Minimed,,US,US,Los Angeles,,not_applicable_or_not_disclosed,,samd,A,active_or_unverified,,not_checked_or_not_disclosed,0.86,in_scope,round1,no,1,0,validated_official_product,businessScope; financing; legalEntity; website,https://www.accessdata.fda.gov/scripts/cdrh/cfdocs/cfpmn/pmn.cfm?id=K253512,1
"Medtronic Navigation, Inc. (Littleton)",,US,US,Littleton,,not_applicable_or_not_disclosed,,,A,active_or_unverified,,not_checked_or_not_disclosed,0.86,in_scope,round1,no,1,0,validated_official_product,businessScope; financing; legalEntity; website,https://www.accessdata.fda.gov/scripts/cdrh/cfdocs/cfpmn/pmn.cfm?id=K092564,1
Medtronic Vascular,,US,US,Minneapolis,,not_applicable_or_not_disclosed,,,A,active_or_unverified,,not_checked_or_not_disclosed,0.86,in_scope,round1,no,1,0,validated_official_product,businessScope; financing; legalEntity; website,https://www.accessdata.fda.gov/scripts/cdrh/cfdocs/cfpmn/pmn.cfm?id=K955291,1
"Menlo Care, Inc.",,US,US,Palo Alto,,not_applicable_or_not_disclosed,,,A,active_or_unverified,,not_checked_or_not_disclosed,0.86,in_scope,round1,no,2,0,validated_official_product,businessScope; financing; legalEntity; website,https://www.accessdata.fda.gov/scripts/cdrh/cfdocs/cfpmn/pmn.cfm?id=K884259,2
"Merit Medical Systems, Inc.",MERIT MEDICAL SYSTEMS INC,US,US,South Jordan,MERIT MEDICAL SYSTEMS INC,not_applicable_or_not_disclosed,,,A,active_or_unverified,,not_checked_or_not_disclosed,0.86,in_scope,round1,no,2,0,validated_official_product,businessScope; financing; website,https://www.accessdata.fda.gov/scripts/cdrh/cfdocs/cfpmn/pmn.cfm?id=K100319,2
Mermaid Care A/S,,Europe,DK,Norresundby,,not_applicable_or_not_disclosed,,,A,active_or_unverified,,not_checked_or_not_disclosed,0.86,in_scope,round1,no,1,0,validated_official_product,businessScope; financing; legalEntity; website,https://www.accessdata.fda.gov/scripts/cdrh/cfdocs/cfpmn/pmn.cfm?id=K192584,1
Metamorphosis GmbH,,Europe,DE,Paderborn,,not_applicable_or_not_disclosed,,,A,active_or_unverified,,not_checked_or_not_disclosed,0.86,in_scope,round1,no,1,0,validated_official_product,businessScope; financing; legalEntity; website,https://www.accessdata.fda.gov/scripts/cdrh/cfdocs/cfpmn/pmn.cfm?id=K252214,1
"Mexpo Intl., Inc.",,US,US,"Hayward,",,not_applicable_or_not_disclosed,,,A,active_or_unverified,,not_checked_or_not_disclosed,0.86,in_scope,round1,no,1,0,validated_official_product,businessScope; financing; legalEntity; website,https://www.accessdata.fda.gov/scripts/cdrh/cfdocs/cfpmn/pmn.cfm?id=K984040,1
"Michigan Critical Care Consultants, Inc. (D.B.A Mc3 Inc.)",,US,US,Dexter,,not_applicable_or_not_disclosed,,,A,active_or_unverified,,not_checked_or_not_disclosed,0.86,in_scope,round1,no,1,0,validated_official_product,businessScope; financing; legalEntity; website,https://www.accessdata.fda.gov/scripts/cdrh/cfdocs/cfpmn/pmn.cfm?id=K230364,1
"Michigan Instruments, Inc.",,US,US,Mchenry,,not_applicable_or_not_disclosed,,,A,active_or_unverified,,not_checked_or_not_disclosed,0.86,in_scope,round1,no,1,0,validated_official_product,businessScope; financing; legalEntity; website,https://www.accessdata.fda.gov/scripts/cdrh/cfdocs/cfpmn/pmn.cfm?id=K833879,1
"Mick Radio-Nuclear Instruments, Inc.",,US,US,Walker,,not_applicable_or_not_disclosed,,,A,active_or_unverified,,not_checked_or_not_disclosed,0.86,in_scope,round1,no,1,0,validated_official_product,businessScope; financing; legalEntity; website,https://www.accessdata.fda.gov/scripts/cdrh/cfdocs/cfpmn/pmn.cfm?id=K781274,1
Microlife Intellectual Property GmbH,,Europe,CH,Widnau,,not_applicable_or_not_disclosed,,remote_patient_monitoring,A,active_or_unverified,,not_checked_or_not_disclosed,0.86,in_scope,round1,no,1,0,validated_official_product,businessScope; financing; legalEntity; website,https://www.accessdata.fda.gov/scripts/cdrh/cfdocs/cfpmn/pmn.cfm?id=K171937,1
Micron Medical Corporation,,US,US,Boca Raton,,not_applicable_or_not_disclosed,,,A,active_or_unverified,,not_checked_or_not_disclosed,0.86,in_scope,round1,no,1,0,validated_official_product,businessScope; financing; legalEntity; website,https://www.accessdata.fda.gov/scripts/cdrh/cfdocs/cfpmn/pmn.cfm?id=K200848,1
"Microtek Medical, Inc.",,US,US,Columbus,,not_applicable_or_not_disclosed,,,A,active_or_unverified,,not_checked_or_not_disclosed,0.86,in_scope,round1,no,1,0,validated_official_product,businessScope; financing; legalEntity; website,https://www.accessdata.fda.gov/scripts/cdrh/cfdocs/cfpmn/pmn.cfm?id=K062899,1
"Midwest Analog & Digital, Inc.",,US,US,Mchenry,,not_applicable_or_not_disclosed,,,A,active_or_unverified,,not_checked_or_not_disclosed,0.86,in_scope,round1,no,1,0,validated_official_product,businessScope; financing; legalEntity; website,https://www.accessdata.fda.gov/scripts/cdrh/cfdocs/cfpmn/pmn.cfm?id=K780432,1
"Migada, Ltd.",,,IL,Israel,,not_checked_or_not_disclosed,,,A,active_or_unverified,,not_checked_or_not_disclosed,0.86,needs_region_verification,round1,no,1,0,needs_region_verification,businessScope; financing; legalEntity; registeredCapital; website,https://www.accessdata.fda.gov/scripts/cdrh/cfdocs/cfpmn/pmn.cfm?id=K902881,1
"Minxray, Inc.",,US,US,Northbrook,,not_applicable_or_not_disclosed,,,A,active_or_unverified,,not_checked_or_not_disclosed,0.86,in_scope,round1,no,2,0,validated_official_product,businessScope; financing; legalEntity; website,https://www.accessdata.fda.gov/scripts/cdrh/cfdocs/cfpmn/pmn.cfm?id=K191451,2
Mistogen Equipment Co.,,US,US,Mchenry,,not_applicable_or_not_disclosed,,,A,active_or_unverified,,not_checked_or_not_disclosed,0.86,in_scope,round1,no,1,0,validated_official_product,businessScope; financing; legalEntity; website,https://www.accessdata.fda.gov/scripts/cdrh/cfdocs/cfpmn/pmn.cfm?id=K760341,1
"Modern Rehabilitation Solutions Co., Ltd.",,US,US,Greenwood Village,,not_applicable_or_not_disclosed,,,A,active_or_unverified,,not_checked_or_not_disclosed,0.86,in_scope,round1,no,1,0,validated_official_product,businessScope; financing; legalEntity; website,https://www.accessdata.fda.gov/scripts/cdrh/cfdocs/cfpmn/pmn.cfm?id=K094047,1
Monad Corp.,,US,US,Pomona,,not_applicable_or_not_disclosed,,,A,active_or_unverified,,not_checked_or_not_disclosed,0.86,in_scope,round1,no,1,0,validated_official_product,businessScope; financing; legalEntity; website,https://www.accessdata.fda.gov/scripts/cdrh/cfdocs/cfpmn/pmn.cfm?id=K904235,1
"Monarch Medical Technologies, LLC",Monarch Medical Technologies,US,US,Charlotte,,not_applicable_or_not_disclosed,,,A,active_or_unverified,,not_checked_or_not_disclosed,0.86,in_scope,round1,no,2,0,validated_official_product,businessScope; financing; legalEntity; website,https://www.accessdata.fda.gov/scripts/cdrh/cfdocs/cfpmn/pmn.cfm?id=K211160,2
"Mortara Instrument, Inc.",,US,US,Milwaukee,,not_applicable_or_not_disclosed,,,A,active_or_unverified,,not_checked_or_not_disclosed,0.86,in_scope,round1,no,1,0,validated_official_product,businessScope; financing; legalEntity; website,https://www.accessdata.fda.gov/scripts/cdrh/cfdocs/cfpmn/pmn.cfm?id=K123556,1
Motion Analysis Corp.,,US,US,Santa Rosa,,not_applicable_or_not_disclosed,,,A,active_or_unverified,,not_checked_or_not_disclosed,0.86,in_scope,round1,no,2,0,validated_official_product,businessScope; financing; legalEntity; website,https://www.accessdata.fda.gov/scripts/cdrh/cfdocs/cfpmn/pmn.cfm?id=K890076,2
"Murata Vios, Inc.",,US,US,Woodbury,,not_applicable_or_not_disclosed,,remote_patient_monitoring; samd,A,active_or_unverified,,not_checked_or_not_disclosed,0.86,in_scope,round1,no,1,0,validated_official_product,businessScope; financing; legalEntity; website,https://www.accessdata.fda.gov/scripts/cdrh/cfdocs/cfpmn/pmn.cfm?id=K241728,1
"Mycare Team, Inc.",,US,US,Fairfax,,not_applicable_or_not_disclosed,,chronic_disease_management,A,active_or_unverified,,not_checked_or_not_disclosed,0.86,in_scope,round1,no,1,0,validated_official_product,businessScope; financing; legalEntity; website,https://www.accessdata.fda.gov/scripts/cdrh/cfdocs/cfpmn/pmn.cfm?id=K073699,1
Nakagawa Dental Clinic,,US,US,Mineola,,not_applicable_or_not_disclosed,,sleep_health,A,active_or_unverified,,not_checked_or_not_disclosed,0.86,in_scope,round1,no,1,0,validated_official_product,businessScope; financing; legalEntity; website,https://www.accessdata.fda.gov/scripts/cdrh/cfdocs/cfpmn/pmn.cfm?id=K060122,1
"Nakanishi, Inc.",,US,US,Richardson,,not_applicable_or_not_disclosed,,,A,active_or_unverified,,not_checked_or_not_disclosed,0.86,in_scope,round1,no,1,0,validated_official_product,businessScope; financing; legalEntity; website,https://www.accessdata.fda.gov/scripts/cdrh/cfdocs/cfpmn/pmn.cfm?id=K131578,1
"Nanjing Perlove Medical Equipment Co., Ltd.",,China,CN,Nanjing,,not_checked_or_not_disclosed,,,A,active_or_unverified,,not_checked_or_not_disclosed,0.86,out_of_scope_china_city,round1,no,1,0,out_of_scope_china_city,businessScope; financing; legalEntity; registeredCapital; website,https://www.accessdata.fda.gov/scripts/cdrh/cfdocs/cfpmn/pmn.cfm?id=K212134,1
"National Medical Care, Medical Products Div., Inc.",,US,US,Rockleigh,,not_applicable_or_not_disclosed,,,A,active_or_unverified,,not_checked_or_not_disclosed,0.86,in_scope,round1,no,2,0,validated_official_product,businessScope; financing; legalEntity; website,https://www.accessdata.fda.gov/scripts/cdrh/cfdocs/cfpmn/pmn.cfm?id=K893612,2
Natural Cycles Nordic AB,,Europe,SE,Stockholm,,not_applicable_or_not_disclosed,,,A,active_or_unverified,,not_checked_or_not_disclosed,0.86,in_scope,round1,no,1,0,validated_official_product,businessScope; financing; legalEntity; website,https://www.accessdata.fda.gov/scripts/cdrh/cfdocs/cfpmn/pmn.cfm?id=K231274,1
"Nautilus Sports/Medical Industries, Inc.",,US,US,Deland,,not_applicable_or_not_disclosed,,rehabilitation,A,active_or_unverified,,not_checked_or_not_disclosed,0.86,in_scope,round1,no,1,0,validated_official_product,businessScope; financing; legalEntity; website,https://www.accessdata.fda.gov/scripts/cdrh/cfdocs/cfpmn/pmn.cfm?id=K861206,1
"Neteera Technologies , Ltd.",,,IL,Jerusalem,,not_checked_or_not_disclosed,,remote_patient_monitoring,A,active_or_unverified,,not_checked_or_not_disclosed,0.86,needs_region_verification,round1,no,1,0,needs_region_verification,businessScope; financing; legalEntity; registeredCapital; website,https://www.accessdata.fda.gov/scripts/cdrh/cfdocs/cfpmn/pmn.cfm?id=K231733,1
"Neuf, Inc.",,,KR,Jeollanam-Do,,not_checked_or_not_disclosed,,,A,active_or_unverified,,not_checked_or_not_disclosed,0.86,needs_region_verification,round1,no,1,0,needs_region_verification,businessScope; financing; legalEntity; registeredCapital; website,https://www.accessdata.fda.gov/scripts/cdrh/cfdocs/cfpmn/pmn.cfm?id=K211383,1
"Neuralace Medical, Inc.",,US,US,San Diego,,not_applicable_or_not_disclosed,,,A,active_or_unverified,,not_checked_or_not_disclosed,0.86,in_scope,round1,no,1,0,validated_official_product,businessScope; financing; legalEntity; website,https://www.accessdata.fda.gov/scripts/cdrh/cfdocs/cfpmn/pmn.cfm?id=K233364,1
"Neuro-Fitness, LLC",,US,US,Snoqualmie,,not_applicable_or_not_disclosed,,,A,active_or_unverified,,not_checked_or_not_disclosed,0.86,in_scope,round1,no,1,0,validated_official_product,businessScope; financing; legalEntity; website,https://www.accessdata.fda.gov/scripts/cdrh/cfdocs/cfpmn/pmn.cfm?id=K062284,1
"Neurofield, Inc.",,US,US,Santa Barbara,,not_applicable_or_not_disclosed,,sleep_health,A,active_or_unverified,,not_checked_or_not_disclosed,0.86,in_scope,round1,no,1,0,validated_official_product,businessScope; financing; legalEntity; website,https://www.accessdata.fda.gov/scripts/cdrh/cfdocs/cfpmn/pmn.cfm?id=K252951,1
Neurofitness,,US,US,Redmond,,not_applicable_or_not_disclosed,,,A,active_or_unverified,,not_checked_or_not_disclosed,0.86,in_scope,round1,no,1,0,validated_official_product,businessScope; financing; legalEntity; website,https://www.accessdata.fda.gov/scripts/cdrh/cfdocs/cfpmn/pmn.cfm?id=K895175,1
"Neuromed, Inc.",,US,US,Ft. Lauderdale,,not_applicable_or_not_disclosed,,,A,active_or_unverified,,not_checked_or_not_disclosed,0.86,in_scope,round1,no,1,0,validated_official_product,businessScope; financing; legalEntity; website,https://www.accessdata.fda.gov/scripts/cdrh/cfdocs/cfpmn/pmn.cfm?id=K905596,1
"Neurosigma, Inc.",,US,US,Los Angeles,,not_applicable_or_not_disclosed,,,A,active_or_unverified,,not_checked_or_not_disclosed,0.86,in_scope,round1,no,2,0,validated_official_product,businessScope; financing; legalEntity; website,https://www.accessdata.fda.gov/scripts/cdrh/cfdocs/cfpmn/pmn.cfm?id=K233293,2
"Neurosoft , Ltd.",,,RU,Ivanovo,,not_checked_or_not_disclosed,,samd,A,active_or_unverified,,not_checked_or_not_disclosed,0.86,needs_region_verification,round1,no,1,0,needs_region_verification,businessScope; financing; legalEntity; registeredCapital; website,https://www.accessdata.fda.gov/scripts/cdrh/cfdocs/cfpmn/pmn.cfm?id=K190703,1
"Neurotek, Inc.",,US,US,Olathe,,not_applicable_or_not_disclosed,,,A,active_or_unverified,,not_checked_or_not_disclosed,0.86,in_scope,round1,no,1,0,validated_official_product,businessScope; financing; legalEntity; website,https://www.accessdata.fda.gov/scripts/cdrh/cfdocs/cfpmn/pmn.cfm?id=K894097,1
"Neurotronics, Inc.",,US,US,Gainesville,,not_applicable_or_not_disclosed,,sleep_health,A,active_or_unverified,,not_checked_or_not_disclosed,0.86,in_scope,round1,no,1,0,validated_official_product,businessScope; financing; legalEntity; website,https://www.accessdata.fda.gov/scripts/cdrh/cfdocs/cfpmn/pmn.cfm?id=K142774,1
"Neurovalens , Ltd.",Neurovalens Limited,Europe,GB,Portglenone,,not_applicable_or_not_disclosed,,sleep_health,A,active_or_unverified,,not_checked_or_not_disclosed,0.86,in_scope,round1,no,2,0,validated_official_product,businessScope; financing; legalEntity; website,https://www.accessdata.fda.gov/scripts/cdrh/cfdocs/cfpmn/pmn.cfm?id=K230826,2
New Horizon Health Care,,US,US,Sandy,,not_applicable_or_not_disclosed,,,A,active_or_unverified,,not_checked_or_not_disclosed,0.86,in_scope,round1,no,1,0,validated_official_product,businessScope; financing; legalEntity; website,https://www.accessdata.fda.gov/scripts/cdrh/cfdocs/cfpmn/pmn.cfm?id=K932050,1
"Nidek, Inc.",,US,US,Lake Forest,,not_applicable_or_not_disclosed,,samd,A,active_or_unverified,,not_checked_or_not_disclosed,0.86,in_scope,round1,no,1,0,validated_official_product,businessScope; financing; legalEntity; website,https://www.accessdata.fda.gov/scripts/cdrh/cfdocs/cfpmn/pmn.cfm?id=K050336,1
"Nihon Kohden America, Inc.",,US,US,Irvine,,not_applicable_or_not_disclosed,,sleep_health,A,active_or_unverified,,not_checked_or_not_disclosed,0.86,in_scope,round1,no,1,0,validated_official_product,businessScope; financing; legalEntity; website,https://www.accessdata.fda.gov/scripts/cdrh/cfdocs/cfpmn/pmn.cfm?id=K983072,1
"Nikomed U.S.A., Inc.",,US,US,Doylestown,,not_applicable_or_not_disclosed,,remote_patient_monitoring,A,active_or_unverified,,not_checked_or_not_disclosed,0.86,in_scope,round1,no,1,0,validated_official_product,businessScope; financing; legalEntity; website,https://www.accessdata.fda.gov/scripts/cdrh/cfdocs/cfpmn/pmn.cfm?id=K950473,1
"Nipro Diabetes Systems, Inc.",,US,US,Miramar,,not_applicable_or_not_disclosed,,,A,active_or_unverified,,not_checked_or_not_disclosed,0.86,in_scope,round1,no,1,0,validated_official_product,businessScope; financing; legalEntity; website,https://www.accessdata.fda.gov/scripts/cdrh/cfdocs/cfpmn/pmn.cfm?id=K050312,1
Nipro Medical Corp.,,US,US,Miami,,not_applicable_or_not_disclosed,,,A,active_or_unverified,,not_checked_or_not_disclosed,0.86,in_scope,round1,no,2,0,validated_official_product,businessScope; financing; legalEntity; website,https://www.accessdata.fda.gov/scripts/cdrh/cfdocs/cfpmn/pmn.cfm?id=K093985,2
"Nonin Medical, Inc.",,US,US,Plymouth,,not_applicable_or_not_disclosed,,,A,active_or_unverified,,not_checked_or_not_disclosed,0.86,in_scope,round1,no,1,0,validated_official_product,businessScope; financing; legalEntity; website,https://www.accessdata.fda.gov/scripts/cdrh/cfdocs/cfpmn/pmn.cfm?id=K040589,1
"North East Monitoring, Inc.",,US,US,Shelton,,not_applicable_or_not_disclosed,,,A,active_or_unverified,,not_checked_or_not_disclosed,0.86,in_scope,round1,no,1,0,validated_official_product,businessScope; financing; legalEntity; website,https://www.accessdata.fda.gov/scripts/cdrh/cfdocs/cfpmn/pmn.cfm?id=K041901,1
"Nu Eyne Co., Ltd.",,,KR,Seoul,,not_checked_or_not_disclosed,,,A,active_or_unverified,,not_checked_or_not_disclosed,0.86,needs_region_verification,round1,no,2,0,needs_region_verification,businessScope; financing; legalEntity; registeredCapital; website,https://www.accessdata.fda.gov/scripts/cdrh/cfdocs/cfpmn/pmn.cfm?id=K213629,2
Nucletron Corp.,,US,US,Columbia,,not_applicable_or_not_disclosed,,samd,A,active_or_unverified,,not_checked_or_not_disclosed,0.86,in_scope,round1,no,1,0,validated_official_product,businessScope; financing; legalEntity; website,https://www.accessdata.fda.gov/scripts/cdrh/cfdocs/cfpmn/pmn.cfm?id=K990990,1
"Oec-Diasonics, Inc.",,US,US,Salt Lake City,,not_applicable_or_not_disclosed,,,A,active_or_unverified,,not_checked_or_not_disclosed,0.86,in_scope,round1,no,1,0,validated_official_product,businessScope; financing; legalEntity; website,https://www.accessdata.fda.gov/scripts/cdrh/cfdocs/cfpmn/pmn.cfm?id=K864837,1
Omega Critical Care Limited,,Europe,GB,East Kilbride,,not_applicable_or_not_disclosed,,remote_patient_monitoring,A,active_or_unverified,,not_checked_or_not_disclosed,0.86,in_scope,round1,no,1,0,validated_official_product,businessScope; financing; legalEntity; website,https://www.accessdata.fda.gov/scripts/cdrh/cfdocs/cfpmn/pmn.cfm?id=K081776,1
Omega Results,,US,US,Dallas,,not_applicable_or_not_disclosed,,sleep_health,A,active_or_unverified,,not_checked_or_not_disclosed,0.86,in_scope,round1,no,1,0,validated_official_product,businessScope; financing; legalEntity; website,https://www.accessdata.fda.gov/scripts/cdrh/cfdocs/cfpmn/pmn.cfm?id=K963631,1
Omni Sales Corp.,,US,US,Canton,,not_applicable_or_not_disclosed,,,A,active_or_unverified,,not_checked_or_not_disclosed,0.86,in_scope,round1,no,1,0,validated_official_product,businessScope; financing; legalEntity; website,https://www.accessdata.fda.gov/scripts/cdrh/cfdocs/cfpmn/pmn.cfm?id=K964563,1
"Oncology Systems, Inc.",,US,US,Champaign,,not_applicable_or_not_disclosed,,,A,active_or_unverified,,not_checked_or_not_disclosed,0.86,in_scope,round1,no,1,0,validated_official_product,businessScope; financing; legalEntity; website,https://www.accessdata.fda.gov/scripts/cdrh/cfdocs/cfpmn/pmn.cfm?id=K051753,1
Onera B.V.,,Europe,NL,Eindhoven,,not_applicable_or_not_disclosed,,sleep_health,A,active_or_unverified,,not_checked_or_not_disclosed,0.86,in_scope,round1,no,1,0,validated_official_product,businessScope; financing; legalEntity; website,https://www.accessdata.fda.gov/scripts/cdrh/cfdocs/cfpmn/pmn.cfm?id=K253668,1
Opti-Med Electronics,,US,US,Anderson,,not_applicable_or_not_disclosed,,,A,active_or_unverified,,not_checked_or_not_disclosed,0.86,in_scope,round1,no,1,0,validated_official_product,businessScope; financing; legalEntity; website,https://www.accessdata.fda.gov/scripts/cdrh/cfdocs/cfpmn/pmn.cfm?id=K945972,1
"Optumhealth Care Solutions, Inc.",,,CA,Dundas,,not_checked_or_not_disclosed,,internet_healthcare; samd,A,active_or_unverified,,not_checked_or_not_disclosed,0.86,needs_region_verification,round1,no,1,0,needs_region_verification,businessScope; financing; legalEntity; registeredCapital; website,https://www.accessdata.fda.gov/scripts/cdrh/cfdocs/cfpmn/pmn.cfm?id=K130971,1
"Orex Computed Radiography, Ltd.",,,IL,Yoqneam,,not_checked_or_not_disclosed,,,A,active_or_unverified,,not_checked_or_not_disclosed,0.86,needs_region_verification,round1,no,1,0,needs_region_verification,businessScope; financing; legalEntity; registeredCapital; website,https://www.accessdata.fda.gov/scripts/cdrh/cfdocs/cfpmn/pmn.cfm?id=K073670,1
Ortho Clinical Diagnostics,,Europe,GB,Bridgend,,not_applicable_or_not_disclosed,,,A,active_or_unverified,,not_checked_or_not_disclosed,0.86,in_scope,round1,no,1,0,validated_official_product,businessScope; financing; legalEntity; website,https://www.accessdata.fda.gov/scripts/cdrh/cfdocs/cfpmn/pmn.cfm?id=K231525,1
"Ortho Kinematics, Inc.",,US,US,Austin,,not_applicable_or_not_disclosed,,samd,A,active_or_unverified,,not_checked_or_not_disclosed,0.86,in_scope,round1,no,1,0,validated_official_product,businessScope; financing; legalEntity; website,https://www.accessdata.fda.gov/scripts/cdrh/cfdocs/cfpmn/pmn.cfm?id=K171617,1
"Orthopedic Equipment Co., Inc.",,US,US,Mchenry,,not_applicable_or_not_disclosed,,,A,active_or_unverified,,not_checked_or_not_disclosed,0.86,in_scope,round1,no,1,0,validated_official_product,businessScope; financing; legalEntity; website,https://www.accessdata.fda.gov/scripts/cdrh/cfdocs/cfpmn/pmn.cfm?id=K770080,1
"Orthoscan, Inc.",,US,US,Scottsdale,,not_applicable_or_not_disclosed,,,A,active_or_unverified,,not_checked_or_not_disclosed,0.86,in_scope,round1,no,1,0,validated_official_product,businessScope; financing; legalEntity; website,https://www.accessdata.fda.gov/scripts/cdrh/cfdocs/cfpmn/pmn.cfm?id=K213113,1
Oxehealth Limited,,Europe,GB,Oxford,,not_applicable_or_not_disclosed,,sleep_health,A,active_or_unverified,,not_checked_or_not_disclosed,0.86,in_scope,round1,no,1,0,validated_official_product,businessScope; financing; legalEntity; website,https://www.accessdata.fda.gov/scripts/cdrh/cfdocs/cfpmn/pmn.cfm?id=K233618,1
P.T. Wantong Industry,,US,US,San Gabriel,,not_applicable_or_not_disclosed,,,A,active_or_unverified,,not_checked_or_not_disclosed,0.86,in_scope,round1,no,1,0,validated_official_product,businessScope; financing; legalEntity; website,https://www.accessdata.fda.gov/scripts/cdrh/cfdocs/cfpmn/pmn.cfm?id=K980215,1
Pace Medical,,US,US,Waltham,,not_applicable_or_not_disclosed,,,A,active_or_unverified,,not_checked_or_not_disclosed,0.86,in_scope,round1,no,1,0,validated_official_product,businessScope; financing; legalEntity; website,https://www.accessdata.fda.gov/scripts/cdrh/cfdocs/cfpmn/pmn.cfm?id=K912545,1
"Paceart, Inc.",,US,US,Hasbrouck Heights,,not_applicable_or_not_disclosed,,remote_patient_monitoring,A,active_or_unverified,,not_checked_or_not_disclosed,0.86,in_scope,round1,no,1,0,validated_official_product,businessScope; financing; legalEntity; website,https://www.accessdata.fda.gov/scripts/cdrh/cfdocs/cfpmn/pmn.cfm?id=K012407,1
Pain Management Technologies,,US,US,Akron,,not_applicable_or_not_disclosed,,,A,active_or_unverified,,not_checked_or_not_disclosed,0.86,in_scope,round1,no,1,0,validated_official_product,businessScope; financing; legalEntity; website,https://www.accessdata.fda.gov/scripts/cdrh/cfdocs/cfpmn/pmn.cfm?id=K073386,1
Paragon Vision Sciences,,US,US,Mesa,,not_applicable_or_not_disclosed,,,A,active_or_unverified,,not_checked_or_not_disclosed,0.86,in_scope,round1,no,1,0,validated_official_product,businessScope; financing; legalEntity; website,https://www.accessdata.fda.gov/scripts/cdrh/cfdocs/cfpmn/pmn.cfm?id=K974635,1
"Peak Performance Technologies, Inc.",,US,US,Centinnial,,not_applicable_or_not_disclosed,,,A,active_or_unverified,,not_checked_or_not_disclosed,0.86,in_scope,round1,no,1,0,validated_official_product,businessScope; financing; legalEntity; website,https://www.accessdata.fda.gov/scripts/cdrh/cfdocs/cfpmn/pmn.cfm?id=K030714,1
"Pear Therapeutics, Inc.",,US,US,San Francisco,,not_applicable_or_not_disclosed,,,A,active_or_unverified,,not_checked_or_not_disclosed,0.86,in_scope,round1,no,1,0,validated_official_product,businessScope; financing; legalEntity; website,https://www.accessdata.fda.gov/scripts/cdrh/cfdocs/cfpmn/pmn.cfm?id=K191716,1
"Pentax of America, Inc.",,US,US,Montvale,,not_applicable_or_not_disclosed,,,A,active_or_unverified,,not_checked_or_not_disclosed,0.86,in_scope,round1,no,1,0,validated_official_product,businessScope; financing; legalEntity; website,https://www.accessdata.fda.gov/scripts/cdrh/cfdocs/cfpmn/pmn.cfm?id=K231970,1
Petroff Audio Technologies,,US,US,West Hills,,not_applicable_or_not_disclosed,,,A,active_or_unverified,,not_checked_or_not_disclosed,0.86,in_scope,round1,no,1,0,validated_official_product,businessScope; financing; legalEntity; website,https://www.accessdata.fda.gov/scripts/cdrh/cfdocs/cfpmn/pmn.cfm?id=K974501,1
Pharmaseal Laboratories,,US,US,Mchenry,,not_applicable_or_not_disclosed,,,A,active_or_unverified,,not_checked_or_not_disclosed,0.86,in_scope,round1,no,1,0,validated_official_product,businessScope; financing; legalEntity; website,https://www.accessdata.fda.gov/scripts/cdrh/cfdocs/cfpmn/pmn.cfm?id=K801146,1
"Philips Medical Systems, Inc.",,Europe,NL,5680 Da Best,,not_applicable_or_not_disclosed,,remote_patient_monitoring,A,active_or_unverified,,not_checked_or_not_disclosed,0.86,in_scope,round1,no,1,0,validated_official_product,businessScope; financing; legalEntity; website,https://www.accessdata.fda.gov/scripts/cdrh/cfdocs/cfpmn/pmn.cfm?id=K922622,1
"Philips Medizinsysteme Boeblingen GmbH, Cardiac AN",,Europe,DE,"Boeblingen, Baden-Wuerttemberg",,not_applicable_or_not_disclosed,,,A,active_or_unverified,,not_checked_or_not_disclosed,0.86,in_scope,round1,no,1,0,validated_official_product,businessScope; financing; legalEntity; website,https://www.accessdata.fda.gov/scripts/cdrh/cfdocs/cfpmn/pmn.cfm?id=K132320,1
Philips Park,,US,US,Essex,,not_applicable_or_not_disclosed,,,A,active_or_unverified,,not_checked_or_not_disclosed,0.86,in_scope,round1,no,1,0,validated_official_product,businessScope; financing; legalEntity; website,https://www.accessdata.fda.gov/scripts/cdrh/cfdocs/cfpmn/pmn.cfm?id=K852128,1
Pike Medical Co.,,US,US,Mchenry,,not_applicable_or_not_disclosed,,,A,active_or_unverified,,not_checked_or_not_disclosed,0.86,in_scope,round1,no,1,0,validated_official_product,businessScope; financing; legalEntity; website,https://www.accessdata.fda.gov/scripts/cdrh/cfdocs/cfpmn/pmn.cfm?id=K802101,1
Pinsco Inc. Dba B & L Engineering,,US,US,Tustin,,not_applicable_or_not_disclosed,,,A,active_or_unverified,,not_checked_or_not_disclosed,0.86,in_scope,round1,no,1,0,validated_official_product,businessScope; financing; legalEntity; website,https://www.accessdata.fda.gov/scripts/cdrh/cfdocs/cfpmn/pmn.cfm?id=K982425,1
"Polymedica Industries, Inc.",,US,US,"Golden,",,not_applicable_or_not_disclosed,,,A,active_or_unverified,,not_checked_or_not_disclosed,0.86,in_scope,round1,no,1,0,validated_official_product,businessScope; financing; legalEntity; website,https://www.accessdata.fda.gov/scripts/cdrh/cfdocs/cfpmn/pmn.cfm?id=K962991,1
"Power Medical Interventions, Inc.",,US,US,New Hope,,not_applicable_or_not_disclosed,,,A,active_or_unverified,,not_checked_or_not_disclosed,0.86,in_scope,round1,no,1,0,validated_official_product,businessScope; financing; legalEntity; website,https://www.accessdata.fda.gov/scripts/cdrh/cfdocs/cfpmn/pmn.cfm?id=K020343,1
"Ppg Industries, Inc.",PPG INDUSTRIES INC,US,US,Lenexa,PPG INDUSTRIES INC,not_applicable_or_not_disclosed,,remote_patient_monitoring,A,active_or_unverified,,not_checked_or_not_disclosed,0.86,in_scope,round1,no,2,0,validated_official_product,businessScope; financing; website,https://www.accessdata.fda.gov/scripts/cdrh/cfdocs/cfpmn/pmn.cfm?id=K912627,2
Precise Optics,,US,US,Mchenry,,not_applicable_or_not_disclosed,,,A,active_or_unverified,,not_checked_or_not_disclosed,0.86,in_scope,round1,no,1,0,validated_official_product,businessScope; financing; legalEntity; website,https://www.accessdata.fda.gov/scripts/cdrh/cfdocs/cfpmn/pmn.cfm?id=K820178,1
"Pride Health Care, Inc.",,US,US,Pittston,,not_applicable_or_not_disclosed,,,A,active_or_unverified,,not_checked_or_not_disclosed,0.86,in_scope,round1,no,1,0,validated_official_product,businessScope; financing; legalEntity; website,https://www.accessdata.fda.gov/scripts/cdrh/cfdocs/cfpmn/pmn.cfm?id=K905271,1
"Primus, Inc.",,US,US,Kansas City,,not_applicable_or_not_disclosed,,chronic_disease_management,A,active_or_unverified,,not_checked_or_not_disclosed,0.86,in_scope,round1,no,1,0,validated_official_product,businessScope; financing; legalEntity; website,https://www.accessdata.fda.gov/scripts/cdrh/cfdocs/cfpmn/pmn.cfm?id=K896582,1
Prosomnus Sleep Technologies,,US,US,Pleasanton,,not_applicable_or_not_disclosed,,remote_patient_monitoring; sleep_health,A,active_or_unverified,,not_checked_or_not_disclosed,0.86,in_scope,round1,no,1,0,validated_official_product,businessScope; financing; legalEntity; website,https://www.accessdata.fda.gov/scripts/cdrh/cfdocs/cfpmn/pmn.cfm?id=K221889,1
Pt. Eka Wira Asia,,,ID,Medan 20112 - Indonesia,,not_checked_or_not_disclosed,,,A,active_or_unverified,,not_checked_or_not_disclosed,0.86,needs_region_verification,round1,no,1,0,needs_region_verification,businessScope; financing; legalEntity; registeredCapital; website,https://www.accessdata.fda.gov/scripts/cdrh/cfdocs/cfpmn/pmn.cfm?id=K941056,1
Pudenz-Schulte Medical Research Corp.,,US,US,Goleta,,not_applicable_or_not_disclosed,,,A,active_or_unverified,,not_checked_or_not_disclosed,0.86,in_scope,round1,no,1,0,validated_official_product,businessScope; financing; legalEntity; website,https://www.accessdata.fda.gov/scripts/cdrh/cfdocs/cfpmn/pmn.cfm?id=K954409,1
Puritan Bennett Corp.,,US,US,Pleasanton,,not_applicable_or_not_disclosed,,samd,A,active_or_unverified,,not_checked_or_not_disclosed,0.86,in_scope,round1,no,1,0,validated_official_product,businessScope; financing; legalEntity; website,https://www.accessdata.fda.gov/scripts/cdrh/cfdocs/cfpmn/pmn.cfm?id=K023225,1
Quantimetrix Corp.,,US,US,Redondo Beach,,not_applicable_or_not_disclosed,,chronic_disease_management,A,active_or_unverified,,not_checked_or_not_disclosed,0.86,in_scope,round1,no,1,0,validated_official_product,businessScope; financing; legalEntity; website,https://www.accessdata.fda.gov/scripts/cdrh/cfdocs/cfpmn/pmn.cfm?id=K103744,1
R D Intl.,,US,US,Richardson,,not_applicable_or_not_disclosed,,remote_patient_monitoring,A,active_or_unverified,,not_checked_or_not_disclosed,0.86,in_scope,round1,no,1,0,validated_official_product,businessScope; financing; legalEntity; website,https://www.accessdata.fda.gov/scripts/cdrh/cfdocs/cfpmn/pmn.cfm?id=K960312,1
R2 Corp.,,US,US,Mchenry,,not_applicable_or_not_disclosed,,remote_patient_monitoring,A,active_or_unverified,,not_checked_or_not_disclosed,0.86,in_scope,round1,no,1,0,validated_official_product,businessScope; financing; legalEntity; website,https://www.accessdata.fda.gov/scripts/cdrh/cfdocs/cfpmn/pmn.cfm?id=K832516,1
"R2 Technology, Inc.",,US,US,Sunnyvale,,not_applicable_or_not_disclosed,,samd,A,active_or_unverified,,not_checked_or_not_disclosed,0.86,in_scope,round1,no,1,0,validated_official_product,businessScope; financing; legalEntity; website,https://www.accessdata.fda.gov/scripts/cdrh/cfdocs/cfpmn/pmn.cfm?id=K041380,1
"Radiometer America, Inc.",,US,US,Mentor,,not_applicable_or_not_disclosed,,,A,active_or_unverified,,not_checked_or_not_disclosed,0.86,in_scope,round1,no,1,0,validated_official_product,businessScope; financing; legalEntity; website,https://www.accessdata.fda.gov/scripts/cdrh/cfdocs/cfpmn/pmn.cfm?id=K831034,1
"Ray Co., Ltd.",,US,US,Santa Rosa,,not_applicable_or_not_disclosed,,,A,active_or_unverified,,not_checked_or_not_disclosed,0.86,in_scope,round1,no,2,0,validated_official_product,businessScope; financing; legalEntity; website,https://www.accessdata.fda.gov/scripts/cdrh/cfdocs/cfpmn/pmn.cfm?id=K131693,2
"Raye'S, Inc.",,US,US,Ellis,,not_applicable_or_not_disclosed,,rehabilitation,A,active_or_unverified,,not_checked_or_not_disclosed,0.86,in_scope,round1,no,1,0,validated_official_product,businessScope; financing; legalEntity; website,https://www.accessdata.fda.gov/scripts/cdrh/cfdocs/cfpmn/pmn.cfm?id=K022407,1
"Recovr,Inc",,US,US,Clemson,,not_applicable_or_not_disclosed,,rehabilitation,A,active_or_unverified,,not_checked_or_not_disclosed,0.86,in_scope,round1,no,1,0,validated_official_product,businessScope; financing; legalEntity; website,https://www.accessdata.fda.gov/scripts/cdrh/cfdocs/cfpmn/pmn.cfm?id=K151446,1
Redplane AG,,Europe,CH,Zug,,not_applicable_or_not_disclosed,,,A,active_or_unverified,,not_checked_or_not_disclosed,0.86,in_scope,round1,no,1,0,validated_official_product,businessScope; financing; legalEntity; website,https://www.accessdata.fda.gov/scripts/cdrh/cfdocs/cfpmn/pmn.cfm?id=K070412,1
Redsense Medical AB,,US,US,Fridley,,not_applicable_or_not_disclosed,,,A,active_or_unverified,,not_checked_or_not_disclosed,0.86,in_scope,round1,no,1,0,validated_official_product,businessScope; financing; legalEntity; website,https://www.accessdata.fda.gov/scripts/cdrh/cfdocs/cfpmn/pmn.cfm?id=K103242,1
"Rehabilitation Institute,Loma Linda University Med",,US,US,Chicago,,not_applicable_or_not_disclosed,,,A,active_or_unverified,,not_checked_or_not_disclosed,0.86,in_scope,round1,no,1,0,validated_official_product,businessScope; financing; legalEntity; website,https://www.accessdata.fda.gov/scripts/cdrh/cfdocs/cfpmn/pmn.cfm?id=K023572,1
"Remedy Logic, Inc.",,US,US,New York,,not_applicable_or_not_disclosed,,,A,active_or_unverified,,not_checked_or_not_disclosed,0.86,in_scope,round1,no,1,0,validated_official_product,businessScope; financing; legalEntity; website,https://www.accessdata.fda.gov/scripts/cdrh/cfdocs/cfpmn/pmn.cfm?id=K241108,1
"Remote Diagnostic Technologies , Ltd.",,Europe,GB,Hampshire,,not_applicable_or_not_disclosed,,,A,active_or_unverified,,not_checked_or_not_disclosed,0.86,in_scope,round1,no,1,0,validated_official_product,businessScope; financing; legalEntity; website,https://www.accessdata.fda.gov/scripts/cdrh/cfdocs/cfpmn/pmn.cfm?id=K133988,1
"Respiratory Care, Inc.",,US,US,Mchenry,,not_applicable_or_not_disclosed,,,A,active_or_unverified,,not_checked_or_not_disclosed,0.86,in_scope,round1,no,1,0,validated_official_product,businessScope; financing; legalEntity; website,https://www.accessdata.fda.gov/scripts/cdrh/cfdocs/cfpmn/pmn.cfm?id=K771975,1
"Respironics New Jersey, Inc.",,US,US,Cedar Grove,,not_applicable_or_not_disclosed,,,A,active_or_unverified,,not_checked_or_not_disclosed,0.86,in_scope,round1,no,1,0,validated_official_product,businessScope; financing; legalEntity; website,https://www.accessdata.fda.gov/scripts/cdrh/cfdocs/cfpmn/pmn.cfm?id=K053203,1
"Respironics, Inc.",,US,US,Murrysville,,not_applicable_or_not_disclosed,,sleep_health,A,active_or_unverified,,not_checked_or_not_disclosed,0.86,in_scope,round1,no,1,0,validated_official_product,businessScope; financing; legalEntity; website,https://www.accessdata.fda.gov/scripts/cdrh/cfdocs/cfpmn/pmn.cfm?id=K003499,1
Rich-Mar Corp.,,US,US,Mchenry,,not_applicable_or_not_disclosed,,,A,active_or_unverified,,not_checked_or_not_disclosed,0.86,in_scope,round1,no,2,0,validated_official_product,businessScope; financing; legalEntity; website,https://www.accessdata.fda.gov/scripts/cdrh/cfdocs/cfpmn/pmn.cfm?id=K771157,2
Richard Wolf Medical Instruments Corp.,,US,US,Vernon Hills,,not_applicable_or_not_disclosed,,,A,active_or_unverified,,not_checked_or_not_disclosed,0.86,in_scope,round1,no,2,0,validated_official_product,businessScope; financing; legalEntity; website,https://www.accessdata.fda.gov/scripts/cdrh/cfdocs/cfpmn/pmn.cfm?id=K940844,2
"Rmds, Inc.",,US,US,Vancouver,,not_applicable_or_not_disclosed,,,A,active_or_unverified,,not_checked_or_not_disclosed,0.86,in_scope,round1,no,1,0,validated_official_product,businessScope; financing; legalEntity; website,https://www.accessdata.fda.gov/scripts/cdrh/cfdocs/cfpmn/pmn.cfm?id=K970027,1
"Roche Diabetes Care, Inc.",,US,US,Indianapolis,,not_applicable_or_not_disclosed,,,A,active_or_unverified,,not_checked_or_not_disclosed,0.86,in_scope,round1,no,2,0,validated_official_product,businessScope; financing; legalEntity; website,https://www.accessdata.fda.gov/scripts/cdrh/cfdocs/cfpmn/pmn.cfm?id=K214022,2
Roche Diagnostics,,US,US,Indianapolis,,not_applicable_or_not_disclosed,,remote_patient_monitoring,A,active_or_unverified,,not_checked_or_not_disclosed,0.86,in_scope,round1,no,1,0,validated_official_product,businessScope; financing; legalEntity; website,https://www.accessdata.fda.gov/scripts/cdrh/cfdocs/cfpmn/pmn.cfm?id=K121679,1
Romedex International Srl,,US,US,Palo Alto,,not_applicable_or_not_disclosed,,,A,active_or_unverified,,not_checked_or_not_disclosed,0.86,in_scope,round1,no,1,0,validated_official_product,businessScope; financing; legalEntity; website,https://www.accessdata.fda.gov/scripts/cdrh/cfdocs/cfpmn/pmn.cfm?id=K093775,1
Rtx Healthcare A/S,,Europe,DK,Noerresundby,,not_applicable_or_not_disclosed,,internet_healthcare,A,active_or_unverified,,not_checked_or_not_disclosed,0.86,in_scope,round1,no,1,0,validated_official_product,businessScope; financing; legalEntity; website,https://www.accessdata.fda.gov/scripts/cdrh/cfdocs/cfpmn/pmn.cfm?id=K041816,1
"Rubbertech Industry Co., Ltd.",,,MY,"Lumpur, Malaysia",,not_checked_or_not_disclosed,,,A,active_or_unverified,,not_checked_or_not_disclosed,0.86,needs_region_verification,round1,no,1,0,needs_region_verification,businessScope; financing; legalEntity; registeredCapital; website,https://www.accessdata.fda.gov/scripts/cdrh/cfdocs/cfpmn/pmn.cfm?id=K895743,1
Samson Taiwan Corp.,,US,US,Santa Rosa,,not_applicable_or_not_disclosed,,,A,active_or_unverified,,not_checked_or_not_disclosed,0.86,in_scope,round1,no,1,0,validated_official_product,businessScope; financing; legalEntity; website,https://www.accessdata.fda.gov/scripts/cdrh/cfdocs/cfpmn/pmn.cfm?id=K893102,1
"Samsung Electronics Co., Ltd.",,,KR,Suwon-Si,,not_checked_or_not_disclosed,,,A,active_or_unverified,,not_checked_or_not_disclosed,0.86,needs_region_verification,round1,no,1,0,needs_region_verification,businessScope; financing; legalEntity; registeredCapital; website,https://www.accessdata.fda.gov/scripts/cdrh/cfdocs/cfpmn/pmn.cfm?id=K181626,1
Sd Biosensor,,,KR,Suwon-Si,,not_checked_or_not_disclosed,,remote_patient_monitoring,A,active_or_unverified,,not_checked_or_not_disclosed,0.86,needs_region_verification,round1,no,1,0,needs_region_verification,businessScope; financing; legalEntity; registeredCapital; website,https://www.accessdata.fda.gov/scripts/cdrh/cfdocs/cfpmn/pmn.cfm?id=K151265,1
"Seabrook Medical Systems, Inc.",,US,US,Cincinnati,,not_applicable_or_not_disclosed,,,A,active_or_unverified,,not_checked_or_not_disclosed,0.86,in_scope,round1,no,1,0,validated_official_product,businessScope; financing; legalEntity; website,https://www.accessdata.fda.gov/scripts/cdrh/cfdocs/cfpmn/pmn.cfm?id=K902269,1
"Sedecal., Sa.",,Europe,ES,Algete,,not_applicable_or_not_disclosed,,,A,active_or_unverified,,not_checked_or_not_disclosed,0.86,in_scope,round1,no,1,0,validated_official_product,businessScope; financing; legalEntity; website,https://www.accessdata.fda.gov/scripts/cdrh/cfdocs/cfpmn/pmn.cfm?id=K161345,1
Seemac Reison AB Co.,,Europe,SE,Sweden,,not_applicable_or_not_disclosed,,,A,active_or_unverified,,not_checked_or_not_disclosed,0.86,in_scope,round1,no,1,0,validated_official_product,businessScope; financing; legalEntity; website,https://www.accessdata.fda.gov/scripts/cdrh/cfdocs/cfpmn/pmn.cfm?id=K911739,1
"Seigla Medical, Inc.",,US,US,Buffalo,,not_applicable_or_not_disclosed,,,A,active_or_unverified,,not_checked_or_not_disclosed,0.86,in_scope,round1,no,1,0,validated_official_product,businessScope; financing; legalEntity; website,https://www.accessdata.fda.gov/scripts/cdrh/cfdocs/cfpmn/pmn.cfm?id=K220691,1
"Selectivemed Components, Inc.",,US,US,Mt. Vernon,,not_applicable_or_not_disclosed,,,A,active_or_unverified,,not_checked_or_not_disclosed,0.86,in_scope,round1,no,1,0,validated_official_product,businessScope; financing; legalEntity; website,https://www.accessdata.fda.gov/scripts/cdrh/cfdocs/cfpmn/pmn.cfm?id=K945676,1
"Sensacare , Ltd.",,,TW,"Nei Hu, Taipei",,not_checked_or_not_disclosed,,remote_patient_monitoring,A,active_or_unverified,,not_checked_or_not_disclosed,0.86,needs_region_verification,round1,no,1,0,needs_region_verification,businessScope; financing; legalEntity; registeredCapital; website,https://www.accessdata.fda.gov/scripts/cdrh/cfdocs/cfpmn/pmn.cfm?id=K061935,1
Sensus Healthcare,"Sensus Healthcare, Inc.",US,US,Boca Raton,"Sensus Healthcare, Inc.",not_applicable_or_not_disclosed,,,A,active_or_unverified,,not_checked_or_not_disclosed,0.86,in_scope,round1,no,2,0,validated_official_product,businessScope; financing; website,https://www.accessdata.fda.gov/scripts/cdrh/cfdocs/cfpmn/pmn.cfm?id=K150037,2
"Sg Healthcare Co, Ltd.",,,KR,Seoul,,not_checked_or_not_disclosed,,,A,active_or_unverified,,not_checked_or_not_disclosed,0.86,needs_region_verification,round1,no,1,0,needs_region_verification,businessScope; financing; legalEntity; registeredCapital; website,https://www.accessdata.fda.gov/scripts/cdrh/cfdocs/cfpmn/pmn.cfm?id=K222080,1
Shangdong Zibo Shanchuan Medical Instruments Co.,,US,US,Chino,,not_applicable_or_not_disclosed,,,A,active_or_unverified,,not_checked_or_not_disclosed,0.86,in_scope,round1,no,1,0,validated_official_product,businessScope; financing; legalEntity; website,https://www.accessdata.fda.gov/scripts/cdrh/cfdocs/cfpmn/pmn.cfm?id=K092000,1
"Shantou Institute of Ultrasonic Instruments Co., Ltd.",,China,CN,Shantou,,not_checked_or_not_disclosed,,,A,active_or_unverified,,not_checked_or_not_disclosed,0.86,out_of_scope_china_city,round1,no,1,0,out_of_scope_china_city,businessScope; financing; legalEntity; registeredCapital; website,https://www.accessdata.fda.gov/scripts/cdrh/cfdocs/cfpmn/pmn.cfm?id=K243178,1
Sharp Electronics Corp.,,US,US,Paramus,,not_applicable_or_not_disclosed,,,A,active_or_unverified,,not_checked_or_not_disclosed,0.86,in_scope,round1,no,1,0,validated_official_product,businessScope; financing; legalEntity; website,https://www.accessdata.fda.gov/scripts/cdrh/cfdocs/cfpmn/pmn.cfm?id=K842200,1
"Shenzhen Bsx Technology Electronics Co., Ltd.",,China,CN,Shenzhen,,not_checked_or_not_disclosed,,remote_patient_monitoring,A,active_or_unverified,,not_checked_or_not_disclosed,0.86,out_of_scope_china_city,round1,no,1,0,out_of_scope_china_city,businessScope; financing; legalEntity; registeredCapital; website,https://www.accessdata.fda.gov/scripts/cdrh/cfdocs/cfpmn/pmn.cfm?id=K241578,1
"Shiley, Inc.",,US,US,Irvine,,not_applicable_or_not_disclosed,,sleep_health,A,active_or_unverified,,not_checked_or_not_disclosed,0.86,in_scope,round1,no,2,0,validated_official_product,businessScope; financing; legalEntity; website,https://www.accessdata.fda.gov/scripts/cdrh/cfdocs/cfpmn/pmn.cfm?id=K844138,2
Shimadzu Medical Systems,,US,US,Gardena,,not_applicable_or_not_disclosed,,,A,active_or_unverified,,not_checked_or_not_disclosed,0.86,in_scope,round1,no,1,0,validated_official_product,businessScope; financing; legalEntity; website,https://www.accessdata.fda.gov/scripts/cdrh/cfdocs/cfpmn/pmn.cfm?id=K893637,1
"Shimadzu Precision Instruments, Inc.",,US,US,Torrance,,not_applicable_or_not_disclosed,,,A,active_or_unverified,,not_checked_or_not_disclosed,0.86,in_scope,round1,no,1,0,validated_official_product,businessScope; financing; legalEntity; website,https://www.accessdata.fda.gov/scripts/cdrh/cfdocs/cfpmn/pmn.cfm?id=K940294,1
"Signifier Medical Technologies, Ltd.",,Europe,GB,London,,not_applicable_or_not_disclosed,,,A,active_or_unverified,,not_checked_or_not_disclosed,0.86,in_scope,round1,no,1,0,validated_official_product,businessScope; financing; legalEntity; website,https://www.accessdata.fda.gov/scripts/cdrh/cfdocs/cfpmn/pmn.cfm?id=K223446,1
Sk Med,,US,US,Van Nuys,,not_applicable_or_not_disclosed,,remote_patient_monitoring,A,active_or_unverified,,not_checked_or_not_disclosed,0.86,in_scope,round1,no,1,0,validated_official_product,businessScope; financing; legalEntity; website,https://www.accessdata.fda.gov/scripts/cdrh/cfdocs/cfpmn/pmn.cfm?id=K031860,1
"Sleep Devices, Inc.",,US,US,Kissimmee,,not_applicable_or_not_disclosed,,,A,active_or_unverified,,not_checked_or_not_disclosed,0.86,in_scope,round1,no,1,0,validated_official_product,businessScope; financing; legalEntity; website,https://www.accessdata.fda.gov/scripts/cdrh/cfdocs/cfpmn/pmn.cfm?id=K040161,1
"Sleep Renewal, Inc.",,US,US,Mobile,,not_applicable_or_not_disclosed,,,A,active_or_unverified,,not_checked_or_not_disclosed,0.86,in_scope,round1,no,1,0,validated_official_product,businessScope; financing; legalEntity; website,https://www.accessdata.fda.gov/scripts/cdrh/cfdocs/cfpmn/pmn.cfm?id=K870501,1
"Sleep Specialists, LLC",,US,US,Greenville,,not_applicable_or_not_disclosed,,sleep_health,A,active_or_unverified,,not_checked_or_not_disclosed,0.86,in_scope,round1,no,1,0,validated_official_product,businessScope; financing; legalEntity; website,https://www.accessdata.fda.gov/scripts/cdrh/cfdocs/cfpmn/pmn.cfm?id=K100160,1
"Solopak Medical Products, Inc.",,US,US,Libertyville,,not_applicable_or_not_disclosed,,,A,active_or_unverified,,not_checked_or_not_disclosed,0.86,in_scope,round1,no,1,0,validated_official_product,businessScope; financing; legalEntity; website,https://www.accessdata.fda.gov/scripts/cdrh/cfdocs/cfpmn/pmn.cfm?id=K960661,1
Solutions For Tomorrow AB,,Europe,SE,Väckelsång,,not_applicable_or_not_disclosed,,,A,active_or_unverified,,not_checked_or_not_disclosed,0.86,in_scope,round1,no,1,0,validated_official_product,businessScope; financing; legalEntity; website,https://www.accessdata.fda.gov/scripts/cdrh/cfdocs/cfpmn/pmn.cfm?id=K251710,1
"Somnics, Inc.",,,TW,Hsinchu County,,not_checked_or_not_disclosed,,sleep_health,A,active_or_unverified,,not_checked_or_not_disclosed,0.86,needs_region_verification,round1,no,1,0,needs_region_verification,businessScope; financing; legalEntity; registeredCapital; website,https://www.accessdata.fda.gov/scripts/cdrh/cfdocs/cfpmn/pmn.cfm?id=K220907,1
"Somnomed, Inc.",,US,US,Plano,,not_applicable_or_not_disclosed,,,A,active_or_unverified,,not_checked_or_not_disclosed,0.86,in_scope,round1,no,1,0,validated_official_product,businessScope; financing; legalEntity; website,https://www.accessdata.fda.gov/scripts/cdrh/cfdocs/cfpmn/pmn.cfm?id=K233497,1
"Sonicaid, Inc.",,US,US,Mchenry,,not_applicable_or_not_disclosed,,,A,active_or_unverified,,not_checked_or_not_disclosed,0.86,in_scope,round1,no,1,0,validated_official_product,businessScope; financing; legalEntity; website,https://www.accessdata.fda.gov/scripts/cdrh/cfdocs/cfpmn/pmn.cfm?id=K812256,1
"Sound Life Sciences, Inc.",,US,US,Seattle,,not_applicable_or_not_disclosed,,,A,active_or_unverified,,not_checked_or_not_disclosed,0.86,in_scope,round1,no,1,0,validated_official_product,businessScope; financing; legalEntity; website,https://www.accessdata.fda.gov/scripts/cdrh/cfdocs/cfpmn/pmn.cfm?id=K211387,1
"Spectrum Dynamics Medical, Ltd.",,,IL,Caesarea,,not_checked_or_not_disclosed,,,A,active_or_unverified,,not_checked_or_not_disclosed,0.86,needs_region_verification,round1,no,1,0,needs_region_verification,businessScope; financing; legalEntity; registeredCapital; website,https://www.accessdata.fda.gov/scripts/cdrh/cfdocs/cfpmn/pmn.cfm?id=K253532,1
St Jude Medical,,US,US,Sylmar,,not_applicable_or_not_disclosed,,samd,A,active_or_unverified,,not_checked_or_not_disclosed,0.86,in_scope,round1,no,1,0,validated_official_product,businessScope; financing; legalEntity; website,https://www.accessdata.fda.gov/scripts/cdrh/cfdocs/cfpmn/pmn.cfm?id=K173232,1
"Stanford Assoc., Inc.",,US,US,Mchenry,,not_applicable_or_not_disclosed,,,A,active_or_unverified,,not_checked_or_not_disclosed,0.86,in_scope,round1,no,1,0,validated_official_product,businessScope; financing; legalEntity; website,https://www.accessdata.fda.gov/scripts/cdrh/cfdocs/cfpmn/pmn.cfm?id=K791862,1
"Sterigard, Inc.",,US,US,Boca Raton,,not_applicable_or_not_disclosed,,,A,active_or_unverified,,not_checked_or_not_disclosed,0.86,in_scope,round1,no,1,0,validated_official_product,businessScope; financing; legalEntity; website,https://www.accessdata.fda.gov/scripts/cdrh/cfdocs/cfpmn/pmn.cfm?id=K912083,1
"Sterne Equipment Co., Ltd.",,,CA,"Brampton, On.",,not_checked_or_not_disclosed,,,A,active_or_unverified,,not_checked_or_not_disclosed,0.86,needs_region_verification,round1,no,1,0,needs_region_verification,businessScope; financing; legalEntity; registeredCapital; website,https://www.accessdata.fda.gov/scripts/cdrh/cfdocs/cfpmn/pmn.cfm?id=K972204,1
Steven Frank Mercereau,,US,US,Conyers,,not_applicable_or_not_disclosed,,,A,active_or_unverified,,not_checked_or_not_disclosed,0.86,in_scope,round1,no,1,0,validated_official_product,businessScope; financing; legalEntity; website,https://www.accessdata.fda.gov/scripts/cdrh/cfdocs/cfpmn/pmn.cfm?id=K931873,1
"Strados Labs, Inc.",,US,US,Philadelphia,,not_applicable_or_not_disclosed,,,A,active_or_unverified,,not_checked_or_not_disclosed,0.86,in_scope,round1,no,1,0,validated_official_product,businessScope; financing; legalEntity; website,https://www.accessdata.fda.gov/scripts/cdrh/cfdocs/cfpmn/pmn.cfm?id=K220893,1
Strato Medical Corp.,,US,US,Beverly,,not_applicable_or_not_disclosed,,,A,active_or_unverified,,not_checked_or_not_disclosed,0.86,in_scope,round1,no,1,0,validated_official_product,businessScope; financing; legalEntity; website,https://www.accessdata.fda.gov/scripts/cdrh/cfdocs/cfpmn/pmn.cfm?id=K844627,1
Stryker Medical,,US,US,Kalamazoo,,not_applicable_or_not_disclosed,,,A,active_or_unverified,,not_checked_or_not_disclosed,0.86,in_scope,round1,no,1,0,validated_official_product,businessScope; financing; legalEntity; website,https://www.accessdata.fda.gov/scripts/cdrh/cfdocs/cfpmn/pmn.cfm?id=K946149,1
Summit World Trade Corp.,,US,US,Hudson,,not_applicable_or_not_disclosed,,,A,active_or_unverified,,not_checked_or_not_disclosed,0.86,in_scope,round1,no,1,0,validated_official_product,businessScope; financing; legalEntity; website,https://www.accessdata.fda.gov/scripts/cdrh/cfdocs/cfpmn/pmn.cfm?id=K901980,1
Sunrise SA,,Europe,BE,Namur,,not_applicable_or_not_disclosed,,,A,active_or_unverified,,not_checked_or_not_disclosed,0.86,in_scope,round1,no,1,0,validated_official_product,businessScope; financing; legalEntity; website,https://www.accessdata.fda.gov/scripts/cdrh/cfdocs/cfpmn/pmn.cfm?id=K222262,1
Supermax Healthcare Canada-Supermax Medical,,,CA,Saint-Bruno-De-Montarville,,not_checked_or_not_disclosed,,,A,active_or_unverified,,not_checked_or_not_disclosed,0.86,needs_region_verification,round1,no,1,0,needs_region_verification,businessScope; financing; legalEntity; registeredCapital; website,https://www.accessdata.fda.gov/scripts/cdrh/cfdocs/cfpmn/pmn.cfm?id=K231005,1
Surgi-Quip Inc.U,,US,US,Mchenry,,not_applicable_or_not_disclosed,,,A,active_or_unverified,,not_checked_or_not_disclosed,0.86,in_scope,round1,no,1,0,validated_official_product,businessScope; financing; legalEntity; website,https://www.accessdata.fda.gov/scripts/cdrh/cfdocs/cfpmn/pmn.cfm?id=K822427,1
"Surgikos, Inc.",,US,US,Arlington,,not_applicable_or_not_disclosed,,,A,active_or_unverified,,not_checked_or_not_disclosed,0.86,in_scope,round1,no,1,0,validated_official_product,businessScope; financing; legalEntity; website,https://www.accessdata.fda.gov/scripts/cdrh/cfdocs/cfpmn/pmn.cfm?id=K875107,1
"Suzhou Zhenwu Medical Co., Ltd.",,China,CN,Suzhou,,not_checked_or_not_disclosed,,,A,active_or_unverified,,not_checked_or_not_disclosed,0.86,out_of_scope_china_city,round1,no,1,0,out_of_scope_china_city,businessScope; financing; legalEntity; registeredCapital; website,https://www.accessdata.fda.gov/scripts/cdrh/cfdocs/cfpmn/pmn.cfm?id=K223208,1
"Sway Medical, Inc.",,US,US,Tulsa,,not_applicable_or_not_disclosed,,,A,active_or_unverified,,not_checked_or_not_disclosed,0.86,in_scope,round1,no,1,0,validated_official_product,businessScope; financing; legalEntity; website,https://www.accessdata.fda.gov/scripts/cdrh/cfdocs/cfpmn/pmn.cfm?id=K241737,1
"Sweetspot Diabetes Care, Inc.",,US,US,Portland,,not_applicable_or_not_disclosed,,chronic_disease_management,A,active_or_unverified,,not_checked_or_not_disclosed,0.86,in_scope,round1,no,1,0,validated_official_product,businessScope; financing; legalEntity; website,https://www.accessdata.fda.gov/scripts/cdrh/cfdocs/cfpmn/pmn.cfm?id=K111509,1
"Symcare Personalized Health Solutions, Inc.",,US,US,Wayne,,not_applicable_or_not_disclosed,,chronic_disease_management,A,active_or_unverified,,not_checked_or_not_disclosed,0.86,in_scope,round1,no,1,0,validated_official_product,businessScope; financing; legalEntity; website,https://www.accessdata.fda.gov/scripts/cdrh/cfdocs/cfpmn/pmn.cfm?id=K093789,1
"Syneron Medical, Ltd.",,,IL,Yokneam Illit,,not_checked_or_not_disclosed,,samd,A,active_or_unverified,,not_checked_or_not_disclosed,0.86,needs_region_verification,round1,no,1,0,needs_region_verification,businessScope; financing; legalEntity; registeredCapital; website,https://www.accessdata.fda.gov/scripts/cdrh/cfdocs/cfpmn/pmn.cfm?id=K050796,1
Taiping Super Holdings Sdn Bhd,,,TW,"34007 Taiping, Perak.",,not_checked_or_not_disclosed,,,A,active_or_unverified,,not_checked_or_not_disclosed,0.86,needs_region_verification,round1,no,1,0,needs_region_verification,businessScope; financing; legalEntity; registeredCapital; website,https://www.accessdata.fda.gov/scripts/cdrh/cfdocs/cfpmn/pmn.cfm?id=K931861,1
"Takara Belmont USA, Inc.",,US,US,West Cadwell,,not_applicable_or_not_disclosed,,,A,active_or_unverified,,not_checked_or_not_disclosed,0.86,in_scope,round1,no,1,0,validated_official_product,businessScope; financing; legalEntity; website,https://www.accessdata.fda.gov/scripts/cdrh/cfdocs/cfpmn/pmn.cfm?id=K041834,1
"Technalithics Laboratories, Inc.",,US,US,Waco,,not_applicable_or_not_disclosed,,,A,active_or_unverified,,not_checked_or_not_disclosed,0.86,in_scope,round1,no,1,0,validated_official_product,businessScope; financing; legalEntity; website,https://www.accessdata.fda.gov/scripts/cdrh/cfdocs/cfpmn/pmn.cfm?id=K962951,1
Tekmedic (M) Sdn Bhd,,,MY,"Jetty, Tanjung Kling, Malacca",,not_checked_or_not_disclosed,,,A,active_or_unverified,,not_checked_or_not_disclosed,0.86,needs_region_verification,round1,no,1,0,needs_region_verification,businessScope; financing; legalEntity; registeredCapital; website,https://www.accessdata.fda.gov/scripts/cdrh/cfdocs/cfpmn/pmn.cfm?id=K121594,1
"Telcam Medical Devices, Inc.",,US,US,Walker,,not_applicable_or_not_disclosed,,,A,active_or_unverified,,not_checked_or_not_disclosed,0.86,in_scope,round1,no,1,0,validated_official_product,businessScope; financing; legalEntity; website,https://www.accessdata.fda.gov/scripts/cdrh/cfdocs/cfpmn/pmn.cfm?id=K832537,1
Tenon Medical,"Tenon Medical, Inc.",US,US,Los Gatos,"Tenon Medical, Inc.",not_applicable_or_not_disclosed,,,A,active_or_unverified,,not_checked_or_not_disclosed,0.86,in_scope,round1,no,2,0,validated_official_product,businessScope; financing; website,https://www.accessdata.fda.gov/scripts/cdrh/cfdocs/cfpmn/pmn.cfm?id=K260477,2
Terang Nusa Sdn Bhd,,,MY,Kota Bharu,,not_checked_or_not_disclosed,,,A,active_or_unverified,,not_checked_or_not_disclosed,0.86,needs_region_verification,round1,no,1,0,needs_region_verification,businessScope; financing; legalEntity; registeredCapital; website,https://www.accessdata.fda.gov/scripts/cdrh/cfdocs/cfpmn/pmn.cfm?id=K170779,1
Terumo Medical Corp.,,US,US,Elkton,,not_applicable_or_not_disclosed,,,A,active_or_unverified,,not_checked_or_not_disclosed,0.86,in_scope,round1,no,1,0,validated_official_product,businessScope; financing; legalEntity; website,https://www.accessdata.fda.gov/scripts/cdrh/cfdocs/cfpmn/pmn.cfm?id=K812338,1
Tg Medical (China) Incorporation,,China,CN,"Zhangjiagang, Jiangsu Province",,not_checked_or_not_disclosed,,,A,active_or_unverified,,not_checked_or_not_disclosed,0.86,out_of_scope_china_city,round1,no,1,0,out_of_scope_china_city,businessScope; financing; legalEntity; registeredCapital; website,https://www.accessdata.fda.gov/scripts/cdrh/cfdocs/cfpmn/pmn.cfm?id=K052984,1
The Biomed Group,,US,US,Mchenry,,not_applicable_or_not_disclosed,,,A,active_or_unverified,,not_checked_or_not_disclosed,0.86,in_scope,round1,no,1,0,validated_official_product,businessScope; financing; legalEntity; website,https://www.accessdata.fda.gov/scripts/cdrh/cfdocs/cfpmn/pmn.cfm?id=K810272,1
The Clell Corp.,,US,US,Arlington,,not_applicable_or_not_disclosed,,,A,active_or_unverified,,not_checked_or_not_disclosed,0.86,in_scope,round1,no,1,0,validated_official_product,businessScope; financing; legalEntity; website,https://www.accessdata.fda.gov/scripts/cdrh/cfdocs/cfpmn/pmn.cfm?id=K860537,1
The ScottCare Corporation,,US,US,Cleveland,,not_applicable_or_not_disclosed,,rehabilitation,A,active_or_unverified,,not_checked_or_not_disclosed,0.86,in_scope,round1,no,1,0,validated_official_product,businessScope; financing; legalEntity; website,https://www.accessdata.fda.gov/scripts/cdrh/cfdocs/cfpmn/pmn.cfm?id=K250259,1
The Skin Care Centre,,,CA,"Ontario, Canada",,not_checked_or_not_disclosed,,,A,active_or_unverified,,not_checked_or_not_disclosed,0.86,needs_region_verification,round1,no,1,0,needs_region_verification,businessScope; financing; legalEntity; registeredCapital; website,https://www.accessdata.fda.gov/scripts/cdrh/cfdocs/cfpmn/pmn.cfm?id=K895737,1
"The Snore Reliever Company, LLC",,US,US,Laguna Niguel,,not_applicable_or_not_disclosed,,sleep_health,A,active_or_unverified,,not_checked_or_not_disclosed,0.86,in_scope,round1,no,1,0,validated_official_product,businessScope; financing; legalEntity; website,https://www.accessdata.fda.gov/scripts/cdrh/cfdocs/cfpmn/pmn.cfm?id=K092942,1
Therapanacea Sas,,Europe,FR,Paris,,not_applicable_or_not_disclosed,,,A,active_or_unverified,,not_checked_or_not_disclosed,0.86,in_scope,round1,no,1,0,validated_official_product,businessScope; financing; legalEntity; website,https://www.accessdata.fda.gov/scripts/cdrh/cfdocs/cfpmn/pmn.cfm?id=K230023,1
Thomasville Medical Assoc.,,US,US,Alpharetta,,not_applicable_or_not_disclosed,,,A,active_or_unverified,,not_checked_or_not_disclosed,0.86,in_scope,round1,no,1,0,validated_official_product,businessScope; financing; legalEntity; website,https://www.accessdata.fda.gov/scripts/cdrh/cfdocs/cfpmn/pmn.cfm?id=K930799,1
"Tns Co., Ltd.",,,KR,Geumcheon-Gu,,not_checked_or_not_disclosed,,,A,active_or_unverified,,not_checked_or_not_disclosed,0.86,needs_region_verification,round1,no,1,0,needs_region_verification,businessScope; financing; legalEntity; registeredCapital; website,https://www.accessdata.fda.gov/scripts/cdrh/cfdocs/cfpmn/pmn.cfm?id=K232074,1
"Togo Medikit Co., Ltd.",,,JP,Tokyo,,not_checked_or_not_disclosed,,,A,active_or_unverified,,not_checked_or_not_disclosed,0.86,needs_region_verification,round1,no,1,0,needs_region_verification,businessScope; financing; legalEntity; registeredCapital; website,https://www.accessdata.fda.gov/scripts/cdrh/cfdocs/cfpmn/pmn.cfm?id=K093546,1
Tomtec Imaging Systems GmbH,,Europe,DE,Unterschleissheim,,not_applicable_or_not_disclosed,,remote_patient_monitoring; samd,A,active_or_unverified,,not_checked_or_not_disclosed,0.86,in_scope,round1,no,1,0,validated_official_product,businessScope; financing; legalEntity; website,https://www.accessdata.fda.gov/scripts/cdrh/cfdocs/cfpmn/pmn.cfm?id=K090461,1
"Topcon Medical Systems, Inc.",,US,US,North Reading,,not_applicable_or_not_disclosed,,samd,A,active_or_unverified,,not_checked_or_not_disclosed,0.86,in_scope,round1,no,1,0,validated_official_product,businessScope; financing; legalEntity; website,https://www.accessdata.fda.gov/scripts/cdrh/cfdocs/cfpmn/pmn.cfm?id=K132438,1
Tornier S.A.S.,,Europe,FR,Montbonnot-Saint-Martin,,not_applicable_or_not_disclosed,,,A,active_or_unverified,,not_checked_or_not_disclosed,0.86,in_scope,round1,no,1,0,validated_official_product,businessScope; financing; legalEntity; website,https://www.accessdata.fda.gov/scripts/cdrh/cfdocs/cfpmn/pmn.cfm?id=K232265,1
"Toshiba America Medical Systems, In.C",,US,US,Tustin,,not_applicable_or_not_disclosed,,,A,active_or_unverified,,not_checked_or_not_disclosed,0.86,in_scope,round1,no,1,0,validated_official_product,businessScope; financing; legalEntity; website,https://www.accessdata.fda.gov/scripts/cdrh/cfdocs/cfpmn/pmn.cfm?id=K896387,1
"Toshiba America Mri, Inc.",,US,US,S. San Francisco,,not_applicable_or_not_disclosed,,samd,A,active_or_unverified,,not_checked_or_not_disclosed,0.86,in_scope,round1,no,1,0,validated_official_product,businessScope; financing; legalEntity; website,https://www.accessdata.fda.gov/scripts/cdrh/cfdocs/cfpmn/pmn.cfm?id=K981475,1
Toshiba Medical Systems,,,JP,"Minato-Ku, Tokyo, 105, Ja",,not_checked_or_not_disclosed,,,A,active_or_unverified,,not_checked_or_not_disclosed,0.86,needs_region_verification,round1,no,1,0,needs_region_verification,businessScope; financing; legalEntity; registeredCapital; website,https://www.accessdata.fda.gov/scripts/cdrh/cfdocs/cfpmn/pmn.cfm?id=K844124,1
Toshibamedical Systems Corporation,,US,US,Tustin,,not_applicable_or_not_disclosed,,,A,active_or_unverified,,not_checked_or_not_disclosed,0.86,in_scope,round1,no,1,0,validated_official_product,businessScope; financing; legalEntity; website,https://www.accessdata.fda.gov/scripts/cdrh/cfdocs/cfpmn/pmn.cfm?id=K041027,1
Transidyne General Corp.,,US,US,Ann Arbor,,not_applicable_or_not_disclosed,,,A,active_or_unverified,,not_checked_or_not_disclosed,0.86,in_scope,round1,no,1,0,validated_official_product,businessScope; financing; legalEntity; website,https://www.accessdata.fda.gov/scripts/cdrh/cfdocs/cfpmn/pmn.cfm?id=K897133,1
"Transtimulation Research, Inc.",,US,US,Oklahoma City,,not_applicable_or_not_disclosed,,,A,active_or_unverified,,not_checked_or_not_disclosed,0.86,in_scope,round1,no,1,0,validated_official_product,businessScope; financing; legalEntity; website,https://www.accessdata.fda.gov/scripts/cdrh/cfdocs/cfpmn/pmn.cfm?id=K230526,1
Trex Enterprises Corp.,,US,US,San Diego,,not_applicable_or_not_disclosed,,,A,active_or_unverified,,not_checked_or_not_disclosed,0.86,in_scope,round1,no,1,0,validated_official_product,businessScope; financing; legalEntity; website,https://www.accessdata.fda.gov/scripts/cdrh/cfdocs/cfpmn/pmn.cfm?id=K012379,1
"Tung Keng Enterprise Co., Ltd.",,,TW,Hsin-Chu City,,not_checked_or_not_disclosed,,,A,active_or_unverified,,not_checked_or_not_disclosed,0.86,needs_region_verification,round1,no,1,0,needs_region_verification,businessScope; financing; legalEntity; registeredCapital; website,https://www.accessdata.fda.gov/scripts/cdrh/cfdocs/cfpmn/pmn.cfm?id=K033240,1
"U.S. Mfg. & Management, Inc.",,US,US,Bristol,,not_applicable_or_not_disclosed,,,A,active_or_unverified,,not_checked_or_not_disclosed,0.86,in_scope,round1,no,1,0,validated_official_product,businessScope; financing; legalEntity; website,https://www.accessdata.fda.gov/scripts/cdrh/cfdocs/cfpmn/pmn.cfm?id=K920860,1
U&I Corporation,,,KR,Uijeongbu-Si,,not_checked_or_not_disclosed,,mental_health,A,active_or_unverified,,not_checked_or_not_disclosed,0.86,needs_region_verification,round1,no,1,0,needs_region_verification,businessScope; financing; legalEntity; registeredCapital; website,https://www.accessdata.fda.gov/scripts/cdrh/cfdocs/cfpmn/pmn.cfm?id=K181824,1
"Uni-Patch, Inc.",,US,US,Wabasha,,not_applicable_or_not_disclosed,,,A,active_or_unverified,,not_checked_or_not_disclosed,0.86,in_scope,round1,no,1,0,validated_official_product,businessScope; financing; legalEntity; website,https://www.accessdata.fda.gov/scripts/cdrh/cfdocs/cfpmn/pmn.cfm?id=K962332,1
"United Health Group, Inc.",,US,US,Rye Brook,,not_applicable_or_not_disclosed,,internet_healthcare; samd,A,active_or_unverified,,not_checked_or_not_disclosed,0.86,in_scope,round1,no,1,0,validated_official_product,businessScope; financing; legalEntity; website,https://www.accessdata.fda.gov/scripts/cdrh/cfdocs/cfpmn/pmn.cfm?id=K171406,1
"Universal Gym Equipment, Inc.",,US,US,New York,,not_applicable_or_not_disclosed,,rehabilitation,A,active_or_unverified,,not_checked_or_not_disclosed,0.86,in_scope,round1,no,1,0,validated_official_product,businessScope; financing; legalEntity; website,https://www.accessdata.fda.gov/scripts/cdrh/cfdocs/cfpmn/pmn.cfm?id=K873659,1
"Utah Medical Products, Inc.",UTAH MEDICAL PRODUCTS INC,US,US,Midvale,UTAH MEDICAL PRODUCTS INC,not_applicable_or_not_disclosed,,,A,active_or_unverified,,not_checked_or_not_disclosed,0.86,in_scope,round1,no,2,0,validated_official_product,businessScope; financing; website,https://www.accessdata.fda.gov/scripts/cdrh/cfdocs/cfpmn/pmn.cfm?id=K955663,2
"Varian Medical Systems, Inc.",,US,US,Palo Alto,,not_applicable_or_not_disclosed,,,A,active_or_unverified,,not_checked_or_not_disclosed,0.86,in_scope,round1,no,1,0,validated_official_product,businessScope; financing; legalEntity; website,https://www.accessdata.fda.gov/scripts/cdrh/cfdocs/cfpmn/pmn.cfm?id=K173838,1
"Viasys Sleep Systems, LLC",,US,US,Chatsworth,,not_applicable_or_not_disclosed,,,A,active_or_unverified,,not_checked_or_not_disclosed,0.86,in_scope,round1,no,1,0,validated_official_product,businessScope; financing; legalEntity; website,https://www.accessdata.fda.gov/scripts/cdrh/cfdocs/cfpmn/pmn.cfm?id=K071069,1
Vidar Systems Corp.,,US,US,Waterbury,,not_applicable_or_not_disclosed,,,A,active_or_unverified,,not_checked_or_not_disclosed,0.86,in_scope,round1,no,1,0,validated_official_product,businessScope; financing; legalEntity; website,https://www.accessdata.fda.gov/scripts/cdrh/cfdocs/cfpmn/pmn.cfm?id=K070563,1
"Vignet, Inc.",,US,US,Pleasanton,,not_applicable_or_not_disclosed,,internet_healthcare,A,active_or_unverified,,not_checked_or_not_disclosed,0.86,in_scope,round1,no,1,0,validated_official_product,businessScope; financing; legalEntity; website,https://www.accessdata.fda.gov/scripts/cdrh/cfdocs/cfpmn/pmn.cfm?id=K113446,1
"Vista Lifesciences, Inc.",,US,US,Parker,,not_applicable_or_not_disclosed,,,A,active_or_unverified,,not_checked_or_not_disclosed,0.86,in_scope,round1,no,2,0,validated_official_product,businessScope; financing; legalEntity; website,https://www.accessdata.fda.gov/scripts/cdrh/cfdocs/cfpmn/pmn.cfm?id=K150154,2
"Viterion Telehealthcare, LLC",,US,US,Tarrytown,,not_applicable_or_not_disclosed,,internet_healthcare,A,active_or_unverified,,not_checked_or_not_disclosed,0.86,in_scope,round1,no,1,0,validated_official_product,businessScope; financing; legalEntity; website,https://www.accessdata.fda.gov/scripts/cdrh/cfdocs/cfpmn/pmn.cfm?id=K030419,1
"Vivometrics, Inc.",,US,US,Washington,,not_applicable_or_not_disclosed,,samd,A,active_or_unverified,,not_checked_or_not_disclosed,0.86,in_scope,round1,no,1,0,validated_official_product,businessScope; financing; legalEntity; website,https://www.accessdata.fda.gov/scripts/cdrh/cfdocs/cfpmn/pmn.cfm?id=K043604,1
Volcano Corporation,,US,US,San Diego,,not_applicable_or_not_disclosed,,,A,active_or_unverified,,not_checked_or_not_disclosed,0.86,in_scope,round1,no,1,0,validated_official_product,businessScope; financing; legalEntity; website,https://www.accessdata.fda.gov/scripts/cdrh/cfdocs/cfpmn/pmn.cfm?id=K150442,1
Warner-Lambert Co.,,US,US,Mchenry,,not_applicable_or_not_disclosed,,,A,active_or_unverified,,not_checked_or_not_disclosed,0.86,in_scope,round1,no,1,0,validated_official_product,businessScope; financing; legalEntity; website,https://www.accessdata.fda.gov/scripts/cdrh/cfdocs/cfpmn/pmn.cfm?id=K822248,1
Watermark Medical,,US,US,Brookfield,,not_applicable_or_not_disclosed,,samd,A,active_or_unverified,,not_checked_or_not_disclosed,0.86,in_scope,round1,no,1,0,validated_official_product,businessScope; financing; legalEntity; website,https://www.accessdata.fda.gov/scripts/cdrh/cfdocs/cfpmn/pmn.cfm?id=K120325,1
"Wen Hao, Inc.",,US,US,Seal Beach,,not_applicable_or_not_disclosed,,,A,active_or_unverified,,not_checked_or_not_disclosed,0.86,in_scope,round1,no,1,0,validated_official_product,businessScope; financing; legalEntity; website,https://www.accessdata.fda.gov/scripts/cdrh/cfdocs/cfpmn/pmn.cfm?id=K893025,1
Wfr/Aquaplast Corp.,,US,US,Wyckoff,,not_applicable_or_not_disclosed,,mental_health,A,active_or_unverified,,not_checked_or_not_disclosed,0.86,in_scope,round1,no,1,0,validated_official_product,businessScope; financing; legalEntity; website,https://www.accessdata.fda.gov/scripts/cdrh/cfdocs/cfpmn/pmn.cfm?id=K032156,1
"Whiplash Analysis, Inc.",,US,US,Phoenix,,not_applicable_or_not_disclosed,,,A,active_or_unverified,,not_checked_or_not_disclosed,0.86,in_scope,round1,no,1,0,validated_official_product,businessScope; financing; legalEntity; website,https://www.accessdata.fda.gov/scripts/cdrh/cfdocs/cfpmn/pmn.cfm?id=K943430,1
"Widex Hearing Aid Co., Inc.",,US,US,Long Island City,,not_applicable_or_not_disclosed,,,A,active_or_unverified,,not_checked_or_not_disclosed,0.86,in_scope,round1,no,1,0,validated_official_product,businessScope; financing; legalEntity; website,https://www.accessdata.fda.gov/scripts/cdrh/cfdocs/cfpmn/pmn.cfm?id=K897033,1
Wrp Specialty Products Sdn. Bhd.,,,MY,"Sepang, Selangor",,not_checked_or_not_disclosed,,,A,active_or_unverified,,not_checked_or_not_disclosed,0.86,needs_region_verification,round1,no,1,0,needs_region_verification,businessScope; financing; legalEntity; registeredCapital; website,https://www.accessdata.fda.gov/scripts/cdrh/cfdocs/cfpmn/pmn.cfm?id=K021396,1
"Wuestec Medical, Inc.",,US,US,Mobile,,not_applicable_or_not_disclosed,,,A,active_or_unverified,,not_checked_or_not_disclosed,0.86,in_scope,round1,no,1,0,validated_official_product,businessScope; financing; legalEntity; website,https://www.accessdata.fda.gov/scripts/cdrh/cfdocs/cfpmn/pmn.cfm?id=K974240,1
"Wuxi Shenzhou Plastic Products Co., Ltd.",,China,CN,"Haidian District, Beijing",,not_checked_or_not_disclosed,,,A,active_or_unverified,,not_checked_or_not_disclosed,0.86,out_of_scope_china_city,round1,no,1,0,out_of_scope_china_city,businessScope; financing; legalEntity; registeredCapital; website,https://www.accessdata.fda.gov/scripts/cdrh/cfdocs/cfpmn/pmn.cfm?id=K070149,1
"Yurob Rehabilitation Medical Co., Ltd.",,China,CN,Kunshan,,not_checked_or_not_disclosed,,,A,active_or_unverified,,not_checked_or_not_disclosed,0.86,out_of_scope_china_city,round1,no,1,0,out_of_scope_china_city,businessScope; financing; legalEntity; registeredCapital; website,https://www.accessdata.fda.gov/scripts/cdrh/cfdocs/cfpmn/pmn.cfm?id=K232193,1
"Zdi, Solutions, LLC",,US,US,Knoxville,,not_applicable_or_not_disclosed,,,A,active_or_unverified,,not_checked_or_not_disclosed,0.86,in_scope,round1,no,1,0,validated_official_product,businessScope; financing; legalEntity; website,https://www.accessdata.fda.gov/scripts/cdrh/cfdocs/cfpmn/pmn.cfm?id=K162002,1
"Zhonghong Pulin Medical Products Co., Ltd.",,China,CN,Tangshan,,not_checked_or_not_disclosed,,,A,active_or_unverified,,not_checked_or_not_disclosed,0.86,out_of_scope_china_city,round1,no,1,0,out_of_scope_china_city,businessScope; financing; legalEntity; registeredCapital; website,https://www.accessdata.fda.gov/scripts/cdrh/cfdocs/cfpmn/pmn.cfm?id=K231029,1
"Zoe Medical, Inc.",,US,US,Topsfield,,not_applicable_or_not_disclosed,,remote_patient_monitoring,A,active_or_unverified,,not_checked_or_not_disclosed,0.86,in_scope,round1,no,1,0,validated_official_product,businessScope; financing; legalEntity; website,https://www.accessdata.fda.gov/scripts/cdrh/cfdocs/cfpmn/pmn.cfm?id=K130740,1
 江西维德医疗健康管理有限公司,,China,CN,,,not_checked_or_not_disclosed,,health_management_platform,A,active_or_unverified,,not_checked_or_not_disclosed,0.85,needs_city_verification,round1,no,2,0,needs_city_verification,businessScope; city; financing; legalEntity; registeredCapital; website,https://udi.nmpa.gov.cn/showDetailCX.html?deviceRecordKey=06970360996036202404121206310,2
卓越星河健康管理（南京）有限公司,,China,CN,,,not_checked_or_not_disclosed,,health_management_platform,A,active_or_unverified,,not_checked_or_not_disclosed,0.85,needs_city_verification,round1,no,2,0,needs_city_verification,businessScope; city; financing; legalEntity; registeredCapital; website,https://udi.nmpa.gov.cn/showDetailCX.html?deviceRecordKey=b3f48fe79015490d99c46888a74af1fc,2
思澜科技（成都）有限公司,,China,CN,成都,,not_checked_or_not_disclosed,,remote_patient_monitoring; sleep_health,A,active_or_unverified,,not_checked_or_not_disclosed,0.85,in_scope,round1,no,2,0,validated_official_product,businessScope; financing; legalEntity; registeredCapital; website,https://udi.nmpa.gov.cn/showDetailCX.html?deviceRecordKey=4425365e8e2f450280940b64ac1c59dc,2
海南齐佳智能科技有限公司,,China,CN,,,not_checked_or_not_disclosed,,mental_health; rehabilitation; samd,A,active_or_unverified,,not_checked_or_not_disclosed,0.85,needs_city_verification,round1,no,2,0,needs_city_verification,businessScope; city; financing; legalEntity; registeredCapital; website,https://udi.nmpa.gov.cn/showDetailCX.html?deviceRecordKey=895bdefe706046a3bb310582ade31a21,2
深圳市艾利特医疗科技有限公司,,China,CN,深圳,,not_checked_or_not_disclosed,,mental_health,A,active_or_unverified,,not_checked_or_not_disclosed,0.85,in_scope,round1,no,2,0,validated_official_product,businessScope; financing; legalEntity; registeredCapital; website,https://udi.nmpa.gov.cn/showDetailCX.html?deviceRecordKey=0697070604106220250928113343202,2
爱乔（上海）医疗科技有限公司,,China,CN,上海,,not_checked_or_not_disclosed,,samd,A,active_or_unverified,,not_checked_or_not_disclosed,0.85,in_scope,round1,no,2,0,validated_official_product,businessScope; financing; legalEntity; registeredCapital; website,https://udi.nmpa.gov.cn/showDetailCX.html?deviceRecordKey=0697153589112520220518112542940,2
长沙奥科维电子有限公司,,China,CN,,,not_checked_or_not_disclosed,,chronic_disease_management,A,active_or_unverified,,not_checked_or_not_disclosed,0.85,needs_city_verification,round1,no,2,0,needs_city_verification,businessScope; city; financing; legalEntity; registeredCapital; website,https://udi.nmpa.gov.cn/showDetailCX.html?deviceRecordKey=0697621210001920230423020207567,2
上海鹰瞳医疗科技有限公司,,China,CN,上海,,not_checked_or_not_disclosed,,chronic_disease_management; clinical_workflow; samd,A,active_or_unverified,,not_checked_or_not_disclosed,0.84,in_scope,round1,no,1,0,validated_official_product,businessScope; financing; legalEntity; registeredCapital; website,https://udi.nmpa.gov.cn/showDetailCX.html?deviceRecordKey=0697492288000920211219105757265,1
云智康医疗科技（内蒙古）有限公司,,China,CN,,,not_checked_or_not_disclosed,,remote_patient_monitoring; sleep_health,A,active_or_unverified,,not_checked_or_not_disclosed,0.84,needs_city_verification,round1,no,1,0,needs_city_verification,businessScope; city; financing; legalEntity; registeredCapital; website,https://udi.nmpa.gov.cn/showDetailCX.html?deviceRecordKey=13ff18ac57eb4e89a3dee8cc6d094806,1
伯乐实验有限公司,,China,CN,,,not_checked_or_not_disclosed,,chronic_disease_management; remote_patient_monitoring,A,active_or_unverified,,not_checked_or_not_disclosed,0.84,needs_city_verification,round1,no,1,0,needs_city_verification,businessScope; city; financing; legalEntity; registeredCapital; website,https://udi.nmpa.gov.cn/showDetailCX.html?deviceRecordKey=036105223607342025092803570325,1
北京新兴阳升科技有限公司,,China,CN,北京,,not_checked_or_not_disclosed,,remote_patient_monitoring; sleep_health,A,active_or_unverified,,not_checked_or_not_disclosed,0.84,in_scope,round1,no,1,0,validated_official_product,businessScope; financing; legalEntity; registeredCapital; website,https://udi.nmpa.gov.cn/showDetailCX.html?deviceRecordKey=0697568534000720230304082002422,1
北京致远慧图科技有限公司,,China,CN,北京,,not_checked_or_not_disclosed,,chronic_disease_management; clinical_workflow; samd,A,active_or_unverified,,not_checked_or_not_disclosed,0.84,in_scope,round1,no,1,0,validated_official_product,businessScope; financing; legalEntity; registeredCapital; website,https://udi.nmpa.gov.cn/showDetailCX.html?deviceRecordKey=0697516973001020220120030704594,1
北京航天卡迪技术开发研究所,,China,CN,北京,,not_checked_or_not_disclosed,,remote_patient_monitoring; sleep_health,A,active_or_unverified,,not_checked_or_not_disclosed,0.84,in_scope,round1,no,1,0,validated_official_product,businessScope; financing; legalEntity; registeredCapital; website,https://udi.nmpa.gov.cn/showDetailCX.html?deviceRecordKey=0692066571720120251017011019242,1
北京锐视康科技发展有限公司,,China,CN,北京,,not_checked_or_not_disclosed,,remote_patient_monitoring; samd,A,active_or_unverified,,not_checked_or_not_disclosed,0.84,in_scope,round1,no,1,0,validated_official_product,businessScope; financing; legalEntity; registeredCapital; website,https://udi.nmpa.gov.cn/showDetailCX.html?deviceRecordKey=0697399055003620220429111501082,1
广西雅斯生物科技有限公司,,China,CN,,,not_checked_or_not_disclosed,,remote_patient_monitoring,A,active_or_unverified,,not_checked_or_not_disclosed,0.84,needs_city_verification,round1,no,1,0,needs_city_verification,businessScope; city; financing; legalEntity; registeredCapital; website,https://udi.nmpa.gov.cn/showDetailCX.html?deviceRecordKey=16bcea9cc731422194ffa7c765da0323,1
徐州市科健高新技术有限公司,,China,CN,,,not_checked_or_not_disclosed,,chronic_disease_management,A,active_or_unverified,,not_checked_or_not_disclosed,0.84,needs_city_verification,round1,no,1,0,needs_city_verification,businessScope; city; financing; legalEntity; registeredCapital; website,https://udi.nmpa.gov.cn/showDetailCX.html?deviceRecordKey=06975283415138202205101045050,1
河北深灵医疗科技有限公司,,China,CN,,,not_checked_or_not_disclosed,,sleep_health,A,active_or_unverified,,not_checked_or_not_disclosed,0.84,needs_city_verification,round1,no,1,0,needs_city_verification,businessScope; city; financing; legalEntity; registeredCapital; website,https://udi.nmpa.gov.cn/showDetailCX.html?deviceRecordKey=0697758417001320250519034302079,1
河南华南医电科技有限公司,,China,CN,,,not_checked_or_not_disclosed,,remote_patient_monitoring; sleep_health,A,active_or_unverified,,not_checked_or_not_disclosed,0.84,needs_city_verification,round1,no,1,0,needs_city_verification,businessScope; city; financing; legalEntity; registeredCapital; website,https://udi.nmpa.gov.cn/showDetailCX.html?deviceRecordKey=0697456412010520230131012921496,1
海口安至科技有限公司,,China,CN,,,not_checked_or_not_disclosed,,sleep_health,A,active_or_unverified,,not_checked_or_not_disclosed,0.84,needs_city_verification,round1,no,1,0,needs_city_verification,businessScope; city; financing; legalEntity; registeredCapital; website,https://udi.nmpa.gov.cn/showDetailCX.html?deviceRecordKey=0697723824006220250623012627084,1
深圳市昭蓝生物科技有限公司,,China,CN,深圳,,not_checked_or_not_disclosed,,chronic_disease_management,A,active_or_unverified,,not_checked_or_not_disclosed,0.84,in_scope,round1,no,1,0,validated_official_product,businessScope; financing; legalEntity; registeredCapital; website,https://udi.nmpa.gov.cn/showDetailCX.html?deviceRecordKey=06973880810523202310110930463,1
深圳市美连医疗电子股份有限公司,,China,CN,深圳,,not_checked_or_not_disclosed,,remote_patient_monitoring,A,active_or_unverified,,not_checked_or_not_disclosed,0.84,in_scope,round1,no,1,0,validated_official_product,businessScope; financing; legalEntity; registeredCapital; website,https://udi.nmpa.gov.cn/showDetailCX.html?deviceRecordKey=1694441404251920260511110759856,1
深圳硅基智能科技有限公司,,China,CN,深圳,,not_checked_or_not_disclosed,,chronic_disease_management; clinical_workflow; samd,A,active_or_unverified,,not_checked_or_not_disclosed,0.84,in_scope,round1,no,1,0,validated_official_product,businessScope; financing; legalEntity; registeredCapital; website,https://udi.nmpa.gov.cn/showDetailCX.html?deviceRecordKey=0697524021000420220706052022106,1
苏州体素信息科技有限公司,,China,CN,,,not_checked_or_not_disclosed,,chronic_disease_management; clinical_workflow; samd,A,active_or_unverified,,not_checked_or_not_disclosed,0.84,needs_city_verification,round1,no,1,0,needs_city_verification,businessScope; city; financing; legalEntity; registeredCapital; website,https://udi.nmpa.gov.cn/showDetailCX.html?deviceRecordKey=0697517062001020221026035231561,1
英国雅培糖尿病护理公司Abbott Diabetes Care Ltd.,,China,CN,,,not_checked_or_not_disclosed,,chronic_disease_management; remote_patient_monitoring,A,active_or_unverified,,not_checked_or_not_disclosed,0.84,needs_city_verification,round1,no,1,0,needs_city_verification,businessScope; city; financing; legalEntity; registeredCapital; website,https://udi.nmpa.gov.cn/showDetailCX.html?deviceRecordKey=00093815713579202205260441100,1
赛尔生物,,China,CN,,,not_checked_or_not_disclosed,,chronic_disease_management,A,active_or_unverified,,not_checked_or_not_disclosed,0.84,needs_city_verification,round1,no,1,0,needs_city_verification,businessScope; city; financing; legalEntity; registeredCapital; website,https://udi.nmpa.gov.cn/showDetailCX.html?deviceRecordKey=06975491760105202206230544050,1
RecoveryPlus.health,Recovery Plus USA Inc; Recovery Plus,US,US,New York,,not_applicable_or_not_disclosed,"Cardiopulmonary Rehab for At-Home Heart & Pulmonary Recovery; RecoveryPlus.health is a remote coronary rehab platform for heart surgery and such conditions as long COVID and Type 2 diabetes , as well as those at risk. Learn more.",chronic_disease_management; internet_healthcare; rehabilitation; remote_patient_monitoring,B,active_or_unverified,https://www.recoveryplus.health/,not_checked_or_not_disclosed,0.92,in_scope,round2,yes,4,1,validated_strong,financing; legalEntity,https://www.recoveryplus.health/about/,5
"Co-Diagnostics, Inc.",,US,US,,"Co-Diagnostics, Inc.",not_applicable_or_not_disclosed,,,B,active_or_unverified,,not_checked_or_not_disclosed,0.86,in_scope,round1,no,5,0,validated_strong,businessScope; financing; website,https://www.sec.gov/edgar/browse/?CIK=1692415,5
R F INDUSTRIES LTD,,US,US,,R F INDUSTRIES LTD,not_applicable_or_not_disclosed,,,B,active_or_unverified,,not_checked_or_not_disclosed,0.86,in_scope,round1,no,5,0,validated_strong,businessScope; financing; website,https://www.sec.gov/edgar/browse/?CIK=740664,5
"Teladoc Health, Inc.",Teladoc Health,US,US,Purchase,"Teladoc Health, Inc.",not_applicable_or_not_disclosed,"Teladoc Health | Virtual Care, Telehealth & Expert Medical Support; Get 24/7 access to doctors, mental health support and specialty care with virtual healthcare and telehealth solutions for individuals and organizations from Teladoc Health.",chronic_disease_management; internet_healthcare; mental_health; remote_patient_monitoring,B,active_or_unverified,https://www.teladochealth.com/,not_checked_or_not_disclosed,0.85,in_scope,round1+round2,yes,3,1,validated_strong,financing,https://www.sec.gov/edgar/browse/?CIK=1477449,4
Akili,Akili Interactive; Akili Interactive Labs; EndeavorRx,US,US,Boston,,not_checked_or_not_disclosed,Akili Interactive; Akili Interactive is a prescription digital medicine company combining scientific and clinical rigor with the ingenuity of the tech industry to reinvent medicine.,digital_therapeutics; mental_health,B,active_or_unverified,https://www.akiliinteractive.com/,not_checked_or_not_disclosed,0.78,in_scope,round1+round2,yes,1,1,validated_strong,financing; legalEntity; registeredCapital,https://dtxalliance.org/members/akili-interactive/,3
Doctolib,,Europe,FR,Paris,,not_applicable_or_not_disclosed,Doctolib | About Us; Doctolib Connect changes internal communication in modern healthcare and promote collaboration across medical institutions.,online_consultation; remote_patient_monitoring,B,active_or_unverified,https://www.doctolib.fr/,not_checked_or_not_disclosed,0.78,in_scope,round2,yes,2,1,validated_strong,financing; legalEntity,https://connect.doctolib.com/about-doctolib,3
Headspace Health,Headspace; Ginger,US,US,Santa Monica,,not_applicable_or_not_disclosed,End-to-End Mental Health Care for Organizations | Headspace,internet_healthcare; mental_health,B,active_or_unverified,https://organizations.headspace.com/,not_checked_or_not_disclosed,0.78,in_scope,round2,yes,2,1,validated_strong,financing; legalEntity,https://organizations.headspace.com/,3
"Hinge Health, Inc.",Hinge Health,US,US,San Francisco,"Hinge Health, Inc.",not_applicable_or_not_disclosed,Virtual Physical Therapy and More: Personalized Pain Care; The #1 clinic for joint & muscle pain. Join today and take control of your pain with access to our personalized virtual physical therapy program,internet_healthcare; rehabilitation,B,active_or_unverified,https://www.hingehealth.com/,not_checked_or_not_disclosed,0.78,in_scope,round1+round2,yes,2,1,validated_strong,financing,https://www.sec.gov/edgar/browse/?CIK=1673743,3
Livongo,Livongo Health; Teladoc Health chronic care,US,US,Mountain View,,not_applicable_or_not_disclosed,Online Chronic Care Management | Livongo by Teladoc Health; Discover expert-led care for managing your health conditions from Livongo by Teladoc Health,chronic_disease_management; internet_healthcare; remote_patient_monitoring,B,active_or_unverified,https://www.teladochealth.com/livongo,not_checked_or_not_disclosed,0.78,in_scope,round2,yes,2,1,validated_strong,financing; legalEntity,https://www.teladochealth.com/livongo,3
medrhythms,MedRhythms,US,US,Portland,,not_checked_or_not_disclosed,Next-Generation Neurotherapeutics to Support Walking | MedRhythms; MedRhythms develops next-generation neurotherapeutics and medical devices that deliver rhythmic auditory stimulation (RAS) to support walking,digital_therapeutics; rehabilitation,B,active_or_unverified,https://www.medrhythms.com/,not_checked_or_not_disclosed,0.78,in_scope,round1+round2,yes,1,1,validated_strong,financing; legalEntity; registeredCapital,https://dtxalliance.org/members/medrhythms/,3
"Omada Health, Inc.",Omada Health,US,US,San Francisco,"Omada Health, Inc.",not_applicable_or_not_disclosed,Manage Chronic Conditions & Embrace Your Health | Omada Health; Omada is a virtual care solution with personalized chronic disease management programs designed to adapt to every member. Check your eligibility today!,chronic_disease_management; internet_healthcare; remote_patient_monitoring,B,active_or_unverified,https://www.omadahealth.com/,not_checked_or_not_disclosed,0.78,in_scope,round1+round2,yes,2,1,validated_strong,financing,https://www.sec.gov/edgar/browse/?CIK=1611115,3
Orexo digital therapeutics,Orexo; MODIA; deprexis,Europe,SE,Uppsala,,not_applicable_or_not_disclosed,Opioid use disorder | Orexo,digital_therapeutics,B,active_or_unverified,https://www.orexo.com/therapeutic-focus/opioid-use-disorder-oud/,not_checked_or_not_disclosed,0.78,in_scope,round2,yes,2,1,validated_strong,financing; legalEntity,https://www.orexo.com/therapeutic-focus/opioid-use-disorder-oud/,3
welldoc,WellDoc; Welldoc; BlueStar,US,US,Columbia,,not_checked_or_not_disclosed,Welldoc | Healthcare-Ready AI,chronic_disease_management; digital_therapeutics,B,active_or_unverified,https://www.welldoc.com/,not_checked_or_not_disclosed,0.78,in_scope,round1+round2,yes,1,1,validated_strong,financing; legalEntity; registeredCapital,https://dtxalliance.org/members/welldoc/,3
成都尚医信息科技有限公司,尚医科技; R Plus Health; 术康,China,CN,成都,,not_checked_or_not_disclosed,"CF PharmTech and Chengdu Shangyi Launch the &quot;Home-Based Recovery Program for Discharged Covid-19 Patients&quot; and Announce Today's Global Release of the &quot;R Plus Health&quot; Free App; /PRNewswire/ -- CF PharmTech, Inc. is a full",rehabilitation; samd,B,active_or_unverified,,not_checked_or_not_disclosed,0.78,in_scope,round2,yes,0,1,validated_multi_source,financing; legalEntity; registeredCapital; website,https://www.prnewswire.com/news-releases/cf-pharmtech-and-chengdu-shangyi-launch-the-home-based-recovery-program-for-discharged-covid-19-patients-and-announce-todays-global-release-of-the-r-plus-health-free-app-301219070.html,3
Ada Health,,Europe,DE,Berlin,,not_applicable_or_not_disclosed,"Health. Powered by Ada.; Hi. We&#x27;re Ada. Our symptom assessment helps people manage their health, and our enterprise solutions help our partners improve health and care. See how we can help you too.",health_management_platform; online_consultation; patient_engagement,B,active_or_unverified,https://ada.com/,not_checked_or_not_disclosed,0.71,in_scope,round2,yes,1,1,validated_strong,financing; legalEntity,https://ada.com/,2
Amwell,American Well,US,US,Boston,,not_applicable_or_not_disclosed,"Your Partner in Care Delivery | Amwell; Discover how Amwell supports payers and providers with a seamless technology-based platform, improving access to care across programs and partners.",internet_healthcare; remote_patient_monitoring,B,active_or_unverified,https://business.amwell.com/,not_checked_or_not_disclosed,0.71,in_scope,round2,yes,1,1,validated_strong,financing; legalEntity,https://business.amwell.com/,2
AppliedVR,,US,US,Los Angeles,,not_applicable_or_not_disclosed,AppliedVR,digital_therapeutics; samd,B,active_or_unverified,https://www.appliedvr.io/,not_checked_or_not_disclosed,0.71,in_scope,round2,yes,1,1,validated_strong,financing; legalEntity,https://www.appliedvr.io/,2
Biofourmis,,US,US,Boston,,not_applicable_or_not_disclosed,Biofourmis | Revolutionize the delivery of care,digital_therapeutics; internet_healthcare; remote_patient_monitoring,B,active_or_unverified,https://www.biofourmis.com/,not_checked_or_not_disclosed,0.71,in_scope,round2,yes,1,1,validated_strong,financing; legalEntity,https://www.biofourmis.com/,2
Cara Care,HiDoc Technologies,Europe,DE,Berlin,,not_applicable_or_not_disclosed,"Cara Care – Hilfe bei Reizdarm | Digitale Therapie per Rezept; Reizdarm, Blähungen, Bauchschmerzen oder Durchfall? Cara Care für Reizdarm bietet eine digitale Therapie, die wissenschaftlich geprüft ist und per ärztlicher Verschreibung genut",chronic_disease_management,B,active_or_unverified,https://cara.care/,not_checked_or_not_disclosed,0.71,in_scope,round2,yes,1,1,validated_strong,financing; legalEntity,https://cara.care/,2
Click Therapeutics,,US,US,New York,,not_applicable_or_not_disclosed,Click Therapeutics - Where Science Meets Software; We combine neuroscience with the power of software to create patient-centric digital treatments. Discover our prescription digital therapeutics and software-enhanced drug therapies.,digital_therapeutics; samd,B,active_or_unverified,https://clicktherapeutics.com/,not_checked_or_not_disclosed,0.71,in_scope,round2,yes,1,1,validated_strong,financing; legalEntity,https://clicktherapeutics.com/,2
Current Health,Best Buy Health Current Health,Europe,GB,Edinburgh,,not_applicable_or_not_disclosed,"Current Health; Current Health provides the clinical and operational infrastructure that makes advanced therapies and complex care safe, scalable, and accessible in community and home settings.",remote_patient_monitoring,B,active_or_unverified,https://currenthealth.com/,not_checked_or_not_disclosed,0.71,in_scope,round2,yes,1,1,validated_strong,financing; legalEntity,https://currenthealth.com/,2
Glooko,,US,US,Palo Alto,,not_applicable_or_not_disclosed,"Leading Diabetes Management Platform | Glooko; Glooko connects patients, providers, and devices to simplify diabetes care, streamline workflows, and deliver measurable health outcomes.",chronic_disease_management; remote_patient_monitoring,B,active_or_unverified,https://glooko.com/,not_checked_or_not_disclosed,0.71,in_scope,round2,yes,1,1,validated_strong,financing; legalEntity,https://glooko.com/,2
Infermedica,,Europe,PL,Wroclaw,,not_applicable_or_not_disclosed,"Infermedica&#x27;s clinical AI triage for accurate patient care navigation; Clinical AI triage that guides patients to the right care via chat, voice, or call center. Built by clinicians trusted by patients.",clinical_workflow,B,active_or_unverified,https://infermedica.com/,not_checked_or_not_disclosed,0.71,in_scope,round2,yes,1,1,validated_strong,financing; legalEntity,https://infermedica.com/,2
Kaia Health,,US,US,New York,,not_applicable_or_not_disclosed,Digital-First Care for Musculoskeletal Pain | Kaia Health; Access pain relief in the palm of your hand with Kaia Health.,rehabilitation,B,active_or_unverified,https://www.kaiahealth.com/,not_checked_or_not_disclosed,0.71,in_scope,round2,yes,1,1,validated_strong,financing; legalEntity,https://www.kaiahealth.com/,2
Kry/Livi,Kry; Livi,Europe,SE,Stockholm,,not_applicable_or_not_disclosed,Livi | Building better healthcare for everyone; Livi is Europe’s leading digital healthcare provider. We combine digital technology with clinical expertise to help NHS services and health insurers solve the biggest challenges in healthcare.,internet_healthcare; online_consultation,B,active_or_unverified,https://www.livi.co.uk/,not_checked_or_not_disclosed,0.71,in_scope,round2,yes,1,1,validated_strong,financing; legalEntity,https://www.livi.co.uk/,2
Lark Health,,US,US,Mountain View,,not_applicable_or_not_disclosed,Lark Health: Digital Coaching for Diabetes & Weight,chronic_disease_management,B,active_or_unverified,https://www.lark.com/,not_checked_or_not_disclosed,0.71,in_scope,round2,yes,1,1,validated_strong,financing; legalEntity,https://www.lark.com/,2
mySugr,Roche mySugr,Europe,AT,Vienna,,not_applicable_or_not_disclosed,"Welcome to mySugr - simplifying life with diabetes | mySugr; The mySugr app stores all your diabetes data from devices, integrations, and manual entries in one place—simple, smart, and convenient.",chronic_disease_management; samd,B,active_or_unverified,https://www.mysugr.com/,not_checked_or_not_disclosed,0.71,in_scope,round2,yes,1,1,validated_strong,financing; legalEntity,https://www.mysugr.com/,2
Noom,Noom Health,US,US,New York,,not_applicable_or_not_disclosed,知名体重和慢病行为改变数字健康公司,chronic_disease_management,B,active_or_unverified,https://www.noom.com/,not_checked_or_not_disclosed,0.71,in_scope,round2,yes,1,1,validated_strong,financing; legalEntity,https://www.noom.com/,2
Oviva,,Europe,CH,Zurich,,not_applicable_or_not_disclosed,"Markets | Oviva Group | Join us; Nutritional counseling that is personalized, tailored to you and digitally accompanied: Oviva helps you change your habits to improve your health long term.",chronic_disease_management,B,active_or_unverified,https://oviva.com/,not_checked_or_not_disclosed,0.71,in_scope,round2,yes,1,1,validated_strong,financing; legalEntity,https://oviva.com/,2
Sidekick Health,,Europe,IS,Reykjavik,,not_applicable_or_not_disclosed,Sidekick Health: Digital solutions for a healthy future,chronic_disease_management; digital_therapeutics,B,active_or_unverified,https://www.sidekickhealth.com/,not_checked_or_not_disclosed,0.71,in_scope,round2,yes,1,1,validated_strong,financing; legalEntity,https://www.sidekickhealth.com/,2
Sword Health,,Europe,PT,Porto,,not_applicable_or_not_disclosed,"Whole-Person AI Care for pain, prevention & more | Sword Health; Sword delivers AI Care with clinical oversight to prevent pain, support recovery, and promote whole-body health. Trusted by employers and health plans.",internet_healthcare; rehabilitation,B,active_or_unverified,https://swordhealth.com/,not_checked_or_not_disclosed,0.71,in_scope,round2,yes,1,1,validated_strong,financing; legalEntity,https://swordhealth.com/,2
Virta Health,,US,US,Denver,,not_applicable_or_not_disclosed,Sustainable Weight Loss and Diabetes Reversal | Virta Health,chronic_disease_management; internet_healthcare,B,active_or_unverified,https://www.virtahealth.com/,not_checked_or_not_disclosed,0.71,in_scope,round2,yes,1,1,validated_strong,financing; legalEntity,https://www.virtahealth.com/,2
Woebot Health,Woebot,US,US,San Francisco,,not_applicable_or_not_disclosed,Woebot Health; 🚀 Pioneering chat-based AI wellness solutions since 2017.,digital_therapeutics; mental_health,B,active_or_unverified,https://woebothealth.com/,not_checked_or_not_disclosed,0.71,in_scope,round2,yes,1,1,validated_strong,financing; legalEntity,https://woebothealth.com/,2
丁香园,DXY,China,CN,杭州,,not_checked_or_not_disclosed,丁香园_医疗领域的连接者_丁香园生物医药科技网; 丁香园是面向医生、医疗机构、医药从业者以及生命科学领域人士的专业性社会化网络，提供医学、医疗、药学、生命科学等相关领域的交流平台、专业知识、最新科研进展以及技术服务。,clinical_workflow; health_management_platform; patient_engagement,B,active_or_unverified,https://www.dxy.cn/,not_checked_or_not_disclosed,0.71,in_scope,round2,yes,1,1,validated_strong,financing; legalEntity; registeredCapital,https://www.dxy.cn/,2
京东健康,JD Health,China,CN,北京,,not_checked_or_not_disclosed,京东健康官方网站; 京东健康是京东集团旗下专注于医疗健康业务的子集团，2019年5月成立，2020年12月登陆香港联交所，股份代号：6618（港币柜台）和86618（人民币柜台）。京东健康业务范围涉及了健康商品营销与销售、医疗健康服务、企业健康解决方案、智慧医疗解决方案等领域，覆盖医药健康全产业链、医疗全流程、健康全场景、用户全生命周期。,internet_healthcare; pharmacy_ecommerce,B,active_or_unverified,https://www.jdh.com/,not_checked_or_not_disclosed,0.71,in_scope,round2,yes,1,1,validated_strong,financing; legalEntity; registeredCapital,https://www.jdh.com/,2
健客,健客网; Jianke,China,CN,广州,,not_checked_or_not_disclosed,"方舟健客网上药店,经国家药监局认证的合法正规网上药房.方舟健客为您提供方便的网上买药服务,执业医师为您提供24小时健康咨询!网上药店哪个好?买正品药上方舟健客!",internet_healthcare; pharmacy_ecommerce,B,active_or_unverified,https://www.jianke.com/,not_checked_or_not_disclosed,0.71,in_scope,round2,yes,1,1,validated_strong,financing; legalEntity; registeredCapital,https://www.jianke.com/,2
医联,Medlinker,China,CN,成都,,not_checked_or_not_disclosed,未来医生,chronic_disease_management; clinical_workflow; internet_healthcare,B,active_or_unverified,https://www.medlinker.com/,not_checked_or_not_disclosed,0.71,in_scope,round2,yes,1,1,validated_strong,financing; legalEntity; registeredCapital,https://www.medlinker.com/,2
叮当快药,叮当健康,China,CN,北京,,not_checked_or_not_disclosed,手机买药上叮当快药，28分钟送到家,internet_healthcare; pharmacy_ecommerce,B,active_or_unverified,https://www.ddky.com/,not_checked_or_not_disclosed,0.71,in_scope,round2,yes,1,1,validated_strong,financing; legalEntity; registeredCapital,https://www.ddky.com/,2
好大夫在线,Haodf,China,CN,北京,,not_checked_or_not_disclosed,�ô������-�����淽�㣡; �ô��������¼ȫ��1����ҽԺ��92��ҽ����ҽ����ͣ����Ϣ��ʱ���߲�ѯ��30����ҽԺҽ��ע�ᡢ��֤����ͨ���ѵġ����������ҽ���������߽�������ڼ�Ҳ�ܿ�ר�ң����ϴ���������ҩ����ҩƷ���͵��ҡ���ͥҽ�������ջ�����챨��ר�ҽ��������רҵ�ķ����ͽ��顣������ҽԺ��ר�Һţ�һ�����󣬹Һ��ѣ��,online_consultation; samd,B,active_or_unverified,https://www.haodf.com/,not_checked_or_not_disclosed,0.71,in_scope,round2,yes,1,1,validated_strong,financing; legalEntity; registeredCapital,https://www.haodf.com/,2
妙手医生,妙手; Miaoshou Doctor,China,CN,北京,,not_checked_or_not_disclosed,妙手网-圆心大药房-广东圆心恒金堂医药连锁有限公司-放心的网上药店_妙手医生旗下正规网上买药平台; 圆心大药房是经国家药监局认证的合法网上药房和正规网上买药平台，作为妙手医生旗下的正规网上药店，为用户提供专业、优质和便捷的网上买药服务，100%真品保证，圆心大药房是您网上买药的理想选择。,clinical_workflow; online_consultation; pharmacy_ecommerce,B,active_or_unverified,https://www.miaoshou.com/,not_checked_or_not_disclosed,0.71,in_scope,round2,yes,1,1,validated_strong,financing; legalEntity; registeredCapital,https://www.miaoshou.com/,2
平安健康,平安好医生; Ping An Good Doctor,China,CN,上海,,not_checked_or_not_disclosed,平安好医生官方网站; ${description},clinical_workflow; internet_healthcare,B,active_or_unverified,https://www.pagd.net/,not_checked_or_not_disclosed,0.71,in_scope,round2,yes,1,1,validated_strong,financing; legalEntity; registeredCapital,https://www.pagd.net/,2
微医,WeDoctor; 挂号网,China,CN,杭州,,not_checked_or_not_disclosed,中国知名互联网医疗平台,internet_healthcare,B,active_or_unverified,https://www.guahao.com/,not_checked_or_not_disclosed,0.71,in_scope,round2,yes,1,1,validated_strong,financing; legalEntity; registeredCapital,https://www.guahao.com/,2
微脉,Weimai,China,CN,杭州,,not_checked_or_not_disclosed,专科频道,health_management_platform; internet_healthcare; patient_engagement,B,active_or_unverified,https://www.myweimai.com/,not_checked_or_not_disclosed,0.71,in_scope,round2,yes,1,1,validated_strong,financing; legalEntity; registeredCapital,https://www.myweimai.com/,2
思派健康,Medbanks; 思派网络,China,CN,北京,,not_checked_or_not_disclosed,中国特药和患者管理平台,health_management_platform; patient_engagement; pharmacy_ecommerce,B,active_or_unverified,https://www.medbanks.cn/,not_checked_or_not_disclosed,0.71,in_scope,round2,yes,1,1,validated_strong,financing; legalEntity; registeredCapital,https://www.medbanks.cn/,2
方舟健客,方舟云康; Jianke,China,CN,广州,,not_checked_or_not_disclosed,"方舟健客网上药店,经国家药监局认证的合法正规网上药房.方舟健客为您提供方便的网上买药服务,执业医师为您提供24小时健康咨询!网上药店哪个好?买正品药上方舟健客!",chronic_disease_management; internet_healthcare; pharmacy_ecommerce,B,active_or_unverified,https://www.jianke.com/,not_checked_or_not_disclosed,0.71,in_scope,round2,yes,1,1,validated_strong,financing; legalEntity; registeredCapital,https://www.jianke.com/,2
春雨医生,Chunyu Doctor,China,CN,北京,,not_checked_or_not_disclosed,春雨医生-在线咨询医生,clinical_workflow; online_consultation,B,active_or_unverified,https://www.chunyuyisheng.com/,not_checked_or_not_disclosed,0.71,in_scope,round2,yes,1,1,validated_strong,financing; legalEntity; registeredCapital,https://www.chunyuyisheng.com/,2
智云健康,ClouDr,China,CN,杭州,,not_checked_or_not_disclosed,"智云健康科技集团; 智云健康是一站式慢病管理与智慧医疗平台,数字健康领导者.旗下包括:医院慢病管理AI系统-智云医汇;链接慢病患者与医生的互联网医院;药店智能处方AI系统-智云问诊.Cloudr is one-stop chronic disease management and smart medical platform, digital health leader. Cloudr",chronic_disease_management; clinical_workflow; internet_healthcare; online_consultation,B,active_or_unverified,https://www.cloudr.cn/,not_checked_or_not_disclosed,0.71,in_scope,round2,yes,1,1,validated_strong,financing; legalEntity; registeredCapital,https://www.cloudr.cn/,2
阿里健康,Alibaba Health,China,CN,杭州,,not_checked_or_not_disclosed,阿里健康官网—让医疗健康普惠可及; 阿里健康是阿里巴巴集团整合线上线下医药和健康行业资源，提供一站式医疗解决方案的旗舰平台。依托领先的数字技术和数字运营能力，以“云基建”为基础，“云药房”为核心、“云医院”为引擎，为亿万家庭提供普惠便捷、高效安全的医疗健康服务。,internet_healthcare; pharmacy_ecommerce,B,active_or_unverified,https://www.alihealth.cn/,not_checked_or_not_disclosed,0.71,in_scope,round2,yes,1,1,validated_strong,financing; legalEntity; registeredCapital,https://www.alihealth.cn/,2
BECTON DICKINSON & CO,,US,US,,BECTON DICKINSON & CO,not_applicable_or_not_disclosed,,,B,active_or_unverified,,not_checked_or_not_disclosed,0.65,in_scope,round1,no,2,0,validated_strong,businessScope; financing; website,https://www.sec.gov/edgar/browse/?CIK=10795,2
Fresenius Medical Care AG,,US,US,,Fresenius Medical Care AG,not_applicable_or_not_disclosed,,,B,active_or_unverified,,not_checked_or_not_disclosed,0.65,in_scope,round1,no,2,0,validated_strong,businessScope; financing; website,https://www.sec.gov/edgar/browse/?CIK=1333141,2
Hewlett Packard Enterprise Co,,US,US,,Hewlett Packard Enterprise Co,not_applicable_or_not_disclosed,,,B,active_or_unverified,,not_checked_or_not_disclosed,0.65,in_scope,round1,no,2,0,validated_strong,businessScope; financing; website,https://www.sec.gov/edgar/browse/?CIK=1645590,2
image001,,,,,,not_checked_or_not_disclosed,,digital_therapeutics,B,active_or_unverified,,not_checked_or_not_disclosed,0.65,needs_region_verification,round1,no,0,0,needs_region_verification,businessScope; financing; legalEntity; registeredCapital; website,https://dtxalliance.org/members/axena/,2
logo,Logo,,,,,not_checked_or_not_disclosed,,digital_therapeutics,B,active_or_unverified,,not_checked_or_not_disclosed,0.65,needs_region_verification,round1,no,0,0,needs_region_verification,businessScope; financing; legalEntity; registeredCapital; website,https://dtxalliance.org/members/chinese-academy-of-medical-sciences-peking-union-medical-college/,2
MindMaze Therapeutics Holding SA,,US,US,,MindMaze Therapeutics Holding SA,not_applicable_or_not_disclosed,,,B,active_or_unverified,,not_checked_or_not_disclosed,0.65,in_scope,round1,no,2,0,validated_strong,businessScope; financing; website,https://www.sec.gov/edgar/browse/?CIK=1854078,2
Pfizer,PFIZER INC,US,US,,PFIZER INC,not_checked_or_not_disclosed,,digital_therapeutics,B,active_or_unverified,,not_checked_or_not_disclosed,0.65,in_scope,round1,no,1,0,validated_strong,businessScope; financing; registeredCapital; website,https://dtxalliance.org/members/pfizer/,2
"Traeger, Inc.",,US,US,,"Traeger, Inc.",not_applicable_or_not_disclosed,,,B,active_or_unverified,,not_checked_or_not_disclosed,0.65,in_scope,round1,no,2,0,validated_strong,businessScope; financing; website,https://www.sec.gov/edgar/browse/?CIK=1857853,2
"ADAMS DIVERSIFIED EQUITY FUND, INC.",,US,US,,"ADAMS DIVERSIFIED EQUITY FUND, INC.",not_applicable_or_not_disclosed,,,B,active_or_unverified,,not_checked_or_not_disclosed,0.64,in_scope,round1,no,1,0,validated_strong,businessScope; financing; website,https://www.sec.gov/edgar/browse/?CIK=2230,1
American Well Corp,,US,US,,American Well Corp,not_applicable_or_not_disclosed,,,B,active_or_unverified,,not_checked_or_not_disclosed,0.64,in_scope,round1,no,1,0,validated_strong,businessScope; financing; website,https://www.sec.gov/edgar/browse/?CIK=1393584,1
"AVITA Medical, Inc.",,US,US,,"AVITA Medical, Inc.",not_applicable_or_not_disclosed,,,B,active_or_unverified,,not_checked_or_not_disclosed,0.64,in_scope,round1,no,1,0,validated_strong,businessScope; financing; website,https://www.sec.gov/edgar/browse/?CIK=1762303,1
BEST BUY CO INC,,US,US,,BEST BUY CO INC,not_applicable_or_not_disclosed,,,B,active_or_unverified,,not_checked_or_not_disclosed,0.64,in_scope,round1,no,1,0,validated_strong,businessScope; financing; website,https://www.sec.gov/edgar/browse/?CIK=764478,1
BOSTON SCIENTIFIC CORP,,US,US,,BOSTON SCIENTIFIC CORP,not_applicable_or_not_disclosed,,,B,active_or_unverified,,not_checked_or_not_disclosed,0.64,in_scope,round1,no,1,0,validated_strong,businessScope; financing; website,https://www.sec.gov/edgar/browse/?CIK=885725,1
"BROWN & BROWN, INC.",,US,US,,"BROWN & BROWN, INC.",not_applicable_or_not_disclosed,,,B,active_or_unverified,,not_checked_or_not_disclosed,0.64,in_scope,round1,no,1,0,validated_strong,businessScope; financing; website,https://www.sec.gov/edgar/browse/?CIK=79282,1
E-Power Inc.,,US,US,,E-Power Inc.,not_applicable_or_not_disclosed,,,B,active_or_unverified,,not_checked_or_not_disclosed,0.64,in_scope,round1,no,1,0,validated_strong,businessScope; financing; website,https://www.sec.gov/edgar/browse/?CIK=1780731,1
HITACHI LTD,,US,US,,HITACHI LTD,not_applicable_or_not_disclosed,,,B,active_or_unverified,,not_checked_or_not_disclosed,0.64,in_scope,round1,no,1,0,validated_strong,businessScope; financing; website,https://www.sec.gov/edgar/browse/?CIK=47710,1
Medline Inc.,,US,US,,Medline Inc.,not_applicable_or_not_disclosed,,,B,active_or_unverified,,not_checked_or_not_disclosed,0.64,in_scope,round1,no,1,0,validated_strong,businessScope; financing; website,https://www.sec.gov/edgar/browse/?CIK=2046386,1
RADIAN GROUP INC,,US,US,,RADIAN GROUP INC,not_applicable_or_not_disclosed,,,B,active_or_unverified,,not_checked_or_not_disclosed,0.64,in_scope,round1,no,1,0,validated_strong,businessScope; financing; website,https://www.sec.gov/edgar/browse/?CIK=890926,1
SAN JUAN BASIN ROYALTY TRUST,,US,US,,SAN JUAN BASIN ROYALTY TRUST,not_applicable_or_not_disclosed,,,B,active_or_unverified,,not_checked_or_not_disclosed,0.64,in_scope,round1,no,1,0,validated_strong,businessScope; financing; website,https://www.sec.gov/edgar/browse/?CIK=319655,1
Sanofi,,US,US,,Sanofi,not_applicable_or_not_disclosed,,,B,active_or_unverified,,not_checked_or_not_disclosed,0.64,in_scope,round1,no,1,0,validated_strong,businessScope; financing; website,https://www.sec.gov/edgar/browse/?CIK=1121404,1
"STEM, INC.",,US,US,,"STEM, INC.",not_applicable_or_not_disclosed,,,B,active_or_unverified,,not_checked_or_not_disclosed,0.64,in_scope,round1,no,1,0,validated_strong,businessScope; financing; website,https://www.sec.gov/edgar/browse/?CIK=1758766,1
"Sunrise Realty Trust, Inc.",,US,US,,"Sunrise Realty Trust, Inc.",not_applicable_or_not_disclosed,,,B,active_or_unverified,,not_checked_or_not_disclosed,0.64,in_scope,round1,no,1,0,validated_strong,businessScope; financing; website,https://www.sec.gov/edgar/browse/?CIK=2012706,1
TARGET CORP,,US,US,,TARGET CORP,not_applicable_or_not_disclosed,,,B,active_or_unverified,,not_checked_or_not_disclosed,0.64,in_scope,round1,no,1,0,validated_strong,businessScope; financing; website,https://www.sec.gov/edgar/browse/?CIK=27419,1
TEAM INC,,US,US,,TEAM INC,not_applicable_or_not_disclosed,,,B,active_or_unverified,,not_checked_or_not_disclosed,0.64,in_scope,round1,no,1,0,validated_strong,businessScope; financing; website,https://www.sec.gov/edgar/browse/?CIK=318833,1
TREX CO INC,,US,US,,TREX CO INC,not_applicable_or_not_disclosed,,,B,active_or_unverified,,not_checked_or_not_disclosed,0.64,in_scope,round1,no,1,0,validated_strong,businessScope; financing; website,https://www.sec.gov/edgar/browse/?CIK=1069878,1
Viatris Inc,,US,US,,Viatris Inc,not_applicable_or_not_disclosed,,,B,active_or_unverified,,not_checked_or_not_disclosed,0.64,in_scope,round1,no,1,0,validated_strong,businessScope; financing; website,https://www.sec.gov/edgar/browse/?CIK=1792044,1
"Vir Biotechnology, Inc.",,US,US,,"Vir Biotechnology, Inc.",not_applicable_or_not_disclosed,,,B,active_or_unverified,,not_checked_or_not_disclosed,0.64,in_scope,round1,no,1,0,validated_strong,businessScope; financing; website,https://www.sec.gov/edgar/browse/?CIK=1706431,1
220110 SANOFI,,,,,,not_checked_or_not_disclosed,,digital_therapeutics,B,active_or_unverified,,not_checked_or_not_disclosed,0.62,needs_region_verification,round1,no,0,0,needs_region_verification,businessScope; financing; legalEntity; registeredCapital; website,https://dtxalliance.org/members/sanofi-2/,1
AmpHealth,,,,,,not_checked_or_not_disclosed,,digital_therapeutics,B,active_or_unverified,,not_checked_or_not_disclosed,0.62,needs_region_verification,round1,no,0,0,needs_region_verification,businessScope; financing; legalEntity; registeredCapital; website,https://dtxalliance.org/members/amp-health/,1
ANDHealthLogo Green transparent,,,,,,not_checked_or_not_disclosed,,digital_therapeutics,B,active_or_unverified,,not_checked_or_not_disclosed,0.62,needs_region_verification,round1,no,0,0,needs_region_verification,businessScope; financing; legalEntity; registeredCapital; website,https://dtxalliance.org/members/andhealth/,1
AP,,,,,,not_checked_or_not_disclosed,,digital_therapeutics,B,active_or_unverified,,not_checked_or_not_disclosed,0.62,needs_region_verification,round1,no,0,0,needs_region_verification,businessScope; financing; legalEntity; registeredCapital; website,https://dtxalliance.org/members/arnold-porter/,1
AZ,,,,,,not_checked_or_not_disclosed,,digital_therapeutics,B,active_or_unverified,,not_checked_or_not_disclosed,0.62,needs_region_verification,round1,no,0,0,needs_region_verification,businessScope; financing; legalEntity; registeredCapital; website,https://dtxalliance.org/members/astrazeneca/,1
BG remover,,,,,,not_checked_or_not_disclosed,,digital_therapeutics,B,active_or_unverified,,not_checked_or_not_disclosed,0.62,needs_region_verification,round1,no,0,0,needs_region_verification,businessScope; financing; legalEntity; registeredCapital; website,https://dtxalliance.org/members/idea-pharma/,1
Brown,,,,,,not_checked_or_not_disclosed,,digital_therapeutics,B,active_or_unverified,,not_checked_or_not_disclosed,0.62,needs_region_verification,round1,no,0,0,needs_region_verification,businessScope; financing; legalEntity; registeredCapital; website,https://dtxalliance.org/members/carney-institute-for-brain-science/,1
C4TBH,,,,,,not_checked_or_not_disclosed,,digital_therapeutics,B,active_or_unverified,,not_checked_or_not_disclosed,0.62,needs_region_verification,round1,no,0,0,needs_region_verification,businessScope; financing; legalEntity; registeredCapital; website,https://dtxalliance.org/members/center-for-technology-and-behavioral-health-at-dartmouth/,1
CaryHealth,,,,,,not_checked_or_not_disclosed,,digital_therapeutics,B,active_or_unverified,,not_checked_or_not_disclosed,0.62,needs_region_verification,round1,no,0,0,needs_region_verification,businessScope; financing; legalEntity; registeredCapital; website,https://dtxalliance.org/members/caryhealth/,1
Curavit horizontal,,,,,,not_checked_or_not_disclosed,,digital_therapeutics,B,active_or_unverified,,not_checked_or_not_disclosed,0.62,needs_region_verification,round1,no,0,0,needs_region_verification,businessScope; financing; legalEntity; registeredCapital; website,https://dtxalliance.org/members/curavit/,1
CVHP,,,,,,not_checked_or_not_disclosed,,digital_therapeutics,B,active_or_unverified,,not_checked_or_not_disclosed,0.62,needs_region_verification,round1,no,0,0,needs_region_verification,businessScope; financing; legalEntity; registeredCapital; website,https://dtxalliance.org/members/clearview/,1
Dakiyama Digital Red with Outline,,,,,,not_checked_or_not_disclosed,,digital_therapeutics,B,active_or_unverified,,not_checked_or_not_disclosed,0.62,needs_region_verification,round1,no,0,0,needs_region_verification,businessScope; financing; legalEntity; registeredCapital; website,https://dtxalliance.org/members/takeda/,1
DeepWell Gradient Stacked,,,,,,not_checked_or_not_disclosed,,digital_therapeutics,B,active_or_unverified,,not_checked_or_not_disclosed,0.62,needs_region_verification,round1,no,0,0,needs_region_verification,businessScope; financing; legalEntity; registeredCapital; website,https://dtxalliance.org/members/deepwell-dtx/,1
Floreo,,,,,,not_checked_or_not_disclosed,,digital_therapeutics,B,active_or_unverified,,not_checked_or_not_disclosed,0.62,needs_region_verification,round1,no,0,0,needs_region_verification,businessScope; financing; legalEntity; registeredCapital; website,https://dtxalliance.org/members/floreo/,1
France Biotech,,,,,,not_checked_or_not_disclosed,,digital_therapeutics,B,active_or_unverified,,not_checked_or_not_disclosed,0.62,needs_region_verification,round1,no,0,0,needs_region_verification,businessScope; financing; legalEntity; registeredCapital; website,https://dtxalliance.org/members/france-biotech/,1
Freespira Flag,,,,,,not_checked_or_not_disclosed,,digital_therapeutics,B,active_or_unverified,,not_checked_or_not_disclosed,0.62,needs_region_verification,round1,no,0,0,needs_region_verification,businessScope; financing; legalEntity; registeredCapital; website,https://dtxalliance.org/members/freespira-inc/,1
full gardient dark text@2x,,,,,,not_checked_or_not_disclosed,,digital_therapeutics,B,active_or_unverified,,not_checked_or_not_disclosed,0.62,needs_region_verification,round1,no,0,0,needs_region_verification,businessScope; financing; legalEntity; registeredCapital; website,https://dtxalliance.org/members/cognito/,1
GlobalMD,,,,,,not_checked_or_not_disclosed,,digital_therapeutics,B,active_or_unverified,,not_checked_or_not_disclosed,0.62,needs_region_verification,round1,no,0,0,needs_region_verification,businessScope; financing; legalEntity; registeredCapital; website,https://dtxalliance.org/members/globalmd/,1
HelloBetter NoPadding,,,,,,not_checked_or_not_disclosed,,digital_therapeutics,B,active_or_unverified,,not_checked_or_not_disclosed,0.62,needs_region_verification,round1,no,0,0,needs_region_verification,businessScope; financing; legalEntity; registeredCapital; website,https://dtxalliance.org/members/hellobetter/,1
jogo,,,,,,not_checked_or_not_disclosed,,digital_therapeutics,B,active_or_unverified,,not_checked_or_not_disclosed,0.62,needs_region_verification,round1,no,0,0,needs_region_verification,businessScope; financing; legalEntity; registeredCapital; website,https://dtxalliance.org/members/jogo/,1
Lindus Health,,,,,,not_checked_or_not_disclosed,,digital_therapeutics,B,active_or_unverified,,not_checked_or_not_disclosed,0.62,needs_region_verification,round1,no,0,0,needs_region_verification,businessScope; financing; legalEntity; registeredCapital; website,https://dtxalliance.org/members/lindus-health/,1
Logo APACMed,,,,,,not_checked_or_not_disclosed,,digital_therapeutics,B,active_or_unverified,,not_checked_or_not_disclosed,0.62,needs_region_verification,round1,no,0,0,needs_region_verification,businessScope; financing; legalEntity; registeredCapital; website,https://dtxalliance.org/members/apacmed/,1
Logo Chugai,,,,,,not_checked_or_not_disclosed,,digital_therapeutics,B,active_or_unverified,,not_checked_or_not_disclosed,0.62,needs_region_verification,round1,no,0,0,needs_region_verification,businessScope; financing; legalEntity; registeredCapital; website,https://dtxalliance.org/members/chugai-pharma-europe/,1
Logo Click Therapeutics,,,,,,not_checked_or_not_disclosed,,digital_therapeutics,B,active_or_unverified,,not_checked_or_not_disclosed,0.62,needs_region_verification,round1,no,0,0,needs_region_verification,businessScope; financing; legalEntity; registeredCapital; website,https://dtxalliance.org/members/clicktherapeutics/,1
Logo Copy,,,,,,not_checked_or_not_disclosed,,digital_therapeutics,B,active_or_unverified,,not_checked_or_not_disclosed,0.62,needs_region_verification,round1,no,0,0,needs_region_verification,businessScope; financing; legalEntity; registeredCapital; website,https://dtxalliance.org/members/ssi-strategy/,1
Logo EverEx,,,,,,not_checked_or_not_disclosed,,digital_therapeutics,B,active_or_unverified,,not_checked_or_not_disclosed,0.62,needs_region_verification,round1,no,0,0,needs_region_verification,businessScope; financing; legalEntity; registeredCapital; website,https://dtxalliance.org/members/everex/,1
logo eversana,,,,,,not_checked_or_not_disclosed,,digital_therapeutics,B,active_or_unverified,,not_checked_or_not_disclosed,0.62,needs_region_verification,round1,no,0,0,needs_region_verification,businessScope; financing; legalEntity; registeredCapital; website,https://dtxalliance.org/members/eversana/,1
Logo with Eve,,,,,,not_checked_or_not_disclosed,,digital_therapeutics,B,active_or_unverified,,not_checked_or_not_disclosed,0.62,needs_region_verification,round1,no,0,0,needs_region_verification,businessScope; financing; legalEntity; registeredCapital; website,https://dtxalliance.org/members/evidation/,1
MDERX,,,,,,not_checked_or_not_disclosed,,digital_therapeutics,B,active_or_unverified,,not_checked_or_not_disclosed,0.62,needs_region_verification,round1,no,0,0,needs_region_verification,businessScope; financing; legalEntity; registeredCapital; website,https://dtxalliance.org/members/mdrex/,1
Medscape Education,,,,,,not_checked_or_not_disclosed,,digital_therapeutics,B,active_or_unverified,,not_checked_or_not_disclosed,0.62,needs_region_verification,round1,no,0,0,needs_region_verification,businessScope; financing; legalEntity; registeredCapital; website,https://dtxalliance.org/members/medscape/,1
Mindset Health,,,,,,not_checked_or_not_disclosed,,digital_therapeutics,B,active_or_unverified,,not_checked_or_not_disclosed,0.62,needs_region_verification,round1,no,0,0,needs_region_verification,businessScope; financing; legalEntity; registeredCapital; website,https://dtxalliance.org/members/mindset-health/,1
mintz vert,,,,,,not_checked_or_not_disclosed,,digital_therapeutics,B,active_or_unverified,,not_checked_or_not_disclosed,0.62,needs_region_verification,round1,no,0,0,needs_region_verification,businessScope; financing; legalEntity; registeredCapital; website,https://dtxalliance.org/members/mintz/,1
NEW,,,,,,not_checked_or_not_disclosed,,digital_therapeutics,B,active_or_unverified,,not_checked_or_not_disclosed,0.62,needs_region_verification,round1,no,0,0,needs_region_verification,businessScope; financing; legalEntity; registeredCapital; website,https://dtxalliance.org/members/dariohealth-corp/,1
Nox Health,,,,,,not_checked_or_not_disclosed,,digital_therapeutics,B,active_or_unverified,,not_checked_or_not_disclosed,0.62,needs_region_verification,round1,no,0,0,needs_region_verification,businessScope; financing; legalEntity; registeredCapital; website,https://dtxalliance.org/members/nox-health/,1
On LightBlueCoral,,,,,,not_checked_or_not_disclosed,,digital_therapeutics,B,active_or_unverified,,not_checked_or_not_disclosed,0.62,needs_region_verification,round1,no,0,0,needs_region_verification,businessScope; financing; legalEntity; registeredCapital; website,https://dtxalliance.org/members/woebot/,1
OPH,,,,,,not_checked_or_not_disclosed,,digital_therapeutics,B,active_or_unverified,,not_checked_or_not_disclosed,0.62,needs_region_verification,round1,no,0,0,needs_region_verification,businessScope; financing; legalEntity; registeredCapital; website,https://dtxalliance.org/members/otsuka-precision-health/,1
Original on Transparent,,,,,,not_checked_or_not_disclosed,,digital_therapeutics,B,active_or_unverified,,not_checked_or_not_disclosed,0.62,needs_region_verification,round1,no,0,0,needs_region_verification,businessScope; financing; legalEntity; registeredCapital; website,https://dtxalliance.org/members/dtxcc/,1
OUS Viatris,,,,,,not_checked_or_not_disclosed,,digital_therapeutics,B,active_or_unverified,,not_checked_or_not_disclosed,0.62,needs_region_verification,round1,no,0,0,needs_region_verification,businessScope; financing; legalEntity; registeredCapital; website,https://dtxalliance.org/members/viatris/,1
PatientPoint Stack,,,,,,not_checked_or_not_disclosed,,digital_therapeutics,B,active_or_unverified,,not_checked_or_not_disclosed,0.62,needs_region_verification,round1,no,0,0,needs_region_verification,businessScope; financing; legalEntity; registeredCapital; website,https://dtxalliance.org/members/patient-point/,1
perfood,,,,,,not_checked_or_not_disclosed,,digital_therapeutics,B,active_or_unverified,,not_checked_or_not_disclosed,0.62,needs_region_verification,round1,no,0,0,needs_region_verification,businessScope; financing; legalEntity; registeredCapital; website,https://dtxalliance.org/members/perfood/,1
PQH,,,,,,not_checked_or_not_disclosed,,digital_therapeutics,B,active_or_unverified,,not_checked_or_not_disclosed,0.62,needs_region_verification,round1,no,0,0,needs_region_verification,businessScope; financing; legalEntity; registeredCapital; website,https://dtxalliance.org/members/platform-q-health/,1
PropellerHealth,,,,,,not_checked_or_not_disclosed,,digital_therapeutics,B,active_or_unverified,,not_checked_or_not_disclosed,0.62,needs_region_verification,round1,no,0,0,needs_region_verification,businessScope; financing; legalEntity; registeredCapital; website,https://dtxalliance.org/members/propeller-health/,1
radian,,,,,,not_checked_or_not_disclosed,,digital_therapeutics,B,active_or_unverified,,not_checked_or_not_disclosed,0.62,needs_region_verification,round1,no,0,0,needs_region_verification,businessScope; financing; legalEntity; registeredCapital; website,https://dtxalliance.org/members/radian/,1
Remepy,,,,,,not_checked_or_not_disclosed,,digital_therapeutics,B,active_or_unverified,,not_checked_or_not_disclosed,0.62,needs_region_verification,round1,no,0,0,needs_region_verification,businessScope; financing; legalEntity; registeredCapital; website,https://dtxalliance.org/members/remepy/,1
Rx,,,,,,not_checked_or_not_disclosed,,digital_therapeutics,B,active_or_unverified,,not_checked_or_not_disclosed,0.62,needs_region_verification,round1,no,0,0,needs_region_verification,businessScope; financing; legalEntity; registeredCapital; website,https://dtxalliance.org/members/astellas/,1
sc,,,,,,not_checked_or_not_disclosed,,digital_therapeutics,B,active_or_unverified,,not_checked_or_not_disclosed,0.62,needs_region_verification,round1,no,0,0,needs_region_verification,businessScope; financing; legalEntity; registeredCapital; website,https://dtxalliance.org/members/scalable-care/,1
Sidley,,,,,,not_checked_or_not_disclosed,,digital_therapeutics,B,active_or_unverified,,not_checked_or_not_disclosed,0.62,needs_region_verification,round1,no,0,0,needs_region_verification,businessScope; financing; legalEntity; registeredCapital; website,https://dtxalliance.org/members/sidleyaustin/,1
SKH Vertical,,,,,,not_checked_or_not_disclosed,,digital_therapeutics,B,active_or_unverified,,not_checked_or_not_disclosed,0.62,needs_region_verification,round1,no,0,0,needs_region_verification,businessScope; financing; legalEntity; registeredCapital; website,https://dtxalliance.org/members/sidekick/,1
soihtu,,,,,,not_checked_or_not_disclosed,,digital_therapeutics,B,active_or_unverified,,not_checked_or_not_disclosed,0.62,needs_region_verification,round1,no,0,0,needs_region_verification,businessScope; financing; legalEntity; registeredCapital; website,https://dtxalliance.org/members/soihtu-dtx/,1
Stacked,,,,,,not_checked_or_not_disclosed,,digital_therapeutics,B,active_or_unverified,,not_checked_or_not_disclosed,0.62,needs_region_verification,round1,no,0,0,needs_region_verification,businessScope; financing; legalEntity; registeredCapital; website,https://dtxalliance.org/members/nixon-law/,1
SVDGV,,,,,,not_checked_or_not_disclosed,,digital_therapeutics,B,active_or_unverified,,not_checked_or_not_disclosed,0.62,needs_region_verification,round1,no,0,0,needs_region_verification,businessScope; financing; legalEntity; registeredCapital; website,https://dtxalliance.org/members/germandigitalhealthcareassociation/,1
tenac.io,,,,,,not_checked_or_not_disclosed,,digital_therapeutics,B,active_or_unverified,,not_checked_or_not_disclosed,0.62,needs_region_verification,round1,no,0,0,needs_region_verification,businessScope; financing; legalEntity; registeredCapital; website,https://dtxalliance.org/members/tenac-io/,1
TheDedhamGroup FinalLogo,,,,,,not_checked_or_not_disclosed,,digital_therapeutics,B,active_or_unverified,,not_checked_or_not_disclosed,0.62,needs_region_verification,round1,no,0,0,needs_region_verification,businessScope; financing; legalEntity; registeredCapital; website,https://dtxalliance.org/members/dedham-group/,1
top img01 removebg preview e1729534734852,,,,,,not_checked_or_not_disclosed,,digital_therapeutics,B,active_or_unverified,,not_checked_or_not_disclosed,0.62,needs_region_verification,round1,no,0,0,needs_region_verification,businessScope; financing; legalEntity; registeredCapital; website,https://dtxalliance.org/members/japan-digital-health-alliance-jadha/,1
WELT,,,,,,not_checked_or_not_disclosed,,digital_therapeutics,B,active_or_unverified,,not_checked_or_not_disclosed,0.62,needs_region_verification,round1,no,0,0,needs_region_verification,businessScope; financing; legalEntity; registeredCapital; website,https://dtxalliance.org/members/welt/,1
Xealth®,,,,,,not_checked_or_not_disclosed,,digital_therapeutics,B,active_or_unverified,,not_checked_or_not_disclosed,0.62,needs_region_verification,round1,no,0,0,needs_region_verification,businessScope; financing; legalEntity; registeredCapital; website,https://dtxalliance.org/members/xealth/,1
Babylon Health,Babylon,Europe,GB,London,,not_applicable_or_not_disclosed,,internet_healthcare; remote_patient_monitoring,C,active_or_unverified,https://www.babylonhealth.com/,not_checked_or_not_disclosed,0.41,in_scope,round2,yes,0,1,needs_more_evidence,businessScope; financing; legalEntity,https://www.babylonhealth.com/,1
HelloBetter,GET.ON Institut,Europe,DE,Hamburg,,not_applicable_or_not_disclosed,,digital_therapeutics; mental_health,C,active_or_unverified,https://hellobetter.de/,not_checked_or_not_disclosed,0.41,in_scope,round2,yes,0,1,needs_more_evidence,businessScope; financing; legalEntity,https://hellobetter.de/,1
健康160,就医160,China,CN,深圳,,not_checked_or_not_disclosed,,internet_healthcare; samd,C,active_or_unverified,https://www.91160.com/,not_checked_or_not_disclosed,0.41,in_scope,round2,yes,0,1,needs_more_evidence,businessScope; financing; legalEntity; registeredCapital,https://www.91160.com/,1
圆心科技,Yuanxin Technology; 圆心医疗,China,CN,北京,,not_checked_or_not_disclosed,,health_management_platform; patient_engagement; pharmacy_ecommerce,C,active_or_unverified,https://www.yuanxin.com/,not_checked_or_not_disclosed,0.41,in_scope,round2,yes,0,1,needs_more_evidence,businessScope; financing; legalEntity; registeredCapital,https://www.yuanxin.com/,1
