companyName,productName,productType,indicationOrUse,sourceType,regulatoryOrDirectoryId,approvalOrListingDate,status,sourceUrl,categories,evidenceStrength
,Acute respiratory infection in over 16s: initial assessment and management including virtual wards (hospital at home) (QS210),digital_health_directory_item,Product type: Quality standard Published : 31 October 2023; published 2023-10-31,nice_digital_health,QS210,2023-10-31,Published,https://www.nice.org.uk/guidance/qs210,,strong_official_product
,Adjunctive colposcopy technologies for assessing suspected cervical abnormalities: the DYSIS colposcope with DYSISmap and the ZedScan I (HTG467),digital_health_directory_item,Product type: Guidance Programme: HealthTech guidance Published : 25 April 2018; published 2018-04-25,nice_digital_health,HTG467,2018-04-25,Published,https://www.nice.org.uk/guidance/htg467,,strong_official_product
,AposHealth for knee osteoarthritis (HTG671),digital_health_directory_item,Product type: Guidance Programme: HealthTech guidance Published : 11 April 2023; published 2023-04-11,nice_digital_health,HTG671,2023-04-11,Published,https://www.nice.org.uk/guidance/htg671,,strong_official_product
,Artificial intelligence (AI) technologies for assessing and triaging skin lesions referred to the urgent suspected skin cancer pathway: early value assessment (HTG746),digital_health_directory_item,Product type: Guidance Programme: HealthTech guidance Last updated : 17 March 2026 Published : 1 May 2025; published 2025-05-01,nice_digital_health,HTG746,2025-05-01,Published,https://www.nice.org.uk/guidance/htg746,,strong_official_product
,Artificial intelligence (AI) technologies to help detect fractures on X-rays in urgent care: early value assessment (HTG739),digital_health_directory_item,Product type: Guidance Programme: HealthTech guidance Published : 14 January 2025; published 2025-01-14,nice_digital_health,HTG739,2025-01-14,Published,https://www.nice.org.uk/guidance/htg739,,strong_official_product
,Artificial intelligence (AI)-derived computer-aided detection (CAD) software for detecting and measuring lung nodules in CT scan images (HTG687),samd_or_medical_software,Product type: Guidance Programme: HealthTech guidance Published : 5 July 2023; published 2023-07-05,nice_digital_health,HTG687,2023-07-05,Published,https://www.nice.org.uk/guidance/htg687,samd,strong_official_product
,Artificial intelligence (AI)-derived software to analyse chest X-rays for suspected lung cancer in primary care referrals: early value assessment (HTG696),samd_or_medical_software,Product type: Guidance Programme: HealthTech guidance Last updated : 10 February 2025 Published : 28 September 2023; published 2023-09-28,nice_digital_health,HTG696,2023-09-28,Published,https://www.nice.org.uk/guidance/htg696,samd,strong_official_product
,Artificial intelligence (AI)-derived software to help clinical decision making in stroke (HTG708),samd_or_medical_software,Product type: Guidance Programme: HealthTech guidance Last updated : 2 May 2024 Published : 23 January 2024; published 2024-01-23,nice_digital_health,HTG708,2024-01-23,Published,https://www.nice.org.uk/guidance/htg708,samd,strong_official_product
,Atrial fibrillation and heart valve disease: self-monitoring coagulation status using point-of-care coagulometers (the CoaguChek XS system) (HTG353),remote_patient_monitoring,Product type: Guidance Programme: HealthTech guidance Last updated : 19 December 2017 Published : 24 September 2014; published 2014-09-24,nice_digital_health,HTG353,2014-09-24,Published,https://www.nice.org.uk/guidance/htg353,remote_patient_monitoring,strong_official_product
,Automated ankle brachial pressure index measurement devices to detect peripheral arterial disease in people with leg ulcers (HTG677),digital_health_directory_item,Product type: Guidance Programme: HealthTech guidance Published : 24 May 2023; published 2023-05-24,nice_digital_health,HTG677,2023-05-24,Published,https://www.nice.org.uk/guidance/htg677,,strong_official_product
,Biomarker tests to help diagnose preterm labour in women with intact membranes (HTG476),digital_health_directory_item,Product type: Guidance Programme: HealthTech guidance Published : 4 July 2018; published 2018-07-04,nice_digital_health,HTG476,2018-07-04,Published,https://www.nice.org.uk/guidance/htg476,,strong_official_product
,CaRi-Heart for predicting cardiac risk in suspected coronary artery disease: early value assessment (HTG663),remote_patient_monitoring,Product type: Guidance Programme: HealthTech guidance Published : 9 March 2023; published 2023-03-09,nice_digital_health,HTG663,2023-03-09,Published,https://www.nice.org.uk/guidance/htg663,remote_patient_monitoring,strong_official_product
,Computed tomographic colonography (virtual colonoscopy) (HTG78),digital_health_directory_item,Product type: Guidance Programme: HealthTech guidance Published : 22 June 2005; published 2005-06-22,nice_digital_health,HTG78,2005-06-22,Published,https://www.nice.org.uk/guidance/htg78,,strong_official_product
,"Depth of anaesthesia monitors – Bispectral Index (BIS), E-Entropy and Narcotrend-Compact M (HTG292)",digital_health_directory_item,Product type: Guidance Programme: HealthTech guidance Published : 21 November 2012; published 2012-11-21,nice_digital_health,HTG292,2012-11-21,Published,https://www.nice.org.uk/guidance/htg292,,strong_official_product
,"Detecting, managing and monitoring haemostasis: viscoelastometric point‑of‑care testing (ROTEM, TEG and Sonoclot systems) (HTG348)",remote_patient_monitoring,Product type: Guidance Programme: HealthTech guidance Published : 20 August 2014; published 2014-08-20,nice_digital_health,HTG348,2014-08-20,Published,https://www.nice.org.uk/guidance/htg348,remote_patient_monitoring,strong_official_product
,Devices for remote monitoring of Parkinson’s disease (HTG657),remote_patient_monitoring,Product type: Guidance Programme: HealthTech guidance Last updated : 25 January 2024 Published : 25 January 2023; published 2023-01-25,nice_digital_health,HTG657,2023-01-25,Published,https://www.nice.org.uk/guidance/htg657,remote_patient_monitoring,strong_official_product
,Digital front door technologies to gather service user information for NHS Talking Therapies for anxiety and depression assessments: early value assessment (HTG756),digital_health_directory_item,Product type: Guidance Programme: HealthTech guidance Published : 24 July 2025; published 2025-07-24,nice_digital_health,HTG756,2025-07-24,Published,https://www.nice.org.uk/guidance/htg756,mental_health,strong_official_product
,Digital health technologies to help manage symptoms of psychosis and prevent relapse in adults and young people: early value assessment (HTG713),digital_health_directory_item,Product type: Guidance Programme: HealthTech guidance Published : 25 March 2024; published 2024-03-25,nice_digital_health,HTG713,2024-03-25,Published,https://www.nice.org.uk/guidance/htg713,,strong_official_product
,Digital platforms to support cardiac rehabilitation: early value assessment (HTG761),remote_patient_monitoring,Product type: Guidance Programme: HealthTech guidance Published : 4 December 2025; published 2025-12-04,nice_digital_health,HTG761,2025-12-04,Published,https://www.nice.org.uk/guidance/htg761,remote_patient_monitoring; rehabilitation,strong_official_product
,Digital self-help for eating disorders: early value assessment (HTG768),digital_health_directory_item,Product type: Guidance Programme: HealthTech guidance Published : 22 January 2026; published 2026-01-22,nice_digital_health,HTG768,2026-01-22,Published,https://www.nice.org.uk/guidance/htg768,,strong_official_product
,Digital technologies for applying algorithms to spirometry to support asthma and COPD diagnosis in primary care and community diagnostic centres: early-use assessment (HTG776),samd_or_medical_software,Product type: Guidance Programme: HealthTech guidance Published : 2 April 2026; published 2026-04-02,nice_digital_health,HTG776,2026-04-02,Published,https://www.nice.org.uk/guidance/htg776,samd; chronic_disease_management,strong_official_product
,Digital technologies for delivering multidisciplinary weight-management services: early value assessment (HTG700),digital_health_directory_item,Product type: Guidance Programme: HealthTech guidance Last updated : 6 March 2024 Published : 26 October 2023; published 2023-10-26,nice_digital_health,HTG700,2023-10-26,Published,https://www.nice.org.uk/guidance/htg700,,strong_official_product
,Digital technologies for managing mild to moderate symptoms of hip or knee osteoarthritis: early value assessment (HTG766),digital_health_directory_item,Product type: Guidance Programme: HealthTech guidance Published : 22 January 2026; published 2026-01-22,nice_digital_health,HTG766,2026-01-22,Published,https://www.nice.org.uk/guidance/htg766,,strong_official_product
,Digital technologies for managing non-specific low back pain: early value assessment (HTG712),digital_health_directory_item,Product type: Guidance Programme: HealthTech guidance Last updated : 30 April 2026 Published : 5 March 2024; published 2024-03-05,nice_digital_health,HTG712,2024-03-05,Published,https://www.nice.org.uk/guidance/htg712,,strong_official_product
,Digital technologies to deliver pulmonary rehabilitation programmes for adults with COPD: early value assessment (HTG718),digital_health_directory_item,Product type: Guidance Programme: HealthTech guidance Last updated : 17 September 2025 Published : 30 April 2024; published 2024-04-30,nice_digital_health,HTG718,2024-04-30,Published,https://www.nice.org.uk/guidance/htg718,chronic_disease_management; rehabilitation,strong_official_product
,Digital technologies to support self-management of asthma: early-use assessment (HTG778),digital_health_directory_item,Product type: Guidance Programme: HealthTech guidance Published : 5 May 2026; published 2026-05-05,nice_digital_health,HTG778,2026-05-05,Published,https://www.nice.org.uk/guidance/htg778,chronic_disease_management,strong_official_product
,Digital technologies to support self-management of COPD: early value assessment (HTG736),digital_health_directory_item,Product type: Guidance Programme: HealthTech guidance Last updated : 3 February 2026 Published : 19 December 2024; published 2024-12-19,nice_digital_health,HTG736,2024-12-19,Published,https://www.nice.org.uk/guidance/htg736,chronic_disease_management,strong_official_product
,Digital therapy for chronic tic disorders and Tourette syndrome: early value assessment (HTG748),digital_health_directory_item,Product type: Guidance Programme: HealthTech guidance Published : 7 May 2025; published 2025-05-07,nice_digital_health,HTG748,2025-05-07,Published,https://www.nice.org.uk/guidance/htg748,chronic_disease_management,strong_official_product
,Digitally enabled therapies for adults with anxiety disorders: early value assessment (HTG676),digital_health_directory_item,Product type: Guidance Programme: HealthTech guidance Last updated : 14 December 2023 Published : 16 May 2023; published 2023-05-16,nice_digital_health,HTG676,2023-05-16,Published,https://www.nice.org.uk/guidance/htg676,mental_health,strong_official_product
,Digitally enabled therapies for adults with depression: early value assessment (HTG675),digital_health_directory_item,Product type: Guidance Programme: HealthTech guidance Last updated : 14 January 2025 Published : 16 May 2023; published 2023-05-16,nice_digital_health,HTG675,2023-05-16,Published,https://www.nice.org.uk/guidance/htg675,mental_health,strong_official_product
,EGFR‑TK mutation testing in adults with locally advanced or metastatic non-small-cell lung cancer (HTG316),digital_health_directory_item,Product type: Guidance Programme: HealthTech guidance Published : 14 August 2013; published 2013-08-14,nice_digital_health,HTG316,2013-08-14,Published,https://www.nice.org.uk/guidance/htg316,,strong_official_product
,FibroScan for assessing liver fibrosis and cirrhosis outside secondary and specialist care (HTG682),digital_health_directory_item,Product type: Guidance Programme: HealthTech guidance Published : 7 June 2023; published 2023-06-07,nice_digital_health,HTG682,2023-06-07,Published,https://www.nice.org.uk/guidance/htg682,,strong_official_product
,Fluorouracil chemotherapy: The My5‑FU assay for guiding dose adjustment (HTG360),digital_health_directory_item,Product type: Guidance Programme: HealthTech guidance Published : 10 December 2014; published 2014-12-10,nice_digital_health,HTG360,2014-12-10,Published,https://www.nice.org.uk/guidance/htg360,,strong_official_product
,GaitSmart rehabilitation exercise programme for gait and mobility issues (HTG716),digital_health_directory_item,Product type: Guidance Programme: HealthTech guidance Published : 3 April 2024; published 2024-04-03,nice_digital_health,HTG716,2024-04-03,Published,https://www.nice.org.uk/guidance/htg716,rehabilitation,strong_official_product
,gammaCore for cluster headache (HTG533),digital_health_directory_item,Product type: Guidance Programme: HealthTech guidance Published : 3 December 2019; published 2019-12-03,nice_digital_health,HTG533,2019-12-03,Published,https://www.nice.org.uk/guidance/htg533,,strong_official_product
,Genedrive MT-RNR1 ID Kit for detecting a genetic variant to guide antibiotic use and prevent hearing loss in babies: early value assessment (HTG665),digital_health_directory_item,Product type: Guidance Programme: HealthTech guidance Last updated : 10 August 2023 Published : 30 March 2023; published 2023-03-30,nice_digital_health,HTG665,2023-03-30,Published,https://www.nice.org.uk/guidance/htg665,,strong_official_product
,Guided self-help digital cognitive behavioural therapy for children and young people with mild to moderate symptoms of anxiety or low mood: early value assessment (HTG660),digital_health_directory_item,Product type: Guidance Programme: HealthTech guidance Last updated : 5 September 2023 Published : 8 February 2023; published 2023-02-08,nice_digital_health,HTG660,2023-02-08,Published,https://www.nice.org.uk/guidance/htg660,mental_health,strong_official_product
,Heart failure algorithms for remote monitoring in people with cardiac implantable electronic devices (HTG730),remote_patient_monitoring,Product type: Guidance Programme: HealthTech guidance Published : 24 October 2024; published 2024-10-24,nice_digital_health,HTG730,2024-10-24,Published,https://www.nice.org.uk/guidance/htg730,remote_patient_monitoring,strong_official_product
,HeartFlow FFRCT for estimating fractional flow reserve from coronary CT angiography (HTG429),digital_health_directory_item,Product type: Guidance Programme: HealthTech guidance Last updated : 19 May 2021 Published : 13 February 2017; published 2017-02-13,nice_digital_health,HTG429,2017-02-13,Published,https://www.nice.org.uk/guidance/htg429,,strong_official_product
,High-sensitivity troponin tests for the early rule out of NSTEMI (HTG552),digital_health_directory_item,Product type: Guidance Programme: HealthTech guidance Published : 26 August 2020; published 2020-08-26,nice_digital_health,HTG552,2020-08-26,Published,https://www.nice.org.uk/guidance/htg552,,strong_official_product
,High-throughput non-invasive prenatal testing for fetal RHD genotype (HTG420),digital_health_directory_item,Product type: Guidance Programme: HealthTech guidance Published : 9 November 2016; published 2016-11-09,nice_digital_health,HTG420,2016-11-09,Published,https://www.nice.org.uk/guidance/htg420,,strong_official_product
,ImmunoCAP ISAC 112 for multiplex allergen testing (HTG413),digital_health_directory_item,Product type: Guidance Programme: HealthTech guidance Published : 18 May 2016; published 2016-05-18,nice_digital_health,HTG413,2016-05-18,Published,https://www.nice.org.uk/guidance/htg413,,strong_official_product
,Implantable cardiac monitors to detect atrial fibrillation after cryptogenic stroke (HTG553),remote_patient_monitoring,Product type: Guidance Programme: HealthTech guidance Published : 2 September 2020; published 2020-09-02,nice_digital_health,HTG553,2020-09-02,Published,https://www.nice.org.uk/guidance/htg553,remote_patient_monitoring,strong_official_product
,Intraoperative tests (RD‑100i OSNA system and Metasin test) for detecting sentinel lymph node metastases in breast cancer (HTG315),digital_health_directory_item,Product type: Guidance Programme: HealthTech guidance Published : 7 August 2013; published 2013-08-07,nice_digital_health,HTG315,2013-08-07,Published,https://www.nice.org.uk/guidance/htg315,,strong_official_product
,KardiaMobile 6L for measuring cardiac QT interval in adults having antipsychotic medication: early value assessment (HTG694),remote_patient_monitoring,Product type: Guidance Programme: HealthTech guidance Published : 26 September 2023; published 2023-09-26,nice_digital_health,HTG694,2023-09-26,Published,https://www.nice.org.uk/guidance/htg694,remote_patient_monitoring,strong_official_product
,KardiaMobile for detecting atrial fibrillation (HTG606),digital_health_directory_item,Product type: Guidance Programme: HealthTech guidance Last updated : 25 July 2023 Published : 6 January 2022; published 2022-01-06,nice_digital_health,HTG606,2022-01-06,Published,https://www.nice.org.uk/guidance/htg606,,strong_official_product
,Lead-I ECG devices for detecting symptomatic atrial fibrillation using single time point testing in primary care (HTG508),remote_patient_monitoring,Product type: Guidance Programme: HealthTech guidance Published : 8 May 2019; published 2019-05-08,nice_digital_health,HTG508,2019-05-08,Published,https://www.nice.org.uk/guidance/htg508,remote_patient_monitoring,strong_official_product
,Magtrace and Sentimag system for locating sentinel lymph nodes for breast cancer (HTG642),digital_health_directory_item,Product type: Guidance Programme: HealthTech guidance Published : 5 October 2022; published 2022-10-05,nice_digital_health,HTG642,2022-10-05,Published,https://www.nice.org.uk/guidance/htg642,,strong_official_product
,Molecular testing strategies for Lynch syndrome in people with colorectal cancer (HTG430),digital_health_directory_item,Product type: Guidance Programme: HealthTech guidance Published : 22 February 2017; published 2017-02-22,nice_digital_health,HTG430,2017-02-22,Published,https://www.nice.org.uk/guidance/htg430,,strong_official_product
,MRI fusion biopsy systems for diagnosing prostate cancer (HTG678),digital_health_directory_item,Product type: Guidance Programme: HealthTech guidance Published : 24 May 2023; published 2023-05-24,nice_digital_health,HTG678,2023-05-24,Published,https://www.nice.org.uk/guidance/htg678,,strong_official_product
,MRI-based technologies for assessing non-alcoholic fatty liver disease (HTG655),digital_health_directory_item,Product type: Guidance Programme: HealthTech guidance Published : 12 January 2023; published 2023-01-12,nice_digital_health,HTG655,2023-01-12,Published,https://www.nice.org.uk/guidance/htg655,,strong_official_product
,Multiple frequency bioimpedance devices to guide fluid management in people with chronic kidney disease having dialysis (HTG441),digital_health_directory_item,Product type: Guidance Programme: HealthTech guidance Published : 21 June 2017; published 2017-06-21,nice_digital_health,HTG441,2017-06-21,Published,https://www.nice.org.uk/guidance/htg441,chronic_disease_management,strong_official_product
,"New generation cardiac CT scanners (Aquilion ONE, Brilliance iCT, Discovery CT750 HD and Somatom Definition Flash) for cardiac imaging in people with suspected or known coronary artery disease in whom imaging is difficult with earlier generation CT scanners (HTG281)",remote_patient_monitoring,Product type: Guidance Programme: HealthTech guidance Last updated : 6 July 2017 Published : 25 January 2012; published 2012-01-25,nice_digital_health,HTG281,2012-01-25,Published,https://www.nice.org.uk/guidance/htg281,remote_patient_monitoring,strong_official_product
,PLGF-based testing to help diagnose suspected preterm pre-eclampsia (HTG630),digital_health_directory_item,Product type: Guidance Programme: HealthTech guidance Published : 27 July 2022; published 2022-07-27,nice_digital_health,HTG630,2022-07-27,Published,https://www.nice.org.uk/guidance/htg630,,strong_official_product
,Point-of-care creatinine devices to assess kidney function before CT imaging with intravenous contrast (HTG530),digital_health_directory_item,Product type: Guidance Programme: HealthTech guidance Published : 13 November 2019; published 2019-11-13,nice_digital_health,HTG530,2019-11-13,Published,https://www.nice.org.uk/guidance/htg530,,strong_official_product
,"Procalcitonin testing for diagnosing and monitoring sepsis (ADVIA Centaur BRAHMS PCT assay, BRAHMS PCT Sensitive Kryptor assay, Elecsys BRAHMS PCT assay, LIAISON BRAHMS PCT assay and VIDAS BRAHMS PCT assay) (HTG386)",remote_patient_monitoring,Product type: Guidance Programme: HealthTech guidance Published : 7 October 2015; published 2015-10-07,nice_digital_health,HTG386,2015-10-07,Published,https://www.nice.org.uk/guidance/htg386,remote_patient_monitoring,strong_official_product
,"ProKnow cloud-based system for radiotherapy data storage, communication and management: early value assessment (HTG664)",digital_health_directory_item,Product type: Guidance Programme: HealthTech guidance Last updated : 14 March 2024 Published : 28 March 2023; published 2023-03-28,nice_digital_health,HTG664,2023-03-28,Published,https://www.nice.org.uk/guidance/htg664,,strong_official_product
,QAngio XA 3D QFR and CAAS vFFR imaging software for assessing coronary stenosis during invasive coronary angiography (HTG571),samd_or_medical_software,Product type: Guidance Programme: HealthTech guidance Published : 17 March 2021; published 2021-03-17,nice_digital_health,HTG571,2021-03-17,Published,https://www.nice.org.uk/guidance/htg571,samd,strong_official_product
,Rapid tests for group A streptococcal infections in people with a sore throat (HTG531),digital_health_directory_item,Product type: Guidance Programme: HealthTech guidance Published : 13 November 2019; published 2019-11-13,nice_digital_health,HTG531,2019-11-13,Published,https://www.nice.org.uk/guidance/htg531,,strong_official_product
,Robot-assisted surgery for orthopaedic procedures: early value assessment (HTG743),digital_health_directory_item,Product type: Guidance Programme: HealthTech guidance Published : 17 April 2025; published 2025-04-17,nice_digital_health,HTG743,2025-04-17,Published,https://www.nice.org.uk/guidance/htg743,,strong_official_product
,Robot-assisted surgery for soft tissue procedures: early value assessment (HTG742),digital_health_directory_item,Product type: Guidance Programme: HealthTech guidance Published : 17 April 2025; published 2025-04-17,nice_digital_health,HTG742,2025-04-17,Published,https://www.nice.org.uk/guidance/htg742,,strong_official_product
,SepsiTest assay for rapidly identifying bloodstream bacteria and fungi (HTG400),digital_health_directory_item,Product type: Guidance Programme: HealthTech guidance Last updated : 19 February 2020 Published : 10 February 2016; published 2016-02-10,nice_digital_health,HTG400,2016-02-10,Published,https://www.nice.org.uk/guidance/htg400,,strong_official_product
,Sleepio to treat insomnia and insomnia symptoms (HTG624),digital_health_directory_item,Product type: Guidance Programme: HealthTech guidance Published : 20 May 2022; published 2022-05-20,nice_digital_health,HTG624,2022-05-20,Published,https://www.nice.org.uk/guidance/htg624,sleep_health,strong_official_product
,Testing strategies for Lynch syndrome in people with endometrial cancer (HTG557),digital_health_directory_item,Product type: Guidance Programme: HealthTech guidance Published : 28 October 2020; published 2020-10-28,nice_digital_health,HTG557,2020-10-28,Published,https://www.nice.org.uk/guidance/htg557,,strong_official_product
,Tests in secondary care to identify people at high risk of ovarian cancer (HTG453),digital_health_directory_item,Product type: Guidance Programme: HealthTech guidance Published : 15 November 2017; published 2017-11-15,nice_digital_health,HTG453,2017-11-15,Published,https://www.nice.org.uk/guidance/htg453,,strong_official_product
,"Tests to help assess risk of acute kidney injury for people being considered for critical care admission (ARCHITECT and Alinity i Urine NGAL assays, BioPorto NGAL test and NephroCheck test) (HTG544)",digital_health_directory_item,Product type: Guidance Programme: HealthTech guidance Published : 17 June 2020; published 2020-06-17,nice_digital_health,HTG544,2020-06-17,Published,https://www.nice.org.uk/guidance/htg544,,strong_official_product
,The EOS 2D/3D imaging system (HTG274),digital_health_directory_item,Product type: Guidance Programme: HealthTech guidance Published : 26 October 2011; published 2011-10-26,nice_digital_health,HTG274,2011-10-26,Published,https://www.nice.org.uk/guidance/htg274,,strong_official_product
,Therapeutic monitoring of TNF-alpha inhibitors in rheumatoid arthritis (HTG521),remote_patient_monitoring,Product type: Guidance Programme: HealthTech guidance Published : 10 July 2019; published 2019-07-10,nice_digital_health,HTG521,2019-07-10,Published,https://www.nice.org.uk/guidance/htg521,remote_patient_monitoring,strong_official_product
,Thopaz+ portable digital system for managing chest drains (HTG465),digital_health_directory_item,Product type: Guidance Programme: HealthTech guidance Last updated : 6 June 2022 Published : 21 March 2018; published 2018-03-21,nice_digital_health,HTG465,2018-03-21,Published,https://www.nice.org.uk/guidance/htg465,,strong_official_product
,Virtual chromoendoscopy to assess colorectal polyps during colonoscopy (HTG438),digital_health_directory_item,Product type: Guidance Programme: HealthTech guidance Published : 10 May 2017; published 2017-05-10,nice_digital_health,HTG438,2017-05-10,Published,https://www.nice.org.uk/guidance/htg438,,strong_official_product
,Virtual reality technologies for treating agoraphobia or agoraphobic avoidance: early value assessment (HTG701),digital_health_directory_item,Product type: Guidance Programme: HealthTech guidance Published : 15 November 2023; published 2023-11-15,nice_digital_health,HTG701,2023-11-15,Published,https://www.nice.org.uk/guidance/htg701,,strong_official_product
,Virtual Touch Quantification to diagnose and monitor liver fibrosis in chronic hepatitis B and C (HTG385),digital_health_directory_item,Product type: Guidance Programme: HealthTech guidance Last updated : 17 January 2020 Published : 23 September 2015; published 2015-09-23,nice_digital_health,HTG385,2015-09-23,Published,https://www.nice.org.uk/guidance/htg385,chronic_disease_management,strong_official_product
,Virtual ward platform technologies for acute respiratory infections: early value assessment (HTG697),digital_health_directory_item,Product type: Guidance Programme: HealthTech guidance Published : 12 October 2023; published 2023-10-12,nice_digital_health,HTG697,2023-10-12,Published,https://www.nice.org.uk/guidance/htg697,,strong_official_product
,VivaScope 1500 and 3000 imaging systems for detecting skin cancer lesions (HTG388),digital_health_directory_item,Product type: Guidance Programme: HealthTech guidance Published : 11 November 2015; published 2015-11-11,nice_digital_health,HTG388,2015-11-11,Published,https://www.nice.org.uk/guidance/htg388,,strong_official_product
,Zio XT for detecting cardiac arrhythmias (HTG562),remote_patient_monitoring,Product type: Guidance Programme: HealthTech guidance Published : 1 December 2020; published 2020-12-01,nice_digital_health,HTG562,2020-12-01,Published,https://www.nice.org.uk/guidance/htg562,remote_patient_monitoring,strong_official_product
 江西维德医疗健康管理有限公司,一次性医用防护服,digital_health_or_medical_device_software,NMPA UDI 06970360995510; GS1; 规格：180（XXL）,nmpa_udi,06970360995510,,--,https://udi.nmpa.gov.cn/showDetailCX.html?deviceRecordKey=06970360995510202404121206390,health_management_platform,strong_official_product
 江西维德医疗健康管理有限公司,医用防护口罩,digital_health_or_medical_device_software,NMPA UDI 06970360996036; GS1; Ⅱ型 蝶形耳挂式（不带鼻垫），规格：12.8cm×13.5cm,nmpa_udi,06970360996036,,--,https://udi.nmpa.gov.cn/showDetailCX.html?deviceRecordKey=06970360996036202404121206310,health_management_platform,strong_official_product
"3M Health Care, Sarns",FLEXIBLE ARTERIAL CANNULAE,digital_health_or_medical_device_software,FDA 510(k) K771499; 1977-08-16; product code DWF,openfda_device_510k,K771499,1977-08-16,Substantially Equivalent,https://www.accessdata.fda.gov/scripts/cdrh/cfdocs/cfpmn/pmn.cfm?id=K771499,,strong_official_product
"3M Health Care, Sarns",MODIFIED SARNS MEMBRANE OXYGENATOR,digital_health_or_medical_device_software,FDA 510(k) K863902; 1986-12-11; product code DTX,openfda_device_510k,K863902,1986-12-11,Substantially Equivalent,https://www.accessdata.fda.gov/scripts/cdrh/cfdocs/cfpmn/pmn.cfm?id=K863902,,strong_official_product
"3M Health Care, Sarns",SARNS CARDIOPLEGIA CANNULAE (VAR. TYPES,digital_health_or_medical_device_software,FDA 510(k) K822210; 1982-08-24; product code DWF,openfda_device_510k,K822210,1982-08-24,Substantially Equivalent,https://www.accessdata.fda.gov/scripts/cdrh/cfdocs/cfpmn/pmn.cfm?id=K822210,,strong_official_product
3Shape A/S,Abutment Design,digital_health_or_medical_device_software,FDA 510(k) K200100; 2020-10-07; product code PNP,openfda_device_510k,K200100,2020-10-07,Substantially Equivalent,https://www.accessdata.fda.gov/scripts/cdrh/cfdocs/cfpmn/pmn.cfm?id=K200100,,strong_official_product
Abbott Diabetes Care,FREESTYLE PRECISION PRO BLOOD GLUCOSE AND B-KETONE MONITORING SYSTEM,remote_patient_monitoring,FDA 510(k) K130094; 2013-06-27; product code NBW,openfda_device_510k,K130094,2013-06-27,Substantially Equivalent,https://www.accessdata.fda.gov/scripts/cdrh/cfdocs/cfpmn/pmn.cfm?id=K130094,remote_patient_monitoring,strong_official_product
"Abbott Diabetes Care, Inc.",FREESTYLE 600 BLOOD GLUCOSE MONITORING SYSTEM,remote_patient_monitoring,FDA 510(k) K050500; 2005-06-27; product code NBW,openfda_device_510k,K050500,2005-06-27,Substantially Equivalent,https://www.accessdata.fda.gov/scripts/cdrh/cfdocs/cfpmn/pmn.cfm?id=K050500,remote_patient_monitoring,strong_official_product
"Abbott Diabetes Care, Inc.",FREESTYLE AVIATOR INSULIN DELIVERY AND BLOOD GLUCOSE MONITORING SYSTEM,remote_patient_monitoring,FDA 510(k) K083225; 2009-02-20; product code LZG,openfda_device_510k,K083225,2009-02-20,Substantially Equivalent,https://www.accessdata.fda.gov/scripts/cdrh/cfdocs/cfpmn/pmn.cfm?id=K083225,remote_patient_monitoring,strong_official_product
"Abbott Diabetes Care, Inc.",FreeStyle Libre 2 Flash Glucose Monitoring System,remote_patient_monitoring,FDA 510(k) K193371; 2020-06-12; product code QLG,openfda_device_510k,K193371,2020-06-12,Substantially Equivalent,https://www.accessdata.fda.gov/scripts/cdrh/cfdocs/cfpmn/pmn.cfm?id=K193371,remote_patient_monitoring,strong_official_product
"Abbott Diabetes Care, Inc.",FreeStyle Libre 3 Continuous Glucose Monitoring System,remote_patient_monitoring,FDA 510(k) K212132; 2022-05-26; product code QLG,openfda_device_510k,K212132,2022-05-26,Substantially Equivalent,https://www.accessdata.fda.gov/scripts/cdrh/cfdocs/cfpmn/pmn.cfm?id=K212132,remote_patient_monitoring,strong_official_product
"Abbott Diabetes Care, Inc.",FreeStyle Precision Neo Blood Glucose Test Strips,digital_health_or_medical_device_software,FDA 510(k) K171941; 2017-09-27; product code NBW,openfda_device_510k,K171941,2017-09-27,Substantially Equivalent,https://www.accessdata.fda.gov/scripts/cdrh/cfdocs/cfpmn/pmn.cfm?id=K171941,,strong_official_product
"Abbott Diabetes Care, Inc.",FREESTYLE PRECISION PRO BLOOD GLUCOSE AND B-KETONE MONITORING SYSTEM,remote_patient_monitoring,FDA 510(k) K132511; 2013-12-24; product code NBW,openfda_device_510k,K132511,2013-12-24,Substantially Equivalent,https://www.accessdata.fda.gov/scripts/cdrh/cfdocs/cfpmn/pmn.cfm?id=K132511,remote_patient_monitoring,strong_official_product
"Abbott Diabetes Care, Inc.",FREESTYLE TRACKER DIABETES MANAGEMENT SYSTEM,digital_health_or_medical_device_software,FDA 510(k) K020866; 2002-06-11; product code NBW,openfda_device_510k,K020866,2002-06-11,Substantially Equivalent,https://www.accessdata.fda.gov/scripts/cdrh/cfdocs/cfpmn/pmn.cfm?id=K020866,chronic_disease_management,strong_official_product
"Abbott Diabetes Care, Inc.","PRECISION XCEED PRO BLOOD GLUCOSE AND B-KETONE MONITORING SYSTEM WITH MODELS BGMS:70900-03, 70090-02, G3CH STRIPS",remote_patient_monitoring,FDA 510(k) K080960; 2008-09-05; product code NBW,openfda_device_510k,K080960,2008-09-05,Substantially Equivalent,https://www.accessdata.fda.gov/scripts/cdrh/cfdocs/cfpmn/pmn.cfm?id=K080960,remote_patient_monitoring,strong_official_product
"Abbott Diabetes Care, Inc.","PRECISION XTRA BLOOD B KETONE TEST STRIPS, OPTIUM BLOOD B KETONE TEST STRIPS",digital_health_or_medical_device_software,FDA 510(k) K060768; 2006-04-21; product code JIN,openfda_device_510k,K060768,2006-04-21,Substantially Equivalent,https://www.accessdata.fda.gov/scripts/cdrh/cfdocs/cfpmn/pmn.cfm?id=K060768,,strong_official_product
Abbott Laboratories,SOF-TACT DIABETES MANAGEMENT SYSTEM; SOF-TACT GLUCOSE TEST STRIP; PRECISION CONTROL SOLUTIONS,digital_health_or_medical_device_software,FDA 510(k) K001993; 2000-11-13; product code LFR,openfda_device_510k,K001993,2000-11-13,Substantially Equivalent,https://www.accessdata.fda.gov/scripts/cdrh/cfdocs/cfpmn/pmn.cfm?id=K001993,chronic_disease_management,strong_official_product
ABBOTT MEDICAL,OPTIS Mobile Next Imaging System (1014932); OPTIS Integrated Next Imaging System (1014933); Ultreon 3.0 Software Upgrade Kit (ULTR300001),samd_or_medical_software,FDA 510(k) K253459; 2026-04-24; product code NQQ,openfda_device_510k,K253459,2026-04-24,Substantially Equivalent,https://www.accessdata.fda.gov/scripts/cdrh/cfdocs/cfpmn/pmn.cfm?id=K253459,samd,strong_official_product
Abigo Medical AB,Sorbact Wound Dressing-Ribbon Gauze,digital_health_or_medical_device_software,FDA 510(k) K171225; 2017-08-21; product code FRO,openfda_device_510k,K171225,2017-08-21,Substantially Equivalent,https://www.accessdata.fda.gov/scripts/cdrh/cfdocs/cfpmn/pmn.cfm?id=K171225,,strong_official_product
"Access Vascular, Inc.","HydroPICC 4Fr Single Lumen Marked catheter, 130 cm guidewire  - Basic Kit (70001201); HydroPICC 4Fr Single Lumen Marked catheter, 70 cm guidewire  - Basic Kit (70001202); HydroPICC 4Fr Single Lumen Marked catheter, Maximal Barrier kit (70001204); HydroPICC 4Fr Single Lumen Marked catheter, Mobile Maximal Barrier Kit (90001204)",digital_health_or_medical_device_software,FDA 510(k) K243941; 2025-01-17; product code LJS,openfda_device_510k,K243941,2025-01-17,Substantially Equivalent,https://www.accessdata.fda.gov/scripts/cdrh/cfdocs/cfpmn/pmn.cfm?id=K243941,,strong_official_product
"ACON Laboratories, Inc.",ON CALL PLUS DIABETES MONITORING SOFTWARE,samd_or_medical_software,FDA 510(k) K101371; 2011-01-07; product code NBW,openfda_device_510k,K101371,2011-01-07,Substantially Equivalent,https://www.accessdata.fda.gov/scripts/cdrh/cfdocs/cfpmn/pmn.cfm?id=K101371,samd; remote_patient_monitoring; chronic_disease_management,strong_official_product
"Actigraph, LLC",ActiGraph LEAP activity monitor (ActiGraph LEAP),digital_health_or_medical_device_software,FDA 510(k) K231532; 2023-06-23; product code LEL,openfda_device_510k,K231532,2023-06-23,Substantially Equivalent,https://www.accessdata.fda.gov/scripts/cdrh/cfdocs/cfpmn/pmn.cfm?id=K231532,,strong_official_product
Ada Health,Ada,digital_health_or_medical_device_software,德国 AI 问诊/症状评估公司,round2_seed,,,,https://ada.com/,online_consultation; health_management_platform; patient_engagement,seed_only
Ada Health,Ada,digital_health_or_medical_device_software,"Health. Powered by Ada.; Hi. We&#x27;re Ada. Our symptom assessment helps people manage their health, and our enterprise solutions help our partners improve health and care. See how we can help you too.",round2_company_site,,,,https://ada.com/,health_management_platform; patient_engagement,strong_company_site
"Adaptive Video, Inc.",AD/V IMAGEPLEX(TM),digital_health_or_medical_device_software,FDA 510(k) K943158; 1994-11-22; product code LMD,openfda_device_510k,K943158,1994-11-22,Substantially Equivalent,https://www.accessdata.fda.gov/scripts/cdrh/cfdocs/cfpmn/pmn.cfm?id=K943158,,strong_official_product
ADAS3D医疗有限公司,心血管图像处理软件Medical device imaging software in the clinical domain of cardiology,samd_or_medical_software,NMPA UDI 08437021722048; GS1; ADAS 3D，发布版本2.6,nmpa_udi,08437021722048,,--,https://udi.nmpa.gov.cn/showDetailCX.html?deviceRecordKey=0843702172204820260416013910405,samd,strong_official_product
ADAS3D医疗有限公司,心血管图像处理软件Medical device imaging software in the clinical domain of cardiology,samd_or_medical_software,国械注进20232210618; 该产品由软件安装文件和授权文件组成，功能模块包括左心室增强分析模块、右心室厚度分析模块、左心房增强分析模块、心脏解剖信息提取分析模块、影像配准多模态工具模块、对照3D多模态工具模块、增强量化工具（左心室和左心房）模块和病例研究存储数据库模块。发布版本2.6,nmpa_udi_detail,国械注进20232210618,,,https://udi.nmpa.gov.cn/showDetailCX.html?deviceRecordKey=0843702172204820260416013910405,samd,strong_official_product
"Adsis , Ltd.",REMOTE PRESENCE AND CARE SYSTEM (RPCS 5000),digital_health_or_medical_device_software,FDA 510(k) K010791; 2001-06-08; product code DXH,openfda_device_510k,K010791,2001-06-08,Substantially Equivalent,https://www.accessdata.fda.gov/scripts/cdrh/cfdocs/cfpmn/pmn.cfm?id=K010791,,strong_official_product
"Advanced Brain Monitoring, Inc.",SLEEP PROFILER,digital_health_or_medical_device_software,FDA 510(k) K120450; 2012-09-19; product code OLZ,openfda_device_510k,K120450,2012-09-19,Substantially Equivalent,https://www.accessdata.fda.gov/scripts/cdrh/cfdocs/cfpmn/pmn.cfm?id=K120450,sleep_health,strong_official_product
"Advanced Planimetric Services, LLC",PICTZAR DIGITAL PLANIMETRY SOFTWARE APPLICATION 7.0,samd_or_medical_software,FDA 510(k) K130165; 2013-08-30; product code FXN,openfda_device_510k,K130165,2013-08-30,Substantially Equivalent,https://www.accessdata.fda.gov/scripts/cdrh/cfdocs/cfpmn/pmn.cfm?id=K130165,samd,strong_official_product
"Agamatrix, Inc.","IBGSTAR BLOOD GLUCOSE MONITORING SYSTEM, IBGSTAR DIABETES MANAGER APPLICATION, REV D",samd_or_medical_software,FDA 510(k) K103544; 2011-12-07; product code NBW,openfda_device_510k,K103544,2011-12-07,Substantially Equivalent,https://www.accessdata.fda.gov/scripts/cdrh/cfdocs/cfpmn/pmn.cfm?id=K103544,samd; remote_patient_monitoring; chronic_disease_management,strong_official_product
Agfa Healthcare Corporation,AGFA COMPUTED RADIOGRAPHY SYSTEMS WITH NX2008 WORKSTATIONS,digital_health_or_medical_device_software,FDA 510(k) K081963; 2008-07-25; product code MQB,openfda_device_510k,K081963,2008-07-25,Substantially Equivalent,https://www.accessdata.fda.gov/scripts/cdrh/cfdocs/cfpmn/pmn.cfm?id=K081963,,strong_official_product
Akili,EndeavorRx; EndeavorOTC,digital_therapeutics_or_dtx,知名数字疗法/认知治疗公司,round2_seed,,,,https://www.akiliinteractive.com/,digital_therapeutics; mental_health,seed_only
Akili,EndeavorRx; EndeavorOTC,digital_health_or_medical_device_software,Akili Interactive; Akili Interactive is a prescription digital medicine company combining scientific and clinical rigor with the ingenuity of the tech industry to reinvent medicine.,round2_company_site,,,,https://www.akiliinteractive.com/,mental_health,strong_company_site
"Akzona, Inc.",ORGANON ARTERIAL BLOOD SAMPLER,digital_health_or_medical_device_software,FDA 510(k) K801435; 1980-07-18; product code CBT,openfda_device_510k,K801435,1980-07-18,Substantially Equivalent,https://www.accessdata.fda.gov/scripts/cdrh/cfdocs/cfpmn/pmn.cfm?id=K801435,,strong_official_product
"Alert Care, Inc.",ELD-ARONDAK CHAIR,digital_health_or_medical_device_software,FDA 510(k) K926053; 1993-03-22; product code INM,openfda_device_510k,K926053,1993-03-22,Substantially Equivalent,https://www.accessdata.fda.gov/scripts/cdrh/cfdocs/cfpmn/pmn.cfm?id=K926053,,strong_official_product
"Ali-Oop Co., Inc.",DEVICE FOR REPOSITIONING A BET PATIENT,digital_health_or_medical_device_software,FDA 510(k) K813356; 1982-02-10; product code FNJ,openfda_device_510k,K813356,1982-02-10,Substantially Equivalent,https://www.accessdata.fda.gov/scripts/cdrh/cfdocs/cfpmn/pmn.cfm?id=K813356,,strong_official_product
Allergan Medical Optics,AMO ELITE,digital_health_or_medical_device_software,FDA 510(k) K924235; 1992-12-23; product code HQC,openfda_device_510k,K924235,1992-12-23,Substantially Equivalent,https://www.accessdata.fda.gov/scripts/cdrh/cfdocs/cfpmn/pmn.cfm?id=K924235,,strong_official_product
American Pharmaseal Div. Ahsc,AIRLIFE ARTERIAL BLOOD GAS SAMPLING SYRINGE,digital_health_or_medical_device_software,FDA 510(k) K870720; 1987-03-17; product code CBT,openfda_device_510k,K870720,1987-03-17,Substantially Equivalent,https://www.accessdata.fda.gov/scripts/cdrh/cfdocs/cfpmn/pmn.cfm?id=K870720,,strong_official_product
American Sleep Association,ASA ORAL APPLIANCES,samd_or_medical_software,FDA 510(k) K130504; 2013-10-18; product code LRK,openfda_device_510k,K130504,2013-10-18,Substantially Equivalent,https://www.accessdata.fda.gov/scripts/cdrh/cfdocs/cfpmn/pmn.cfm?id=K130504,samd,strong_official_product
"American Threshold Industries, Inc.","DRAW SHEET, ANTI-MICROBIAL",digital_health_or_medical_device_software,FDA 510(k) K832487; 1984-02-13; product code KME,openfda_device_510k,K832487,1984-02-13,Substantially Equivalent,https://www.accessdata.fda.gov/scripts/cdrh/cfdocs/cfpmn/pmn.cfm?id=K832487,,strong_official_product
Amwell,Amwell platform,remote_patient_monitoring,美国远程医疗平台,round2_seed,,,,https://business.amwell.com/,remote_patient_monitoring; internet_healthcare,seed_only
Amwell,Amwell platform,digital_health_or_medical_device_software,"Your Partner in Care Delivery | Amwell; Discover how Amwell supports payers and providers with a seamless technology-based platform, improving access to care across programs and partners.",round2_company_site,,,,https://business.amwell.com/,internet_healthcare,strong_company_site
"Analytical Products, Inc.",ARTAP ARTERIAL BLOOD SAMPLING DEVICE,digital_health_or_medical_device_software,FDA 510(k) K843360; 1984-10-31; product code CBT,openfda_device_510k,K843360,1984-10-31,Substantially Equivalent,https://www.accessdata.fda.gov/scripts/cdrh/cfdocs/cfpmn/pmn.cfm?id=K843360,,strong_official_product
"Andon Medical Co., Ltd.",AG-608 BLOOD GLUCOSE MONITORING SYSTEM AND AG-610 BLOOD GLUCOSE MONITORING SYSTEM,remote_patient_monitoring,FDA 510(k) K093262; 2010-07-13; product code NBW,openfda_device_510k,K093262,2010-07-13,Substantially Equivalent,https://www.accessdata.fda.gov/scripts/cdrh/cfdocs/cfpmn/pmn.cfm?id=K093262,remote_patient_monitoring,strong_official_product
"Andover Medical, Inc.",HOLTER KIT MODEL #5000 SERIES,digital_health_or_medical_device_software,FDA 510(k) K823414; 1982-12-30; product code DSH,openfda_device_510k,K823414,1982-12-30,Substantially Equivalent,https://www.accessdata.fda.gov/scripts/cdrh/cfdocs/cfpmn/pmn.cfm?id=K823414,,strong_official_product
"Andros Analyzers, Inc.",ANGIOTEC ZX DIGITAL IMAGE PROCESSOR,digital_health_or_medical_device_software,FDA 510(k) K892869; 1989-05-26; product code LLZ,openfda_device_510k,K892869,1989-05-26,Substantially Equivalent,https://www.accessdata.fda.gov/scripts/cdrh/cfdocs/cfpmn/pmn.cfm?id=K892869,,strong_official_product
"Angiosystems, Inc.",MEDICAL PROCEDURE KITS/ARTERIAL BLOOD SAMPLING,digital_health_or_medical_device_software,FDA 510(k) K905464; 1991-05-31; product code CBT,openfda_device_510k,K905464,1991-05-31,Unknown,https://www.accessdata.fda.gov/scripts/cdrh/cfdocs/cfpmn/pmn.cfm?id=K905464,,strong_official_product
Animas Corp.,EZMANAGER MAX DIABETES MANAGEMENT SOFTWARE,samd_or_medical_software,FDA 510(k) K063674; 2007-03-30; product code LZG,openfda_device_510k,K063674,2007-03-30,Substantially Equivalent,https://www.accessdata.fda.gov/scripts/cdrh/cfdocs/cfpmn/pmn.cfm?id=K063674,samd; chronic_disease_management,strong_official_product
"Anulex Technologies, Inc.",FIXATE TISSUE BAND,digital_health_or_medical_device_software,FDA 510(k) K112849; 2011-10-27; product code GZB,openfda_device_510k,K112849,2011-10-27,Substantially Equivalent,https://www.accessdata.fda.gov/scripts/cdrh/cfdocs/cfpmn/pmn.cfm?id=K112849,,strong_official_product
Apex Medical Corp.,"BIOSCOPE SD TENS, ARISTA SD PLUS, AP-102080T",digital_health_or_medical_device_software,FDA 510(k) K970429; 1997-04-29; product code GZJ,openfda_device_510k,K970429,1997-04-29,Substantially Equivalent,https://www.accessdata.fda.gov/scripts/cdrh/cfdocs/cfpmn/pmn.cfm?id=K970429,,strong_official_product
Apex Medical Corp.,MICRO II MICROCURRENT TENS,digital_health_or_medical_device_software,FDA 510(k) K973978; 1998-07-29; product code GZJ,openfda_device_510k,K973978,1998-07-29,Substantially Equivalent,https://www.accessdata.fda.gov/scripts/cdrh/cfdocs/cfpmn/pmn.cfm?id=K973978,,strong_official_product
"Apnicure, Inc.",WINX SLEEP THERAPY SYSTEM,digital_health_or_medical_device_software,FDA 510(k) K130538; 2013-05-22; product code OZR,openfda_device_510k,K130538,2013-05-22,Substantially Equivalent,https://www.accessdata.fda.gov/scripts/cdrh/cfdocs/cfpmn/pmn.cfm?id=K130538,sleep_health,strong_official_product
"Apple, Inc.",Sleep Apnea Notification Feature (SANF),digital_health_or_medical_device_software,FDA 510(k) K240929; 2024-09-13; product code QZW,openfda_device_510k,K240929,2024-09-13,Substantially Equivalent,https://www.accessdata.fda.gov/scripts/cdrh/cfdocs/cfpmn/pmn.cfm?id=K240929,sleep_health,strong_official_product
"Applied Diabetes Research, Inc.","THINSET 1.8 ML RESERVOIR, MODEL 326A; THINSET 3.0 ML RESERVOIR, MODEL 332A",digital_health_or_medical_device_software,FDA 510(k) K041152; 2004-05-24; product code FRN,openfda_device_510k,K041152,2004-05-24,Substantially Equivalent,https://www.accessdata.fda.gov/scripts/cdrh/cfdocs/cfpmn/pmn.cfm?id=K041152,,strong_official_product
AppliedVR,RelieVRx,digital_therapeutics_or_dtx,VR 数字疗法/疼痛管理公司,round2_seed,,,,https://www.appliedvr.io/,digital_therapeutics,seed_only
AppliedVR,RelieVRx,samd_or_medical_software,AppliedVR,round2_company_site,,,,https://www.appliedvr.io/,samd,strong_company_site
"Aqueduct Critical Care, Inc.",Smart External Drain (SED) System,digital_health_or_medical_device_software,FDA 510(k) K181301; 2018-06-14; product code JXG,openfda_device_510k,K181301,2018-06-14,Substantially Equivalent,https://www.accessdata.fda.gov/scripts/cdrh/cfdocs/cfpmn/pmn.cfm?id=K181301,,strong_official_product
"Argus Cognitive, Inc.",Argus Cognitive ReVISION Software,samd_or_medical_software,FDA 510(k) K223322; 2023-07-24; product code LLZ,openfda_device_510k,K223322,2023-07-24,Substantially Equivalent,https://www.accessdata.fda.gov/scripts/cdrh/cfdocs/cfpmn/pmn.cfm?id=K223322,samd; mental_health,strong_official_product
"Arkray Factory USA, Inc.",ARKRAY DIABETES DATA MANAGEMENT SOFTWARE (SMBG VIEWER),samd_or_medical_software,FDA 510(k) K093819; 2010-06-09; product code NBW,openfda_device_510k,K093819,2010-06-09,Substantially Equivalent,https://www.accessdata.fda.gov/scripts/cdrh/cfdocs/cfpmn/pmn.cfm?id=K093819,samd; chronic_disease_management,strong_official_product
"Arocep Enterprises , Ltd.",STRESS HANDLER,digital_health_or_medical_device_software,FDA 510(k) K936148; 1994-04-21; product code LYG,openfda_device_510k,K936148,1994-04-21,Substantially Equivalent for Some Indications,https://www.accessdata.fda.gov/scripts/cdrh/cfdocs/cfpmn/pmn.cfm?id=K936148,,strong_official_product
Artrya Limited,Salix Coronary Plaque (V1.0.0),digital_health_or_medical_device_software,FDA 510(k) K251837; 2025-08-20; product code QIH,openfda_device_510k,K251837,2025-08-20,Substantially Equivalent,https://www.accessdata.fda.gov/scripts/cdrh/cfdocs/cfpmn/pmn.cfm?id=K251837,,strong_official_product
"Arzco Medical Electronics, Inc.",TAPSCOPE ESOPHAGEAL CARDIAC RECORDING STETHOSCOPE,remote_patient_monitoring,FDA 510(k) K904943; 1991-04-26; product code BZT,openfda_device_510k,K904943,1991-04-26,Substantially Equivalent,https://www.accessdata.fda.gov/scripts/cdrh/cfdocs/cfpmn/pmn.cfm?id=K904943,remote_patient_monitoring,strong_official_product
"Ascensia Diabetes Care U.S., Inc.",MICROLET®NEXT 2 Lancing Device,digital_health_or_medical_device_software,FDA 510(k) K250813; 2025-05-14; product code QRL,openfda_device_510k,K250813,2025-05-14,Substantially Equivalent,https://www.accessdata.fda.gov/scripts/cdrh/cfdocs/cfpmn/pmn.cfm?id=K250813,,strong_official_product
Aspen Glove Sdn. Bhd.,Latex Examination Powder Free Gloves,digital_health_or_medical_device_software,FDA 510(k) K211477; 2021-09-20; product code LYY,openfda_device_510k,K211477,2021-09-20,Substantially Equivalent,https://www.accessdata.fda.gov/scripts/cdrh/cfdocs/cfpmn/pmn.cfm?id=K211477,,strong_official_product
"Atcor Medical Pty, Ltd.",SPHYGMOCOR CARDIOVASCULAR MANAGEMENT SYSTEM,digital_health_or_medical_device_software,FDA 510(k) K070795; 2007-08-31; product code DSK,openfda_device_510k,K070795,2007-08-31,Substantially Equivalent,https://www.accessdata.fda.gov/scripts/cdrh/cfdocs/cfpmn/pmn.cfm?id=K070795,,strong_official_product
"Athena Gtx, Inc.",WVSM Pro (Series) (500-0030-XX),digital_health_or_medical_device_software,FDA 510(k) K233354; 2024-06-26; product code MWI,openfda_device_510k,K233354,2024-06-26,Substantially Equivalent,https://www.accessdata.fda.gov/scripts/cdrh/cfdocs/cfpmn/pmn.cfm?id=K233354,,strong_official_product
Atheus Corp.,EXTERNAL FETAL MONITOR TRANSDUCER HOLDER,digital_health_or_medical_device_software,FDA 510(k) K905606; 1991-03-12; product code HGM,openfda_device_510k,K905606,1991-03-12,Substantially Equivalent,https://www.accessdata.fda.gov/scripts/cdrh/cfdocs/cfpmn/pmn.cfm?id=K905606,,strong_official_product
Athlos OY,DC-Air and Athlos-1 and Athlos-Air,digital_health_or_medical_device_software,FDA 510(k) K211688; 2021-07-22; product code MUH,openfda_device_510k,K211688,2021-07-22,Substantially Equivalent,https://www.accessdata.fda.gov/scripts/cdrh/cfdocs/cfpmn/pmn.cfm?id=K211688,,strong_official_product
"Atlantic Therapeutics, Ltd.",INNOVO,digital_health_or_medical_device_software,FDA 510(k) K192357; 2020-01-16; product code QAJ,openfda_device_510k,K192357,2020-01-16,Substantially Equivalent,https://www.accessdata.fda.gov/scripts/cdrh/cfdocs/cfpmn/pmn.cfm?id=K192357,,strong_official_product
"Atrility Medical, LLC","AtriAmp, AtriAmp - Pacing Cable Medtronic Connector, AtriAmp - Pacing Cable Oscor Connector",digital_health_or_medical_device_software,FDA 510(k) K200674; 2020-07-02; product code DSA,openfda_device_510k,K200674,2020-07-02,Substantially Equivalent,https://www.accessdata.fda.gov/scripts/cdrh/cfdocs/cfpmn/pmn.cfm?id=K200674,,strong_official_product
"Auri-Stem Medical, Inc.",NET-2000 MICROCURRENT STIMULATOR,digital_health_or_medical_device_software,FDA 510(k) K060158; 2006-10-13; product code QJQ,openfda_device_510k,K060158,2006-10-13,Substantially Equivalent,https://www.accessdata.fda.gov/scripts/cdrh/cfdocs/cfpmn/pmn.cfm?id=K060158,,strong_official_product
Avita Corporation,AVITA AGIL IT 101 INSTANT DIGITAL THERMOMETER,digital_health_or_medical_device_software,FDA 510(k) K012136; 2001-09-10; product code FLL,openfda_device_510k,K012136,2001-09-10,Substantially Equivalent,https://www.accessdata.fda.gov/scripts/cdrh/cfdocs/cfpmn/pmn.cfm?id=K012136,,strong_official_product
"B.Braun Medical, Inc.",PERIPHERALLY INSERTED CENTRAL CATHETER,digital_health_or_medical_device_software,FDA 510(k) K964929; 1997-06-02; product code LJS,openfda_device_510k,K964929,1997-06-02,Substantially Equivalent,https://www.accessdata.fda.gov/scripts/cdrh/cfdocs/cfpmn/pmn.cfm?id=K964929,,strong_official_product
Babylon Health,Babylon,remote_patient_monitoring,英国知名远程医疗平台，历史主体需标记存续状态,round2_seed,,,,https://www.babylonhealth.com/,remote_patient_monitoring; internet_healthcare,seed_only
"Barron Associates, Inc.",Virtual Occupational Therapy Application (VOTA),samd_or_medical_software,FDA 510(k) K163245; 2017-02-28; product code LXJ,openfda_device_510k,K163245,2017-02-28,Substantially Equivalent,https://www.accessdata.fda.gov/scripts/cdrh/cfdocs/cfpmn/pmn.cfm?id=K163245,samd,strong_official_product
"Basic Medical Technology, Inc.","Nitrile Powder-Free Exam Gloves 2.8, Tested for Use with Chemotherapy Drugs, Opioid Fentanyl Citrate, Simulated Gastric Acid (light blue, dark blue)",digital_health_or_medical_device_software,FDA 510(k) K250193; 2025-07-09; product code LZA,openfda_device_510k,K250193,2025-07-09,Substantially Equivalent,https://www.accessdata.fda.gov/scripts/cdrh/cfdocs/cfpmn/pmn.cfm?id=K250193,,strong_official_product
Baxter Healthcare Corp,STERILE SALINE FOR CATHETER CARE,digital_health_or_medical_device_software,FDA 510(k) K974397; 1998-02-10; product code JOL,openfda_device_510k,K974397,1998-02-10,Substantially Equivalent,https://www.accessdata.fda.gov/scripts/cdrh/cfdocs/cfpmn/pmn.cfm?id=K974397,,strong_official_product
"Bayer Healthcare, LLC",GLUCOFACTS EXPRESS DIABETES MANAGEMENT SOFTWARE,samd_or_medical_software,FDA 510(k) K082486; 2008-10-08; product code NBW,openfda_device_510k,K082486,2008-10-08,Substantially Equivalent,https://www.accessdata.fda.gov/scripts/cdrh/cfdocs/cfpmn/pmn.cfm?id=K082486,samd; chronic_disease_management,strong_official_product
Bd Becton Dickinson Vacutainer Systems Preanalytic,BARD-PARKER ARTERIAL MONITORING SYSTEM,remote_patient_monitoring,FDA 510(k) K780939; 1978-07-17; product code CBT,openfda_device_510k,K780939,1978-07-17,Substantially Equivalent,https://www.accessdata.fda.gov/scripts/cdrh/cfdocs/cfpmn/pmn.cfm?id=K780939,remote_patient_monitoring,strong_official_product
"Becton Dickinson Infusion Therapy Systems, Inc.",BD NEXIVA CLOSED IV CATHETER SYSTEM,digital_health_or_medical_device_software,FDA 510(k) K102520; 2011-01-06; product code FOZ,openfda_device_510k,K102520,2011-01-06,Substantially Equivalent,https://www.accessdata.fda.gov/scripts/cdrh/cfdocs/cfpmn/pmn.cfm?id=K102520,,strong_official_product
Bemco Mattress Co.,MED-OPEDIC SLEEP SYSTEM,digital_health_or_medical_device_software,FDA 510(k) K834344; 1984-01-17; product code INX,openfda_device_510k,K834344,1984-01-17,Substantially Equivalent,https://www.accessdata.fda.gov/scripts/cdrh/cfdocs/cfpmn/pmn.cfm?id=K834344,sleep_health,strong_official_product
Betel Care Sdn. Bhd.,"BETEL POWDER FREE LATEX EXAM GLOVES, CHLORINATED, WITH PROTEIN LABELING CLAIM (50 MICROGRAMS OR LESS)",digital_health_or_medical_device_software,FDA 510(k) K000652; 2000-04-10; product code LYY,openfda_device_510k,K000652,2000-04-10,Substantially Equivalent,https://www.accessdata.fda.gov/scripts/cdrh/cfdocs/cfpmn/pmn.cfm?id=K000652,,strong_official_product
Big Health,Sleepio; Daylight,digital_therapeutics_or_dtx,知名睡眠/心理数字疗法公司,round2_seed,,,,https://www.bighealth.com/,digital_therapeutics; mental_health; sleep_health,seed_only
Big Health,Sleepio; Daylight,digital_health_or_medical_device_software,Mental Health Solutions | Big Health,round2_company_site,,,,https://www.bighealth.com/,mental_health; sleep_health,strong_company_site
"Big Health, Inc.",Daylight,digital_health_or_medical_device_software,FDA 510(k) K233872; 2024-08-30; product code SCP,openfda_device_510k,K233872,2024-08-30,Substantially Equivalent,https://www.accessdata.fda.gov/scripts/cdrh/cfdocs/cfpmn/pmn.cfm?id=K233872,,strong_official_product
"Big Health, Inc.",Sleepio®,digital_health_or_medical_device_software,FDA 510(k) K233577; 2024-08-05; product code QVO,openfda_device_510k,K233577,2024-08-05,Substantially Equivalent,https://www.accessdata.fda.gov/scripts/cdrh/cfdocs/cfpmn/pmn.cfm?id=K233577,sleep_health,strong_official_product
Bio-Rad,"LIQUICHEK DIABETES CONTROL, LEVEL 1,2,3,4",digital_health_or_medical_device_software,FDA 510(k) K052838; 2005-11-09; product code GGM,openfda_device_510k,K052838,2005-11-09,Substantially Equivalent,https://www.accessdata.fda.gov/scripts/cdrh/cfdocs/cfpmn/pmn.cfm?id=K052838,chronic_disease_management,strong_official_product
Bio-Rad Laboratories,LYPHOCHEK DIABETES CONTROL,digital_health_or_medical_device_software,FDA 510(k) K070546; 2007-04-02; product code GGM,openfda_device_510k,K070546,2007-04-02,Substantially Equivalent,https://www.accessdata.fda.gov/scripts/cdrh/cfdocs/cfpmn/pmn.cfm?id=K070546,chronic_disease_management,strong_official_product
"Bio-Research Associates, Inc.",BIOEMG II AND BIOJVA,digital_health_or_medical_device_software,FDA 510(k) K003176; 2001-01-04; product code KZM,openfda_device_510k,K003176,2001-01-04,Substantially Equivalent,https://www.accessdata.fda.gov/scripts/cdrh/cfdocs/cfpmn/pmn.cfm?id=K003176,,strong_official_product
"Bio-Research Associates, Inc.","QUADRATENS, MODEL QT-42",digital_health_or_medical_device_software,FDA 510(k) K061799; 2006-08-28; product code GZJ,openfda_device_510k,K061799,2006-08-28,Substantially Equivalent,https://www.accessdata.fda.gov/scripts/cdrh/cfdocs/cfpmn/pmn.cfm?id=K061799,,strong_official_product
Bio-Scan S.A,"SOLID STATE X-RAY IMAGING DEVICES, MODEL IRIS 20 AND IRIS 41 WITH IRIS VIEW",digital_health_or_medical_device_software,FDA 510(k) K013897; 2002-05-21; product code MQB,openfda_device_510k,K013897,2002-05-21,Substantially Equivalent,https://www.accessdata.fda.gov/scripts/cdrh/cfdocs/cfpmn/pmn.cfm?id=K013897,,strong_official_product
Biofourmis,Biofourmis,digital_therapeutics_or_dtx,远程监测和数字医学公司,round2_seed,,,,https://www.biofourmis.com/,digital_therapeutics; remote_patient_monitoring; internet_healthcare,seed_only
Biofourmis,Biofourmis,digital_therapeutics_or_dtx,Biofourmis | Revolutionize the delivery of care,round2_company_site,,,,https://biofourmis.com/,digital_therapeutics; remote_patient_monitoring; internet_healthcare,strong_company_site
"Biogaming , Ltd.",YuGo System,digital_health_or_medical_device_software,FDA 510(k) K151955; 2016-02-05; product code LXJ,openfda_device_510k,K151955,2016-02-05,Substantially Equivalent,https://www.accessdata.fda.gov/scripts/cdrh/cfdocs/cfpmn/pmn.cfm?id=K151955,,strong_official_product
"Biomagnetic Technologies, Inc.",MAGNES II BIOMAGNETOMETER,digital_health_or_medical_device_software,FDA 510(k) K941553; 1996-05-16; product code OLX,openfda_device_510k,K941553,1996-05-16,Substantially Equivalent,https://www.accessdata.fda.gov/scripts/cdrh/cfdocs/cfpmn/pmn.cfm?id=K941553,,strong_official_product
"Bioness, Inc.",H200 WIRELESS HAND REHABILITATION SYSTEM WITH OPTIONAL INTELLI-CONNECT EARPIECE TRIGGERING DEVICE,digital_health_or_medical_device_software,FDA 510(k) K123636; 2013-05-01; product code GZI,openfda_device_510k,K123636,2013-05-01,Substantially Equivalent,https://www.accessdata.fda.gov/scripts/cdrh/cfdocs/cfpmn/pmn.cfm?id=K123636,rehabilitation,strong_official_product
"Bioness, Inc.",StimRouter Neuromodulation System,digital_health_or_medical_device_software,FDA 510(k) K200482; 2020-03-27; product code GZF,openfda_device_510k,K200482,2020-03-27,Substantially Equivalent,https://www.accessdata.fda.gov/scripts/cdrh/cfdocs/cfpmn/pmn.cfm?id=K200482,,strong_official_product
Bionime Corporation,BIONIME DIABETES MANAGEMENT SYSTEM VI.0,digital_health_or_medical_device_software,FDA 510(k) K113007; 2012-02-27; product code JQP,openfda_device_510k,K113007,2012-02-27,Substantially Equivalent,https://www.accessdata.fda.gov/scripts/cdrh/cfdocs/cfpmn/pmn.cfm?id=K113007,chronic_disease_management,strong_official_product
"Biorest, Inc.",BR-2 BIOREST,digital_health_or_medical_device_software,FDA 510(k) K873920; 1987-12-29; product code QJQ,openfda_device_510k,K873920,1987-12-29,Substantially Equivalent for Some Indications,https://www.accessdata.fda.gov/scripts/cdrh/cfdocs/cfpmn/pmn.cfm?id=K873920,,strong_official_product
"Biosafety Systems, Inc.",P2 NITRILE EXAM GLOVES,digital_health_or_medical_device_software,FDA 510(k) K944095; 1994-10-28; product code LYY,openfda_device_510k,K944095,1994-10-28,Substantially Equivalent,https://www.accessdata.fda.gov/scripts/cdrh/cfdocs/cfpmn/pmn.cfm?id=K944095,,strong_official_product
"Biotechnology, Inc.",BIOCHECK PEC-108 PROGRAM-PULSE MONITOR,digital_health_or_medical_device_software,FDA 510(k) K831752; 1983-09-29; product code DRT,openfda_device_510k,K831752,1983-09-29,Substantially Equivalent,https://www.accessdata.fda.gov/scripts/cdrh/cfdocs/cfpmn/pmn.cfm?id=K831752,,strong_official_product
Biotek-Caribbean,BIOSAMPLER,digital_health_or_medical_device_software,FDA 510(k) K844615; 1985-03-21; product code CBT,openfda_device_510k,K844615,1985-03-21,Substantially Equivalent,https://www.accessdata.fda.gov/scripts/cdrh/cfdocs/cfpmn/pmn.cfm?id=K844615,,strong_official_product
Biotronics Corp.,BIOTRON 18,digital_health_or_medical_device_software,FDA 510(k) K771534; 1977-08-26; product code QJQ,openfda_device_510k,K771534,1977-08-26,Substantially Equivalent,https://www.accessdata.fda.gov/scripts/cdrh/cfdocs/cfpmn/pmn.cfm?id=K771534,,strong_official_product
"Biotronik, Inc.",BIOMONITOR IV (471155),digital_health_or_medical_device_software,FDA 510(k) K261074; 2026-05-01; product code MXD,openfda_device_510k,K261074,2026-05-01,Substantially Equivalent,https://www.accessdata.fda.gov/scripts/cdrh/cfdocs/cfpmn/pmn.cfm?id=K261074,,strong_official_product
"Bistos Co., Ltd.",BT-1000,digital_health_or_medical_device_software,FDA 510(k) K232991; 2024-08-28; product code QGL,openfda_device_510k,K232991,2024-08-28,Substantially Equivalent,https://www.accessdata.fda.gov/scripts/cdrh/cfdocs/cfpmn/pmn.cfm?id=K232991,,strong_official_product
Boehringer Mannheim Corp.,"ELECSYS PSA, MODEL 2010",digital_health_or_medical_device_software,FDA 510(k) K982949; 1998-10-27; product code LTJ,openfda_device_510k,K982949,1998-10-27,Substantially Equivalent,https://www.accessdata.fda.gov/scripts/cdrh/cfdocs/cfpmn/pmn.cfm?id=K982949,,strong_official_product
"Boston Scientific Cardiac Diagnostic Technologies, Inc.",BodyGuardian Remote Monitoring System (BGRMS v3.0),remote_patient_monitoring,FDA 510(k) K243349; 2026-01-23; product code DSI,openfda_device_510k,K243349,2026-01-23,Substantially Equivalent,https://www.accessdata.fda.gov/scripts/cdrh/cfdocs/cfpmn/pmn.cfm?id=K243349,remote_patient_monitoring,strong_official_product
Brainlab AG,Brainlab Elements (7.0); Brainlab Elements Image Fusion (5.0); Brainlab Elements Image Fusion Angio (1.0); Brainlab Elements Contouring (5.0); Brainlab Elements Fibertracking (3.0); Brainlab Elements BOLD MRI Mapping (1.0),samd_or_medical_software,FDA 510(k) K243633; 2025-06-13; product code QIH,openfda_device_510k,K243633,2025-06-13,Substantially Equivalent,https://www.accessdata.fda.gov/scripts/cdrh/cfdocs/cfpmn/pmn.cfm?id=K243633,samd,strong_official_product
Brightheart,BrightHeart View Classifier,digital_health_or_medical_device_software,FDA 510(k) K251456; 2025-06-05; product code QIH,openfda_device_510k,K251456,2025-06-05,Substantially Equivalent,https://www.accessdata.fda.gov/scripts/cdrh/cfdocs/cfpmn/pmn.cfm?id=K251456,,strong_official_product
Broadmaster Biotech Corperation,ADVOCATE REDI-CODE+BMB-EA001S BLOOD GLUCOSE MONITORING SYSTEM,remote_patient_monitoring,FDA 510(k) K120183; 2012-05-11; product code NBW,openfda_device_510k,K120183,2012-05-11,Substantially Equivalent,https://www.accessdata.fda.gov/scripts/cdrh/cfdocs/cfpmn/pmn.cfm?id=K120183,remote_patient_monitoring,strong_official_product
"Broncus Technologies, Inc.",LUNGPOINT VIRTUAL BRONCHOSCOPIC NAVIGATION VBN SYSTEM,digital_health_or_medical_device_software,FDA 510(k) K090095; 2009-03-13; product code LLZ,openfda_device_510k,K090095,2009-03-13,Substantially Equivalent,https://www.accessdata.fda.gov/scripts/cdrh/cfdocs/cfpmn/pmn.cfm?id=K090095,,strong_official_product
"Bruno Independent Living Aids, Inc.","BRUNO ELECTRA-RIDE, MODEL SRE-2700",digital_health_or_medical_device_software,FDA 510(k) K022509; 2002-08-13; product code ILK,openfda_device_510k,K022509,2002-08-13,Substantially Equivalent,https://www.accessdata.fda.gov/scripts/cdrh/cfdocs/cfpmn/pmn.cfm?id=K022509,,strong_official_product
"Bryggs Medical, LLC",ULTepap Expiratory Positive Airway Pressure (EPAP) Device,digital_health_or_medical_device_software,FDA 510(k) K191728; 2020-02-21; product code OHP,openfda_device_510k,K191728,2020-02-21,Substantially Equivalent,https://www.accessdata.fda.gov/scripts/cdrh/cfdocs/cfpmn/pmn.cfm?id=K191728,,strong_official_product
"Burron Medical Products, Inc.",MEDIFIX,digital_health_or_medical_device_software,FDA 510(k) K813498; 1982-01-07; product code KRK,openfda_device_510k,K813498,1982-01-07,Substantially Equivalent,https://www.accessdata.fda.gov/scripts/cdrh/cfdocs/cfpmn/pmn.cfm?id=K813498,,strong_official_product
"C.R. Bard, Inc.",BARD DIGNISHIELD STOOL MANAGEMENT SYSTEM,digital_health_or_medical_device_software,FDA 510(k) K133251; 2014-05-09; product code KNT,openfda_device_510k,K133251,2014-05-09,Unknown,https://www.accessdata.fda.gov/scripts/cdrh/cfdocs/cfpmn/pmn.cfm?id=K133251,,strong_official_product
"C.R. Bard, Inc.",INSPIRON MANIFOLD (SINGLE),digital_health_or_medical_device_software,FDA 510(k) K772295; 1978-01-17; product code CAF,openfda_device_510k,K772295,1978-01-17,Substantially Equivalent,https://www.accessdata.fda.gov/scripts/cdrh/cfdocs/cfpmn/pmn.cfm?id=K772295,,strong_official_product
"Calgary Scientific, Inc.",RESOLUTIONMD MOBILE 3.1 MODEL RMD-MOB-31,digital_health_or_medical_device_software,FDA 510(k) K123186; 2013-03-14; product code LLZ,openfda_device_510k,K123186,2013-03-14,Substantially Equivalent,https://www.accessdata.fda.gov/scripts/cdrh/cfdocs/cfpmn/pmn.cfm?id=K123186,,strong_official_product
"Cambridge Cognition , Ltd., US Agent: Clementi Associates , Ltd.",Cantab Mobile,digital_health_or_medical_device_software,FDA 510(k) K161328; 2017-01-13; product code PKQ,openfda_device_510k,K161328,2017-01-13,Substantially Equivalent,https://www.accessdata.fda.gov/scripts/cdrh/cfdocs/cfpmn/pmn.cfm?id=K161328,,strong_official_product
"Cambridge Heart, Inc.",CARDIAC DIAGNOSTIC SYSTEM MODEL CH 2000,remote_patient_monitoring,FDA 510(k) K983102; 1999-04-12; product code DQK,openfda_device_510k,K983102,1999-04-12,Substantially Equivalent,https://www.accessdata.fda.gov/scripts/cdrh/cfdocs/cfpmn/pmn.cfm?id=K983102,remote_patient_monitoring,strong_official_product
Canon Inc. -Medical Equipment Group,DIGITAL RADIOGRAPHY,digital_health_or_medical_device_software,FDA 510(k) K111682; 2011-09-02; product code MQB,openfda_device_510k,K111682,2011-09-02,Substantially Equivalent,https://www.accessdata.fda.gov/scripts/cdrh/cfdocs/cfpmn/pmn.cfm?id=K111682,,strong_official_product
Canon Medical Systems Corporation,"Alphenix, INFX-8000V/B, INFX-8000V/S, V9.5",digital_health_or_medical_device_software,FDA 510(k) K233107; 2024-08-30; product code OWB,openfda_device_510k,K233107,2024-08-30,Substantially Equivalent,https://www.accessdata.fda.gov/scripts/cdrh/cfdocs/cfpmn/pmn.cfm?id=K233107,,strong_official_product
Canon Medical Systems Corporation,"Aplio i900, Aplio i800 and Aplio i700 Software V8.1 Diagnostic Ultrasound System",samd_or_medical_software,FDA 510(k) K233195; 2024-01-24; product code IYN,openfda_device_510k,K233195,2024-01-24,Substantially Equivalent,https://www.accessdata.fda.gov/scripts/cdrh/cfdocs/cfpmn/pmn.cfm?id=K233195,samd,strong_official_product
Canon Medical Systems Corporation,"Aplio i900/i800/i700 Diagnostic Ultrasound System, Software V7.0",samd_or_medical_software,FDA 510(k) K223017; 2023-03-31; product code IYN,openfda_device_510k,K223017,2023-03-31,Substantially Equivalent,https://www.accessdata.fda.gov/scripts/cdrh/cfdocs/cfpmn/pmn.cfm?id=K223017,samd,strong_official_product
"Canon, Inc.","CANON X-RAY DIGITAL CAMERA WITH ADDITIONAL SOFTWARE, LANMIX MLT",samd_or_medical_software,FDA 510(k) K023124; 2002-10-04; product code MQB,openfda_device_510k,K023124,2002-10-04,Substantially Equivalent,https://www.accessdata.fda.gov/scripts/cdrh/cfdocs/cfpmn/pmn.cfm?id=K023124,samd,strong_official_product
"Canon, Inc.",DIGITAL RADIOGRAPHY MODEL CXDI-55G,digital_health_or_medical_device_software,FDA 510(k) K091435; 2009-05-29; product code MQB,openfda_device_510k,K091435,2009-05-29,Substantially Equivalent,https://www.accessdata.fda.gov/scripts/cdrh/cfdocs/cfpmn/pmn.cfm?id=K091435,,strong_official_product
"Canon, Inc.",Enhanced Feature Software Pack CXDI Series,samd_or_medical_software,FDA 510(k) K190368; 2019-03-13; product code MQB,openfda_device_510k,K190368,2019-03-13,Substantially Equivalent,https://www.accessdata.fda.gov/scripts/cdrh/cfdocs/cfpmn/pmn.cfm?id=K190368,samd,strong_official_product
Capsule Technologie Sas,SmartLinx Vitals Plus Patient Monitoring System,remote_patient_monitoring,FDA 510(k) K200856; 2020-07-10; product code MWI,openfda_device_510k,K200856,2020-07-10,Substantially Equivalent,https://www.accessdata.fda.gov/scripts/cdrh/cfdocs/cfpmn/pmn.cfm?id=K200856,remote_patient_monitoring,strong_official_product
Cara Care,Cara Care,digital_health_or_medical_device_software,德国消化疾病数字健康/DiGA 公司,round2_seed,,,,https://cara.care/,chronic_disease_management,seed_only
Cara Care,Cara Care,digital_health_or_medical_device_software,"Cara Care – Hilfe bei Reizdarm | Digitale Therapie per Rezept; Reizdarm, Blähungen, Bauchschmerzen oder Durchfall? Cara Care für Reizdarm bietet eine digitale Therapie, die wissenschaftlich geprüft ist und per ärztlicher Verschreibung genutzt wird. Erhalte Hilfe, die zu dir passt.",round2_company_site,,,,https://cara.care/,chronic_disease_management,strong_company_site
"Card Guard Scientific Survival , Ltd.",CARD GUARD MODEL CG-900,digital_health_or_medical_device_software,FDA 510(k) K960553; 1997-04-22; product code HGM,openfda_device_510k,K960553,1997-04-22,Substantially Equivalent,https://www.accessdata.fda.gov/scripts/cdrh/cfdocs/cfpmn/pmn.cfm?id=K960553,,strong_official_product
"Cardiac Control Systems, Inc.",MAESTRO(R) SERIES 100/200 SINGLE CHAMBER PACEMAKER,digital_health_or_medical_device_software,FDA 510(k) K884023; 1988-10-17; product code DXY,openfda_device_510k,K884023,1988-10-17,Substantially Equivalent,https://www.accessdata.fda.gov/scripts/cdrh/cfdocs/cfpmn/pmn.cfm?id=K884023,,strong_official_product
"Cardiac Pacemakers, Inc.","LEAD ADAPTERS #'S 6016,6022,6017 ETC",digital_health_or_medical_device_software,FDA 510(k) K831160; 1983-05-09; product code DTD,openfda_device_510k,K831160,1983-05-09,Substantially Equivalent,https://www.accessdata.fda.gov/scripts/cdrh/cfdocs/cfpmn/pmn.cfm?id=K831160,,strong_official_product
Cardiac Telecommunications,"CARDTEL, MODEL NT-100",digital_health_or_medical_device_software,FDA 510(k) K000609; 2000-05-23; product code MWJ,openfda_device_510k,K000609,2000-05-23,Substantially Equivalent,https://www.accessdata.fda.gov/scripts/cdrh/cfdocs/cfpmn/pmn.cfm?id=K000609,,strong_official_product
"Cardima, Inc.",MODIFICATION TO: CARDIMA ABLATION SYSTEM,digital_health_or_medical_device_software,FDA 510(k) K060715; 2006-05-15; product code OCL,openfda_device_510k,K060715,2006-05-15,Substantially Equivalent,https://www.accessdata.fda.gov/scripts/cdrh/cfdocs/cfpmn/pmn.cfm?id=K060715,,strong_official_product
Cardinalhealth,Cardinal Health Nitrile Examination Gloves Extended Cuff,digital_health_or_medical_device_software,FDA 510(k) K252313; 2026-01-14; product code LZC,openfda_device_510k,K252313,2026-01-14,Substantially Equivalent,https://www.accessdata.fda.gov/scripts/cdrh/cfdocs/cfpmn/pmn.cfm?id=K252313,,strong_official_product
"Cardiovascular Diagnostics, Inc.",THROMBOLYTIC ASSESSMENT SYSTEM LOW RANGE HEPARIN MANAGEMENT TEST CONTROLS,digital_health_or_medical_device_software,FDA 510(k) K981178; 1998-04-27; product code GGN,openfda_device_510k,K981178,1998-04-27,Substantially Equivalent,https://www.accessdata.fda.gov/scripts/cdrh/cfdocs/cfpmn/pmn.cfm?id=K981178,,strong_official_product
"Cardon Rehabilitation Products, Inc.",CARDON PHYSICAL THERAPY TABLE MODEL R28535,digital_health_or_medical_device_software,FDA 510(k) K950360; 1995-02-10; product code INQ,openfda_device_510k,K950360,1995-02-10,Substantially Equivalent,https://www.accessdata.fda.gov/scripts/cdrh/cfdocs/cfpmn/pmn.cfm?id=K950360,,strong_official_product
"Cardon Rehabilitation Products, Inc.",CARDON PHYSICAL THERAPY TABLE MODEL R28598,digital_health_or_medical_device_software,FDA 510(k) K960332; 1996-02-13; product code INQ,openfda_device_510k,K960332,1996-02-13,Substantially Equivalent,https://www.accessdata.fda.gov/scripts/cdrh/cfdocs/cfpmn/pmn.cfm?id=K960332,,strong_official_product
"Cardon Rehabilitation Products, Inc.",CARDON PHYSICAL THERAPY TABLE MODEL: R27841,digital_health_or_medical_device_software,FDA 510(k) K950872; 1995-05-25; product code INQ,openfda_device_510k,K950872,1995-05-25,Substantially Equivalent,https://www.accessdata.fda.gov/scripts/cdrh/cfdocs/cfpmn/pmn.cfm?id=K950872,,strong_official_product
"Cardon Rehabilitation Products, Inc.",CARDON PHYSICAL THERAPY TABLE MODEL:R40194,digital_health_or_medical_device_software,FDA 510(k) K951955; 1995-06-22; product code INQ,openfda_device_510k,K951955,1995-06-22,Substantially Equivalent,https://www.accessdata.fda.gov/scripts/cdrh/cfdocs/cfpmn/pmn.cfm?id=K951955,,strong_official_product
"Cardon Rehabilitation Products, Inc.",CARDON PHYSICAL THERAPY TABLE R27114 AND R27642,digital_health_or_medical_device_software,FDA 510(k) K950362; 1995-02-10; product code INQ,openfda_device_510k,K950362,1995-02-10,Substantially Equivalent,https://www.accessdata.fda.gov/scripts/cdrh/cfdocs/cfpmn/pmn.cfm?id=K950362,,strong_official_product
"Cardon Rehabilitation Products, Inc.",CARDON PHYSICAL THERAPY TABLE R28575,digital_health_or_medical_device_software,FDA 510(k) K950361; 1995-02-10; product code INQ,openfda_device_510k,K950361,1995-02-10,Substantially Equivalent,https://www.accessdata.fda.gov/scripts/cdrh/cfdocs/cfpmn/pmn.cfm?id=K950361,,strong_official_product
"Cardon Rehabilitation Products, Inc.",CARDON PHYSICAL THERAPY TABLES MODELS R28591 & R28592,digital_health_or_medical_device_software,FDA 510(k) K951906; 1995-06-15; product code INQ,openfda_device_510k,K951906,1995-06-15,Substantially Equivalent,https://www.accessdata.fda.gov/scripts/cdrh/cfdocs/cfpmn/pmn.cfm?id=K951906,,strong_official_product
"Cardon Rehabilitation Products, Inc.",CARDON PHYSICAL THERAPY TABLES MODELS: R27610,digital_health_or_medical_device_software,FDA 510(k) K950874; 1995-03-14; product code INQ,openfda_device_510k,K950874,1995-03-14,Substantially Equivalent,https://www.accessdata.fda.gov/scripts/cdrh/cfdocs/cfpmn/pmn.cfm?id=K950874,,strong_official_product
"Cardon Rehabilitation Products, Inc.",CARDON PHYSICAL THERAPY TABLES R27635,digital_health_or_medical_device_software,FDA 510(k) K950364; 1995-02-10; product code INQ,openfda_device_510k,K950364,1995-02-10,Substantially Equivalent,https://www.accessdata.fda.gov/scripts/cdrh/cfdocs/cfpmn/pmn.cfm?id=K950364,,strong_official_product
"Care Products, Inc.",COLONCARE,digital_health_or_medical_device_software,FDA 510(k) K030216; 2003-04-02; product code KHE,openfda_device_510k,K030216,2003-04-02,Substantially Equivalent,https://www.accessdata.fda.gov/scripts/cdrh/cfdocs/cfpmn/pmn.cfm?id=K030216,,strong_official_product
Care Wise Medical Products Corp.,ONCOPROBE SYSTEM,digital_health_or_medical_device_software,FDA 510(k) K884770; 1989-01-04; product code IZD,openfda_device_510k,K884770,1989-01-04,Substantially Equivalent,https://www.accessdata.fda.gov/scripts/cdrh/cfdocs/cfpmn/pmn.cfm?id=K884770,,strong_official_product
Careglove Global Sdn. Bhd.,Nitrile Examination Gloves Powder Free Tested For Use With Chemotherapy Drugs & Fentanyl Citrate (Blue & Black),digital_health_or_medical_device_software,FDA 510(k) K230121; 2023-05-15; product code LZA,openfda_device_510k,K230121,2023-05-15,Substantially Equivalent,https://www.accessdata.fda.gov/scripts/cdrh/cfdocs/cfpmn/pmn.cfm?id=K230121,,strong_official_product
Carestream Health,"Lux HD Detectors, DRX-LC Detector, DRX-Revolution Mobile X-Ray System",digital_health_or_medical_device_software,FDA 510(k) K253185; 2026-03-11; product code IZL,openfda_device_510k,K253185,2026-03-11,Substantially Equivalent,https://www.accessdata.fda.gov/scripts/cdrh/cfdocs/cfpmn/pmn.cfm?id=K253185,,strong_official_product
"Carestream Health, Inc.",DRX-Revolution Mobile X-ray System,digital_health_or_medical_device_software,FDA 510(k) K191025; 2019-05-17; product code IZL,openfda_device_510k,K191025,2019-05-17,Substantially Equivalent,https://www.accessdata.fda.gov/scripts/cdrh/cfdocs/cfpmn/pmn.cfm?id=K191025,,strong_official_product
"Catco Medical, Inc.",CATCO FIRST PICC,digital_health_or_medical_device_software,FDA 510(k) K944504; 1995-03-31; product code FOZ,openfda_device_510k,K944504,1995-03-31,Substantially Equivalent,https://www.accessdata.fda.gov/scripts/cdrh/cfdocs/cfpmn/pmn.cfm?id=K944504,,strong_official_product
"Catheter Robotics, Inc.",AMIGO REMOTE CATHETER SYSTEM,digital_health_or_medical_device_software,FDA 510(k) DEN140009; 2014-12-18; product code PJB,openfda_device_510k,DEN140009,2014-12-18,Unknown,https://www.accessdata.fda.gov/scripts/cdrh/cfdocs/cfpmn/pmn.cfm?id=DEN140009,,strong_official_product
Cedars-Sinai Medical Center,CSMC Cardiac Suite,remote_patient_monitoring,FDA 510(k) K172609; 2017-11-03; product code KPS,openfda_device_510k,K172609,2017-11-03,Substantially Equivalent,https://www.accessdata.fda.gov/scripts/cdrh/cfdocs/cfpmn/pmn.cfm?id=K172609,remote_patient_monitoring,strong_official_product
"Cerebra Medical , Ltd.",Cerebra Sleep System,digital_health_or_medical_device_software,FDA 510(k) K213007; 2022-07-06; product code OLV,openfda_device_510k,K213007,2022-07-06,Substantially Equivalent,https://www.accessdata.fda.gov/scripts/cdrh/cfdocs/cfpmn/pmn.cfm?id=K213007,sleep_health,strong_official_product
"Cerebral Assessment Systems, Inc.",COGNIVUE,digital_health_or_medical_device_software,FDA 510(k) DEN130033; 2015-06-05; product code PKQ,openfda_device_510k,DEN130033,2015-06-05,Unknown,https://www.accessdata.fda.gov/scripts/cdrh/cfdocs/cfpmn/pmn.cfm?id=DEN130033,,strong_official_product
"Cereve, Inc.",Cereve Sleep System,digital_health_or_medical_device_software,FDA 510(k) DEN140032; 2016-05-13; product code PLU,openfda_device_510k,DEN140032,2016-05-13,Unknown,https://www.accessdata.fda.gov/scripts/cdrh/cfdocs/cfpmn/pmn.cfm?id=DEN140032,sleep_health,strong_official_product
"Changsha Anxiang Medical Technology Co., Ltd.","Muscle and Nerve Stimulator TENS & EMS (TP2208), Muscle and Nerve Stimulator TENS & EMS (TP2208C)",digital_health_or_medical_device_software,FDA 510(k) K242567; 2024-11-04; product code NUH,openfda_device_510k,K242567,2024-11-04,Substantially Equivalent,https://www.accessdata.fda.gov/scripts/cdrh/cfdocs/cfpmn/pmn.cfm?id=K242567,,strong_official_product
"Charnwood Dynamics , Ltd.",CODA CX1 MOTION ANALYSIS SYSTEM,digital_health_or_medical_device_software,FDA 510(k) K033514; 2004-01-06; product code LXJ,openfda_device_510k,K033514,2004-01-06,Substantially Equivalent,https://www.accessdata.fda.gov/scripts/cdrh/cfdocs/cfpmn/pmn.cfm?id=K033514,,strong_official_product
"Chattanooga Group, Inc.",INTELECT,digital_health_or_medical_device_software,FDA 510(k) K974497; 1998-01-23; product code GZJ,openfda_device_510k,K974497,1998-01-23,Substantially Equivalent,https://www.accessdata.fda.gov/scripts/cdrh/cfdocs/cfpmn/pmn.cfm?id=K974497,,strong_official_product
"Chattanooga Group, Inc.",INTELECT MODEL 200,digital_health_or_medical_device_software,FDA 510(k) K813593; 1982-02-22; product code IMI,openfda_device_510k,K813593,1982-02-22,Substantially Equivalent,https://www.accessdata.fda.gov/scripts/cdrh/cfdocs/cfpmn/pmn.cfm?id=K813593,,strong_official_product
Chesebrough-Pond'S U.S.A. Co.,MARZ-175 ARTERIAL BLOOD GAS SYRINGE,digital_health_or_medical_device_software,FDA 510(k) K833923; 1984-01-09; product code CBT,openfda_device_510k,K833923,1984-01-09,Substantially Equivalent,https://www.accessdata.fda.gov/scripts/cdrh/cfdocs/cfpmn/pmn.cfm?id=K833923,,strong_official_product
Ciba Corning Diagnostics Corp.,CIBA CORNING BALANCED HEPARIN FOR CA++,digital_health_or_medical_device_software,FDA 510(k) K875117; 1988-02-29; product code CBT,openfda_device_510k,K875117,1988-02-29,Substantially Equivalent,https://www.accessdata.fda.gov/scripts/cdrh/cfdocs/cfpmn/pmn.cfm?id=K875117,,strong_official_product
Ciba Vision Corporation,SOLO-CARE BRAND HARD SOLUTION,digital_health_or_medical_device_software,FDA 510(k) K993949; 2000-01-05; product code MRC,openfda_device_510k,K993949,2000-01-05,Substantially Equivalent,https://www.accessdata.fda.gov/scripts/cdrh/cfdocs/cfpmn/pmn.cfm?id=K993949,,strong_official_product
Click Therapeutics,Click Therapeutics platform,digital_therapeutics_or_dtx,知名处方数字疗法公司,round2_seed,,,,https://clicktherapeutics.com/,digital_therapeutics,seed_only
Click Therapeutics,Click Therapeutics platform,digital_therapeutics_or_dtx,Click Therapeutics - Where Science Meets Software; We combine neuroscience with the power of software to create patient-centric digital treatments. Discover our prescription digital therapeutics and software-enhanced drug therapies.,round2_company_site,,,,https://www.clicktherapeutics.com/,digital_therapeutics; samd,strong_company_site
"Clinical Information Systems, Inc.",MODEL IDS640 PATIENT DATA DISPLAY & STORAGE MONIT.,digital_health_or_medical_device_software,FDA 510(k) K882352; 1988-11-02; product code CCL,openfda_device_510k,K882352,1988-11-02,Substantially Equivalent,https://www.accessdata.fda.gov/scripts/cdrh/cfdocs/cfpmn/pmn.cfm?id=K882352,,strong_official_product
"Cnd Global Technologies, Inc.",ODI HD Dental Sensor,digital_health_or_medical_device_software,FDA 510(k) K190234; 2019-03-01; product code MUH,openfda_device_510k,K190234,2019-03-01,Substantially Equivalent,https://www.accessdata.fda.gov/scripts/cdrh/cfdocs/cfpmn/pmn.cfm?id=K190234,,strong_official_product
"Cobe Laboratories, Inc.",COBE RX METER,digital_health_or_medical_device_software,FDA 510(k) K830629; 1983-04-06; product code FLB,openfda_device_510k,K830629,1983-04-06,Substantially Equivalent,https://www.accessdata.fda.gov/scripts/cdrh/cfdocs/cfpmn/pmn.cfm?id=K830629,,strong_official_product
Cochlear Americas,"Cochlear Baha 6 System, Cochlear Baha Fitting Software 6, Cochlear Baha Baha Smart App",samd_or_medical_software,FDA 510(k) K212136; 2021-09-29; product code LXB,openfda_device_510k,K212136,2021-09-29,Substantially Equivalent,https://www.accessdata.fda.gov/scripts/cdrh/cfdocs/cfpmn/pmn.cfm?id=K212136,samd,strong_official_product
Codonics.Incorporated,"Codonics Safe Labeling System-Point of Care Station (PCS) (SLS-700i and related 610i, 620i, 630i series enabled to retrofit RFID features); Codonics Safe Labeling System-Point of Care Station (PCS) (SLS-1, SLS XXX, Multiple Models Pending Configuration)",digital_health_or_medical_device_software,FDA 510(k) K251352; 2025-07-11; product code BSZ,openfda_device_510k,K251352,2025-07-11,Substantially Equivalent,https://www.accessdata.fda.gov/scripts/cdrh/cfdocs/cfpmn/pmn.cfm?id=K251352,,strong_official_product
Colon Therapeutics,"JIMMY JOHN III RECTAL NOZZEL, MODEL CIT",digital_health_or_medical_device_software,FDA 510(k) K972455; 1997-09-09; product code KPL,openfda_device_510k,K972455,1997-09-09,Substantially Equivalent,https://www.accessdata.fda.gov/scripts/cdrh/cfdocs/cfpmn/pmn.cfm?id=K972455,,strong_official_product
Conair Corp.,HEALTH ESSENTIALS FANCY PERSONAL MASSAGER,digital_health_or_medical_device_software,FDA 510(k) K924584; 1993-10-12; product code IRO,openfda_device_510k,K924584,1993-10-12,Substantially Equivalent,https://www.accessdata.fda.gov/scripts/cdrh/cfdocs/cfpmn/pmn.cfm?id=K924584,,strong_official_product
"Concord Laboratories, Inc.",ARTERIAL BLOOD SAMPLING KITS,digital_health_or_medical_device_software,FDA 510(k) K841486; 1984-05-23; product code CBT,openfda_device_510k,K841486,1984-05-23,Substantially Equivalent,https://www.accessdata.fda.gov/scripts/cdrh/cfdocs/cfpmn/pmn.cfm?id=K841486,,strong_official_product
"Concord Laboratories, Inc.",PULSATOR ARTERIAL BLOOD SAMPLING SYRIN,digital_health_or_medical_device_software,FDA 510(k) K833582; 1983-12-27; product code CBT,openfda_device_510k,K833582,1983-12-27,Substantially Equivalent,https://www.accessdata.fda.gov/scripts/cdrh/cfdocs/cfpmn/pmn.cfm?id=K833582,,strong_official_product
"Concord Laboratories, Inc.",VAPORIZED HEPARIN,digital_health_or_medical_device_software,FDA 510(k) K840987; 1984-04-05; product code CBT,openfda_device_510k,K840987,1984-04-05,Substantially Equivalent,https://www.accessdata.fda.gov/scripts/cdrh/cfdocs/cfpmn/pmn.cfm?id=K840987,,strong_official_product
Concord/Portex,ACCU-VENT(TM) WITH NEEDLE-PRO(TM),digital_health_or_medical_device_software,FDA 510(k) K912043; 1991-07-05; product code CBT,openfda_device_510k,K912043,1991-07-05,Unknown,https://www.accessdata.fda.gov/scripts/cdrh/cfdocs/cfpmn/pmn.cfm?id=K912043,,strong_official_product
Condor Instruments Ltda. - Epp,ActTrust,digital_health_or_medical_device_software,FDA 510(k) K151784; 2016-05-25; product code LEL,openfda_device_510k,K151784,2016-05-25,Substantially Equivalent,https://www.accessdata.fda.gov/scripts/cdrh/cfdocs/cfpmn/pmn.cfm?id=K151784,,strong_official_product
Conmedcorp,EXACTRACE ADULT FOAM MONITORING ECG ELECTRODE CONMED MODEL 1510 AND INSTATRACE ADULT DIAPHORETIC FOAM ECG ELECTRODE CONM,remote_patient_monitoring,FDA 510(k) K963787; 1997-03-11; product code DRX,openfda_device_510k,K963787,1997-03-11,Substantially Equivalent,https://www.accessdata.fda.gov/scripts/cdrh/cfdocs/cfpmn/pmn.cfm?id=K963787,remote_patient_monitoring,strong_official_product
"Conphar, Inc.",DIGITAL BLOOD PRESSURE UNIT,remote_patient_monitoring,FDA 510(k) K813385; 1982-01-29; product code DXN,openfda_device_510k,K813385,1982-01-29,Substantially Equivalent,https://www.accessdata.fda.gov/scripts/cdrh/cfdocs/cfpmn/pmn.cfm?id=K813385,remote_patient_monitoring,strong_official_product
Cook Incorporated,Turbo-Flo PICC Sets,digital_health_or_medical_device_software,FDA 510(k) K161496; 2016-10-07; product code LJS,openfda_device_510k,K161496,2016-10-07,Substantially Equivalent,https://www.accessdata.fda.gov/scripts/cdrh/cfdocs/cfpmn/pmn.cfm?id=K161496,,strong_official_product
"Cook, Inc.",WHOLEY OCCLUSION BALLOON CATHETER,digital_health_or_medical_device_software,FDA 510(k) K772011; 1979-06-15; product code FOZ,openfda_device_510k,K772011,1979-06-15,Substantially Equivalent,https://www.accessdata.fda.gov/scripts/cdrh/cfdocs/cfpmn/pmn.cfm?id=K772011,,strong_official_product
"Copal, Inc.",DIGITAL SPHYGMOMANOMETER UA-231,digital_health_or_medical_device_software,FDA 510(k) K832721; 1984-04-19; product code DXN,openfda_device_510k,K832721,1984-04-19,Substantially Equivalent,https://www.accessdata.fda.gov/scripts/cdrh/cfdocs/cfpmn/pmn.cfm?id=K832721,,strong_official_product
"Corventis, Inc.",AVIVO MOBILE PATIENT MANAGEMENT SYSTEM,digital_health_or_medical_device_software,FDA 510(k) K083287; 2009-02-03; product code DSI,openfda_device_510k,K083287,2009-02-03,Substantially Equivalent,https://www.accessdata.fda.gov/scripts/cdrh/cfdocs/cfpmn/pmn.cfm?id=K083287,health_management_platform; patient_engagement,strong_official_product
"Corventis, Inc.",NUVANT CARDIAC EVENT MONITORING SYSTEM; NUVANT MOBILE CARDIAC TELEMETRY SYSTEM,remote_patient_monitoring,FDA 510(k) K090696; 2009-06-19; product code QYX,openfda_device_510k,K090696,2009-06-19,Substantially Equivalent,https://www.accessdata.fda.gov/scripts/cdrh/cfdocs/cfpmn/pmn.cfm?id=K090696,remote_patient_monitoring,strong_official_product
Craniofacial Pain Center of Idaho,SILENT SLEEP,digital_health_or_medical_device_software,FDA 510(k) K082849; 2009-07-16; product code LRK,openfda_device_510k,K082849,2009-07-16,Substantially Equivalent,https://www.accessdata.fda.gov/scripts/cdrh/cfdocs/cfpmn/pmn.cfm?id=K082849,sleep_health,strong_official_product
"CSA Medical, Inc.",truFreeze Rapid AV Spray Kit,digital_health_or_medical_device_software,FDA 510(k) K171522; 2017-07-14; product code GEH,openfda_device_510k,K171522,2017-07-14,Substantially Equivalent,https://www.accessdata.fda.gov/scripts/cdrh/cfdocs/cfpmn/pmn.cfm?id=K171522,,strong_official_product
Current Health,Current Health,remote_patient_monitoring,英国远程患者监测公司,round2_seed,,,,https://currenthealth.com/,remote_patient_monitoring,seed_only
Current Health,Current Health,remote_patient_monitoring,"Current Health; Current Health provides the clinical and operational infrastructure that makes advanced therapies and complex care safe, scalable, and accessible in community and home settings.",round2_company_site,,,,https://currenthealth.com/,remote_patient_monitoring,strong_company_site
"Currie Medical Specialties, Inc.",ABG KITS - CMS 4000 SERIES,digital_health_or_medical_device_software,FDA 510(k) K830333; 1983-03-31; product code CBT,openfda_device_510k,K830333,1983-03-31,Substantially Equivalent,https://www.accessdata.fda.gov/scripts/cdrh/cfdocs/cfpmn/pmn.cfm?id=K830333,,strong_official_product
"Customed, Inc.",BLOOD GAS KIT (NON-STERILE) REORDER NO. 0560,digital_health_or_medical_device_software,FDA 510(k) K930986; 1993-07-14; product code CBT,openfda_device_510k,K930986,1993-07-14,Unknown,https://www.accessdata.fda.gov/scripts/cdrh/cfdocs/cfpmn/pmn.cfm?id=K930986,,strong_official_product
"Customed, Inc.",TRACHEOSTOMY CARE KIT (STERILE),digital_health_or_medical_device_software,FDA 510(k) K925020; 1993-07-07; product code JOH,openfda_device_510k,K925020,1993-07-07,Unknown,https://www.accessdata.fda.gov/scripts/cdrh/cfdocs/cfpmn/pmn.cfm?id=K925020,,strong_official_product
Cybex,CYBEX TORSO TESTING & REHABILITATION,digital_health_or_medical_device_software,FDA 510(k) K843739; 1984-11-29; product code IKK,openfda_device_510k,K843739,1984-11-29,Substantially Equivalent,https://www.accessdata.fda.gov/scripts/cdrh/cfdocs/cfpmn/pmn.cfm?id=K843739,rehabilitation,strong_official_product
"Daesung America Co., Inc.",TIGER PATIENT EXAM GLOVES,digital_health_or_medical_device_software,FDA 510(k) K892978; 1989-08-29; product code LYY,openfda_device_510k,K892978,1989-08-29,Substantially Equivalent,https://www.accessdata.fda.gov/scripts/cdrh/cfdocs/cfpmn/pmn.cfm?id=K892978,,strong_official_product
"Darmiyan, Inc.",BrainSee,digital_health_or_medical_device_software,FDA 510(k) DEN220066; 2024-01-11; product code QWT,openfda_device_510k,DEN220066,2024-01-11,Unknown,https://www.accessdata.fda.gov/scripts/cdrh/cfdocs/cfpmn/pmn.cfm?id=DEN220066,,strong_official_product
Dash Medical Gloves Sdn Bhd,DASH SILICONIZED POLYMER COATED POWDER FREE LATEX EXAMINATION GLOVES WITH PROTEIN CONTENT LABELING CLAIM (50 MICROGRAMS,digital_health_or_medical_device_software,FDA 510(k) K992128; 1999-09-14; product code LYY,openfda_device_510k,K992128,1999-09-14,Substantially Equivalent,https://www.accessdata.fda.gov/scripts/cdrh/cfdocs/cfpmn/pmn.cfm?id=K992128,,strong_official_product
"Datascope Corp., Patient Monitoring Division","PASSPORT V MONITOR, MODEL 0998-00-6100",digital_health_or_medical_device_software,FDA 510(k) K091834; 2009-07-15; product code MHX,openfda_device_510k,K091834,2009-07-15,Substantially Equivalent,https://www.accessdata.fda.gov/scripts/cdrh/cfdocs/cfpmn/pmn.cfm?id=K091834,,strong_official_product
Datex-Ohmeda,DATEX-OHMEDA S/5 WEB VIEWER WITH L-6WV02 SOFTWARE,samd_or_medical_software,FDA 510(k) K023497; 2002-11-04; product code MSX,openfda_device_510k,K023497,2002-11-04,Substantially Equivalent,https://www.accessdata.fda.gov/scripts/cdrh/cfdocs/cfpmn/pmn.cfm?id=K023497,samd,strong_official_product
"Den Tek Oral Care, Inc.",CUSTOM COMFORT NIGHTGUARD,digital_health_or_medical_device_software,FDA 510(k) K083400; 2008-12-11; product code OBR,openfda_device_510k,K083400,2008-12-11,Substantially Equivalent,https://www.accessdata.fda.gov/scripts/cdrh/cfdocs/cfpmn/pmn.cfm?id=K083400,,strong_official_product
"Denttio, Inc.",TIO-H DIGITAL RADIOGRAPHY SENSOR,digital_health_or_medical_device_software,FDA 510(k) K153144; 2016-02-10; product code MUH,openfda_device_510k,K153144,2016-02-10,Substantially Equivalent,https://www.accessdata.fda.gov/scripts/cdrh/cfdocs/cfpmn/pmn.cfm?id=K153144,,strong_official_product
"Deseret Medical, Inc.",VIALON OBTURATOR,digital_health_or_medical_device_software,FDA 510(k) K904121; 1990-11-08; product code FOZ,openfda_device_510k,K904121,1990-11-08,Substantially Equivalent,https://www.accessdata.fda.gov/scripts/cdrh/cfdocs/cfpmn/pmn.cfm?id=K904121,,strong_official_product
"Devon Industries, Inc.",ABG POINT LOK NEEDLE PROTECTION DEVICE,digital_health_or_medical_device_software,FDA 510(k) K954015; 1995-11-20; product code CBT,openfda_device_510k,K954015,1995-11-20,Substantially Equivalent,https://www.accessdata.fda.gov/scripts/cdrh/cfdocs/cfpmn/pmn.cfm?id=K954015,,strong_official_product
"Dexcom, Inc.",Dexcom G6 Glucose Program Continuous Glucose Monitoring (CGM) System,remote_patient_monitoring,FDA 510(k) K193642; 2020-01-29; product code QDK,openfda_device_510k,K193642,2020-01-29,Substantially Equivalent,https://www.accessdata.fda.gov/scripts/cdrh/cfdocs/cfpmn/pmn.cfm?id=K193642,remote_patient_monitoring,strong_official_product
"Dexcom, Inc.",Dexcom G6 Glucose Program Continuous Glucose Monitoring (GCM) System,remote_patient_monitoring,FDA 510(k) K192787; 2019-10-25; product code QDK,openfda_device_510k,K192787,2019-10-25,Substantially Equivalent,https://www.accessdata.fda.gov/scripts/cdrh/cfdocs/cfpmn/pmn.cfm?id=K192787,remote_patient_monitoring,strong_official_product
Dhd Medical Products Div. Diemolding Corp.,ARTERIAL BLOOD SAMPLING KIT,digital_health_or_medical_device_software,FDA 510(k) K832545; 1983-09-26; product code CBT,openfda_device_510k,K832545,1983-09-26,Substantially Equivalent,https://www.accessdata.fda.gov/scripts/cdrh/cfdocs/cfpmn/pmn.cfm?id=K832545,,strong_official_product
Dhd Medical Products Div. Diemolding Corp.,ARTERIAL BLOOD SAMPLING KIT,digital_health_or_medical_device_software,FDA 510(k) K821406; 1982-06-25; product code CBT,openfda_device_510k,K821406,1982-06-25,Substantially Equivalent,https://www.accessdata.fda.gov/scripts/cdrh/cfdocs/cfpmn/pmn.cfm?id=K821406,,strong_official_product
"Dia Imaging Analysis, Ltd.",LVivo Software Application,samd_or_medical_software,FDA 510(k) K243862; 2025-03-17; product code QIH,openfda_device_510k,K243862,2025-03-17,Substantially Equivalent,https://www.accessdata.fda.gov/scripts/cdrh/cfdocs/cfpmn/pmn.cfm?id=K243862,samd,strong_official_product
Diagnostic Monitoring Software,DMS 300-2W HOLTER ECG RECORDER,remote_patient_monitoring,FDA 510(k) K133014; 2014-05-19; product code MWJ,openfda_device_510k,K133014,2014-05-19,Substantially Equivalent,https://www.accessdata.fda.gov/scripts/cdrh/cfdocs/cfpmn/pmn.cfm?id=K133014,remote_patient_monitoring,strong_official_product
Diamond Orthotic Laboratory,Diamond Digital Sleep Orthotic (DDSO),digital_health_or_medical_device_software,FDA 510(k) K202499; 2020-09-03; product code LRK,openfda_device_510k,K202499,2020-09-03,Substantially Equivalent,https://www.accessdata.fda.gov/scripts/cdrh/cfdocs/cfpmn/pmn.cfm?id=K202499,sleep_health,strong_official_product
"Diasonics, Inc.",DIGITAL FLUROGRAPHIC IMAGING SYSTEM,digital_health_or_medical_device_software,FDA 510(k) K813217; 1981-12-29; product code JAA,openfda_device_510k,K813217,1981-12-29,Substantially Equivalent,https://www.accessdata.fda.gov/scripts/cdrh/cfdocs/cfpmn/pmn.cfm?id=K813217,,strong_official_product
Doctolib,Doctolib,remote_patient_monitoring,欧洲医疗预约/远程问诊平台,round2_seed,,,,https://connect.doctolib.com/about-doctolib,remote_patient_monitoring; online_consultation,seed_only
Doctolib,Doctolib,digital_health_or_medical_device_software,Doctolib | About Us; Doctolib Connect changes internal communication in modern healthcare and promote collaboration across medical institutions.,round2_company_site,,,,https://connect.doctolib.com/about-doctolib,,strong_company_site
"Draeger Medical Systems, Inc.","INFINITY EXPLORER SOFTWARE, C700 FOR IT PATIENT VICINITY WORKSTATION",samd_or_medical_software,FDA 510(k) K141756; 2014-12-12; product code MSX,openfda_device_510k,K141756,2014-12-12,Substantially Equivalent,https://www.accessdata.fda.gov/scripts/cdrh/cfdocs/cfpmn/pmn.cfm?id=K141756,samd,strong_official_product
"DreaMed Diabetes, Ltd.",endo.digital Platform,digital_health_or_medical_device_software,FDA 510(k) K232722; 2023-10-03; product code QCC,openfda_device_510k,K232722,2023-10-03,Substantially Equivalent,https://www.accessdata.fda.gov/scripts/cdrh/cfdocs/cfpmn/pmn.cfm?id=K232722,,strong_official_product
"Dxrad Solutions , Ltd.",DXRAD MODELS DX800 OR DX808 DIGITAL DIAGNOSTIC RADIOGRAPHIC SYSTEMS,digital_health_or_medical_device_software,FDA 510(k) K082261; 2008-11-06; product code KPR,openfda_device_510k,K082261,2008-11-06,Substantially Equivalent,https://www.accessdata.fda.gov/scripts/cdrh/cfdocs/cfpmn/pmn.cfm?id=K082261,,strong_official_product
Dynadx Corporation,SLEEP QUALITY,digital_health_or_medical_device_software,FDA 510(k) K070855; 2008-03-20; product code MNR,openfda_device_510k,K070855,2008-03-20,Substantially Equivalent,https://www.accessdata.fda.gov/scripts/cdrh/cfdocs/cfpmn/pmn.cfm?id=K070855,sleep_health,strong_official_product
Dynarad Corp.,"9170, 1170",digital_health_or_medical_device_software,FDA 510(k) K932354; 1993-07-23; product code IZL,openfda_device_510k,K932354,1993-07-23,Substantially Equivalent,https://www.accessdata.fda.gov/scripts/cdrh/cfdocs/cfpmn/pmn.cfm?id=K932354,,strong_official_product
E-San Limited,THINK POSITIVE DIABETES MANAGEMENT SYSTEM (T+DIABETES SYSTEM),digital_health_or_medical_device_software,FDA 510(k) K061328; 2006-06-13; product code NBW,openfda_device_510k,K061328,2006-06-13,Substantially Equivalent,https://www.accessdata.fda.gov/scripts/cdrh/cfdocs/cfpmn/pmn.cfm?id=K061328,chronic_disease_management,strong_official_product
E.M. Adams,TRACHEOSTOMY CARE TRAY,digital_health_or_medical_device_software,FDA 510(k) K813260; 1981-12-31; product code LDQ,openfda_device_510k,K813260,1981-12-31,Substantially Equivalent,https://www.accessdata.fda.gov/scripts/cdrh/cfdocs/cfpmn/pmn.cfm?id=K813260,,strong_official_product
"Elaitra, Ltd.",ViewFinder Software Version 1.1,samd_or_medical_software,FDA 510(k) K223501; 2023-04-21; product code QIH,openfda_device_510k,K223501,2023-04-21,Substantially Equivalent,https://www.accessdata.fda.gov/scripts/cdrh/cfdocs/cfpmn/pmn.cfm?id=K223501,samd,strong_official_product
"Electromedical Products, Inc.",ALPHA-STIM 350,digital_health_or_medical_device_software,FDA 510(k) K881753; 1988-08-30; product code GZJ,openfda_device_510k,K881753,1988-08-30,Substantially Equivalent,https://www.accessdata.fda.gov/scripts/cdrh/cfdocs/cfpmn/pmn.cfm?id=K881753,,strong_official_product
"Electromedical Products, Inc.",ALPHA-STIM CS,digital_health_or_medical_device_software,FDA 510(k) K903014; 1992-05-12; product code QJQ,openfda_device_510k,K903014,1992-05-12,Substantially Equivalent,https://www.accessdata.fda.gov/scripts/cdrh/cfdocs/cfpmn/pmn.cfm?id=K903014,,strong_official_product
Emde Corp.,MARZ-175,digital_health_or_medical_device_software,FDA 510(k) K811199; 1981-05-21; product code CBT,openfda_device_510k,K811199,1981-05-21,Substantially Equivalent,https://www.accessdata.fda.gov/scripts/cdrh/cfdocs/cfpmn/pmn.cfm?id=K811199,,strong_official_product
Emde Corp.,MOSQUITO,digital_health_or_medical_device_software,FDA 510(k) K771013; 1977-07-01; product code CBT,openfda_device_510k,K771013,1977-07-01,Substantially Equivalent,https://www.accessdata.fda.gov/scripts/cdrh/cfdocs/cfpmn/pmn.cfm?id=K771013,,strong_official_product
Empi,"EMPI, MODEL 489, TENS",digital_health_or_medical_device_software,FDA 510(k) K890604; 1989-06-01; product code GZJ,openfda_device_510k,K890604,1989-06-01,Substantially Equivalent,https://www.accessdata.fda.gov/scripts/cdrh/cfdocs/cfpmn/pmn.cfm?id=K890604,,strong_official_product
Engineered Medical Systems,INCENTIVE SPIROMETER,digital_health_or_medical_device_software,FDA 510(k) K000314; 2000-04-12; product code BWF,openfda_device_510k,K000314,2000-04-12,Substantially Equivalent,https://www.accessdata.fda.gov/scripts/cdrh/cfdocs/cfpmn/pmn.cfm?id=K000314,,strong_official_product
Entra Health Systems,MYHEALTHPOINT TELEHEALTH MANAGER,digital_health_or_medical_device_software,FDA 510(k) K132930; 2014-04-14; product code DRG,openfda_device_510k,K132930,2014-04-14,Substantially Equivalent,https://www.accessdata.fda.gov/scripts/cdrh/cfdocs/cfpmn/pmn.cfm?id=K132930,internet_healthcare,strong_official_product
"Epm Information Systems, Inc.",THE TRACKER,digital_health_or_medical_device_software,FDA 510(k) K923033; 1993-06-01; product code LXJ,openfda_device_510k,K923033,1993-06-01,Substantially Equivalent,https://www.accessdata.fda.gov/scripts/cdrh/cfdocs/cfpmn/pmn.cfm?id=K923033,,strong_official_product
Eps Bio Technology Corp.,MDT2 BLE Self-Monitoring Blood Glucose System,remote_patient_monitoring,FDA 510(k) K190189; 2019-11-01; product code NBW,openfda_device_510k,K190189,2019-11-01,Substantially Equivalent,https://www.accessdata.fda.gov/scripts/cdrh/cfdocs/cfpmn/pmn.cfm?id=K190189,remote_patient_monitoring,strong_official_product
"Erbe USA, Inc.",DISPOSABLE PATIENT RETURN ELECTRODE,digital_health_or_medical_device_software,FDA 510(k) K972269; 1997-07-09; product code GEI,openfda_device_510k,K972269,1997-07-09,Substantially Equivalent,https://www.accessdata.fda.gov/scripts/cdrh/cfdocs/cfpmn/pmn.cfm?id=K972269,,strong_official_product
Ergoline GmbH,ers2 - ergoline Rehabilitation System,digital_health_or_medical_device_software,FDA 510(k) K212883; 2022-07-15; product code DRG,openfda_device_510k,K212883,2022-07-15,Substantially Equivalent,https://www.accessdata.fda.gov/scripts/cdrh/cfdocs/cfpmn/pmn.cfm?id=K212883,rehabilitation,strong_official_product
Ever-More Latex Products Sdn Bhd,EVER-MORE POWDER-FREE LATEX EXAMINATION GLOVES,digital_health_or_medical_device_software,FDA 510(k) K023524; 2002-11-29; product code LYY,openfda_device_510k,K023524,2002-11-29,Substantially Equivalent,https://www.accessdata.fda.gov/scripts/cdrh/cfdocs/cfpmn/pmn.cfm?id=K023524,,strong_official_product
"Everyway Medical Instruments Co.,Ltd",EV-804 OTC Pain Relief TENS,digital_health_or_medical_device_software,FDA 510(k) K172919; 2018-04-19; product code NUH,openfda_device_510k,K172919,2018-04-19,Substantially Equivalent,https://www.accessdata.fda.gov/scripts/cdrh/cfdocs/cfpmn/pmn.cfm?id=K172919,,strong_official_product
"Excel Tech. , Ltd.",XLTEK SLEEP SYSTEM,digital_health_or_medical_device_software,FDA 510(k) K022037; 2002-09-10; product code OLV,openfda_device_510k,K022037,2002-09-10,Substantially Equivalent,https://www.accessdata.fda.gov/scripts/cdrh/cfdocs/cfpmn/pmn.cfm?id=K022037,sleep_health,strong_official_product
"Eyekor, LLC",EXCELSIOR,digital_health_or_medical_device_software,FDA 510(k) K130453; 2013-04-02; product code NFJ,openfda_device_510k,K130453,2013-04-02,Substantially Equivalent,https://www.accessdata.fda.gov/scripts/cdrh/cfdocs/cfpmn/pmn.cfm?id=K130453,,strong_official_product
"Facial Alveodental Implant Rehabilitation, Inc.",FLEXIROOT,digital_health_or_medical_device_software,FDA 510(k) K852305; 1985-10-16; product code DZE,openfda_device_510k,K852305,1985-10-16,Substantially Equivalent,https://www.accessdata.fda.gov/scripts/cdrh/cfdocs/cfpmn/pmn.cfm?id=K852305,,strong_official_product
Feops NV,FEops HEARTguide,digital_health_or_medical_device_software,FDA 510(k) DEN200030; 2021-09-08; product code QQI,openfda_device_510k,DEN200030,2021-09-08,Unknown,https://www.accessdata.fda.gov/scripts/cdrh/cfdocs/cfpmn/pmn.cfm?id=DEN200030,,strong_official_product
"First Source, Inc.",iQFlex Pro,digital_health_or_medical_device_software,FDA 510(k) K240009; 2024-07-03; product code IZL,openfda_device_510k,K240009,2024-07-03,Substantially Equivalent,https://www.accessdata.fda.gov/scripts/cdrh/cfdocs/cfpmn/pmn.cfm?id=K240009,,strong_official_product
Fisher and Paykel Healthcare Limited,Nova Micro Pillows Mask Small A Model (NVP1SA); Nova Micro Pillows Mask Medium A Model (NVP1MA); Nova Micro Pillows Mask Large A Model (NVP1LA); Nova Micro Pillows Mask Fit Pack/SML A Model (NVP1SMLA); Nova Micro Pillows Mask Small Sleep Lab A (NVP1SSLA); Nova Micro Pillows Mask Medium Sleep Lab A (NVP1MSLA); Nova Micro Pillows Mask Large Sleep Lab A (NVP1LSLA); Nova Micro Pillows Mask Fit Pack Sleep Lab A (NVP1SMLSLA),digital_health_or_medical_device_software,FDA 510(k) K233829; 2024-08-23; product code BZD,openfda_device_510k,K233829,2024-08-23,Substantially Equivalent,https://www.accessdata.fda.gov/scripts/cdrh/cfdocs/cfpmn/pmn.cfm?id=K233829,sleep_health,strong_official_product
Fluidotherapy Corp.,SONOPULS 434 ULTRASOUND THERAPY EQUIPMENT,digital_health_or_medical_device_software,FDA 510(k) K850640; 1985-05-14; product code IMI,openfda_device_510k,K850640,1985-05-14,Substantially Equivalent,https://www.accessdata.fda.gov/scripts/cdrh/cfdocs/cfpmn/pmn.cfm?id=K850640,,strong_official_product
"Foshan Care Medical Technology Co., Ltd.",FOSHAN CARE MEDICAL NEBULIZER MODEL KYWH2001,digital_health_or_medical_device_software,FDA 510(k) K101552; 2011-03-14; product code CAF,openfda_device_510k,K101552,2011-03-14,Substantially Equivalent,https://www.accessdata.fda.gov/scripts/cdrh/cfdocs/cfpmn/pmn.cfm?id=K101552,,strong_official_product
"Freespira, Inc.",Freespira Breathing System,digital_health_or_medical_device_software,FDA 510(k) K233337; 2025-04-24; product code SEN,openfda_device_510k,K233337,2025-04-24,Substantially Equivalent,https://www.accessdata.fda.gov/scripts/cdrh/cfdocs/cfpmn/pmn.cfm?id=K233337,,strong_official_product
Fresenius Medical Care North America,"FRESENIUS COMBILLINES SINGLE NEEDLE BLOOD TUBING SET, CATALOG #03-2290",digital_health_or_medical_device_software,FDA 510(k) K000451; 2000-05-09; product code FJK,openfda_device_510k,K000451,2000-05-09,Substantially Equivalent,https://www.accessdata.fda.gov/scripts/cdrh/cfdocs/cfpmn/pmn.cfm?id=K000451,,strong_official_product
"Fresenius Medical Care Renal Therapies Group, LLC",Bicarby Dialysate RFP-404 (RFP-404-W); Bicarby Dialysate RFP-403 (RFP-403-W); Bicarby Dialysate RFP-403 (RFP-403-G); Bicarby Dialysate RFP-453 (RFP-453-W); Bicarby Dialysate RFP-453 (RFP-453-G); Bicarby Dialysate RFP-454 (RFP-454-W); Bicarby Dialysate RFP-454 (RFP-454-G); Bicarby Dialysate RFP-456 (RFP-456-W),digital_health_or_medical_device_software,FDA 510(k) K252180; 2025-09-09; product code KPO,openfda_device_510k,K252180,2025-09-09,Substantially Equivalent,https://www.accessdata.fda.gov/scripts/cdrh/cfdocs/cfpmn/pmn.cfm?id=K252180,,strong_official_product
"Fresenius Medical Care Renal Therapies Group, LLC","CombiSet SMARTECH Hemodialysis Blood Tubing Set with attached Priming Set and Integrated Crit-Line Technology, CombiSet SMARTECH Hemodialysis Blood Tubing Set with attached Priming Set and Intergrated Crit-Line Technology, no Heparin Line",digital_health_or_medical_device_software,FDA 510(k) K201207; 2020-09-18; product code KOC,openfda_device_510k,K201207,2020-09-18,Substantially Equivalent,https://www.accessdata.fda.gov/scripts/cdrh/cfdocs/cfpmn/pmn.cfm?id=K201207,,strong_official_product
"Fujian Yuanxin Safety Protection Technology Co., Ltd.",Disposable Nitrile Examination gloves,digital_health_or_medical_device_software,FDA 510(k) K212485; 2021-11-05; product code LZA,openfda_device_510k,K212485,2021-11-05,Substantially Equivalent,https://www.accessdata.fda.gov/scripts/cdrh/cfdocs/cfpmn/pmn.cfm?id=K212485,,strong_official_product
"Fujirebio Dianostics, Inc.",Lumpipulse G CA19-9-N,digital_health_or_medical_device_software,FDA 510(k) K191973; 2019-10-22; product code NIG,openfda_device_510k,K191973,2019-10-22,Substantially Equivalent,https://www.accessdata.fda.gov/scripts/cdrh/cfdocs/cfpmn/pmn.cfm?id=K191973,,strong_official_product
"Fukuda Denshi USA, Inc.",MODEL U-1000 WITH GESTATIONAL AGE CALCULATION,digital_health_or_medical_device_software,FDA 510(k) K871385; 1987-05-26; product code HGM,openfda_device_510k,K871385,1987-05-26,Substantially Equivalent,https://www.accessdata.fda.gov/scripts/cdrh/cfdocs/cfpmn/pmn.cfm?id=K871385,,strong_official_product
"Galix Biomedical Instrumentation, Inc.",3 CHANNEL DIGITAL AMBULATORY ECG RECORDER,remote_patient_monitoring,FDA 510(k) K971670; 1998-01-29; product code DSH,openfda_device_510k,K971670,1998-01-29,Substantially Equivalent,https://www.accessdata.fda.gov/scripts/cdrh/cfdocs/cfpmn/pmn.cfm?id=K971670,remote_patient_monitoring,strong_official_product
"Gauss Surgical, Inc.,",PIXEL APP,samd_or_medical_software,FDA 510(k) K121274; 2012-06-27; product code LWH,openfda_device_510k,K121274,2012-06-27,Substantially Equivalent,https://www.accessdata.fda.gov/scripts/cdrh/cfdocs/cfpmn/pmn.cfm?id=K121274,samd,strong_official_product
"Gbs Commonwealth Co., Ltd.",The JASPER Spinal Fixation System II,digital_health_or_medical_device_software,FDA 510(k) K190762; 2019-06-19; product code NKB,openfda_device_510k,K190762,2019-06-19,Substantially Equivalent,https://www.accessdata.fda.gov/scripts/cdrh/cfdocs/cfpmn/pmn.cfm?id=K190762,,strong_official_product
Ge Dec Medical Systems,SERIES 6600 DIGITAL MOBILE C-ARM,digital_health_or_medical_device_software,FDA 510(k) K951765; 1995-05-11; product code OXO,openfda_device_510k,K951765,1995-05-11,Substantially Equivalent,https://www.accessdata.fda.gov/scripts/cdrh/cfdocs/cfpmn/pmn.cfm?id=K951765,,strong_official_product
Ge Medical Systems Information Technologies,UMBILICAL CORD BLOOD SAMPLING KIT,digital_health_or_medical_device_software,FDA 510(k) K900302; 1990-04-10; product code CBT,openfda_device_510k,K900302,1990-04-10,Substantially Equivalent,https://www.accessdata.fda.gov/scripts/cdrh/cfdocs/cfpmn/pmn.cfm?id=K900302,,strong_official_product
GE Medical Systems Ultrasound and Primary Care Diagnostics,EchoPAC Software Only / EchoPAC Plug-in,samd_or_medical_software,FDA 510(k) K251342; 2025-07-16; product code QIH,openfda_device_510k,K251342,2025-07-16,Substantially Equivalent,https://www.accessdata.fda.gov/scripts/cdrh/cfdocs/cfpmn/pmn.cfm?id=K251342,samd,strong_official_product
GE Medical Systems Ultrasound and Primary Care Diagnostics,"EchoPAC Software Only, EchoPAC Plug-in",samd_or_medical_software,FDA 510(k) K220940; 2022-07-22; product code QIH,openfda_device_510k,K220940,2022-07-22,Substantially Equivalent,https://www.accessdata.fda.gov/scripts/cdrh/cfdocs/cfpmn/pmn.cfm?id=K220940,samd,strong_official_product
GE Medical Systems Ultrasound and Primary Care Diagnostics,LOGIQ Totus,digital_health_or_medical_device_software,FDA 510(k) K232381; 2023-12-07; product code IYN,openfda_device_510k,K232381,2023-12-07,Substantially Equivalent,https://www.accessdata.fda.gov/scripts/cdrh/cfdocs/cfpmn/pmn.cfm?id=K232381,,strong_official_product
"Ge Medical Systems, LLC",Critical Care Suite with Endotracheal Tube Positing AI algorithm,digital_health_or_medical_device_software,FDA 510(k) K211161; 2021-10-29; product code QIH,openfda_device_510k,K211161,2021-10-29,Substantially Equivalent,https://www.accessdata.fda.gov/scripts/cdrh/cfdocs/cfpmn/pmn.cfm?id=K211161,,strong_official_product
"Ge Medical Systems, LLC",Optima XR240amx,digital_health_or_medical_device_software,FDA 510(k) K182234; 2018-09-06; product code IZL,openfda_device_510k,K182234,2018-09-06,Substantially Equivalent,https://www.accessdata.fda.gov/scripts/cdrh/cfdocs/cfpmn/pmn.cfm?id=K182234,,strong_official_product
"Ge Oec Medical Systems, Inc.",OEC Elite,digital_health_or_medical_device_software,FDA 510(k) K172550; 2017-11-16; product code OXO,openfda_device_510k,K172550,2017-11-16,Substantially Equivalent,https://www.accessdata.fda.gov/scripts/cdrh/cfdocs/cfpmn/pmn.cfm?id=K172550,,strong_official_product
"Gemore Technology Co, Ltd.",GEM-TWIN TENS/ MODELS GM3XY/Z,digital_health_or_medical_device_software,FDA 510(k) K042559; 2004-11-17; product code GZJ,openfda_device_510k,K042559,2004-11-17,Substantially Equivalent,https://www.accessdata.fda.gov/scripts/cdrh/cfdocs/cfpmn/pmn.cfm?id=K042559,,strong_official_product
General Electric Co.,VECTRA MOBILE MAGNETIC RESONANCE IMAGING SYSTEM,digital_health_or_medical_device_software,FDA 510(k) K931460; 1994-03-04; product code LNH,openfda_device_510k,K931460,1994-03-04,Substantially Equivalent,https://www.accessdata.fda.gov/scripts/cdrh/cfdocs/cfpmn/pmn.cfm?id=K931460,,strong_official_product
"General Life Biotechnology Co., Ltd.",GLB BENECHECK PREMIUM GLU MONITORING SYSTEM,remote_patient_monitoring,FDA 510(k) K123090; 2013-11-22; product code NBW,openfda_device_510k,K123090,2013-11-22,Substantially Equivalent,https://www.accessdata.fda.gov/scripts/cdrh/cfdocs/cfpmn/pmn.cfm?id=K123090,remote_patient_monitoring,strong_official_product
"General X-Ray, Inc.",PORTABLE X-RAY UNIT,digital_health_or_medical_device_software,FDA 510(k) K790443; 1979-03-26; product code IZL,openfda_device_510k,K790443,1979-03-26,Substantially Equivalent,https://www.accessdata.fda.gov/scripts/cdrh/cfdocs/cfpmn/pmn.cfm?id=K790443,,strong_official_product
"General X-Ray, Inc.","X-RAY STAND, PORTABLE",digital_health_or_medical_device_software,FDA 510(k) K781676; 1978-10-17; product code IZL,openfda_device_510k,K781676,1978-10-17,Substantially Equivalent,https://www.accessdata.fda.gov/scripts/cdrh/cfdocs/cfpmn/pmn.cfm?id=K781676,,strong_official_product
Gleamer Sas,BoneMetrics (US),digital_health_or_medical_device_software,FDA 510(k) K241593; 2025-02-05; product code QIH,openfda_device_510k,K241593,2025-02-05,Substantially Equivalent,https://www.accessdata.fda.gov/scripts/cdrh/cfdocs/cfpmn/pmn.cfm?id=K241593,,strong_official_product
Glidewell Laboratories-Sleep Devices Group,THERMOFORMED MOUTHGUARDS,digital_health_or_medical_device_software,FDA 510(k) K121365; 2012-11-20; product code MQC,openfda_device_510k,K121365,2012-11-20,Substantially Equivalent,https://www.accessdata.fda.gov/scripts/cdrh/cfdocs/cfpmn/pmn.cfm?id=K121365,,strong_official_product
Glooko,Glooko,remote_patient_monitoring,糖尿病数据和远程监测平台,round2_seed,,,,https://glooko.com/,remote_patient_monitoring; chronic_disease_management,seed_only
Glooko,Glooko,remote_patient_monitoring,"Leading Diabetes Management Platform | Glooko; Glooko connects patients, providers, and devices to simplify diabetes care, streamline workflows, and deliver measurable health outcomes.",round2_company_site,,,,https://glooko.com/,remote_patient_monitoring; chronic_disease_management,strong_company_site
"Good Sleep CO Pte , Ltd.",Hushd Pro Avera,digital_health_or_medical_device_software,FDA 510(k) K232025; 2024-05-09; product code LRK,openfda_device_510k,K232025,2024-05-09,Substantially Equivalent,https://www.accessdata.fda.gov/scripts/cdrh/cfdocs/cfpmn/pmn.cfm?id=K232025,,strong_official_product
"Good Sleep CO Pte , Ltd.",Hushd Pro Z-Link,digital_health_or_medical_device_software,FDA 510(k) K251784; 2025-10-24; product code LRK,openfda_device_510k,K251784,2025-10-24,Substantially Equivalent,https://www.accessdata.fda.gov/scripts/cdrh/cfdocs/cfpmn/pmn.cfm?id=K251784,,strong_official_product
Grove Video Corp.,TP440 ORTHOPROBE,digital_health_or_medical_device_software,FDA 510(k) K821571; 1982-07-21; product code GZJ,openfda_device_510k,K821571,1982-07-21,Substantially Equivalent,https://www.accessdata.fda.gov/scripts/cdrh/cfdocs/cfpmn/pmn.cfm?id=K821571,,strong_official_product
"Guangzhou Raydose Software Technology., LLC",EDOSE,digital_health_or_medical_device_software,FDA 510(k) K150767; 2015-08-17; product code IYE,openfda_device_510k,K150767,2015-08-17,Substantially Equivalent,https://www.accessdata.fda.gov/scripts/cdrh/cfdocs/cfpmn/pmn.cfm?id=K150767,,strong_official_product
"Guangzhou Xinbo Electronic Co., Ltd.","Pain Therapy Device (Model:  P.T.S-VI, P.T.S-VII)",digital_health_or_medical_device_software,FDA 510(k) K231789; 2024-03-11; product code NGX,openfda_device_510k,K231789,2024-03-11,Substantially Equivalent,https://www.accessdata.fda.gov/scripts/cdrh/cfdocs/cfpmn/pmn.cfm?id=K231789,,strong_official_product
"Gulf Medical Technologies, Inc.",SURETEX LATEX EXAMINATION GLOVES,digital_health_or_medical_device_software,FDA 510(k) K900212; 1990-01-23; product code LYY,openfda_device_510k,K900212,1990-01-23,Substantially Equivalent,https://www.accessdata.fda.gov/scripts/cdrh/cfdocs/cfpmn/pmn.cfm?id=K900212,,strong_official_product
"Gyrus Acmi, Inc.",DOLPHIN 3 FLUID MANAGEMENT SYSTEM,digital_health_or_medical_device_software,FDA 510(k) K110852; 2011-07-19; product code HIG,openfda_device_510k,K110852,2011-07-19,Substantially Equivalent,https://www.accessdata.fda.gov/scripts/cdrh/cfdocs/cfpmn/pmn.cfm?id=K110852,,strong_official_product
"Hammer-Plane, Inc.",NEEDLE SAFETY COVER,digital_health_or_medical_device_software,FDA 510(k) K950098; 1995-08-11; product code CBT,openfda_device_510k,K950098,1995-08-11,Substantially Equivalent,https://www.accessdata.fda.gov/scripts/cdrh/cfdocs/cfpmn/pmn.cfm?id=K950098,,strong_official_product
"Hangzhou Primecare Medical Co., Ltd.",Prefilled Syringe,digital_health_or_medical_device_software,FDA 510(k) K202698; 2020-12-15; product code EZL,openfda_device_510k,K202698,2020-12-15,Substantially Equivalent,https://www.accessdata.fda.gov/scripts/cdrh/cfdocs/cfpmn/pmn.cfm?id=K202698,,strong_official_product
"Happiest Baby, Inc.",SNOO Smart Sleeper,digital_health_or_medical_device_software,FDA 510(k) DEN210039; 2023-03-30; product code QTG,openfda_device_510k,DEN210039,2023-03-30,Unknown,https://www.accessdata.fda.gov/scripts/cdrh/cfdocs/cfpmn/pmn.cfm?id=DEN210039,sleep_health,strong_official_product
Hartalega NGC Sdn. Bhd.,"Nitrile Powder Free Examination Glove with Colloidal Oatmeal USP Skin Protectant - White, Nitrile Powder Free Examination Glove with Colloidal Oatmeal USP Skin Protectant - Dawn Blue, Nitrile Powder Free Examination Glove with Colloidal Oatmeal USP Skin Protectant - Dark Blue (DKBU), Nitrile Powder Free Examination Glove with Colloidal Oatmeal USP Skin Protectant - Dark Violet Blue (DVBU)",digital_health_or_medical_device_software,FDA 510(k) K150110; 2015-04-23; product code LZA,openfda_device_510k,K150110,2015-04-23,Substantially Equivalent,https://www.accessdata.fda.gov/scripts/cdrh/cfdocs/cfpmn/pmn.cfm?id=K150110,,strong_official_product
Headspace Health,Headspace mental health platform,digital_health_or_medical_device_software,知名数字心理健康公司,round2_seed,,,,https://organizations.headspace.com/,internet_healthcare; mental_health,seed_only
Headspace Health,Headspace mental health platform,digital_health_or_medical_device_software,End-to-End Mental Health Care for Organizations | Headspace,round2_company_site,,,,https://organizations.headspace.com/,internet_healthcare; mental_health,strong_company_site
"Healthdirections, Inc.",HP-1 (HEALTHPAX),digital_health_or_medical_device_software,FDA 510(k) K883812; 1988-11-28; product code QJQ,openfda_device_510k,K883812,1988-11-28,Substantially Equivalent,https://www.accessdata.fda.gov/scripts/cdrh/cfdocs/cfpmn/pmn.cfm?id=K883812,,strong_official_product
"Heartlab, Inc.",DICOMVIEW,digital_health_or_medical_device_software,FDA 510(k) K954479; 1996-02-21; product code LMD,openfda_device_510k,K954479,1996-02-21,Substantially Equivalent,https://www.accessdata.fda.gov/scripts/cdrh/cfdocs/cfpmn/pmn.cfm?id=K954479,,strong_official_product
"Hebei Handform Plastic Products Co., Ltd.","POWDERED VINYL PATIENT EXAMINATION GLOVES, CLEAR (NON-COLORED)",digital_health_or_medical_device_software,FDA 510(k) K082691; 2009-02-04; product code LYZ,openfda_device_510k,K082691,2009-02-04,Substantially Equivalent,https://www.accessdata.fda.gov/scripts/cdrh/cfdocs/cfpmn/pmn.cfm?id=K082691,,strong_official_product
HelloBetter,HelloBetter,digital_therapeutics_or_dtx,德国 DiGA/心理数字疗法公司,round2_seed,,,,https://hellobetter.de/,digital_therapeutics; mental_health,seed_only
Hemedex Incorporated,"QFLOW 500 TITANIUM BOLT, QUAD LUMEN BOLT KIT",digital_health_or_medical_device_software,FDA 510(k) K141869; 2014-10-10; product code GWM,openfda_device_510k,K141869,2014-10-10,Substantially Equivalent,https://www.accessdata.fda.gov/scripts/cdrh/cfdocs/cfpmn/pmn.cfm?id=K141869,,strong_official_product
Hewlett-Packard Co.,CARDIAC MONITOR - RATE ALARM,remote_patient_monitoring,FDA 510(k) K820825; 1982-04-15; product code DRT,openfda_device_510k,K820825,1982-04-15,Substantially Equivalent,https://www.accessdata.fda.gov/scripts/cdrh/cfdocs/cfpmn/pmn.cfm?id=K820825,remote_patient_monitoring,strong_official_product
Hewlett-Packard Co.,CARDIAC OUTPUT MODULE-78231C,remote_patient_monitoring,FDA 510(k) K772234; 1978-01-05; product code DSK,openfda_device_510k,K772234,1978-01-05,Substantially Equivalent,https://www.accessdata.fda.gov/scripts/cdrh/cfdocs/cfpmn/pmn.cfm?id=K772234,remote_patient_monitoring,strong_official_product
Hewlett-Packard GmbH,"HP VIRIDIA COMPONENT MONITORING SYSTEM, HP VIRIDIA CMS 24/26, HP VIRIDIA MULTI-MEASUREMENT SERVER AND COMPACT PORTABLE P",remote_patient_monitoring,FDA 510(k) K991773; 1999-06-07; product code DSI,openfda_device_510k,K991773,1999-06-07,Substantially Equivalent,https://www.accessdata.fda.gov/scripts/cdrh/cfdocs/cfpmn/pmn.cfm?id=K991773,remote_patient_monitoring,strong_official_product
"Hill-Rom, Inc.",CRITICAL CARE HOSPITAL BED (ICU/CCU),digital_health_or_medical_device_software,FDA 510(k) K915437; 1992-06-11; product code FNL,openfda_device_510k,K915437,1992-06-11,Substantially Equivalent,https://www.accessdata.fda.gov/scripts/cdrh/cfdocs/cfpmn/pmn.cfm?id=K915437,,strong_official_product
"Hill-Rom, Inc.","DYNAMICAIRE(TM) SLEEP SURFACE, ZONEAIR(TM) SLEEP SURFACE",digital_health_or_medical_device_software,FDA 510(k) K945729; 1995-02-27; product code IOQ,openfda_device_510k,K945729,1995-02-27,Substantially Equivalent,https://www.accessdata.fda.gov/scripts/cdrh/cfdocs/cfpmn/pmn.cfm?id=K945729,sleep_health,strong_official_product
Hinge Health,Hinge Health,digital_health_or_medical_device_software,知名数字肌骨康复公司,round2_seed,,,,https://www.hingehealth.com/,internet_healthcare; rehabilitation,seed_only
Hinge Health,Hinge Health,digital_health_or_medical_device_software,Virtual Physical Therapy and More: Personalized Pain Care; The #1 clinic for joint & muscle pain. Join today and take control of your pain with access to our personalized virtual physical therapy program,round2_company_site,,,,https://www.hingehealth.com/,internet_healthcare; rehabilitation,strong_company_site
"Hitachi Aloka Medical,Ltd. (Hitachi Aloka Medical",PROUSOUND ALPHA 7 VER. 6.0 DIAGNOSTIC ULTRASOUND SYSTEM MODEL: PROSOUND ALPHA 7 VER. 6.0,digital_health_or_medical_device_software,FDA 510(k) K122537; 2013-04-12; product code IYN,openfda_device_510k,K122537,2013-04-12,Substantially Equivalent,https://www.accessdata.fda.gov/scripts/cdrh/cfdocs/cfpmn/pmn.cfm?id=K122537,,strong_official_product
Hospal Medical Corp.,"NEBULIZER, MOLEL 503, PART #17068",digital_health_or_medical_device_software,FDA 510(k) K771105; 1977-07-05; product code CAF,openfda_device_510k,K771105,1977-07-05,Substantially Equivalent,https://www.accessdata.fda.gov/scripts/cdrh/cfdocs/cfpmn/pmn.cfm?id=K771105,,strong_official_product
"Huntleigh Healthcare, Inc.",BABY DOPPLEX (3000),digital_health_or_medical_device_software,FDA 510(k) K963711; 1997-09-12; product code HGM,openfda_device_510k,K963711,1997-09-12,Substantially Equivalent,https://www.accessdata.fda.gov/scripts/cdrh/cfdocs/cfpmn/pmn.cfm?id=K963711,,strong_official_product
Huntsville Rehabilitation Foundation,"GOWN, OPERATING SURGICAL",digital_health_or_medical_device_software,FDA 510(k) K911568; 1991-04-22; product code FYA,openfda_device_510k,K911568,1991-04-22,Substantially Equivalent,https://www.accessdata.fda.gov/scripts/cdrh/cfdocs/cfpmn/pmn.cfm?id=K911568,,strong_official_product
"Hyland Therapeutic Div., Travenol Laboratories",HAEMOPHILUS INFLUENZAE TYPE B ANTISERUM,digital_health_or_medical_device_software,FDA 510(k) K820192; 1982-03-11; product code GRP,openfda_device_510k,K820192,1982-03-11,Substantially Equivalent,https://www.accessdata.fda.gov/scripts/cdrh/cfdocs/cfpmn/pmn.cfm?id=K820192,,strong_official_product
"Hypoguard USA, Inc.","GLUCOBALANCE DATA MANAGEMENT SOFTWARE, MODEL 555020",samd_or_medical_software,FDA 510(k) K022545; 2002-10-11; product code NBW,openfda_device_510k,K022545,2002-10-11,Substantially Equivalent,https://www.accessdata.fda.gov/scripts/cdrh/cfdocs/cfpmn/pmn.cfm?id=K022545,samd,strong_official_product
"I-Rep, Inc.",PHYSICAL MEDICINE & REHABILITATION EQUIP,digital_health_or_medical_device_software,FDA 510(k) K822906; 1982-10-15; product code ION,openfda_device_510k,K822906,1982-10-15,Substantially Equivalent,https://www.accessdata.fda.gov/scripts/cdrh/cfdocs/cfpmn/pmn.cfm?id=K822906,rehabilitation,strong_official_product
"I-Sens, Inc.",Assure Prism multi Blood Glucose Monitoring System,remote_patient_monitoring,FDA 510(k) K151164; 2015-08-07; product code NBW,openfda_device_510k,K151164,2015-08-07,Substantially Equivalent,https://www.accessdata.fda.gov/scripts/cdrh/cfdocs/cfpmn/pmn.cfm?id=K151164,remote_patient_monitoring,strong_official_product
I3 Membrane GmbH,i3 ONE (203100-S);i3 TWO connect (203200-S);i3 TWO direct (203300-S),digital_health_or_medical_device_software,FDA 510(k) K222727; 2023-06-02; product code NHV,openfda_device_510k,K222727,2023-06-02,Substantially Equivalent,https://www.accessdata.fda.gov/scripts/cdrh/cfdocs/cfpmn/pmn.cfm?id=K222727,,strong_official_product
"Image-Guided Neurologics, Inc.","REMOTE INTRODUCER, MODEL PI-1000",digital_health_or_medical_device_software,FDA 510(k) K990907; 1999-08-12; product code HAW,openfda_device_510k,K990907,1999-08-12,Substantially Equivalent,https://www.accessdata.fda.gov/scripts/cdrh/cfdocs/cfpmn/pmn.cfm?id=K990907,,strong_official_product
"Imagexray, LLC",VFSS Pro Mobile Digital Imaging System,digital_health_or_medical_device_software,FDA 510(k) K212523; 2021-11-05; product code OWB,openfda_device_510k,K212523,2021-11-05,Substantially Equivalent,https://www.accessdata.fda.gov/scripts/cdrh/cfdocs/cfpmn/pmn.cfm?id=K212523,,strong_official_product
"Imatron, Inc.",C-IOO MOBILE CINE CT UNIT,digital_health_or_medical_device_software,FDA 510(k) K864046; 1986-11-10; product code JAK,openfda_device_510k,K864046,1986-11-10,Substantially Equivalent,https://www.accessdata.fda.gov/scripts/cdrh/cfdocs/cfpmn/pmn.cfm?id=K864046,,strong_official_product
"Imd, Inc.",PROPHY CARE PASTE,digital_health_or_medical_device_software,FDA 510(k) K863133; 1986-09-25; product code EJR,openfda_device_510k,K863133,1986-09-25,Substantially Equivalent,https://www.accessdata.fda.gov/scripts/cdrh/cfdocs/cfpmn/pmn.cfm?id=K863133,,strong_official_product
"Impact Applications, Inc.",ImPACT,digital_health_or_medical_device_software,FDA 510(k) K181223; 2018-10-20; product code POM,openfda_device_510k,K181223,2018-10-20,Substantially Equivalent,https://www.accessdata.fda.gov/scripts/cdrh/cfdocs/cfpmn/pmn.cfm?id=K181223,,strong_official_product
"Impact Applications, Inc.",ImPACT,digital_health_or_medical_device_software,FDA 510(k) K170209; 2017-02-23; product code POM,openfda_device_510k,K170209,2017-02-23,Substantially Equivalent,https://www.accessdata.fda.gov/scripts/cdrh/cfdocs/cfpmn/pmn.cfm?id=K170209,,strong_official_product
"Impact Applications, Inc.",ImPACT Computerized Neurocognitive Concussion Management Aid,digital_health_or_medical_device_software,FDA 510(k) DEN150037; 2016-08-22; product code POM,openfda_device_510k,DEN150037,2016-08-22,Unknown,https://www.accessdata.fda.gov/scripts/cdrh/cfdocs/cfpmn/pmn.cfm?id=DEN150037,mental_health,strong_official_product
"Impact Applications, Inc.",ImPACT Quick Test,digital_health_or_medical_device_software,FDA 510(k) K170551; 2017-06-21; product code POM,openfda_device_510k,K170551,2017-06-21,Substantially Equivalent,https://www.accessdata.fda.gov/scripts/cdrh/cfdocs/cfpmn/pmn.cfm?id=K170551,,strong_official_product
"Impact Applications, Inc.",ImPACT Version 4,digital_health_or_medical_device_software,FDA 510(k) K231688; 2023-09-16; product code POM,openfda_device_510k,K231688,2023-09-16,Substantially Equivalent,https://www.accessdata.fda.gov/scripts/cdrh/cfdocs/cfpmn/pmn.cfm?id=K231688,,strong_official_product
"Impact Applications, Inc.",ImPACT Version 4,digital_health_or_medical_device_software,FDA 510(k) K202485; 2020-12-25; product code POM,openfda_device_510k,K202485,2020-12-25,Substantially Equivalent,https://www.accessdata.fda.gov/scripts/cdrh/cfdocs/cfpmn/pmn.cfm?id=K202485,,strong_official_product
Implant Management of America,VARIOUS DENTAL IMPLANTS WITH COVER SCREWS,digital_health_or_medical_device_software,FDA 510(k) K961861; 1996-08-22; product code DZE,openfda_device_510k,K961861,1996-08-22,Substantially Equivalent,https://www.accessdata.fda.gov/scripts/cdrh/cfdocs/cfpmn/pmn.cfm?id=K961861,,strong_official_product
"Implantech Associates, Inc.",IMPLATECH RP MEDICAL GRADE SILICONE GEL SHEETING,digital_health_or_medical_device_software,FDA 510(k) K964846; 1997-02-12; product code MDA,openfda_device_510k,K964846,1997-02-12,Substantially Equivalent,https://www.accessdata.fda.gov/scripts/cdrh/cfdocs/cfpmn/pmn.cfm?id=K964846,,strong_official_product
"In Light Wellness Systems, Inc.",Elysiom Polychromatic LED Light Therapy (PLLT) System (Elysiom),digital_health_or_medical_device_software,FDA 510(k) K153389; 2016-03-30; product code ILY,openfda_device_510k,K153389,2016-03-30,Substantially Equivalent,https://www.accessdata.fda.gov/scripts/cdrh/cfdocs/cfpmn/pmn.cfm?id=K153389,,strong_official_product
"Indiba USA, Inc.",Indiba Diathermia Radiofrequency Device - Activ; Indiba Diathermia Radiofrequency Device - Deep Care,digital_health_or_medical_device_software,FDA 510(k) K161458; 2016-10-03; product code PBX,openfda_device_510k,K161458,2016-10-03,Substantially Equivalent,https://www.accessdata.fda.gov/scripts/cdrh/cfdocs/cfpmn/pmn.cfm?id=K161458,,strong_official_product
Infermedica,Infermedica,digital_health_or_medical_device_software,欧洲症状评估/分诊平台,round2_seed,,,,https://infermedica.com/,,seed_only
Infermedica,Infermedica,digital_health_or_medical_device_software,"Infermedica&#x27;s clinical AI triage for accurate patient care navigation; Clinical AI triage that guides patients to the right care via chat, voice, or call center. Built by clinicians trusted by patients.",round2_company_site,,,,https://infermedica.com/,clinical_workflow,strong_company_site
"Influence, Inc.",SLEEP-IN BONE SCREW SYSTEM,digital_health_or_medical_device_software,FDA 510(k) K972023; 1997-08-25; product code LRK,openfda_device_510k,K972023,1997-08-25,Substantially Equivalent,https://www.accessdata.fda.gov/scripts/cdrh/cfdocs/cfpmn/pmn.cfm?id=K972023,sleep_health,strong_official_product
"Infobionic, Inc.",MoMe Software Platform,samd_or_medical_software,FDA 510(k) K152491; 2015-12-17; product code DSI,openfda_device_510k,K152491,2015-12-17,Substantially Equivalent,https://www.accessdata.fda.gov/scripts/cdrh/cfdocs/cfpmn/pmn.cfm?id=K152491,samd,strong_official_product
"Infopia Co, Ltd.",ELEMENTV BLOOD GLUCOSE MONITORING SYSTEM,remote_patient_monitoring,FDA 510(k) K132406; 2014-04-18; product code NBW,openfda_device_510k,K132406,2014-04-18,Substantially Equivalent,https://www.accessdata.fda.gov/scripts/cdrh/cfdocs/cfpmn/pmn.cfm?id=K132406,remote_patient_monitoring,strong_official_product
"Infopia Co, Ltd.","GLUNEO LITE GLUCOSE MONITORING SYSTEM, GLUNEO LITE PROFESSIONAL BLOOD GLUCOSE MONITORING SYSTEM",remote_patient_monitoring,FDA 510(k) K132966; 2013-12-05; product code NBW,openfda_device_510k,K132966,2013-12-05,Substantially Equivalent,https://www.accessdata.fda.gov/scripts/cdrh/cfdocs/cfpmn/pmn.cfm?id=K132966,remote_patient_monitoring,strong_official_product
"Inner Mongolia Boming Medical Supplies Co., Ltd.",Disposable Nitrile Examination Glove,digital_health_or_medical_device_software,FDA 510(k) K212467; 2021-11-04; product code LZA,openfda_device_510k,K212467,2021-11-04,Substantially Equivalent,https://www.accessdata.fda.gov/scripts/cdrh/cfdocs/cfpmn/pmn.cfm?id=K212467,,strong_official_product
"Innovative Neurological Devices, LLC",Cervella,digital_health_or_medical_device_software,FDA 510(k) K182311; 2019-03-07; product code QJQ,openfda_device_510k,K182311,2019-03-07,Substantially Equivalent,https://www.accessdata.fda.gov/scripts/cdrh/cfdocs/cfpmn/pmn.cfm?id=K182311,,strong_official_product
Instrumentation Laboratory CO,CARDIAC OUTPUT COMPUTER MODEL 701,remote_patient_monitoring,FDA 510(k) K771977; 1978-01-03; product code DSK,openfda_device_510k,K771977,1978-01-03,Substantially Equivalent,https://www.accessdata.fda.gov/scripts/cdrh/cfdocs/cfpmn/pmn.cfm?id=K771977,remote_patient_monitoring,strong_official_product
Insulet Corporation,"Omnipod® Insulin Management System, Omnipod DASH® Insulin Management System",digital_health_or_medical_device_software,FDA 510(k) K211575; 2021-08-13; product code LZG,openfda_device_510k,K211575,2021-08-13,Substantially Equivalent,https://www.accessdata.fda.gov/scripts/cdrh/cfdocs/cfpmn/pmn.cfm?id=K211575,,strong_official_product
"Intec Medical, Inc.",GIANT LUMEN SAFETIP SERIES: ENDOMYOCARDIAL BIOPSY,digital_health_or_medical_device_software,FDA 510(k) K903840; 1990-10-16; product code DYB,openfda_device_510k,K903840,1990-10-16,Substantially Equivalent,https://www.accessdata.fda.gov/scripts/cdrh/cfdocs/cfpmn/pmn.cfm?id=K903840,,strong_official_product
Integra Neurosciences,"CAMINO SINGLE PARAMETER MONITOR, MODEL SPM-1",digital_health_or_medical_device_software,FDA 510(k) K031086; 2003-05-14; product code GWM,openfda_device_510k,K031086,2003-05-14,Substantially Equivalent,https://www.accessdata.fda.gov/scripts/cdrh/cfdocs/cfpmn/pmn.cfm?id=K031086,,strong_official_product
"Intelligent Retinal Imaging Systems, LLC",IRIS INTELLIGENT RETINAL IMAGING SYSTEM,digital_health_or_medical_device_software,FDA 510(k) K141922; 2015-02-27; product code NFJ,openfda_device_510k,K141922,2015-02-27,Substantially Equivalent,https://www.accessdata.fda.gov/scripts/cdrh/cfdocs/cfpmn/pmn.cfm?id=K141922,,strong_official_product
Intelligent Ultrasound Limited,ScanNav Anatomy Peripheral Nerve Block,digital_health_or_medical_device_software,FDA 510(k) DEN220024; 2022-10-18; product code QRG,openfda_device_510k,DEN220024,2022-10-18,Unknown,https://www.accessdata.fda.gov/scripts/cdrh/cfdocs/cfpmn/pmn.cfm?id=DEN220024,,strong_official_product
Interventional Therapeutics Corp.,INTHERM STASIS VALVE SYSTEM,digital_health_or_medical_device_software,FDA 510(k) K931025; 1993-09-28; product code FGE,openfda_device_510k,K931025,1993-09-28,Substantially Equivalent,https://www.accessdata.fda.gov/scripts/cdrh/cfdocs/cfpmn/pmn.cfm?id=K931025,,strong_official_product
"Intra Luminal Therapeutics, Inc.",MODIFICATION TO SAFE-CROSS RADIO FREQUENCY TOTAL OCCLUSION CROSSING SYSTEM,digital_health_or_medical_device_software,FDA 510(k) K041973; 2004-08-16; product code DQX,openfda_device_510k,K041973,2004-08-16,Substantially Equivalent,https://www.accessdata.fda.gov/scripts/cdrh/cfdocs/cfpmn/pmn.cfm?id=K041973,,strong_official_product
"Ischemaview, Inc.",Rapid ASPECTS (v3),digital_health_or_medical_device_software,FDA 510(k) K232156; 2024-01-19; product code POK,openfda_device_510k,K232156,2024-01-19,Substantially Equivalent,https://www.accessdata.fda.gov/scripts/cdrh/cfdocs/cfpmn/pmn.cfm?id=K232156,,strong_official_product
"Ischemaview, Inc.",Rapid ICH,digital_health_or_medical_device_software,FDA 510(k) K221456; 2022-09-12; product code QAS,openfda_device_510k,K221456,2022-09-12,Substantially Equivalent,https://www.accessdata.fda.gov/scripts/cdrh/cfdocs/cfpmn/pmn.cfm?id=K221456,,strong_official_product
Jelco Laboratories,"TRAY, ARTERIAL BLOOD GAS SAMPLING",digital_health_or_medical_device_software,FDA 510(k) K781857; 1978-12-11; product code CBT,openfda_device_510k,K781857,1978-12-11,Substantially Equivalent,https://www.accessdata.fda.gov/scripts/cdrh/cfdocs/cfpmn/pmn.cfm?id=K781857,,strong_official_product
"Jintronix, Inc.",Jintronix,digital_health_or_medical_device_software,FDA 510(k) K143034; 2015-04-22; product code LXJ,openfda_device_510k,K143034,2015-04-22,Substantially Equivalent,https://www.accessdata.fda.gov/scripts/cdrh/cfdocs/cfpmn/pmn.cfm?id=K143034,,strong_official_product
"Jintronix, Inc.",JINTRONIX REHABILITATION SYSTEM (JRS),digital_health_or_medical_device_software,FDA 510(k) K130847; 2014-02-28; product code LXJ,openfda_device_510k,K130847,2014-02-28,Substantially Equivalent,https://www.accessdata.fda.gov/scripts/cdrh/cfdocs/cfpmn/pmn.cfm?id=K130847,rehabilitation,strong_official_product
"Johari Digital Healthcare , Ltd.","CRANIAL ELECTRICAL NERVE STIMULATOR, MODEL FM 10/C",digital_health_or_medical_device_software,FDA 510(k) K090052; 2009-05-29; product code QJQ,openfda_device_510k,K090052,2009-05-29,Substantially Equivalent,https://www.accessdata.fda.gov/scripts/cdrh/cfdocs/cfpmn/pmn.cfm?id=K090052,,strong_official_product
Julie Alliance,QUICKRAY DSX 730,digital_health_or_medical_device_software,FDA 510(k) K990002; 1999-04-01; product code MUH,openfda_device_510k,K990002,1999-04-01,Substantially Equivalent,https://www.accessdata.fda.gov/scripts/cdrh/cfdocs/cfpmn/pmn.cfm?id=K990002,,strong_official_product
Kaia Health,Kaia Health,digital_health_or_medical_device_software,数字肌骨/康复公司,round2_seed,,,,https://www.kaiahealth.com/,rehabilitation,seed_only
Kaia Health,Kaia Health,digital_health_or_medical_device_software,Digital-First Care for Musculoskeletal Pain | Kaia Health; Access pain relief in the palm of your hand with Kaia Health.,round2_company_site,,,,https://kaiahealth.com/,rehabilitation,strong_company_site
"Kalaco Scientific, Inc.","TRANSCRANIAL ELECTROTHERAPY STIMULATOR-A, MODEL TESA-1",digital_health_or_medical_device_software,FDA 510(k) K024377; 2003-07-21; product code QJQ,openfda_device_510k,K024377,2003-07-21,Substantially Equivalent,https://www.accessdata.fda.gov/scripts/cdrh/cfdocs/cfpmn/pmn.cfm?id=K024377,,strong_official_product
"Katecho, Inc.",K-DISPERSE,digital_health_or_medical_device_software,FDA 510(k) K921679; 1992-10-06; product code GZJ,openfda_device_510k,K921679,1992-10-06,Substantially Equivalent,https://www.accessdata.fda.gov/scripts/cdrh/cfdocs/cfpmn/pmn.cfm?id=K921679,,strong_official_product
"Kci USA, Inc.",PREVENA RESTOR(TM) Incision Management System,digital_health_or_medical_device_software,FDA 510(k) K181507; 2019-02-15; product code OMP,openfda_device_510k,K181507,2019-02-15,Substantially Equivalent,https://www.accessdata.fda.gov/scripts/cdrh/cfdocs/cfpmn/pmn.cfm?id=K181507,,strong_official_product
"Kenwell International , Ltd.",LATEX PATIENT EXAMINATION GLOVES,digital_health_or_medical_device_software,FDA 510(k) K900811; 1990-03-09; product code LYY,openfda_device_510k,K900811,1990-03-09,Substantially Equivalent,https://www.accessdata.fda.gov/scripts/cdrh/cfdocs/cfpmn/pmn.cfm?id=K900811,,strong_official_product
Kimberly-Clark Corp.,KIMBERLY-CLARK STERLING NITRILE POWDER-FREE EXAM GLOVE (STERILE),digital_health_or_medical_device_software,FDA 510(k) K081027; 2008-06-30; product code LZA,openfda_device_510k,K081027,2008-06-30,Substantially Equivalent,https://www.accessdata.fda.gov/scripts/cdrh/cfdocs/cfpmn/pmn.cfm?id=K081027,,strong_official_product
"Kinetic Rehabilitation Instruments, Inc.",HELPING HAND,digital_health_or_medical_device_software,FDA 510(k) K954427; 1996-09-16; product code ITI,openfda_device_510k,K954427,1996-09-16,Substantially Equivalent,https://www.accessdata.fda.gov/scripts/cdrh/cfdocs/cfpmn/pmn.cfm?id=K954427,,strong_official_product
Kjaerulff Rehabilitation A/S,COMBI SELF PROPELLED SHOWER COMMODE,digital_health_or_medical_device_software,FDA 510(k) K040677; 2004-05-20; product code IOR,openfda_device_510k,K040677,2004-05-20,Substantially Equivalent,https://www.accessdata.fda.gov/scripts/cdrh/cfdocs/cfpmn/pmn.cfm?id=K040677,,strong_official_product
"Knowell Therapeutic Technologies,Inc.",POLYURETHANE SOLUTION 29% W/W,digital_health_or_medical_device_software,FDA 510(k) K944934; 1994-12-09; product code LBH,openfda_device_510k,K944934,1994-12-09,Substantially Equivalent,https://www.accessdata.fda.gov/scripts/cdrh/cfdocs/cfpmn/pmn.cfm?id=K944934,,strong_official_product
"Kone Instruments, Inc.",CENTRAL STATION 590,digital_health_or_medical_device_software,FDA 510(k) K830432; 1983-03-24; product code DRT,openfda_device_510k,K830432,1983-03-24,Substantially Equivalent,https://www.accessdata.fda.gov/scripts/cdrh/cfdocs/cfpmn/pmn.cfm?id=K830432,,strong_official_product
"Konica Minolta Medical & Graphic, Inc.","DIRECT DIGITIZER, REGIUS MODEL 190",digital_health_or_medical_device_software,FDA 510(k) K042386; 2004-12-15; product code MQB,openfda_device_510k,K042386,2004-12-15,Substantially Equivalent,https://www.accessdata.fda.gov/scripts/cdrh/cfdocs/cfpmn/pmn.cfm?id=K042386,,strong_official_product
Kronner Medical,BLOOD GAS SAFETY SYRINGE,digital_health_or_medical_device_software,FDA 510(k) K895171; 1989-11-07; product code CBT,openfda_device_510k,K895171,1989-11-07,Substantially Equivalent,https://www.accessdata.fda.gov/scripts/cdrh/cfdocs/cfpmn/pmn.cfm?id=K895171,,strong_official_product
Kry/Livi,Livi,digital_health_or_medical_device_software,欧洲在线问诊平台,round2_seed,,,,https://www.livi.co.uk/,internet_healthcare; online_consultation,seed_only
Kry/Livi,Livi,digital_health_or_medical_device_software,Livi | Building better healthcare for everyone; Livi is Europe’s leading digital healthcare provider. We combine digital technology with clinical expertise to help NHS services and health insurers solve the biggest challenges in healthcare.,round2_company_site,,,,https://www.livi.co.uk/,internet_healthcare,strong_company_site
"Kub Technologies, Inc.",DIGIVIEW 250,digital_health_or_medical_device_software,FDA 510(k) K103348; 2011-10-20; product code MQB,openfda_device_510k,K103348,2011-10-20,Substantially Equivalent,https://www.accessdata.fda.gov/scripts/cdrh/cfdocs/cfpmn/pmn.cfm?id=K103348,,strong_official_product
"Kung-Ho International, Inc.",HEALTH-UP,digital_health_or_medical_device_software,FDA 510(k) K840040; 1984-02-10; product code GZJ,openfda_device_510k,K840040,1984-02-10,Substantially Equivalent,https://www.accessdata.fda.gov/scripts/cdrh/cfdocs/cfpmn/pmn.cfm?id=K840040,,strong_official_product
"Lake Medical Products, Inc.",CORD-ASSURE UMBILICAL BLOOD GAS KIT,digital_health_or_medical_device_software,FDA 510(k) K872244; 1987-07-21; product code CBT,openfda_device_510k,K872244,1987-07-21,Substantially Equivalent,https://www.accessdata.fda.gov/scripts/cdrh/cfdocs/cfpmn/pmn.cfm?id=K872244,,strong_official_product
Lakeview Sleep Center,NASAL COMFORT FREEDOM,digital_health_or_medical_device_software,FDA 510(k) K130686; 2013-10-16; product code BZD,openfda_device_510k,K130686,2013-10-16,Substantially Equivalent,https://www.accessdata.fda.gov/scripts/cdrh/cfdocs/cfpmn/pmn.cfm?id=K130686,,strong_official_product
Laralab GmbH,LARALAB,digital_health_or_medical_device_software,FDA 510(k) K242500; 2025-04-16; product code QIH,openfda_device_510k,K242500,2025-04-16,Substantially Equivalent,https://www.accessdata.fda.gov/scripts/cdrh/cfdocs/cfpmn/pmn.cfm?id=K242500,,strong_official_product
"Largan Medical Co., Ltd.","Largan 55 (methafilcon A) Daily Wear Soft (hydrophilic) Contact Lens, Largan 55 (methafilcon A) Daily Wear Soft (hydrophilic) Contact Lensfor ASTIGMATISM, Largan 55 (methafilcon A) Daily Wear Soft (hydrophilic) Contact Lens for PRESBYOPIA",digital_health_or_medical_device_software,FDA 510(k) K181230; 2018-06-25; product code LPL,openfda_device_510k,K181230,2018-06-25,Substantially Equivalent,https://www.accessdata.fda.gov/scripts/cdrh/cfdocs/cfpmn/pmn.cfm?id=K181230,,strong_official_product
Lark Health,Lark Health,digital_health_or_medical_device_software,AI 慢病管理公司,round2_seed,,,,https://www.lark.com/,chronic_disease_management,seed_only
Lark Health,Lark Health,digital_health_or_medical_device_software,Lark Health: Digital Coaching for Diabetes & Weight,round2_company_site,,,,https://www.lark.com/,chronic_disease_management,strong_company_site
"Lawrence Medical Systems, Inc.",LAWRENCE L3000 CARDIAC OUTPUT MONITOR,remote_patient_monitoring,FDA 510(k) K874885; 1988-02-05; product code DPW,openfda_device_510k,K874885,1988-02-05,Substantially Equivalent,https://www.accessdata.fda.gov/scripts/cdrh/cfdocs/cfpmn/pmn.cfm?id=K874885,remote_patient_monitoring,strong_official_product
"Life Balance Intl., Inc.",LB-2000 CRANIAL ELECTROTHERAPY STIMULATOR,digital_health_or_medical_device_software,FDA 510(k) K910616; 1992-05-12; product code QJQ,openfda_device_510k,K910616,1992-05-12,Substantially Equivalent,https://www.accessdata.fda.gov/scripts/cdrh/cfdocs/cfpmn/pmn.cfm?id=K910616,,strong_official_product
"Lifescan, Inc.",IN TOUCH DIABETES MANAGEMENT SOFTWARE,samd_or_medical_software,FDA 510(k) K984527; 1999-04-29; product code CGA,openfda_device_510k,K984527,1999-04-29,Substantially Equivalent,https://www.accessdata.fda.gov/scripts/cdrh/cfdocs/cfpmn/pmn.cfm?id=K984527,samd; chronic_disease_management,strong_official_product
"Lifescan, Inc.",ONE TOUCH PROFILE COMPLETE DIABETES TRACKING SYSTEM,digital_health_or_medical_device_software,FDA 510(k) K950727; 1995-06-01; product code CGA,openfda_device_510k,K950727,1995-06-01,Substantially Equivalent,https://www.accessdata.fda.gov/scripts/cdrh/cfdocs/cfpmn/pmn.cfm?id=K950727,chronic_disease_management,strong_official_product
"Lifescan, Inc.",ONETOUCH REVEAL DIABETES MANAGEMENT APPLICATION,samd_or_medical_software,FDA 510(k) K120558; 2013-02-07; product code NBW,openfda_device_510k,K120558,2013-02-07,Substantially Equivalent,https://www.accessdata.fda.gov/scripts/cdrh/cfdocs/cfpmn/pmn.cfm?id=K120558,samd; chronic_disease_management,strong_official_product
"Lifescan, Inc.",ONETOUCH ZOOM DIABETES MANAGEMENT PROGRAM,digital_health_or_medical_device_software,FDA 510(k) K081318; 2008-06-09; product code NBW,openfda_device_510k,K081318,2008-06-09,Substantially Equivalent,https://www.accessdata.fda.gov/scripts/cdrh/cfdocs/cfpmn/pmn.cfm?id=K081318,chronic_disease_management,strong_official_product
Ligence Uab,Ligence Heart,digital_health_or_medical_device_software,FDA 510(k) K253535; 2026-02-27; product code QIH,openfda_device_510k,K253535,2026-02-27,Substantially Equivalent,https://www.accessdata.fda.gov/scripts/cdrh/cfdocs/cfpmn/pmn.cfm?id=K253535,,strong_official_product
Livongo,Livongo chronic care,remote_patient_monitoring,知名慢病管理/远程监测公司，后并入 Teladoc Health,round2_seed,,,,https://www.teladochealth.com/livongo,remote_patient_monitoring; chronic_disease_management,seed_only
Livongo,Livongo chronic care,remote_patient_monitoring,Online Chronic Care Management | Livongo by Teladoc Health; Discover expert-led care for managing your health conditions from Livongo by Teladoc Health,round2_company_site,,,,https://www.teladochealth.com/livongo,remote_patient_monitoring; chronic_disease_management,strong_company_site
"Loredan Biomedical, Inc.",LIDO V-TAK,digital_health_or_medical_device_software,FDA 510(k) K924512; 1993-05-12; product code LXJ,openfda_device_510k,K924512,1993-05-12,Substantially Equivalent,https://www.accessdata.fda.gov/scripts/cdrh/cfdocs/cfpmn/pmn.cfm?id=K924512,,strong_official_product
"Luminopia, Inc.",Luminopia,digital_health_or_medical_device_software,FDA 510(k) K233720; 2024-08-08; product code QQU,openfda_device_510k,K233720,2024-08-08,Substantially Equivalent,https://www.accessdata.fda.gov/scripts/cdrh/cfdocs/cfpmn/pmn.cfm?id=K233720,,strong_official_product
"Lunit, Inc.",Lunit INSIGHT CXR Triage,digital_health_or_medical_device_software,FDA 510(k) K211733; 2021-11-10; product code QFM,openfda_device_510k,K211733,2021-11-10,Substantially Equivalent,https://www.accessdata.fda.gov/scripts/cdrh/cfdocs/cfpmn/pmn.cfm?id=K211733,,strong_official_product
M-Pact Worldwide Management Corp.,"IVALON PVA SURGICAL SPEAR, IVALON EYE DRAIN, 80CC, IVALON EYE DRAIN, 400CC, IVALON EYE WICK",digital_health_or_medical_device_software,FDA 510(k) K971832; 1997-07-31; product code HOZ,openfda_device_510k,K971832,1997-07-31,Substantially Equivalent,https://www.accessdata.fda.gov/scripts/cdrh/cfdocs/cfpmn/pmn.cfm?id=K971832,,strong_official_product
"M2 Group Holdings, Inc.",PEARL DIABETES MANAGEMENT SYSTEM,digital_health_or_medical_device_software,FDA 510(k) K100567; 2011-05-10; product code LZG,openfda_device_510k,K100567,2011-05-10,Substantially Equivalent,https://www.accessdata.fda.gov/scripts/cdrh/cfdocs/cfpmn/pmn.cfm?id=K100567,chronic_disease_management,strong_official_product
"Macneil Baby Care , Ltd.",SINGLE HANDED BREAST PUMP,digital_health_or_medical_device_software,FDA 510(k) K941112; 1995-01-30; product code HGX,openfda_device_510k,K941112,1995-01-30,Substantially Equivalent,https://www.accessdata.fda.gov/scripts/cdrh/cfdocs/cfpmn/pmn.cfm?id=K941112,,strong_official_product
"Macon & Co., Inc.",FETAL MONITORING TRANSDUCER STRAP,remote_patient_monitoring,FDA 510(k) K902802; 1990-09-04; product code HGM,openfda_device_510k,K902802,1990-09-04,Substantially Equivalent,https://www.accessdata.fda.gov/scripts/cdrh/cfdocs/cfpmn/pmn.cfm?id=K902802,remote_patient_monitoring,strong_official_product
"Magnetic Research, Inc.",TELERAD STAT,digital_health_or_medical_device_software,FDA 510(k) K931795; 1993-11-19; product code LMD,openfda_device_510k,K931795,1993-11-19,Substantially Equivalent,https://www.accessdata.fda.gov/scripts/cdrh/cfdocs/cfpmn/pmn.cfm?id=K931795,,strong_official_product
"Mahana Therapeutics, Inc.",Mahana Parallel Digital Cognitive Behavioral Therapy (CBT) Mobile Application for Irritable Bowel Syndrome (IBS),samd_or_medical_software,FDA 510(k) K211372; 2021-06-02; product code QMY,openfda_device_510k,K211372,2021-06-02,Substantially Equivalent,https://www.accessdata.fda.gov/scripts/cdrh/cfdocs/cfpmn/pmn.cfm?id=K211372,samd; mental_health,strong_official_product
Mallinckrodt Critical Care,CHOLESTEROL REAGENT,digital_health_or_medical_device_software,FDA 510(k) K771313; 1977-08-03; product code CGO,openfda_device_510k,K771313,1977-08-03,Substantially Equivalent,https://www.accessdata.fda.gov/scripts/cdrh/cfdocs/cfpmn/pmn.cfm?id=K771313,,strong_official_product
Mallinckrodt Critical Care,RIA QUANT C-PEPTIDE KIT,digital_health_or_medical_device_software,FDA 510(k) K812689; 1981-10-06; product code JKD,openfda_device_510k,K812689,1981-10-06,Substantially Equivalent,https://www.accessdata.fda.gov/scripts/cdrh/cfdocs/cfpmn/pmn.cfm?id=K812689,,strong_official_product
"Marquest Medical Products, Inc.",ASPIRATOR,digital_health_or_medical_device_software,FDA 510(k) K830312; 1983-05-25; product code CBT,openfda_device_510k,K830312,1983-05-25,Substantially Equivalent,https://www.accessdata.fda.gov/scripts/cdrh/cfdocs/cfpmn/pmn.cfm?id=K830312,,strong_official_product
"Marquest Medical Products, Inc.",AUTOSTIK,digital_health_or_medical_device_software,FDA 510(k) K820875; 1982-05-07; product code CBT,openfda_device_510k,K820875,1982-05-07,Substantially Equivalent,https://www.accessdata.fda.gov/scripts/cdrh/cfdocs/cfpmn/pmn.cfm?id=K820875,,strong_official_product
"Marquest Medical Products, Inc.",GAS-LYTE 1CC AND 3CC ARTERIAL BLOOD SAMPLERS,digital_health_or_medical_device_software,FDA 510(k) K902632; 1990-09-04; product code CBT,openfda_device_510k,K902632,1990-09-04,Substantially Equivalent,https://www.accessdata.fda.gov/scripts/cdrh/cfdocs/cfpmn/pmn.cfm?id=K902632,,strong_official_product
"Marquest Medical Products, Inc.",MARQUEST MICRO STIK 9000 SERIES,digital_health_or_medical_device_software,FDA 510(k) K842008; 1984-05-25; product code CBT,openfda_device_510k,K842008,1984-05-25,Substantially Equivalent,https://www.accessdata.fda.gov/scripts/cdrh/cfdocs/cfpmn/pmn.cfm?id=K842008,,strong_official_product
"Marquest Medical Products, Inc.",OMNISTICK,digital_health_or_medical_device_software,FDA 510(k) K830310; 1983-05-25; product code CBT,openfda_device_510k,K830310,1983-05-25,Substantially Equivalent,https://www.accessdata.fda.gov/scripts/cdrh/cfdocs/cfpmn/pmn.cfm?id=K830310,,strong_official_product
"Marquest Medical Products, Inc.","OMNISTIK, MQ 501GS",digital_health_or_medical_device_software,FDA 510(k) K800860; 1980-04-29; product code CBT,openfda_device_510k,K800860,1980-04-29,Substantially Equivalent,https://www.accessdata.fda.gov/scripts/cdrh/cfdocs/cfpmn/pmn.cfm?id=K800860,,strong_official_product
"Marquette Electronics, Inc.",EAGLE 4000 PATIENT MONITOR,digital_health_or_medical_device_software,FDA 510(k) K964750; 1997-02-21; product code LOS,openfda_device_510k,K964750,1997-02-21,Substantially Equivalent,https://www.accessdata.fda.gov/scripts/cdrh/cfdocs/cfpmn/pmn.cfm?id=K964750,,strong_official_product
"Martech Medical Products, Inc.",NEOLINE(TM),digital_health_or_medical_device_software,FDA 510(k) K914778; 1992-09-16; product code CBT,openfda_device_510k,K914778,1992-09-16,Unknown,https://www.accessdata.fda.gov/scripts/cdrh/cfdocs/cfpmn/pmn.cfm?id=K914778,,strong_official_product
"Martell Medical Products, Inc.",MDM ARTERIAL BLOOD GAS KIT,digital_health_or_medical_device_software,FDA 510(k) K822786; 1982-10-21; product code CBT,openfda_device_510k,K822786,1982-10-21,Substantially Equivalent,https://www.accessdata.fda.gov/scripts/cdrh/cfdocs/cfpmn/pmn.cfm?id=K822786,,strong_official_product
"Martell Medical Products, Inc.",PISTON SYRINGE,digital_health_or_medical_device_software,FDA 510(k) K944941; 1994-12-05; product code CBT,openfda_device_510k,K944941,1994-12-05,Substantially Equivalent,https://www.accessdata.fda.gov/scripts/cdrh/cfdocs/cfpmn/pmn.cfm?id=K944941,,strong_official_product
"Medaica, Inc.",Medaica M1 Telehealth Stethoscope,digital_health_or_medical_device_software,FDA 510(k) K223166; 2023-01-19; product code DQD,openfda_device_510k,K223166,2023-01-19,Substantially Equivalent,https://www.accessdata.fda.gov/scripts/cdrh/cfdocs/cfpmn/pmn.cfm?id=K223166,internet_healthcare,strong_official_product
"Medi-Man Rehabilitation Products, Inc.",MEDI-MAN WATER POWERED BATH LIFT & HYDRAULIC LIFT,digital_health_or_medical_device_software,FDA 510(k) K844976; 1985-04-01; product code FSA,openfda_device_510k,K844976,1985-04-01,Substantially Equivalent,https://www.accessdata.fda.gov/scripts/cdrh/cfdocs/cfpmn/pmn.cfm?id=K844976,,strong_official_product
Medicaa (Uruguay) S.A.,BALANCE REHABILITATION UNIT (BRU),digital_health_or_medical_device_software,FDA 510(k) K070085; 2007-02-26; product code LXV,openfda_device_510k,K070085,2007-02-26,Substantially Equivalent,https://www.accessdata.fda.gov/scripts/cdrh/cfdocs/cfpmn/pmn.cfm?id=K070085,rehabilitation,strong_official_product
"Medical Analysis Systems, Inc.",MAS DIABETES CONTROL - LYOPHILIZED ASSAYED DIABETES CONTROL,digital_health_or_medical_device_software,FDA 510(k) K023307; 2002-10-31; product code JJX,openfda_device_510k,K023307,2002-10-31,Substantially Equivalent,https://www.accessdata.fda.gov/scripts/cdrh/cfdocs/cfpmn/pmn.cfm?id=K023307,chronic_disease_management,strong_official_product
"Medical Analysis Systems, Inc.","MAS, DADE AND LIQUID ASSAYED DIABETES CONTROL",digital_health_or_medical_device_software,FDA 510(k) K042717; 2004-11-05; product code JJX,openfda_device_510k,K042717,2004-11-05,Substantially Equivalent,https://www.accessdata.fda.gov/scripts/cdrh/cfdocs/cfpmn/pmn.cfm?id=K042717,chronic_disease_management,strong_official_product
"Medical Compression Systems (Dbn) , Ltd.",ACTIVECARE SFT,digital_health_or_medical_device_software,FDA 510(k) K110159; 2011-05-12; product code JOW,openfda_device_510k,K110159,2011-05-12,Substantially Equivalent,https://www.accessdata.fda.gov/scripts/cdrh/cfdocs/cfpmn/pmn.cfm?id=K110159,,strong_official_product
"Medical Consultants Intl. , Ltd.",LISS CRANIAL STIMULATOR MODEL SBL201-M,digital_health_or_medical_device_software,FDA 510(k) K894515; 1990-05-03; product code QJQ,openfda_device_510k,K894515,1990-05-03,Substantially Equivalent,https://www.accessdata.fda.gov/scripts/cdrh/cfdocs/cfpmn/pmn.cfm?id=K894515,,strong_official_product
"Medical Consultants Intl. , Ltd.",LISS CRANIAL STIMULATOR MODEL SBL202-B,digital_health_or_medical_device_software,FDA 510(k) K903654; 1990-10-04; product code QJQ,openfda_device_510k,K903654,1990-10-04,Substantially Equivalent,https://www.accessdata.fda.gov/scripts/cdrh/cfdocs/cfpmn/pmn.cfm?id=K903654,,strong_official_product
"Medical Device Technologies, Inc.","MEICAL DEVICE TECHNOLOGIES, INC. TRU-CORE DISPOSABLE AUTOMATIC BIOPSY INSTRUMENT",digital_health_or_medical_device_software,FDA 510(k) K982960; 1998-09-23; product code KNW,openfda_device_510k,K982960,1998-09-23,Substantially Equivalent,https://www.accessdata.fda.gov/scripts/cdrh/cfdocs/cfpmn/pmn.cfm?id=K982960,,strong_official_product
"Medical Industries America, Inc.",3050 SPORT-NEB,digital_health_or_medical_device_software,FDA 510(k) K964078; 1997-01-10; product code CAF,openfda_device_510k,K964078,1997-01-10,Substantially Equivalent,https://www.accessdata.fda.gov/scripts/cdrh/cfdocs/cfpmn/pmn.cfm?id=K964078,,strong_official_product
"Medical, Inc.",INTERFACE TRANSFUSION BLOOD FILTER #30,digital_health_or_medical_device_software,FDA 510(k) K823261; 1983-01-07; product code CAK,openfda_device_510k,K823261,1983-01-07,Substantially Equivalent,https://www.accessdata.fda.gov/scripts/cdrh/cfdocs/cfpmn/pmn.cfm?id=K823261,,strong_official_product
"Medline Industries, Inc.",EUDERMIC MP LATEX EXAMINATION GLOVE-BLUE (TESTED FOR USE WITH CHEMOTHERAPY DRUGS) W/ A PROTEIN CONTENT LABEL CLAIM,digital_health_or_medical_device_software,FDA 510(k) K103602; 2011-04-21; product code LYY,openfda_device_510k,K103602,2011-04-21,Substantially Equivalent,https://www.accessdata.fda.gov/scripts/cdrh/cfdocs/cfpmn/pmn.cfm?id=K103602,,strong_official_product
MedRhythms,MR-001,digital_therapeutics_or_dtx,神经康复数字疗法公司,round2_seed,,,,https://www.medrhythms.com/,digital_therapeutics; rehabilitation,seed_only
MedRhythms,MR-001,digital_health_or_medical_device_software,Next-Generation Neurotherapeutics to Support Walking | MedRhythms; MedRhythms develops next-generation neurotherapeutics and medical devices that deliver rhythmic auditory stimulation (RAS) to support walking,round2_company_site,,,,https://medrhythms.com/,rehabilitation,strong_company_site
Medtronic Minimed,MiniMed Go App,samd_or_medical_software,FDA 510(k) K253512; 2026-01-08; product code NDC,openfda_device_510k,K253512,2026-01-08,Substantially Equivalent,https://www.accessdata.fda.gov/scripts/cdrh/cfdocs/cfpmn/pmn.cfm?id=K253512,samd,strong_official_product
"Medtronic Navigation, Inc. (Littleton)",O-ARM IMAGING SYSTEM,digital_health_or_medical_device_software,FDA 510(k) K092564; 2010-06-17; product code OXO,openfda_device_510k,K092564,2010-06-17,Substantially Equivalent,https://www.accessdata.fda.gov/scripts/cdrh/cfdocs/cfpmn/pmn.cfm?id=K092564,,strong_official_product
Medtronic Vascular,DUALSCREEN,digital_health_or_medical_device_software,FDA 510(k) K955291; 1996-05-17; product code GZB,openfda_device_510k,K955291,1996-05-17,Substantially Equivalent,https://www.accessdata.fda.gov/scripts/cdrh/cfdocs/cfpmn/pmn.cfm?id=K955291,,strong_official_product
"Medtronic, Inc.",AVIVO Mobile Patient Management (MPM) System,digital_health_or_medical_device_software,FDA 510(k) K153160; 2016-03-30; product code MHX,openfda_device_510k,K153160,2016-03-30,Substantially Equivalent,https://www.accessdata.fda.gov/scripts/cdrh/cfdocs/cfpmn/pmn.cfm?id=K153160,health_management_platform; patient_engagement,strong_official_product
"Menlo Care, Inc.",MODIFIED LANDMARK VENOUS ACCESS DEVICE,digital_health_or_medical_device_software,FDA 510(k) K884259; 1988-11-01; product code FOZ,openfda_device_510k,K884259,1988-11-01,Substantially Equivalent,https://www.accessdata.fda.gov/scripts/cdrh/cfdocs/cfpmn/pmn.cfm?id=K884259,,strong_official_product
"Menlo Care, Inc.",VERSACATH(TM) MULTILUMEN SYSTEM,digital_health_or_medical_device_software,FDA 510(k) K910566; 1991-06-03; product code FOZ,openfda_device_510k,K910566,1991-06-03,Unknown,https://www.accessdata.fda.gov/scripts/cdrh/cfdocs/cfpmn/pmn.cfm?id=K910566,,strong_official_product
"Merit Medical Systems, Inc.","MERIT MANIFOLD WITH INTEGRATED TRANSDUCER, MODEL 203LTCHN-R; 503LTCHN-R; 203LTPHN-R,203LTCHWN-R; 503LTCHWN-R; 203L",digital_health_or_medical_device_software,FDA 510(k) K100319; 2010-04-28; product code DTL,openfda_device_510k,K100319,2010-04-28,Substantially Equivalent,https://www.accessdata.fda.gov/scripts/cdrh/cfdocs/cfpmn/pmn.cfm?id=K100319,,strong_official_product
Mermaid Care A/S,BEACON Caresystem Model 00002144,digital_health_or_medical_device_software,FDA 510(k) K192584; 2019-12-18; product code BZK,openfda_device_510k,K192584,2019-12-18,Substantially Equivalent,https://www.accessdata.fda.gov/scripts/cdrh/cfdocs/cfpmn/pmn.cfm?id=K192584,,strong_official_product
Metamorphosis GmbH,AIAS Cephalon,digital_health_or_medical_device_software,FDA 510(k) K252214; 2025-10-07; product code QIH,openfda_device_510k,K252214,2025-10-07,Substantially Equivalent,https://www.accessdata.fda.gov/scripts/cdrh/cfdocs/cfpmn/pmn.cfm?id=K252214,,strong_official_product
"Mexpo Intl., Inc.",BLOSSOM  POWDERED LATEX EXAMINATION GLOVES,digital_health_or_medical_device_software,FDA 510(k) K984040; 1999-01-13; product code LYY,openfda_device_510k,K984040,1999-01-13,Substantially Equivalent,https://www.accessdata.fda.gov/scripts/cdrh/cfdocs/cfpmn/pmn.cfm?id=K984040,,strong_official_product
"Michigan Critical Care Consultants, Inc. (D.B.A Mc3 Inc.)",VitalFlow Console,digital_health_or_medical_device_software,FDA 510(k) K230364; 2023-08-25; product code QNR,openfda_device_510k,K230364,2023-08-25,Substantially Equivalent,https://www.accessdata.fda.gov/scripts/cdrh/cfdocs/cfpmn/pmn.cfm?id=K230364,,strong_official_product
"Michigan Instruments, Inc.",CARDIOPULMONARY RESUSCITATOR,digital_health_or_medical_device_software,FDA 510(k) K833879; 1983-12-27; product code DRM,openfda_device_510k,K833879,1983-12-27,Substantially Equivalent,https://www.accessdata.fda.gov/scripts/cdrh/cfdocs/cfpmn/pmn.cfm?id=K833879,,strong_official_product
"Mick Radio-Nuclear Instruments, Inc.",GAMMA MED II,digital_health_or_medical_device_software,FDA 510(k) K781274; 1978-08-10; product code JAQ,openfda_device_510k,K781274,1978-08-10,Substantially Equivalent,https://www.accessdata.fda.gov/scripts/cdrh/cfdocs/cfpmn/pmn.cfm?id=K781274,,strong_official_product
Microlife Intellectual Property GmbH,Microlife Upper Arm Automatic Digital Blood Pressure Monitor,remote_patient_monitoring,FDA 510(k) K171937; 2018-03-16; product code DXN,openfda_device_510k,K171937,2018-03-16,Substantially Equivalent,https://www.accessdata.fda.gov/scripts/cdrh/cfdocs/cfpmn/pmn.cfm?id=K171937,remote_patient_monitoring,strong_official_product
Micron Medical Corporation,"Stimulator, Stimulator Kit, External Transmitter, External Transmitter Kit",digital_health_or_medical_device_software,FDA 510(k) K200848; 2020-08-14; product code GZF,openfda_device_510k,K200848,2020-08-14,Substantially Equivalent,https://www.accessdata.fda.gov/scripts/cdrh/cfdocs/cfpmn/pmn.cfm?id=K200848,,strong_official_product
"Microtek Medical, Inc.",MICROTEK MEDICAL SURGICAL GOWN/TOGA,digital_health_or_medical_device_software,FDA 510(k) K062899; 2007-01-25; product code FYA,openfda_device_510k,K062899,2007-01-25,Substantially Equivalent,https://www.accessdata.fda.gov/scripts/cdrh/cfdocs/cfpmn/pmn.cfm?id=K062899,,strong_official_product
"Midwest Analog & Digital, Inc.",ARRHYTHMIA PROGRAM MODULE,digital_health_or_medical_device_software,FDA 510(k) K780432; 1978-05-26; product code DSI,openfda_device_510k,K780432,1978-05-26,Substantially Equivalent,https://www.accessdata.fda.gov/scripts/cdrh/cfdocs/cfpmn/pmn.cfm?id=K780432,,strong_official_product
"Migada, Ltd.",LAB-SITE SAFETY NEEDLE,digital_health_or_medical_device_software,FDA 510(k) K902881; 1990-09-26; product code CBT,openfda_device_510k,K902881,1990-09-26,Substantially Equivalent,https://www.accessdata.fda.gov/scripts/cdrh/cfdocs/cfpmn/pmn.cfm?id=K902881,,strong_official_product
MindMaze,MindMaze neurorehabilitation platform,digital_therapeutics_or_dtx,瑞士神经康复数字健康公司,round2_seed,,,,https://www.mindmaze.com/,digital_therapeutics; rehabilitation,seed_only
MindMaze,MindMaze neurorehabilitation platform,digital_therapeutics_or_dtx,"Home - MindMaze Therapeutics; We are leaders in the development of innovative neurotherapeutic combinations, encompassing behavior, software, devices, and data",round2_company_site,,,,https://mindmazetherapeutics.com/,digital_therapeutics; samd; rehabilitation,strong_company_site
Mindmaze SA,MindMotion(TM) GO,digital_health_or_medical_device_software,FDA 510(k) K173931; 2018-05-17; product code LXJ,openfda_device_510k,K173931,2018-05-17,Substantially Equivalent,https://www.accessdata.fda.gov/scripts/cdrh/cfdocs/cfpmn/pmn.cfm?id=K173931,,strong_official_product
Mindmaze SA,MindMotionPRO,digital_health_or_medical_device_software,FDA 510(k) K162748; 2017-04-24; product code LXJ,openfda_device_510k,K162748,2017-04-24,Substantially Equivalent,https://www.accessdata.fda.gov/scripts/cdrh/cfdocs/cfpmn/pmn.cfm?id=K162748,,strong_official_product
"Minxray, Inc.",CMDR 2CW (Multiple models),digital_health_or_medical_device_software,FDA 510(k) K191451; 2019-07-03; product code IZL,openfda_device_510k,K191451,2019-07-03,Substantially Equivalent,https://www.accessdata.fda.gov/scripts/cdrh/cfdocs/cfpmn/pmn.cfm?id=K191451,,strong_official_product
"Minxray, Inc.",MINXRAY MODEL CMDR-2S,digital_health_or_medical_device_software,FDA 510(k) K100449; 2010-04-23; product code IZL,openfda_device_510k,K100449,2010-04-23,Substantially Equivalent,https://www.accessdata.fda.gov/scripts/cdrh/cfdocs/cfpmn/pmn.cfm?id=K100449,,strong_official_product
Mistogen Equipment Co.,"HUMIDIFIER, ELECTRONIC (EH147)",digital_health_or_medical_device_software,FDA 510(k) K760341; 1976-08-11; product code KFZ,openfda_device_510k,K760341,1976-08-11,Substantially Equivalent,https://www.accessdata.fda.gov/scripts/cdrh/cfdocs/cfpmn/pmn.cfm?id=K760341,,strong_official_product
"Modern Rehabilitation Solutions Co., Ltd.","18 STANDARD WHEELCHAIR, MODEL MS005-4, 18 RECLINING WHEELCHAIR , MODEL MS008-1, 14 PEDIATRIC WHEELCHAIR",digital_health_or_medical_device_software,FDA 510(k) K094047; 2010-03-22; product code IOR,openfda_device_510k,K094047,2010-03-22,Substantially Equivalent,https://www.accessdata.fda.gov/scripts/cdrh/cfdocs/cfpmn/pmn.cfm?id=K094047,,strong_official_product
Monad Corp.,MENS-O-MATIC 2000,digital_health_or_medical_device_software,FDA 510(k) K904235; 1991-05-13; product code GZJ,openfda_device_510k,K904235,1991-05-13,Substantially Equivalent,https://www.accessdata.fda.gov/scripts/cdrh/cfdocs/cfpmn/pmn.cfm?id=K904235,,strong_official_product
Monarch Medical Technologies,ENDO TOOL GLUCOSE MANAGEMENT SYSTEM (EGMS),digital_health_or_medical_device_software,FDA 510(k) K132547; 2014-04-17; product code NDC,openfda_device_510k,K132547,2014-04-17,Substantially Equivalent,https://www.accessdata.fda.gov/scripts/cdrh/cfdocs/cfpmn/pmn.cfm?id=K132547,,strong_official_product
"Monarch Medical Technologies, LLC",EndoTool SubQ 2.1,digital_health_or_medical_device_software,FDA 510(k) K211160; 2021-10-28; product code NDC,openfda_device_510k,K211160,2021-10-28,Substantially Equivalent,https://www.accessdata.fda.gov/scripts/cdrh/cfdocs/cfpmn/pmn.cfm?id=K211160,,strong_official_product
"Mortara Instrument, Inc.",MORTARA SURVEYOR PATIENT MONITOR,digital_health_or_medical_device_software,FDA 510(k) K123556; 2013-03-22; product code MHX,openfda_device_510k,K123556,2013-03-22,Substantially Equivalent,https://www.accessdata.fda.gov/scripts/cdrh/cfdocs/cfpmn/pmn.cfm?id=K123556,,strong_official_product
Motion Analysis Corp.,FOOTTRAK,digital_health_or_medical_device_software,FDA 510(k) K890075; 1989-02-03; product code LXJ,openfda_device_510k,K890075,1989-02-03,Substantially Equivalent,https://www.accessdata.fda.gov/scripts/cdrh/cfdocs/cfpmn/pmn.cfm?id=K890075,,strong_official_product
Motion Analysis Corp.,ORTHOTRAK,digital_health_or_medical_device_software,FDA 510(k) K890076; 1989-02-03; product code LXJ,openfda_device_510k,K890076,1989-02-03,Substantially Equivalent,https://www.accessdata.fda.gov/scripts/cdrh/cfdocs/cfpmn/pmn.cfm?id=K890076,,strong_official_product
"Murata Vios, Inc.",Vios Monitoring System(TM) Model 2050; Vios Central Station Monitor/Vios Central Server Software 2050,samd_or_medical_software,FDA 510(k) K241728; 2025-01-23; product code DXN,openfda_device_510k,K241728,2025-01-23,Substantially Equivalent,https://www.accessdata.fda.gov/scripts/cdrh/cfdocs/cfpmn/pmn.cfm?id=K241728,samd; remote_patient_monitoring,strong_official_product
"Mycare Team, Inc.",MCT-DIABETES,digital_health_or_medical_device_software,FDA 510(k) K073699; 2008-03-26; product code NBW,openfda_device_510k,K073699,2008-03-26,Substantially Equivalent,https://www.accessdata.fda.gov/scripts/cdrh/cfdocs/cfpmn/pmn.cfm?id=K073699,chronic_disease_management,strong_official_product
mySugr,mySugr,samd_or_medical_software,欧洲糖尿病管理 App,round2_seed,,,,https://www.mysugr.com/,samd; chronic_disease_management,seed_only
mySugr,mySugr,samd_or_medical_software,"Welcome to mySugr - simplifying life with diabetes | mySugr; The mySugr app stores all your diabetes data from devices, integrations, and manual entries in one place—simple, smart, and convenient.",round2_company_site,,,,https://www.mysugr.com/en,samd; chronic_disease_management,strong_company_site
Nakagawa Dental Clinic,SLEEP SPLINT,digital_health_or_medical_device_software,FDA 510(k) K060122; 2006-05-19; product code LRK,openfda_device_510k,K060122,2006-05-19,Substantially Equivalent,https://www.accessdata.fda.gov/scripts/cdrh/cfdocs/cfpmn/pmn.cfm?id=K060122,sleep_health,strong_official_product
"Nakanishi, Inc.",IPROPHY MOBILE,digital_health_or_medical_device_software,FDA 510(k) K131578; 2013-09-12; product code EKX,openfda_device_510k,K131578,2013-09-12,Substantially Equivalent,https://www.accessdata.fda.gov/scripts/cdrh/cfdocs/cfpmn/pmn.cfm?id=K131578,,strong_official_product
"Nanjing Perlove Medical Equipment Co., Ltd.",Diagnostic X-ray System/PLX5200A,digital_health_or_medical_device_software,FDA 510(k) K212134; 2021-08-25; product code IZL,openfda_device_510k,K212134,2021-08-25,Substantially Equivalent,https://www.accessdata.fda.gov/scripts/cdrh/cfdocs/cfpmn/pmn.cfm?id=K212134,,strong_official_product
"National Medical Care, Medical Products Div., Inc.","DEXTROLYTE II, SINGLE USE Y SET NO. 48-6360-1",digital_health_or_medical_device_software,FDA 510(k) K896600; 1990-03-22; product code KDJ,openfda_device_510k,K896600,1990-03-22,Substantially Equivalent,https://www.accessdata.fda.gov/scripts/cdrh/cfdocs/cfpmn/pmn.cfm?id=K896600,,strong_official_product
"National Medical Care, Medical Products Div., Inc.",TWO TANK DISSOLUTION MODULE,digital_health_or_medical_device_software,FDA 510(k) K893612; 1989-07-24; product code FKQ,openfda_device_510k,K893612,1989-07-24,Substantially Equivalent,https://www.accessdata.fda.gov/scripts/cdrh/cfdocs/cfpmn/pmn.cfm?id=K893612,,strong_official_product
Natural Cycles Nordic AB,Natural Cycles,digital_health_or_medical_device_software,FDA 510(k) K231274; 2023-08-24; product code PYT,openfda_device_510k,K231274,2023-08-24,Substantially Equivalent,https://www.accessdata.fda.gov/scripts/cdrh/cfdocs/cfpmn/pmn.cfm?id=K231274,,strong_official_product
"Nautilus Sports/Medical Industries, Inc.",NAUTILUS LEG EXTENSION TESTING & REHABILITATION,digital_health_or_medical_device_software,FDA 510(k) K861206; 1986-04-18; product code IKK,openfda_device_510k,K861206,1986-04-18,Substantially Equivalent,https://www.accessdata.fda.gov/scripts/cdrh/cfdocs/cfpmn/pmn.cfm?id=K861206,rehabilitation,strong_official_product
"Neteera Technologies , Ltd.",Neteera 130H-Plus Vital Sign Monitoring Sensor,remote_patient_monitoring,FDA 510(k) K231733; 2024-02-09; product code DRT,openfda_device_510k,K231733,2024-02-09,Substantially Equivalent,https://www.accessdata.fda.gov/scripts/cdrh/cfdocs/cfpmn/pmn.cfm?id=K231733,remote_patient_monitoring,strong_official_product
"Neuf, Inc.",NFLK-2501 Portable X-ray Unit,digital_health_or_medical_device_software,FDA 510(k) K211383; 2021-08-13; product code IZL,openfda_device_510k,K211383,2021-08-13,Substantially Equivalent,https://www.accessdata.fda.gov/scripts/cdrh/cfdocs/cfpmn/pmn.cfm?id=K211383,,strong_official_product
"Neuralace Medical, Inc.",Axon Therapy,digital_health_or_medical_device_software,FDA 510(k) K233364; 2024-01-10; product code QPL,openfda_device_510k,K233364,2024-01-10,Substantially Equivalent,https://www.accessdata.fda.gov/scripts/cdrh/cfdocs/cfpmn/pmn.cfm?id=K233364,,strong_official_product
"Neuro-Fitness, LLC",CES ULTRA,digital_health_or_medical_device_software,FDA 510(k) K062284; 2007-04-05; product code QJQ,openfda_device_510k,K062284,2007-04-05,Substantially Equivalent,https://www.accessdata.fda.gov/scripts/cdrh/cfdocs/cfpmn/pmn.cfm?id=K062284,,strong_official_product
"Neurofield, Inc.",Genesis Sleep,digital_health_or_medical_device_software,FDA 510(k) K252951; 2025-12-31; product code QJQ,openfda_device_510k,K252951,2025-12-31,Substantially Equivalent,https://www.accessdata.fda.gov/scripts/cdrh/cfdocs/cfpmn/pmn.cfm?id=K252951,sleep_health,strong_official_product
Neurofitness,NF-1 MINDPEACE,digital_health_or_medical_device_software,FDA 510(k) K895175; 1989-11-08; product code QJQ,openfda_device_510k,K895175,1989-11-08,Substantially Equivalent,https://www.accessdata.fda.gov/scripts/cdrh/cfdocs/cfpmn/pmn.cfm?id=K895175,,strong_official_product
"Neuromed, Inc.",NEUROMED OCTRODE MODEL MNR-88B/88C NEUROSTIM SYST,digital_health_or_medical_device_software,FDA 510(k) K905596; 1991-03-11; product code GZB,openfda_device_510k,K905596,1991-03-11,Substantially Equivalent,https://www.accessdata.fda.gov/scripts/cdrh/cfdocs/cfpmn/pmn.cfm?id=K905596,,strong_official_product
"Neurosigma, Inc.",Generation 2.0 Monarch external Trigeminal Nerve Stimulation (eTNS) System®,digital_health_or_medical_device_software,FDA 510(k) K233293; 2024-01-16; product code QGL,openfda_device_510k,K233293,2024-01-16,Substantially Equivalent,https://www.accessdata.fda.gov/scripts/cdrh/cfdocs/cfpmn/pmn.cfm?id=K233293,,strong_official_product
"Neurosigma, Inc.",Monarch eTNS System,digital_health_or_medical_device_software,FDA 510(k) DEN180041; 2019-04-19; product code QGL,openfda_device_510k,DEN180041,2019-04-19,Unknown,https://www.accessdata.fda.gov/scripts/cdrh/cfdocs/cfpmn/pmn.cfm?id=DEN180041,,strong_official_product
"Neurosoft , Ltd.",Neuro-IOM system with Neuro-IOM.NET software,samd_or_medical_software,FDA 510(k) K190703; 2021-05-22; product code GWF,openfda_device_510k,K190703,2021-05-22,Substantially Equivalent,https://www.accessdata.fda.gov/scripts/cdrh/cfdocs/cfpmn/pmn.cfm?id=K190703,samd,strong_official_product
"Neurotek, Inc.",NTI-1000,digital_health_or_medical_device_software,FDA 510(k) K894097; 1989-09-25; product code QJQ,openfda_device_510k,K894097,1989-09-25,Substantially Equivalent,https://www.accessdata.fda.gov/scripts/cdrh/cfdocs/cfpmn/pmn.cfm?id=K894097,,strong_official_product
"Neurotronics, Inc.",Polysmith Sleep System,digital_health_or_medical_device_software,FDA 510(k) K142774; 2015-02-18; product code OLV,openfda_device_510k,K142774,2015-02-18,Substantially Equivalent,https://www.accessdata.fda.gov/scripts/cdrh/cfdocs/cfpmn/pmn.cfm?id=K142774,sleep_health,strong_official_product
"Neurovalens , Ltd.",Modius Sleep,digital_health_or_medical_device_software,FDA 510(k) K230826; 2023-10-27; product code QJQ,openfda_device_510k,K230826,2023-10-27,Substantially Equivalent,https://www.accessdata.fda.gov/scripts/cdrh/cfdocs/cfpmn/pmn.cfm?id=K230826,sleep_health,strong_official_product
Neurovalens Limited,Modius Stress,digital_health_or_medical_device_software,FDA 510(k) K232253; 2024-03-27; product code QJQ,openfda_device_510k,K232253,2024-03-27,Substantially Equivalent,https://www.accessdata.fda.gov/scripts/cdrh/cfdocs/cfpmn/pmn.cfm?id=K232253,,strong_official_product
New Horizon Health Care,NH-2002,digital_health_or_medical_device_software,FDA 510(k) K932050; 1995-06-05; product code QJQ,openfda_device_510k,K932050,1995-06-05,Substantially Equivalent,https://www.accessdata.fda.gov/scripts/cdrh/cfdocs/cfpmn/pmn.cfm?id=K932050,,strong_official_product
"Nidek, Inc.",OPD-STATION SOFTWARE,samd_or_medical_software,FDA 510(k) K050336; 2005-08-24; product code NCF,openfda_device_510k,K050336,2005-08-24,Substantially Equivalent,https://www.accessdata.fda.gov/scripts/cdrh/cfdocs/cfpmn/pmn.cfm?id=K050336,samd,strong_official_product
"Nihon Kohden America, Inc.","AMBULATORY EEG/SLEEP RECORDER AND ACCESSORIES, MODEL # SSR3201",digital_health_or_medical_device_software,FDA 510(k) K983072; 1998-12-01; product code OLV,openfda_device_510k,K983072,1998-12-01,Substantially Equivalent,https://www.accessdata.fda.gov/scripts/cdrh/cfdocs/cfpmn/pmn.cfm?id=K983072,sleep_health,strong_official_product
"Nikomed U.S.A., Inc.",DISPOSABLE ECG MONITORING ELECTRODE,remote_patient_monitoring,FDA 510(k) K950473; 1995-12-12; product code DRX,openfda_device_510k,K950473,1995-12-12,Substantially Equivalent,https://www.accessdata.fda.gov/scripts/cdrh/cfdocs/cfpmn/pmn.cfm?id=K950473,remote_patient_monitoring,strong_official_product
"Nipro Diabetes Systems, Inc.",AMIGO INSULIN PUMP,digital_health_or_medical_device_software,FDA 510(k) K050312; 2005-05-09; product code LZG,openfda_device_510k,K050312,2005-05-09,Substantially Equivalent,https://www.accessdata.fda.gov/scripts/cdrh/cfdocs/cfpmn/pmn.cfm?id=K050312,,strong_official_product
Nipro Medical Corp.,NIPRO SAFELET CATH,digital_health_or_medical_device_software,FDA 510(k) K013287; 2001-12-03; product code FOZ,openfda_device_510k,K013287,2001-12-03,Substantially Equivalent,https://www.accessdata.fda.gov/scripts/cdrh/cfdocs/cfpmn/pmn.cfm?id=K013287,,strong_official_product
Nipro Medical Corp.,NIPRO SAFETOUCH LOCKTAIL SAFETY FISTULA NEEDLE,digital_health_or_medical_device_software,FDA 510(k) K093985; 2010-01-22; product code FIE,openfda_device_510k,K093985,2010-01-22,Substantially Equivalent,https://www.accessdata.fda.gov/scripts/cdrh/cfdocs/cfpmn/pmn.cfm?id=K093985,,strong_official_product
"Nonin Medical, Inc.",MODIFICATION TO AVANT 9600 PULSE OXIMETER,digital_health_or_medical_device_software,FDA 510(k) K040589; 2004-06-03; product code DQA,openfda_device_510k,K040589,2004-06-03,Substantially Equivalent,https://www.accessdata.fda.gov/scripts/cdrh/cfdocs/cfpmn/pmn.cfm?id=K040589,,strong_official_product
Noom,Noom,digital_health_or_medical_device_software,知名体重和慢病行为改变数字健康公司,round2_seed,,,,https://www.noom.com/,chronic_disease_management,seed_only
Noom,Noom,digital_health_or_medical_device_software,知名体重和慢病行为改变数字健康公司,round2_company_site,,,,https://www.noom.com/,chronic_disease_management,strong_company_site
"North East Monitoring, Inc.",SD360 DIGITAL RECORDER/SD360 HOLTER DIGITAL RECORDER,digital_health_or_medical_device_software,FDA 510(k) K041901; 2004-08-31; product code MWJ,openfda_device_510k,K041901,2004-08-31,Substantially Equivalent,https://www.accessdata.fda.gov/scripts/cdrh/cfdocs/cfpmn/pmn.cfm?id=K041901,,strong_official_product
"Nu Eyne Co., Ltd.",ADDNOX (BPSPM1),digital_health_or_medical_device_software,FDA 510(k) K243289; 2025-01-16; product code QGL,openfda_device_510k,K243289,2025-01-16,Substantially Equivalent,https://www.accessdata.fda.gov/scripts/cdrh/cfdocs/cfpmn/pmn.cfm?id=K243289,,strong_official_product
"Nu Eyne Co., Ltd.",SMILE,digital_health_or_medical_device_software,FDA 510(k) K213629; 2023-02-12; product code QGL,openfda_device_510k,K213629,2023-02-12,Substantially Equivalent,https://www.accessdata.fda.gov/scripts/cdrh/cfdocs/cfpmn/pmn.cfm?id=K213629,,strong_official_product
Nucletron Corp.,"CET PROSTATE APPLICATOR SET, PART NUMBER 089.066",samd_or_medical_software,FDA 510(k) K990990; 1999-10-07; product code JAQ,openfda_device_510k,K990990,1999-10-07,Substantially Equivalent,https://www.accessdata.fda.gov/scripts/cdrh/cfdocs/cfpmn/pmn.cfm?id=K990990,samd,strong_official_product
"Oec-Diasonics, Inc.",MODIFIED MAINFRAME OF MODEL 902 MOBILE C-ARM,digital_health_or_medical_device_software,FDA 510(k) K864837; 1987-01-30; product code JAA,openfda_device_510k,K864837,1987-01-30,Substantially Equivalent,https://www.accessdata.fda.gov/scripts/cdrh/cfdocs/cfpmn/pmn.cfm?id=K864837,,strong_official_product
Omada Health,Omada Health,remote_patient_monitoring,知名美国数字慢病管理公司,round2_seed,,,,https://www.omadahealth.com/,remote_patient_monitoring; chronic_disease_management; internet_healthcare,seed_only
Omada Health,Omada Health,remote_patient_monitoring,Manage Chronic Conditions & Embrace Your Health | Omada Health; Omada is a virtual care solution with personalized chronic disease management programs designed to adapt to every member. Check your eligibility today!,round2_company_site,,,,https://www.omadahealth.com/,remote_patient_monitoring; chronic_disease_management; internet_healthcare,strong_company_site
Omega Critical Care Limited,"CONTINUOUS CARDIAC OUPUT MONITOR, TRUCCOM",remote_patient_monitoring,FDA 510(k) K081776; 2008-07-22; product code DXG,openfda_device_510k,K081776,2008-07-22,Substantially Equivalent,https://www.accessdata.fda.gov/scripts/cdrh/cfdocs/cfpmn/pmn.cfm?id=K081776,remote_patient_monitoring,strong_official_product
Omega Results,SLEEP STUDY ANALYSIS (SSA) VERSION 96.10,digital_health_or_medical_device_software,FDA 510(k) K963631; 1997-04-02; product code OLZ,openfda_device_510k,K963631,1997-04-02,Substantially Equivalent,https://www.accessdata.fda.gov/scripts/cdrh/cfdocs/cfpmn/pmn.cfm?id=K963631,sleep_health,strong_official_product
Omni Sales Corp.,"OMNI GRIP LATEX EXAMINATION GLOVE, POWDER-FREE",digital_health_or_medical_device_software,FDA 510(k) K964563; 1996-12-30; product code LYY,openfda_device_510k,K964563,1996-12-30,Substantially Equivalent,https://www.accessdata.fda.gov/scripts/cdrh/cfdocs/cfpmn/pmn.cfm?id=K964563,,strong_official_product
"Oncology Systems, Inc.",ACCU-SOURCE,digital_health_or_medical_device_software,FDA 510(k) K051753; 2006-03-29; product code JAQ,openfda_device_510k,K051753,2006-03-29,Substantially Equivalent,https://www.accessdata.fda.gov/scripts/cdrh/cfdocs/cfpmn/pmn.cfm?id=K051753,,strong_official_product
Onera B.V.,Onera SleepMap (SLEEPMAP),digital_health_or_medical_device_software,FDA 510(k) K253668; 2026-03-08; product code OLZ,openfda_device_510k,K253668,2026-03-08,Substantially Equivalent,https://www.accessdata.fda.gov/scripts/cdrh/cfdocs/cfpmn/pmn.cfm?id=K253668,sleep_health,strong_official_product
Opti-Med Electronics,DIGITAL AVERAGING TONOMETER,digital_health_or_medical_device_software,FDA 510(k) K945972; 1995-08-17; product code HKX,openfda_device_510k,K945972,1995-08-17,Substantially Equivalent,https://www.accessdata.fda.gov/scripts/cdrh/cfdocs/cfpmn/pmn.cfm?id=K945972,,strong_official_product
"Optumhealth Care Solutions, Inc.",OPTUM TELEHEALTH APPLICATION,samd_or_medical_software,FDA 510(k) K130971; 2013-10-23; product code DRG,openfda_device_510k,K130971,2013-10-23,Substantially Equivalent,https://www.accessdata.fda.gov/scripts/cdrh/cfdocs/cfpmn/pmn.cfm?id=K130971,samd; internet_healthcare,strong_official_product
"Orex Computed Radiography, Ltd.","KODAK POINT OF CARE CR 120, KODAK POINT OF CARE  CR 140, KODAK POINT OF CARE CR 260",digital_health_or_medical_device_software,FDA 510(k) K073670; 2008-01-25; product code MQB,openfda_device_510k,K073670,2008-01-25,Substantially Equivalent,https://www.accessdata.fda.gov/scripts/cdrh/cfdocs/cfpmn/pmn.cfm?id=K073670,,strong_official_product
Orexo digital therapeutics,MODIA; deprexis,digital_therapeutics_or_dtx,瑞典药企数字疗法业务,round2_seed,,,,https://www.orexo.com/therapeutic-focus/opioid-use-disorder-oud/,digital_therapeutics,seed_only
Orexo digital therapeutics,MODIA; deprexis,digital_health_or_medical_device_software,Opioid use disorder | Orexo,round2_company_site,,,,https://www.orexo.com/therapeutic-focus/opioid-use-disorder/,,strong_company_site
Ortho Clinical Diagnostics,VITROS Immunodiagnostic Products CA 19-9TM Reagent Pack,digital_health_or_medical_device_software,FDA 510(k) K231525; 2023-08-09; product code NIG,openfda_device_510k,K231525,2023-08-09,Substantially Equivalent,https://www.accessdata.fda.gov/scripts/cdrh/cfdocs/cfpmn/pmn.cfm?id=K231525,,strong_official_product
"Ortho Kinematics, Inc.",OKI Surgical Planning Software,samd_or_medical_software,FDA 510(k) K171617; 2017-08-22; product code LLZ,openfda_device_510k,K171617,2017-08-22,Substantially Equivalent,https://www.accessdata.fda.gov/scripts/cdrh/cfdocs/cfpmn/pmn.cfm?id=K171617,samd,strong_official_product
"Orthopedic Equipment Co., Inc.",BAKER MOBILE TRACTION,digital_health_or_medical_device_software,FDA 510(k) K770080; 1977-01-25; product code HST,openfda_device_510k,K770080,1977-01-25,Substantially Equivalent,https://www.accessdata.fda.gov/scripts/cdrh/cfdocs/cfpmn/pmn.cfm?id=K770080,,strong_official_product
"Orthoscan, Inc.",Orthoscan Tau Mini C-Arm,digital_health_or_medical_device_software,FDA 510(k) K213113; 2021-10-21; product code OXO,openfda_device_510k,K213113,2021-10-21,Substantially Equivalent,https://www.accessdata.fda.gov/scripts/cdrh/cfdocs/cfpmn/pmn.cfm?id=K213113,,strong_official_product
Oviva,Oviva,digital_health_or_medical_device_software,欧洲数字营养/慢病管理公司,round2_seed,,,,https://oviva.com/,chronic_disease_management,seed_only
Oviva,Oviva,digital_health_or_medical_device_software,"Markets | Oviva Group | Join us; Nutritional counseling that is personalized, tailored to you and digitally accompanied: Oviva helps you change your habits to improve your health long term.",round2_company_site,,,,https://oviva.com/global/en/,chronic_disease_management,strong_company_site
Oxehealth Limited,Oxevision Sleep Device,digital_health_or_medical_device_software,FDA 510(k) K233618; 2024-04-03; product code LEL,openfda_device_510k,K233618,2024-04-03,Substantially Equivalent,https://www.accessdata.fda.gov/scripts/cdrh/cfdocs/cfpmn/pmn.cfm?id=K233618,sleep_health,strong_official_product
P.T. Wantong Industry,LATEX EXAMINATION GLOVES,digital_health_or_medical_device_software,FDA 510(k) K980215; 1998-03-13; product code LYY,openfda_device_510k,K980215,1998-03-13,Substantially Equivalent,https://www.accessdata.fda.gov/scripts/cdrh/cfdocs/cfpmn/pmn.cfm?id=K980215,,strong_official_product
Pace Medical,MODEL 4205 PULSE GENERATOR SURGICAL EXTEN CABLE,digital_health_or_medical_device_software,FDA 510(k) K912545; 1991-07-26; product code DXY,openfda_device_510k,K912545,1991-07-26,Substantially Equivalent,https://www.accessdata.fda.gov/scripts/cdrh/cfdocs/cfpmn/pmn.cfm?id=K912545,,strong_official_product
"Paceart, Inc.",PACEART TX3 CARDIAC EVENT RECORDER,remote_patient_monitoring,FDA 510(k) K012407; 2001-08-14; product code DXH,openfda_device_510k,K012407,2001-08-14,Substantially Equivalent,https://www.accessdata.fda.gov/scripts/cdrh/cfdocs/cfpmn/pmn.cfm?id=K012407,remote_patient_monitoring,strong_official_product
Pain Management Technologies,"JOINT STIM, MODEL 1000",digital_health_or_medical_device_software,FDA 510(k) K073386; 2008-07-30; product code NYN,openfda_device_510k,K073386,2008-07-30,Substantially Equivalent,https://www.accessdata.fda.gov/scripts/cdrh/cfdocs/cfpmn/pmn.cfm?id=K073386,,strong_official_product
Paragon Vision Sciences,PARAGON LENS CARE,digital_health_or_medical_device_software,FDA 510(k) K974635; 1998-02-04; product code LRX,openfda_device_510k,K974635,1998-02-04,Substantially Equivalent,https://www.accessdata.fda.gov/scripts/cdrh/cfdocs/cfpmn/pmn.cfm?id=K974635,,strong_official_product
"Peak Performance Technologies, Inc.",PEAK MOTUS,digital_health_or_medical_device_software,FDA 510(k) K030714; 2003-05-16; product code LXJ,openfda_device_510k,K030714,2003-05-16,Substantially Equivalent,https://www.accessdata.fda.gov/scripts/cdrh/cfdocs/cfpmn/pmn.cfm?id=K030714,,strong_official_product
"Pear Therapeutics, Inc.",Somryst,digital_health_or_medical_device_software,FDA 510(k) K191716; 2020-03-23; product code QVO,openfda_device_510k,K191716,2020-03-23,Substantially Equivalent,https://www.accessdata.fda.gov/scripts/cdrh/cfdocs/cfpmn/pmn.cfm?id=K191716,,strong_official_product
"Pentax of America, Inc.","PENTAX Medical Single Use Video Bronchoscope EB11-S01, PENTAX Medical Single Use Video Bronchoscope EB15-S01, PENTAX Medical Mobile Processor ONE-M, PENTAX Medical Mobile Processor Plug-In ONE-Dock",digital_health_or_medical_device_software,FDA 510(k) K231970; 2024-01-12; product code EOQ,openfda_device_510k,K231970,2024-01-12,Substantially Equivalent,https://www.accessdata.fda.gov/scripts/cdrh/cfdocs/cfpmn/pmn.cfm?id=K231970,,strong_official_product
Petroff Audio Technologies,DIGITAL TINNITUS MASKING SYSTEM,digital_health_or_medical_device_software,FDA 510(k) K974501; 1998-01-20; product code KLW,openfda_device_510k,K974501,1998-01-20,Substantially Equivalent,https://www.accessdata.fda.gov/scripts/cdrh/cfdocs/cfpmn/pmn.cfm?id=K974501,,strong_official_product
Pharmaseal Laboratories,SAMPLING KIT,digital_health_or_medical_device_software,FDA 510(k) K801146; 1980-06-04; product code CBT,openfda_device_510k,K801146,1980-06-04,Substantially Equivalent,https://www.accessdata.fda.gov/scripts/cdrh/cfdocs/cfpmn/pmn.cfm?id=K801146,,strong_official_product
"Philips Medical Systems (Cleveland), Inc.",IQon Spectral CT,digital_health_or_medical_device_software,FDA 510(k) K163711; 2017-04-05; product code JAK,openfda_device_510k,K163711,2017-04-05,Substantially Equivalent,https://www.accessdata.fda.gov/scripts/cdrh/cfdocs/cfpmn/pmn.cfm?id=K163711,,strong_official_product
"Philips Medical Systems (Cleveland), Inc.",SYNERVIEW MODEL 6478,digital_health_or_medical_device_software,FDA 510(k) K770855; 1977-05-26; product code JAK,openfda_device_510k,K770855,1977-05-26,Substantially Equivalent,https://www.accessdata.fda.gov/scripts/cdrh/cfdocs/cfpmn/pmn.cfm?id=K770855,,strong_official_product
"Philips Medical Systems (Cleveland), Inc.",VOYAGER 6.0 SOFTWARE OPTION,samd_or_medical_software,FDA 510(k) K000310; 2000-02-15; product code HAW,openfda_device_510k,K000310,2000-02-15,Substantially Equivalent,https://www.accessdata.fda.gov/scripts/cdrh/cfdocs/cfpmn/pmn.cfm?id=K000310,samd,strong_official_product
"Philips Medical Systems, Inc.",PHILIPS CARDIAC WORKSTATION,remote_patient_monitoring,FDA 510(k) K922622; 1992-08-11; product code IZI,openfda_device_510k,K922622,1992-08-11,Substantially Equivalent,https://www.accessdata.fda.gov/scripts/cdrh/cfdocs/cfpmn/pmn.cfm?id=K922622,remote_patient_monitoring,strong_official_product
"Philips Medizinsysteme Boeblingen GmbH, Cardiac AN",INTELLIVUE CL RESPIRATION POD,digital_health_or_medical_device_software,FDA 510(k) K132320; 2014-03-26; product code BZQ,openfda_device_510k,K132320,2014-03-26,Substantially Equivalent,https://www.accessdata.fda.gov/scripts/cdrh/cfdocs/cfpmn/pmn.cfm?id=K132320,,strong_official_product
Philips Park,NORELCO ELECTRONIC DIGITAL BP METER HC3501,digital_health_or_medical_device_software,FDA 510(k) K852128; 1985-09-12; product code DXN,openfda_device_510k,K852128,1985-09-12,Substantially Equivalent,https://www.accessdata.fda.gov/scripts/cdrh/cfdocs/cfpmn/pmn.cfm?id=K852128,,strong_official_product
Pike Medical Co.,I.V. SENTRY ALARM DEVICE,digital_health_or_medical_device_software,FDA 510(k) K802101; 1980-09-16; product code FLN,openfda_device_510k,K802101,1980-09-16,Substantially Equivalent,https://www.accessdata.fda.gov/scripts/cdrh/cfdocs/cfpmn/pmn.cfm?id=K802101,,strong_official_product
Pinsco Inc. Dba B & L Engineering,CODA MPX30 MOTION ANALYSIS SYSTEM,digital_health_or_medical_device_software,FDA 510(k) K982425; 1998-10-07; product code LXJ,openfda_device_510k,K982425,1998-10-07,Substantially Equivalent,https://www.accessdata.fda.gov/scripts/cdrh/cfdocs/cfpmn/pmn.cfm?id=K982425,,strong_official_product
"Polymedica Industries, Inc.",BASIS BABY-TEMP PACIFIER DIGITAL THEROMETER,digital_health_or_medical_device_software,FDA 510(k) K962991; 1996-09-12; product code FLL,openfda_device_510k,K962991,1996-09-12,Substantially Equivalent,https://www.accessdata.fda.gov/scripts/cdrh/cfdocs/cfpmn/pmn.cfm?id=K962991,,strong_official_product
"Power Medical Interventions, Inc.",SURGASSIST SYSTEM; WIRELESS REMOTE CONTROL (COMPONENT); WIRED REMOTE CONTROL,digital_health_or_medical_device_software,FDA 510(k) K020343; 2002-04-10; product code GDW,openfda_device_510k,K020343,2002-04-10,Substantially Equivalent,https://www.accessdata.fda.gov/scripts/cdrh/cfdocs/cfpmn/pmn.cfm?id=K020343,,strong_official_product
"Ppg Industries, Inc.","MIDAS SYSTEM 2500, PHYSIOLOGICAL MONITORING SYSTEM",remote_patient_monitoring,FDA 510(k) K912627; 1991-09-10; product code MHX,openfda_device_510k,K912627,1991-09-10,Substantially Equivalent,https://www.accessdata.fda.gov/scripts/cdrh/cfdocs/cfpmn/pmn.cfm?id=K912627,remote_patient_monitoring,strong_official_product
Precise Optics,PI808 MOBILE C-ARM IMAGE INTENSIFIER,digital_health_or_medical_device_software,FDA 510(k) K820178; 1982-03-04; product code JAA,openfda_device_510k,K820178,1982-03-04,Substantially Equivalent,https://www.accessdata.fda.gov/scripts/cdrh/cfdocs/cfpmn/pmn.cfm?id=K820178,,strong_official_product
"Pride Health Care, Inc.",PRIDE SPIRIT,digital_health_or_medical_device_software,FDA 510(k) K905271; 1990-12-31; product code INI,openfda_device_510k,K905271,1990-12-31,Substantially Equivalent,https://www.accessdata.fda.gov/scripts/cdrh/cfdocs/cfpmn/pmn.cfm?id=K905271,,strong_official_product
"Primus, Inc.",DIABETES CARE(TM) TEST PACKAGE FOR THE CLC 330(TM),digital_health_or_medical_device_software,FDA 510(k) K896582; 1990-06-28; product code LCP,openfda_device_510k,K896582,1990-06-28,Substantially Equivalent,https://www.accessdata.fda.gov/scripts/cdrh/cfdocs/cfpmn/pmn.cfm?id=K896582,chronic_disease_management,strong_official_product
Prosomnus Sleep Technologies,"ProSomnus EVO [PH] Sleep and Snore Device, ProSomnus EVO [PH] Sleep and Snore Device with Patient Monitoring",remote_patient_monitoring,FDA 510(k) K221889; 2022-10-06; product code LRK,openfda_device_510k,K221889,2022-10-06,Substantially Equivalent,https://www.accessdata.fda.gov/scripts/cdrh/cfdocs/cfpmn/pmn.cfm?id=K221889,remote_patient_monitoring; sleep_health,strong_official_product
Pt. Eka Wira Asia,"LATEX EXAMINATION GLOVES, POWDER FREE",digital_health_or_medical_device_software,FDA 510(k) K941056; 1994-04-29; product code LYY,openfda_device_510k,K941056,1994-04-29,Substantially Equivalent,https://www.accessdata.fda.gov/scripts/cdrh/cfdocs/cfpmn/pmn.cfm?id=K941056,,strong_official_product
Pudenz-Schulte Medical Research Corp.,PS MEDICAL IPI VASCULAR ACCESS CATHETER,digital_health_or_medical_device_software,FDA 510(k) K954409; 1995-12-18; product code LJS,openfda_device_510k,K954409,1995-12-18,Substantially Equivalent,https://www.accessdata.fda.gov/scripts/cdrh/cfdocs/cfpmn/pmn.cfm?id=K954409,,strong_official_product
Puritan Bennett Corp.,PURITAN BENNETT DATAFLOW DATA MANAGEMENT SOFTWARE,samd_or_medical_software,FDA 510(k) K023225; 2002-12-18; product code BZG,openfda_device_510k,K023225,2002-12-18,Substantially Equivalent,https://www.accessdata.fda.gov/scripts/cdrh/cfdocs/cfpmn/pmn.cfm?id=K023225,samd,strong_official_product
Quantimetrix Corp.,DROPPER A1C DIABETES CONTROL,digital_health_or_medical_device_software,FDA 510(k) K103744; 2011-05-12; product code JJX,openfda_device_510k,K103744,2011-05-12,Substantially Equivalent,https://www.accessdata.fda.gov/scripts/cdrh/cfdocs/cfpmn/pmn.cfm?id=K103744,chronic_disease_management,strong_official_product
"Quinton, Inc.",INSTRUCTION CHANGE FOR RIGHT ATRIAL/RAAF CATHETER,digital_health_or_medical_device_software,FDA 510(k) K864949; 1987-02-25; product code FOZ,openfda_device_510k,K864949,1987-02-25,Substantially Equivalent,https://www.accessdata.fda.gov/scripts/cdrh/cfdocs/cfpmn/pmn.cfm?id=K864949,,strong_official_product
"Quinton, Inc.",MODEL 880 REHABILITATION TRAINER,digital_health_or_medical_device_software,FDA 510(k) K770234; 1977-02-14; product code ISD,openfda_device_510k,K770234,1977-02-14,Substantially Equivalent,https://www.accessdata.fda.gov/scripts/cdrh/cfdocs/cfpmn/pmn.cfm?id=K770234,rehabilitation,strong_official_product
"Quinton, Inc.","Q-TEL RMS (REHABILITATION MANAGEMENT SYSTEM), MODEL 000503",digital_health_or_medical_device_software,FDA 510(k) K003576; 2001-01-25; product code DSI,openfda_device_510k,K003576,2001-01-25,Substantially Equivalent,https://www.accessdata.fda.gov/scripts/cdrh/cfdocs/cfpmn/pmn.cfm?id=K003576,rehabilitation,strong_official_product
R D Intl.,RDI CARDIAC INSULATION PAD,remote_patient_monitoring,FDA 510(k) K960312; 1996-04-19; product code DWP,openfda_device_510k,K960312,1996-04-19,Substantially Equivalent,https://www.accessdata.fda.gov/scripts/cdrh/cfdocs/cfpmn/pmn.cfm?id=K960312,remote_patient_monitoring,strong_official_product
R2 Corp.,MAGNATRODE CARDIAC MONITORING ELECTRODE,remote_patient_monitoring,FDA 510(k) K832516; 1983-12-16; product code DRX,openfda_device_510k,K832516,1983-12-16,Substantially Equivalent,https://www.accessdata.fda.gov/scripts/cdrh/cfdocs/cfpmn/pmn.cfm?id=K832516,remote_patient_monitoring,strong_official_product
"R2 Technology, Inc.",IMAGECHECKER-CT SOFTWARE PACKAGE WITH FILLING DEFECT INDICATOR,samd_or_medical_software,FDA 510(k) K041380; 2004-06-08; product code OEB,openfda_device_510k,K041380,2004-06-08,Substantially Equivalent,https://www.accessdata.fda.gov/scripts/cdrh/cfdocs/cfpmn/pmn.cfm?id=K041380,samd,strong_official_product
"Radiometer America, Inc.",QUALISTICK ARTERIAL BLOOD SAMPLER,digital_health_or_medical_device_software,FDA 510(k) K831034; 1983-05-18; product code CBT,openfda_device_510k,K831034,1983-05-18,Substantially Equivalent,https://www.accessdata.fda.gov/scripts/cdrh/cfdocs/cfpmn/pmn.cfm?id=K831034,,strong_official_product
"Ray Co., Ltd.",RAYSCAN a-Expert,digital_health_or_medical_device_software,FDA 510(k) K232325; 2024-04-18; product code MUH,openfda_device_510k,K232325,2024-04-18,Substantially Equivalent,https://www.accessdata.fda.gov/scripts/cdrh/cfdocs/cfpmn/pmn.cfm?id=K232325,,strong_official_product
"Ray Co., Ltd.",RAYSCAN A-EXPERT,digital_health_or_medical_device_software,FDA 510(k) K131693; 2013-11-01; product code MUH,openfda_device_510k,K131693,2013-11-01,Substantially Equivalent,https://www.accessdata.fda.gov/scripts/cdrh/cfdocs/cfpmn/pmn.cfm?id=K131693,,strong_official_product
"Raye'S, Inc.",MULTI FUCTIONAL REHABILITATION CHAIR,digital_health_or_medical_device_software,FDA 510(k) K022407; 2002-08-16; product code INO,openfda_device_510k,K022407,2002-08-16,Substantially Equivalent,https://www.accessdata.fda.gov/scripts/cdrh/cfdocs/cfpmn/pmn.cfm?id=K022407,rehabilitation,strong_official_product
RecoveryPlus.health,RecoveryPlus.health,remote_patient_monitoring,用户点名；虚拟慢病管理和心肺康复服务,round2_seed,,,,https://www.recoveryplus.health/about/,remote_patient_monitoring; chronic_disease_management; internet_healthcare; rehabilitation,seed_only
RecoveryPlus.health,RecoveryPlus.health,remote_patient_monitoring,"Cardiopulmonary Rehab for At-Home Heart & Pulmonary Recovery; RecoveryPlus.health is a remote coronary rehab platform for heart surgery and such conditions as long COVID and Type 2 diabetes , as well as those at risk. Learn more.",round2_company_site,,,,https://www.recoveryplus.health/,remote_patient_monitoring; chronic_disease_management; internet_healthcare; rehabilitation,strong_company_site
"Recovr,Inc",Recovr Rehabilitation System,digital_health_or_medical_device_software,FDA 510(k) K151446; 2015-09-18; product code LXJ,openfda_device_510k,K151446,2015-09-18,Substantially Equivalent,https://www.accessdata.fda.gov/scripts/cdrh/cfdocs/cfpmn/pmn.cfm?id=K151446,rehabilitation,strong_official_product
Redplane AG,ELEXOMA MEDIC,digital_health_or_medical_device_software,FDA 510(k) K070412; 2008-05-21; product code QJQ,openfda_device_510k,K070412,2008-05-21,Substantially Equivalent,https://www.accessdata.fda.gov/scripts/cdrh/cfdocs/cfpmn/pmn.cfm?id=K070412,,strong_official_product
Redsense Medical AB,REDSENSE-ALARM UNIT AND SENSOR,digital_health_or_medical_device_software,FDA 510(k) K103242; 2011-02-10; product code ODX,openfda_device_510k,K103242,2011-02-10,Substantially Equivalent,https://www.accessdata.fda.gov/scripts/cdrh/cfdocs/cfpmn/pmn.cfm?id=K103242,,strong_official_product
"Rehabilitation Institute,Loma Linda University Med",LOMA LINDA UNIVERSITY MEDICAL CENTER (LLUMC) CRANIAL REMOLDING HELMET,digital_health_or_medical_device_software,FDA 510(k) K023572; 2003-01-13; product code MVA,openfda_device_510k,K023572,2003-01-13,Substantially Equivalent,https://www.accessdata.fda.gov/scripts/cdrh/cfdocs/cfpmn/pmn.cfm?id=K023572,,strong_official_product
"Remedy Logic, Inc.",RemedyLogic AI MRI Lumbar Spine Reader,digital_health_or_medical_device_software,FDA 510(k) K241108; 2024-10-30; product code QIH,openfda_device_510k,K241108,2024-10-30,Substantially Equivalent,https://www.accessdata.fda.gov/scripts/cdrh/cfdocs/cfpmn/pmn.cfm?id=K241108,,strong_official_product
"Remote Diagnostic Technologies , Ltd.",TEMPUS PRO EXTENDED FEATURES,digital_health_or_medical_device_software,FDA 510(k) K133988; 2014-05-16; product code MWI,openfda_device_510k,K133988,2014-05-16,Substantially Equivalent,https://www.accessdata.fda.gov/scripts/cdrh/cfdocs/cfpmn/pmn.cfm?id=K133988,,strong_official_product
"Respiratory Care, Inc.",ARTERIAL BLOOD SAMPLING TRAY,digital_health_or_medical_device_software,FDA 510(k) K771975; 1977-10-28; product code CBT,openfda_device_510k,K771975,1977-10-28,Substantially Equivalent,https://www.accessdata.fda.gov/scripts/cdrh/cfdocs/cfpmn/pmn.cfm?id=K771975,,strong_official_product
"Respironics Inc., Sleep & Home Respiratory Group",COMFORTGEL NASAL MASK,digital_health_or_medical_device_software,FDA 510(k) K092835; 2010-02-12; product code BZD,openfda_device_510k,K092835,2010-02-12,Substantially Equivalent,https://www.accessdata.fda.gov/scripts/cdrh/cfdocs/cfpmn/pmn.cfm?id=K092835,,strong_official_product
"Respironics Inc., Sleep & Home Respiratory Group",RESPIRONICS PERFORMAX SE TOTAL FACE MASK,digital_health_or_medical_device_software,FDA 510(k) K092648; 2009-12-18; product code CBK,openfda_device_510k,K092648,2009-12-18,Substantially Equivalent,https://www.accessdata.fda.gov/scripts/cdrh/cfdocs/cfpmn/pmn.cfm?id=K092648,,strong_official_product
"Respironics Inc., Sleep & Home Respiratory Group",RESPIRONICS PERFORMAX TOTAL FACE MASK,digital_health_or_medical_device_software,FDA 510(k) K091271; 2009-05-29; product code BZD,openfda_device_510k,K091271,2009-05-29,Substantially Equivalent,https://www.accessdata.fda.gov/scripts/cdrh/cfdocs/cfpmn/pmn.cfm?id=K091271,,strong_official_product
"Respironics Inc., Sleep & Home Respiratory Group",REVOLUTIONFULL FACE MASK,digital_health_or_medical_device_software,FDA 510(k) K082866; 2009-01-30; product code BZD,openfda_device_510k,K082866,2009-01-30,Substantially Equivalent,https://www.accessdata.fda.gov/scripts/cdrh/cfdocs/cfpmn/pmn.cfm?id=K082866,,strong_official_product
"Respironics Inc., Sleep & Home Respiratory Group",WALLABY 4,digital_health_or_medical_device_software,FDA 510(k) K070180; 2007-05-18; product code LBI,openfda_device_510k,K070180,2007-05-18,Substantially Equivalent,https://www.accessdata.fda.gov/scripts/cdrh/cfdocs/cfpmn/pmn.cfm?id=K070180,,strong_official_product
"Respironics New Jersey, Inc.","MYNEB NEBULIZER, MODEL RDD100",digital_health_or_medical_device_software,FDA 510(k) K053203; 2005-12-20; product code CAF,openfda_device_510k,K053203,2005-12-20,Substantially Equivalent,https://www.accessdata.fda.gov/scripts/cdrh/cfdocs/cfpmn/pmn.cfm?id=K053203,,strong_official_product
"Respironics, Inc.","REMVIEW SLEEP RECORDER, MODEL 320",digital_health_or_medical_device_software,FDA 510(k) K003499; 2001-02-09; product code LEL,openfda_device_510k,K003499,2001-02-09,Substantially Equivalent,https://www.accessdata.fda.gov/scripts/cdrh/cfdocs/cfpmn/pmn.cfm?id=K003499,sleep_health,strong_official_product
Rich-Mar Corp.,RICH-MAR MODEL 510 ULTRASOUND,digital_health_or_medical_device_software,FDA 510(k) K915557; 1992-03-10; product code IMI,openfda_device_510k,K915557,1992-03-10,Substantially Equivalent,https://www.accessdata.fda.gov/scripts/cdrh/cfdocs/cfpmn/pmn.cfm?id=K915557,,strong_official_product
Rich-Mar Corp.,RM VI-HV,digital_health_or_medical_device_software,FDA 510(k) K771157; 1977-07-21; product code IMG,openfda_device_510k,K771157,1977-07-21,Substantially Equivalent,https://www.accessdata.fda.gov/scripts/cdrh/cfdocs/cfpmn/pmn.cfm?id=K771157,,strong_official_product
Richard Wolf Medical Instruments Corp.,BIPOLAR FORCEPS,digital_health_or_medical_device_software,FDA 510(k) K023813; 2003-01-17; product code GEI,openfda_device_510k,K023813,2003-01-17,Substantially Equivalent,https://www.accessdata.fda.gov/scripts/cdrh/cfdocs/cfpmn/pmn.cfm?id=K023813,,strong_official_product
Richard Wolf Medical Instruments Corp.,MYOMA DRILL 5MM-8383.611,digital_health_or_medical_device_software,FDA 510(k) K940844; 1994-05-02; product code HET,openfda_device_510k,K940844,1994-05-02,Substantially Equivalent,https://www.accessdata.fda.gov/scripts/cdrh/cfdocs/cfpmn/pmn.cfm?id=K940844,,strong_official_product
"Rmds, Inc.",FAVC-M: FEMORAL ARTERY VASCULAR CLAMP-MOBILE (MODEL M100-M200) FAVC-M FEMORAL ARTERY VASCULAR CLAMP-MOBILE ADJ BELT 6005,digital_health_or_medical_device_software,FDA 510(k) K970027; 1997-08-08; product code DXC,openfda_device_510k,K970027,1997-08-08,Substantially Equivalent,https://www.accessdata.fda.gov/scripts/cdrh/cfdocs/cfpmn/pmn.cfm?id=K970027,,strong_official_product
"Roche Diabetes Care, Inc.",Accu-Chek Safe-T-Pro Uno Lancing Device,digital_health_or_medical_device_software,FDA 510(k) K220364; 2022-04-05; product code FMK,openfda_device_510k,K220364,2022-04-05,Substantially Equivalent,https://www.accessdata.fda.gov/scripts/cdrh/cfdocs/cfpmn/pmn.cfm?id=K220364,,strong_official_product
"Roche Diabetes Care, Inc.",Accu-Chek Softclix Blood Lancing System,digital_health_or_medical_device_software,FDA 510(k) K214022; 2022-02-17; product code QRL,openfda_device_510k,K214022,2022-02-17,Substantially Equivalent,https://www.accessdata.fda.gov/scripts/cdrh/cfdocs/cfpmn/pmn.cfm?id=K214022,,strong_official_product
Roche Diagnostics,ACCU-CHEK INFORM II BLOOD GLUCOSE MONITORING SYSTEM,remote_patient_monitoring,FDA 510(k) K121679; 2012-10-11; product code NBW,openfda_device_510k,K121679,2012-10-11,Substantially Equivalent,https://www.accessdata.fda.gov/scripts/cdrh/cfdocs/cfpmn/pmn.cfm?id=K121679,remote_patient_monitoring,strong_official_product
Romedex International Srl,EVGUIDE TIP LOCATION SYSTEM,digital_health_or_medical_device_software,FDA 510(k) K093775; 2010-07-15; product code LJS,openfda_device_510k,K093775,2010-07-15,Substantially Equivalent,https://www.accessdata.fda.gov/scripts/cdrh/cfdocs/cfpmn/pmn.cfm?id=K093775,,strong_official_product
Rtx Healthcare A/S,RTX3320PSTN WIRELESS TELEHEALTH GATEWAY,digital_health_or_medical_device_software,FDA 510(k) K041816; 2004-07-19; product code DRG,openfda_device_510k,K041816,2004-07-19,Substantially Equivalent,https://www.accessdata.fda.gov/scripts/cdrh/cfdocs/cfpmn/pmn.cfm?id=K041816,internet_healthcare,strong_official_product
"Rubbertech Industry Co., Ltd.",LATEX PATIENT EXAMINATION GLOVES,digital_health_or_medical_device_software,FDA 510(k) K895743; 1989-10-13; product code LYY,openfda_device_510k,K895743,1989-10-13,Substantially Equivalent,https://www.accessdata.fda.gov/scripts/cdrh/cfdocs/cfpmn/pmn.cfm?id=K895743,,strong_official_product
Samson Taiwan Corp.,VINYL EXAMINATION GLOVES,digital_health_or_medical_device_software,FDA 510(k) K893102; 1989-07-14; product code LYY,openfda_device_510k,K893102,1989-07-14,Substantially Equivalent,https://www.accessdata.fda.gov/scripts/cdrh/cfdocs/cfpmn/pmn.cfm?id=K893102,,strong_official_product
"Samsung Electronics Co., Ltd.",Digital Diagnostic Mobile X-ray System,digital_health_or_medical_device_software,FDA 510(k) K181626; 2018-07-20; product code IZL,openfda_device_510k,K181626,2018-07-20,Substantially Equivalent,https://www.accessdata.fda.gov/scripts/cdrh/cfdocs/cfpmn/pmn.cfm?id=K181626,,strong_official_product
Sd Biosensor,"SD GlucoNFC Blood Glucose Monitoring System, SD GlucoNFC Multi Blood Glucose Monitoring System",remote_patient_monitoring,FDA 510(k) K151265; 2015-11-24; product code NBW,openfda_device_510k,K151265,2015-11-24,Substantially Equivalent,https://www.accessdata.fda.gov/scripts/cdrh/cfdocs/cfpmn/pmn.cfm?id=K151265,remote_patient_monitoring,strong_official_product
"Seabrook Medical Systems, Inc.",ELECTRI-COOL(TM) LIQUID-CIRCULAT. THERMAL THERAPY,digital_health_or_medical_device_software,FDA 510(k) K902269; 1990-06-21; product code ILO,openfda_device_510k,K902269,1990-06-21,Substantially Equivalent,https://www.accessdata.fda.gov/scripts/cdrh/cfdocs/cfpmn/pmn.cfm?id=K902269,,strong_official_product
"Sedecal., Sa.","RadPRO® Mobile 40kW; RadPRO® Mobile 40kW FLEXPLUS, Model SM-40HF-B-D-VIR",digital_health_or_medical_device_software,FDA 510(k) K161345; 2016-07-06; product code IZL,openfda_device_510k,K161345,2016-07-06,Substantially Equivalent,https://www.accessdata.fda.gov/scripts/cdrh/cfdocs/cfpmn/pmn.cfm?id=K161345,,strong_official_product
Seemac Reison AB Co.,SWEMAC REISON BIPLANAR 300,digital_health_or_medical_device_software,FDA 510(k) K911739; 1991-10-23; product code OXO,openfda_device_510k,K911739,1991-10-23,Substantially Equivalent,https://www.accessdata.fda.gov/scripts/cdrh/cfdocs/cfpmn/pmn.cfm?id=K911739,,strong_official_product
"Seigla Medical, Inc.","LiquID 061 Guide Catheter Extension, LiquID 071 Guide Catheter Extension",digital_health_or_medical_device_software,FDA 510(k) K220691; 2022-05-05; product code DQY,openfda_device_510k,K220691,2022-05-05,Substantially Equivalent,https://www.accessdata.fda.gov/scripts/cdrh/cfdocs/cfpmn/pmn.cfm?id=K220691,,strong_official_product
"Selectivemed Components, Inc.",GUARDIAN DISPOSABLE TENS AND TENS/NMES ELECTRODES,digital_health_or_medical_device_software,FDA 510(k) K945676; 1995-01-30; product code GZJ,openfda_device_510k,K945676,1995-01-30,Substantially Equivalent,https://www.accessdata.fda.gov/scripts/cdrh/cfdocs/cfpmn/pmn.cfm?id=K945676,,strong_official_product
"Sensacare , Ltd.",SENSACARE SAW-102 WRIST DIGITAL BLOOD PRESSURE MONITOR,remote_patient_monitoring,FDA 510(k) K061935; 2006-11-08; product code DXN,openfda_device_510k,K061935,2006-11-08,Substantially Equivalent,https://www.accessdata.fda.gov/scripts/cdrh/cfdocs/cfpmn/pmn.cfm?id=K061935,remote_patient_monitoring,strong_official_product
Sensus Healthcare,Sensus Healthcare Superficial X-ray Radiation Therapy System with Ultrasonic Imaging Capabilities,digital_health_or_medical_device_software,FDA 510(k) K150037; 2015-10-16; product code JAD,openfda_device_510k,K150037,2015-10-16,Substantially Equivalent,https://www.accessdata.fda.gov/scripts/cdrh/cfdocs/cfpmn/pmn.cfm?id=K150037,,strong_official_product
"Sg Healthcare Co, Ltd.","Garion Image-Intensified Fluoroscopic X-Ray System, Mobile",digital_health_or_medical_device_software,FDA 510(k) K222080; 2022-10-06; product code OWB,openfda_device_510k,K222080,2022-10-06,Substantially Equivalent,https://www.accessdata.fda.gov/scripts/cdrh/cfdocs/cfpmn/pmn.cfm?id=K222080,,strong_official_product
Shangdong Zibo Shanchuan Medical Instruments Co.,"POWDER-FREE, YELLOW VINYL PATIENT EXAMINATION GLOVES",digital_health_or_medical_device_software,FDA 510(k) K092000; 2009-09-18; product code LYZ,openfda_device_510k,K092000,2009-09-18,Substantially Equivalent,https://www.accessdata.fda.gov/scripts/cdrh/cfdocs/cfpmn/pmn.cfm?id=K092000,,strong_official_product
"Shantou Institute of Ultrasonic Instruments Co., Ltd.",Digital Color Doppler Ultrasound Imaging System (Apogee C1); Digital Color Doppler Ultrasound Imaging System (Apogee C2); Digital Color Doppler Ultrasound Imaging System (Apogee C3); Digital Color Doppler Ultrasound Imaging System (Apogee C5); Digital Color Doppler Ultrasound Imaging System (Apogee K1); Digital Color Doppler Ultrasound Imaging System (Apogee K2); Digital Color Doppler Ultrasound Imaging System (Apogee K3); Digital Color Doppler Ultrasound Imaging System (Apogee K5); Di,digital_health_or_medical_device_software,FDA 510(k) K243178; 2025-03-31; product code IYN,openfda_device_510k,K243178,2025-03-31,Substantially Equivalent,https://www.accessdata.fda.gov/scripts/cdrh/cfdocs/cfpmn/pmn.cfm?id=K243178,,strong_official_product
Sharp Electronics Corp.,MD308H DIGITAL/MB351H AUTO-BP MONITOR,digital_health_or_medical_device_software,FDA 510(k) K842200; 1984-10-24; product code DXN,openfda_device_510k,K842200,1984-10-24,Substantially Equivalent,https://www.accessdata.fda.gov/scripts/cdrh/cfdocs/cfpmn/pmn.cfm?id=K842200,,strong_official_product
"Shenzhen Bsx Technology Electronics Co., Ltd.","Wrist Digital Blood Pressure Monitor (BSX312, BSX313, BSX315, BSX322, BSX323, BSX353, BSX355)",remote_patient_monitoring,FDA 510(k) K241578; 2025-02-19; product code DXN,openfda_device_510k,K241578,2025-02-19,Substantially Equivalent,https://www.accessdata.fda.gov/scripts/cdrh/cfdocs/cfpmn/pmn.cfm?id=K241578,remote_patient_monitoring,strong_official_product
"Shenzhen Mindray Bio-Medical Electronics Co., Ltd.",DP-20 DIGITAL ULTRASONIC DIAGNOSTIC IMAGING SYSTEM; DP-30 DIGITAL ULTRASONIC DIAGNOSTIC IMAGING SYSTEM,digital_health_or_medical_device_software,FDA 510(k) K130833; 2013-06-21; product code IYN,openfda_device_510k,K130833,2013-06-21,Substantially Equivalent,https://www.accessdata.fda.gov/scripts/cdrh/cfdocs/cfpmn/pmn.cfm?id=K130833,,strong_official_product
"Shenzhen Mindray Bio-Medical Electronics Co., Ltd.",ePM Series Patient monitors,digital_health_or_medical_device_software,FDA 510(k) K191769; 2019-10-31; product code MHX,openfda_device_510k,K191769,2019-10-31,Substantially Equivalent,https://www.accessdata.fda.gov/scripts/cdrh/cfdocs/cfpmn/pmn.cfm?id=K191769,,strong_official_product
"Shenzhen Mindray Bio-Medical Electronics Co., Ltd.",MODIFICATION TO PM-8000 PATIENT MONITOR,digital_health_or_medical_device_software,FDA 510(k) K043348; 2005-01-06; product code MWI,openfda_device_510k,K043348,2005-01-06,Substantially Equivalent,https://www.accessdata.fda.gov/scripts/cdrh/cfdocs/cfpmn/pmn.cfm?id=K043348,,strong_official_product
Sherwood Medical Co.,ARGYLE VAC-U-CARE 100CC SUCT. RESERVOIR,digital_health_or_medical_device_software,FDA 510(k) K801372; 1980-06-26; product code GCY,openfda_device_510k,K801372,1980-06-26,Substantially Equivalent,https://www.accessdata.fda.gov/scripts/cdrh/cfdocs/cfpmn/pmn.cfm?id=K801372,,strong_official_product
Sherwood Medical Co.,ASPIR-PULSE(TM) ARTERIAL BLOOD GAS (ABG) SYSTEM,digital_health_or_medical_device_software,FDA 510(k) K945719; 1995-03-16; product code CBT,openfda_device_510k,K945719,1995-03-16,Unknown,https://www.accessdata.fda.gov/scripts/cdrh/cfdocs/cfpmn/pmn.cfm?id=K945719,,strong_official_product
Sherwood Medical Co.,ASPIR-PULSE(TM) SAF-T-VENT,digital_health_or_medical_device_software,FDA 510(k) K940575; 1994-03-22; product code CBT,openfda_device_510k,K940575,1994-03-22,Substantially Equivalent,https://www.accessdata.fda.gov/scripts/cdrh/cfdocs/cfpmn/pmn.cfm?id=K940575,,strong_official_product
Sherwood Medical Co.,SHERWOOD MEDICAL ARTERIAL BLOOD GAS KIT I,digital_health_or_medical_device_software,FDA 510(k) K925453; 1993-07-12; product code CBT,openfda_device_510k,K925453,1993-07-12,Unknown,https://www.accessdata.fda.gov/scripts/cdrh/cfdocs/cfpmn/pmn.cfm?id=K925453,,strong_official_product
Sherwood Medical Co.,SHERWOOD MEDICAL ARTERIAL BLOOD GAS KIT II,digital_health_or_medical_device_software,FDA 510(k) K930471; 1993-06-22; product code CBT,openfda_device_510k,K930471,1993-06-22,Unknown,https://www.accessdata.fda.gov/scripts/cdrh/cfdocs/cfpmn/pmn.cfm?id=K930471,,strong_official_product
"Shiley, Inc.",SHILEY SLEEP APNEA LOW PRESSURE CUFFED TRACH TUBE,digital_health_or_medical_device_software,FDA 510(k) K861463; 1986-05-06; product code BTR,openfda_device_510k,K861463,1986-05-06,Substantially Equivalent,https://www.accessdata.fda.gov/scripts/cdrh/cfdocs/cfpmn/pmn.cfm?id=K861463,sleep_health,strong_official_product
"Shiley, Inc.",STOCKERT-SHILEY HANDHELD REMOTE CONTROL INTRACARDI,digital_health_or_medical_device_software,FDA 510(k) K844138; 1984-12-27; product code DWF,openfda_device_510k,K844138,1984-12-27,Substantially Equivalent,https://www.accessdata.fda.gov/scripts/cdrh/cfdocs/cfpmn/pmn.cfm?id=K844138,,strong_official_product
Shimadzu Medical Systems,MC125L-50 SHIMADZU MOBILE X-RAY SYSTEM,digital_health_or_medical_device_software,FDA 510(k) K893637; 1989-07-20; product code IZL,openfda_device_510k,K893637,1989-07-20,Substantially Equivalent,https://www.accessdata.fda.gov/scripts/cdrh/cfdocs/cfpmn/pmn.cfm?id=K893637,,strong_official_product
"Shimadzu Precision Instruments, Inc.",SHIMADZU MOBILE X-RAY SYSTEMS,digital_health_or_medical_device_software,FDA 510(k) K940294; 1994-03-16; product code OXO,openfda_device_510k,K940294,1994-03-16,Substantially Equivalent,https://www.accessdata.fda.gov/scripts/cdrh/cfdocs/cfpmn/pmn.cfm?id=K940294,,strong_official_product
Sidekick Health,Sidekick Health,digital_therapeutics_or_dtx,欧洲数字疗法/慢病管理公司,round2_seed,,,,https://www.sidekickhealth.com/,digital_therapeutics; chronic_disease_management,seed_only
Sidekick Health,Sidekick Health,digital_health_or_medical_device_software,Sidekick Health: Digital solutions for a healthy future,round2_company_site,,,,https://www.sidekickhealth.com/,chronic_disease_management,strong_company_site
"Siemens Medical Solutions USA, Inc.",ACUSON P50 DIAGNOSTIC ULTRASOUND SYSTEM,digital_health_or_medical_device_software,FDA 510(k) K072266; 2007-08-29; product code ITX,openfda_device_510k,K072266,2007-08-29,Substantially Equivalent,https://www.accessdata.fda.gov/scripts/cdrh/cfdocs/cfpmn/pmn.cfm?id=K072266,,strong_official_product
"Siemens Medical Solutions USA, Inc.",Biograph mMR with syngo MR E11P system software,samd_or_medical_software,FDA 510(k) K163234; 2017-02-28; product code OUO,openfda_device_510k,K163234,2017-02-28,Substantially Equivalent,https://www.accessdata.fda.gov/scripts/cdrh/cfdocs/cfpmn/pmn.cfm?id=K163234,samd,strong_official_product
"Siemens Medical Solutions USA, Inc.",LUNGCARE CT SOFTWARE PACKAGE,samd_or_medical_software,FDA 510(k) K022013; 2002-07-16; product code JAK,openfda_device_510k,K022013,2002-07-16,Substantially Equivalent,https://www.accessdata.fda.gov/scripts/cdrh/cfdocs/cfpmn/pmn.cfm?id=K022013,samd,strong_official_product
"Siemens Medical Solutions USA, Inc.",SOMATOM EXTENDED FIELD OF VIEW SOFTWARE OPTION,samd_or_medical_software,FDA 510(k) K032536; 2003-11-10; product code JAK,openfda_device_510k,K032536,2003-11-10,Substantially Equivalent,https://www.accessdata.fda.gov/scripts/cdrh/cfdocs/cfpmn/pmn.cfm?id=K032536,samd,strong_official_product
"Signifier Medical Technologies, Ltd.",eXciteOSA without remote control (3000);  eXciteOSA with remote control (6000),digital_health_or_medical_device_software,FDA 510(k) K223446; 2023-01-18; product code QNO,openfda_device_510k,K223446,2023-01-18,Substantially Equivalent,https://www.accessdata.fda.gov/scripts/cdrh/cfdocs/cfpmn/pmn.cfm?id=K223446,,strong_official_product
Sk Med,SK MED ME202 MONITORING MIXER,remote_patient_monitoring,FDA 510(k) K031860; 2004-01-21; product code BZR,openfda_device_510k,K031860,2004-01-21,Substantially Equivalent,https://www.accessdata.fda.gov/scripts/cdrh/cfdocs/cfpmn/pmn.cfm?id=K031860,remote_patient_monitoring,strong_official_product
"Sleep Devices, Inc.",SONA PILLOW,digital_health_or_medical_device_software,FDA 510(k) K040161; 2004-04-30; product code MYB,openfda_device_510k,K040161,2004-04-30,Substantially Equivalent,https://www.accessdata.fda.gov/scripts/cdrh/cfdocs/cfpmn/pmn.cfm?id=K040161,,strong_official_product
"Sleep Renewal, Inc.",THE EQUALIZER AIRWAY DEVICE,digital_health_or_medical_device_software,FDA 510(k) K870501; 1987-03-04; product code LQZ,openfda_device_510k,K870501,1987-03-04,Substantially Equivalent,https://www.accessdata.fda.gov/scripts/cdrh/cfdocs/cfpmn/pmn.cfm?id=K870501,,strong_official_product
"Sleep Specialists, LLC",ZZOMA POSITIONAL SLEEPER MODEL 001,digital_health_or_medical_device_software,FDA 510(k) K100160; 2010-05-11; product code MYB,openfda_device_510k,K100160,2010-05-11,Substantially Equivalent,https://www.accessdata.fda.gov/scripts/cdrh/cfdocs/cfpmn/pmn.cfm?id=K100160,sleep_health,strong_official_product
"Smiths Medical Asd, Inc.",HEMODRAW ARTERIAL BLOOD SAMPLING SYSTEM,digital_health_or_medical_device_software,FDA 510(k) K071269; 2007-08-01; product code CBT,openfda_device_510k,K071269,2007-08-01,Substantially Equivalent,https://www.accessdata.fda.gov/scripts/cdrh/cfdocs/cfpmn/pmn.cfm?id=K071269,,strong_official_product
"Smiths Medical Asd, Inc.",MEDFUSION 4000 PUMP DEVICE SPECIFIC REPORTS SOLFWARE FOR PHARMGUARD SERVER VERSION 2.0,digital_health_or_medical_device_software,FDA 510(k) K141193; 2014-07-25; product code PHC,openfda_device_510k,K141193,2014-07-25,Substantially Equivalent,https://www.accessdata.fda.gov/scripts/cdrh/cfdocs/cfpmn/pmn.cfm?id=K141193,,strong_official_product
"Smiths Medical Asd, Inc.",SECURE ARTERIAL BLOOD SAMPLING SYSTEM,digital_health_or_medical_device_software,FDA 510(k) K070340; 2007-03-15; product code CBT,openfda_device_510k,K070340,2007-03-15,Substantially Equivalent,https://www.accessdata.fda.gov/scripts/cdrh/cfdocs/cfpmn/pmn.cfm?id=K070340,,strong_official_product
"Solopak Medical Products, Inc.",MAXCESS NEEDLE FREE CONNECTOR (8200),digital_health_or_medical_device_software,FDA 510(k) K960661; 1996-03-21; product code FPA,openfda_device_510k,K960661,1996-03-21,Substantially Equivalent,https://www.accessdata.fda.gov/scripts/cdrh/cfdocs/cfpmn/pmn.cfm?id=K960661,,strong_official_product
Solutions For Tomorrow AB,Mobile X-ray unit (!M1),digital_health_or_medical_device_software,FDA 510(k) K251710; 2025-10-24; product code IZL,openfda_device_510k,K251710,2025-10-24,Substantially Equivalent,https://www.accessdata.fda.gov/scripts/cdrh/cfdocs/cfpmn/pmn.cfm?id=K251710,,strong_official_product
"Somnics, Inc.",The iNAP One Sleep Therapy System,digital_health_or_medical_device_software,FDA 510(k) K220907; 2023-06-16; product code OZR,openfda_device_510k,K220907,2023-06-16,Substantially Equivalent,https://www.accessdata.fda.gov/scripts/cdrh/cfdocs/cfpmn/pmn.cfm?id=K220907,sleep_health,strong_official_product
"Somnomed, Inc.",Rest Assure System,digital_health_or_medical_device_software,FDA 510(k) K233497; 2024-10-03; product code PLC,openfda_device_510k,K233497,2024-10-03,Substantially Equivalent,https://www.accessdata.fda.gov/scripts/cdrh/cfdocs/cfpmn/pmn.cfm?id=K233497,,strong_official_product
"Sonicaid, Inc.",MODEL AP 180 MINI-MONITOR,digital_health_or_medical_device_software,FDA 510(k) K812256; 1981-10-20; product code HGM,openfda_device_510k,K812256,1981-10-20,Substantially Equivalent,https://www.accessdata.fda.gov/scripts/cdrh/cfdocs/cfpmn/pmn.cfm?id=K812256,,strong_official_product
"Sound Life Sciences, Inc.",Breathe Easy Mobile Respiratory Monitor (MRM),digital_health_or_medical_device_software,FDA 510(k) K211387; 2021-11-23; product code BZQ,openfda_device_510k,K211387,2021-11-23,Substantially Equivalent,https://www.accessdata.fda.gov/scripts/cdrh/cfdocs/cfpmn/pmn.cfm?id=K211387,,strong_official_product
"Spectrum Dynamics Medical, Ltd.",TruSPECT Processing Station,digital_health_or_medical_device_software,FDA 510(k) K253532; 2025-12-30; product code QIH,openfda_device_510k,K253532,2025-12-30,Substantially Equivalent,https://www.accessdata.fda.gov/scripts/cdrh/cfdocs/cfpmn/pmn.cfm?id=K253532,,strong_official_product
St Jude Medical,myMerlin(TM) Mobile Application Model APP1001,samd_or_medical_software,FDA 510(k) K173232; 2017-11-02; product code MXC,openfda_device_510k,K173232,2017-11-02,Substantially Equivalent,https://www.accessdata.fda.gov/scripts/cdrh/cfdocs/cfpmn/pmn.cfm?id=K173232,samd,strong_official_product
"Stanford Assoc., Inc.",HEART RATE COMPUTER,digital_health_or_medical_device_software,FDA 510(k) K791862; 1979-10-04; product code DRT,openfda_device_510k,K791862,1979-10-04,Substantially Equivalent,https://www.accessdata.fda.gov/scripts/cdrh/cfdocs/cfpmn/pmn.cfm?id=K791862,,strong_official_product
"Sterigard, Inc.","LATEX PATIENT EXAMINATION GLOVES, HYPOALLERGENIC",digital_health_or_medical_device_software,FDA 510(k) K912083; 1991-06-27; product code LYY,openfda_device_510k,K912083,1991-06-27,Substantially Equivalent,https://www.accessdata.fda.gov/scripts/cdrh/cfdocs/cfpmn/pmn.cfm?id=K912083,,strong_official_product
"Sterne Equipment Co., Ltd.",ACU-RAY HF SERIES PORTABLE X-RAY UNIT,digital_health_or_medical_device_software,FDA 510(k) K972204; 1997-10-08; product code IZL,openfda_device_510k,K972204,1997-10-08,Substantially Equivalent,https://www.accessdata.fda.gov/scripts/cdrh/cfdocs/cfpmn/pmn.cfm?id=K972204,,strong_official_product
Steven Frank Mercereau,VACVENT,digital_health_or_medical_device_software,FDA 510(k) K931873; 1993-12-30; product code CBT,openfda_device_510k,K931873,1993-12-30,Unknown,https://www.accessdata.fda.gov/scripts/cdrh/cfdocs/cfpmn/pmn.cfm?id=K931873,,strong_official_product
"Strados Labs, Inc.",Strados Remote Electronic Stethoscope Platform (RESP),digital_health_or_medical_device_software,FDA 510(k) K220893; 2022-04-27; product code DSH,openfda_device_510k,K220893,2022-04-27,Substantially Equivalent,https://www.accessdata.fda.gov/scripts/cdrh/cfdocs/cfpmn/pmn.cfm?id=K220893,,strong_official_product
Strato Medical Corp.,STRATOFUSE SYRINGE PIGGYBACK PUMP,digital_health_or_medical_device_software,FDA 510(k) K844627; 1985-01-28; product code FRN,openfda_device_510k,K844627,1985-01-28,Substantially Equivalent,https://www.accessdata.fda.gov/scripts/cdrh/cfdocs/cfpmn/pmn.cfm?id=K844627,,strong_official_product
Stryker Corporation,"Scopis ENT Software, Scopis ENT Software with TGS, Scopis Planning Software, Electromagnetic Navigation Unit",samd_or_medical_software,FDA 510(k) K221098; 2022-07-12; product code PGW,openfda_device_510k,K221098,2022-07-12,Substantially Equivalent,https://www.accessdata.fda.gov/scripts/cdrh/cfdocs/cfpmn/pmn.cfm?id=K221098,samd,strong_official_product
Stryker Medical,STRYKER AGILITY INTENSIVE CARE BED,digital_health_or_medical_device_software,FDA 510(k) K946149; 1995-03-14; product code FNL,openfda_device_510k,K946149,1995-03-14,Substantially Equivalent,https://www.accessdata.fda.gov/scripts/cdrh/cfdocs/cfpmn/pmn.cfm?id=K946149,,strong_official_product
Summit World Trade Corp.,MOBILE MRP-20 MAGNETIC RESONANCE DIAGNOSTIC DEVICE,digital_health_or_medical_device_software,FDA 510(k) K901980; 1990-06-28; product code LNH,openfda_device_510k,K901980,1990-06-28,Substantially Equivalent,https://www.accessdata.fda.gov/scripts/cdrh/cfdocs/cfpmn/pmn.cfm?id=K901980,,strong_official_product
Sunrise SA,Sunrise,digital_health_or_medical_device_software,FDA 510(k) K222262; 2022-12-22; product code QRS,openfda_device_510k,K222262,2022-12-22,Substantially Equivalent,https://www.accessdata.fda.gov/scripts/cdrh/cfdocs/cfpmn/pmn.cfm?id=K222262,,strong_official_product
Supermax Healthcare Canada-Supermax Medical,Aurelia Surgical Mask ASTM Level 1; Aurelia Surgical Mask ASTM Level 2,digital_health_or_medical_device_software,FDA 510(k) K231005; 2023-12-05; product code FXX,openfda_device_510k,K231005,2023-12-05,Substantially Equivalent,https://www.accessdata.fda.gov/scripts/cdrh/cfdocs/cfpmn/pmn.cfm?id=K231005,,strong_official_product
Surgi-Quip Inc.U,SELF-CONTAINED MOBILE OPHTHAL. OPER. .,digital_health_or_medical_device_software,FDA 510(k) K822427; 1982-09-14; product code FSE,openfda_device_510k,K822427,1982-09-14,Substantially Equivalent,https://www.accessdata.fda.gov/scripts/cdrh/cfdocs/cfpmn/pmn.cfm?id=K822427,,strong_official_product
"Surgikos, Inc.",HEALTH CARE EYE PROTECTION,digital_health_or_medical_device_software,FDA 510(k) K875107; 1988-03-21; product code HOY,openfda_device_510k,K875107,1988-03-21,Substantially Equivalent,https://www.accessdata.fda.gov/scripts/cdrh/cfdocs/cfpmn/pmn.cfm?id=K875107,,strong_official_product
"Suzhou Zhenwu Medical Co., Ltd.",Safety Lancet,digital_health_or_medical_device_software,FDA 510(k) K223208; 2023-02-10; product code FMK,openfda_device_510k,K223208,2023-02-10,Substantially Equivalent,https://www.accessdata.fda.gov/scripts/cdrh/cfdocs/cfpmn/pmn.cfm?id=K223208,,strong_official_product
"Sway Medical, Inc.",Sway System Sports Plus,digital_health_or_medical_device_software,FDA 510(k) K241737; 2025-02-15; product code POM,openfda_device_510k,K241737,2025-02-15,Substantially Equivalent,https://www.accessdata.fda.gov/scripts/cdrh/cfdocs/cfpmn/pmn.cfm?id=K241737,,strong_official_product
"Sweetspot Diabetes Care, Inc.",SWEETSPOT DIABETES DATA MANAGEMENT SERVICE,digital_health_or_medical_device_software,FDA 510(k) K111509; 2011-11-09; product code NBW,openfda_device_510k,K111509,2011-11-09,Substantially Equivalent,https://www.accessdata.fda.gov/scripts/cdrh/cfdocs/cfpmn/pmn.cfm?id=K111509,chronic_disease_management,strong_official_product
Sword Health,Sword Health,digital_health_or_medical_device_software,葡萄牙/美国数字肌骨康复公司,round2_seed,,,,https://swordhealth.com/,internet_healthcare; rehabilitation,seed_only
Sword Health,Sword Health,digital_health_or_medical_device_software,"Whole-Person AI Care for pain, prevention & more | Sword Health; Sword delivers AI Care with clinical oversight to prevent pain, support recovery, and promote whole-body health. Trusted by employers and health plans.",round2_company_site,,,,https://swordhealth.com/,internet_healthcare; rehabilitation,strong_company_site
"Symcare Personalized Health Solutions, Inc.",INTOUCH DIABETES,digital_health_or_medical_device_software,FDA 510(k) K093789; 2010-02-19; product code NBW,openfda_device_510k,K093789,2010-02-19,Substantially Equivalent,https://www.accessdata.fda.gov/scripts/cdrh/cfdocs/cfpmn/pmn.cfm?id=K093789,chronic_disease_management,strong_official_product
"Syneron Medical, Ltd.","AURORA DS, DS APPLICATOR",samd_or_medical_software,FDA 510(k) K050796; 2005-04-12; product code GEX,openfda_device_510k,K050796,2005-04-12,Substantially Equivalent,https://www.accessdata.fda.gov/scripts/cdrh/cfdocs/cfpmn/pmn.cfm?id=K050796,samd,strong_official_product
Taidoc Technology Corporation,"ADVOCATE DUO BLOOD GLUCOSE PLUS BLOOD PRESSURE MONITORING SYSTEM, MODEL TD-3223",remote_patient_monitoring,FDA 510(k) K070641; 2007-04-09; product code NBW,openfda_device_510k,K070641,2007-04-09,Substantially Equivalent,https://www.accessdata.fda.gov/scripts/cdrh/cfdocs/cfpmn/pmn.cfm?id=K070641,remote_patient_monitoring,strong_official_product
Taidoc Technology Corporation,"BLOOD GLUCOSE MONITORING SYSTEM, MODEL FORA G90/TD-4234",remote_patient_monitoring,FDA 510(k) K091898; 2009-09-18; product code NBW,openfda_device_510k,K091898,2009-09-18,Substantially Equivalent,https://www.accessdata.fda.gov/scripts/cdrh/cfdocs/cfpmn/pmn.cfm?id=K091898,remote_patient_monitoring,strong_official_product
Taidoc Technology Corporation,FORA GW 9014 TELEHEALTH GATEWAY/TD-9014 TELEHEALTH GATEWAY,digital_health_or_medical_device_software,FDA 510(k) K100427; 2010-05-28; product code DRG,openfda_device_510k,K100427,2010-05-28,Substantially Equivalent,https://www.accessdata.fda.gov/scripts/cdrh/cfdocs/cfpmn/pmn.cfm?id=K100427,internet_healthcare,strong_official_product
Taidoc Technology Corporation,FORA TELEHEALTH SYSTEM,digital_health_or_medical_device_software,FDA 510(k) K083046; 2009-01-16; product code DRG,openfda_device_510k,K083046,2009-01-16,Substantially Equivalent,https://www.accessdata.fda.gov/scripts/cdrh/cfdocs/cfpmn/pmn.cfm?id=K083046,internet_healthcare,strong_official_product
Taidoc Technology Corporation,U-RIGHT TD-4249/U-RIGHT TD-4250 BLOOD GLUCOSE MONITORING SYSTEM,remote_patient_monitoring,FDA 510(k) K083570; 2009-03-11; product code CGA,openfda_device_510k,K083570,2009-03-11,Substantially Equivalent,https://www.accessdata.fda.gov/scripts/cdrh/cfdocs/cfpmn/pmn.cfm?id=K083570,remote_patient_monitoring,strong_official_product
Taiping Super Holdings Sdn Bhd,"AID, PROMISE POWDER FREE LATEX EXAMINATION GLOVES",digital_health_or_medical_device_software,FDA 510(k) K931861; 1994-06-17; product code LYY,openfda_device_510k,K931861,1994-06-17,Substantially Equivalent,https://www.accessdata.fda.gov/scripts/cdrh/cfdocs/cfpmn/pmn.cfm?id=K931861,,strong_official_product
"Takara Belmont USA, Inc.","ADR PLUS SSXI IMAGING DEVICE FOR X-RAY SYSTEMS SUCH AS X-CALIBER, X-CALIBER CM, ANA-BEL AND ANA-BEL CM",digital_health_or_medical_device_software,FDA 510(k) K041834; 2004-12-03; product code MUH,openfda_device_510k,K041834,2004-12-03,Substantially Equivalent,https://www.accessdata.fda.gov/scripts/cdrh/cfdocs/cfpmn/pmn.cfm?id=K041834,,strong_official_product
"Tandem Diabetes Care, Inc.",Basal-IQ Technology,digital_health_or_medical_device_software,FDA 510(k) K193483; 2020-02-28; product code QJS,openfda_device_510k,K193483,2020-02-28,Substantially Equivalent,https://www.accessdata.fda.gov/scripts/cdrh/cfdocs/cfpmn/pmn.cfm?id=K193483,,strong_official_product
"Tandem Diabetes Care, Inc.",Control-IQ Technology,digital_health_or_medical_device_software,FDA 510(k) K232382; 2023-11-03; product code QJI,openfda_device_510k,K232382,2023-11-03,Substantially Equivalent,https://www.accessdata.fda.gov/scripts/cdrh/cfdocs/cfpmn/pmn.cfm?id=K232382,,strong_official_product
"Tandem Diabetes Care, Inc.",Control-IQ+ technology,digital_health_or_medical_device_software,FDA 510(k) K260429; 2026-04-24; product code QJI,openfda_device_510k,K260429,2026-04-24,Substantially Equivalent,https://www.accessdata.fda.gov/scripts/cdrh/cfdocs/cfpmn/pmn.cfm?id=K260429,,strong_official_product
"Tandem Diabetes Care, Inc.",T:CONNECT DATA MANAGEMENT SYSTEM,digital_health_or_medical_device_software,FDA 510(k) K122361; 2013-02-22; product code OUG,openfda_device_510k,K122361,2013-02-22,Substantially Equivalent,https://www.accessdata.fda.gov/scripts/cdrh/cfdocs/cfpmn/pmn.cfm?id=K122361,,strong_official_product
"Tandem Diabetes Care, Inc.",t:flex Insulin Delivery System,digital_health_or_medical_device_software,FDA 510(k) K143189; 2015-01-09; product code LZG,openfda_device_510k,K143189,2015-01-09,Substantially Equivalent,https://www.accessdata.fda.gov/scripts/cdrh/cfdocs/cfpmn/pmn.cfm?id=K143189,,strong_official_product
"Tandem Diabetes Care, Inc.",T:SLIM (TM) INSULIN DELIVERY SYSTEM,digital_health_or_medical_device_software,FDA 510(k) K111210; 2011-11-09; product code LZG,openfda_device_510k,K111210,2011-11-09,Substantially Equivalent,https://www.accessdata.fda.gov/scripts/cdrh/cfdocs/cfpmn/pmn.cfm?id=K111210,,strong_official_product
"Tandem Diabetes Care, Inc.",T:SLIM INSULIN DELIVERY SYSTEM,digital_health_or_medical_device_software,FDA 510(k) K133593; 2014-03-24; product code LZG,openfda_device_510k,K133593,2014-03-24,Substantially Equivalent,https://www.accessdata.fda.gov/scripts/cdrh/cfdocs/cfpmn/pmn.cfm?id=K133593,,strong_official_product
"Tandem Diabetes Care, Inc.",T:SLIM INSULIN DELIVERY SYSTEM,digital_health_or_medical_device_software,FDA 510(k) K141758; 2014-10-31; product code LZG,openfda_device_510k,K141758,2014-10-31,Substantially Equivalent,https://www.accessdata.fda.gov/scripts/cdrh/cfdocs/cfpmn/pmn.cfm?id=K141758,,strong_official_product
"Tandem Diabetes Care, Inc.",t:slim X2 Insulin Pump with Interoperable Technology (with t:connect mobile app),samd_or_medical_software,FDA 510(k) K203234; 2022-02-15; product code QFG,openfda_device_510k,K203234,2022-02-15,Substantially Equivalent,https://www.accessdata.fda.gov/scripts/cdrh/cfdocs/cfpmn/pmn.cfm?id=K203234,samd,strong_official_product
Target Therapeutics,SPINNAKER,digital_health_or_medical_device_software,FDA 510(k) K965189; 1997-03-24; product code KRA,openfda_device_510k,K965189,1997-03-24,Substantially Equivalent,https://www.accessdata.fda.gov/scripts/cdrh/cfdocs/cfpmn/pmn.cfm?id=K965189,,strong_official_product
Target Therapeutics,TAPER FLEX-TIP STEERABLE GUIDEWIRE,digital_health_or_medical_device_software,FDA 510(k) K880762; 1988-08-19; product code DQX,openfda_device_510k,K880762,1988-08-19,Substantially Equivalent,https://www.accessdata.fda.gov/scripts/cdrh/cfdocs/cfpmn/pmn.cfm?id=K880762,,strong_official_product
Target Therapeutics,"TRACKER(R) UNIBODY CATH & TRACKER 25 CATH,MODIFIED",digital_health_or_medical_device_software,FDA 510(k) K915521; 1992-03-23; product code DQY,openfda_device_510k,K915521,1992-03-23,Substantially Equivalent,https://www.accessdata.fda.gov/scripts/cdrh/cfdocs/cfpmn/pmn.cfm?id=K915521,,strong_official_product
"Technalithics Laboratories, Inc.",MODEL HS-2 TENS DEVICE,digital_health_or_medical_device_software,FDA 510(k) K962951; 1997-08-06; product code GZJ,openfda_device_510k,K962951,1997-08-06,Substantially Equivalent,https://www.accessdata.fda.gov/scripts/cdrh/cfdocs/cfpmn/pmn.cfm?id=K962951,,strong_official_product
Tekmedic (M) Sdn Bhd,COLORED POWDER FREE LATEX EXAMINATION GLOVE (WHITE AND BLUE),digital_health_or_medical_device_software,FDA 510(k) K121594; 2012-10-25; product code LYY,openfda_device_510k,K121594,2012-10-25,Substantially Equivalent,https://www.accessdata.fda.gov/scripts/cdrh/cfdocs/cfpmn/pmn.cfm?id=K121594,,strong_official_product
Teladoc Health,Teladoc Health,remote_patient_monitoring,美国远程医疗平台,round2_seed,,,,https://www.teladochealth.com/,remote_patient_monitoring; chronic_disease_management; internet_healthcare,seed_only
Teladoc Health,Teladoc Health,digital_health_or_medical_device_software,"Teladoc Health | Virtual Care, Telehealth & Expert Medical Support; Get 24/7 access to doctors, mental health support and specialty care with virtual healthcare and telehealth solutions for individuals and organizations from Teladoc Health.",round2_company_site,,,,https://www.teladochealth.com/,chronic_disease_management; internet_healthcare; mental_health,strong_company_site
"Telcam Medical Devices, Inc.",CONVEEN LEG BAG W/TUBE-DRAINAGE BAG,digital_health_or_medical_device_software,FDA 510(k) K832537; 1983-09-12; product code KNX,openfda_device_510k,K832537,1983-09-12,Substantially Equivalent,https://www.accessdata.fda.gov/scripts/cdrh/cfdocs/cfpmn/pmn.cfm?id=K832537,,strong_official_product
Tenon Medical,CATAMARAN SI Joint Fusion System,digital_health_or_medical_device_software,FDA 510(k) K260477; 2026-04-08; product code OUR,openfda_device_510k,K260477,2026-04-08,Substantially Equivalent,https://www.accessdata.fda.gov/scripts/cdrh/cfdocs/cfpmn/pmn.cfm?id=K260477,,strong_official_product
Terang Nusa Sdn Bhd,"Nugard Black Powder Free Latex Examination Glove, Polymer Coated, Contains 50 Micrograms or less of water extractable protein",digital_health_or_medical_device_software,FDA 510(k) K170779; 2017-05-24; product code LYY,openfda_device_510k,K170779,2017-05-24,Substantially Equivalent,https://www.accessdata.fda.gov/scripts/cdrh/cfdocs/cfpmn/pmn.cfm?id=K170779,,strong_official_product
Terumo Medical Corp.,"PREZA-PAK II, ARTERIAL BLOOD SAMPLING SY",digital_health_or_medical_device_software,FDA 510(k) K812338; 1981-09-23; product code CBT,openfda_device_510k,K812338,1981-09-23,Substantially Equivalent,https://www.accessdata.fda.gov/scripts/cdrh/cfdocs/cfpmn/pmn.cfm?id=K812338,,strong_official_product
Tg Medical (China) Incorporation,POWDERED VINYL EXAMINATION GLOVE,digital_health_or_medical_device_software,FDA 510(k) K052984; 2006-01-11; product code LYZ,openfda_device_510k,K052984,2006-01-11,Substantially Equivalent,https://www.accessdata.fda.gov/scripts/cdrh/cfdocs/cfpmn/pmn.cfm?id=K052984,,strong_official_product
The Biomed Group,BIO CARE OXYGEN CONCENTRATOR,digital_health_or_medical_device_software,FDA 510(k) K810272; 1981-02-25; product code CAW,openfda_device_510k,K810272,1981-02-25,Substantially Equivalent,https://www.accessdata.fda.gov/scripts/cdrh/cfdocs/cfpmn/pmn.cfm?id=K810272,,strong_official_product
The Clell Corp.,THE CELL CARE SYSTEM,digital_health_or_medical_device_software,FDA 510(k) K860537; 1986-04-17; product code KMI,openfda_device_510k,K860537,1986-04-17,Substantially Equivalent,https://www.accessdata.fda.gov/scripts/cdrh/cfdocs/cfpmn/pmn.cfm?id=K860537,,strong_official_product
The ScottCare Corporation,TeleRehab Aermos Cardiopulmonary Rehabilitation,digital_health_or_medical_device_software,FDA 510(k) K250259; 2025-06-04; product code DRG,openfda_device_510k,K250259,2025-06-04,Substantially Equivalent,https://www.accessdata.fda.gov/scripts/cdrh/cfdocs/cfpmn/pmn.cfm?id=K250259,rehabilitation,strong_official_product
The Skin Care Centre,THE DOCTOR'S CHOICE ELECTRODE,digital_health_or_medical_device_software,FDA 510(k) K895737; 1989-11-08; product code GEI,openfda_device_510k,K895737,1989-11-08,Substantially Equivalent,https://www.accessdata.fda.gov/scripts/cdrh/cfdocs/cfpmn/pmn.cfm?id=K895737,,strong_official_product
"The Snore Reliever Company, LLC",VITAL SLEEP,digital_health_or_medical_device_software,FDA 510(k) K092942; 2010-01-13; product code LRK,openfda_device_510k,K092942,2010-01-13,Substantially Equivalent,https://www.accessdata.fda.gov/scripts/cdrh/cfdocs/cfpmn/pmn.cfm?id=K092942,sleep_health,strong_official_product
Therapanacea Sas,ART-Plan,digital_health_or_medical_device_software,FDA 510(k) K230023; 2023-04-19; product code QKB,openfda_device_510k,K230023,2023-04-19,Substantially Equivalent,https://www.accessdata.fda.gov/scripts/cdrh/cfdocs/cfpmn/pmn.cfm?id=K230023,,strong_official_product
Thomasville Medical Assoc.,VARIOUS FORCEPS,digital_health_or_medical_device_software,FDA 510(k) K930799; 1994-02-24; product code HCZ,openfda_device_510k,K930799,1994-02-24,Substantially Equivalent,https://www.accessdata.fda.gov/scripts/cdrh/cfdocs/cfpmn/pmn.cfm?id=K930799,,strong_official_product
"Tns Co., Ltd.",Serafin®,digital_health_or_medical_device_software,FDA 510(k) K232074; 2024-02-22; product code NXC,openfda_device_510k,K232074,2024-02-22,Substantially Equivalent,https://www.accessdata.fda.gov/scripts/cdrh/cfdocs/cfpmn/pmn.cfm?id=K232074,,strong_official_product
"Togo Medikit Co., Ltd.","SUPERCATH 5 MODEL SP120-XX-XX, SP125-XX-XX",digital_health_or_medical_device_software,FDA 510(k) K093546; 2009-12-17; product code FOZ,openfda_device_510k,K093546,2009-12-17,Substantially Equivalent,https://www.accessdata.fda.gov/scripts/cdrh/cfdocs/cfpmn/pmn.cfm?id=K093546,,strong_official_product
Tomtec Imaging Systems GmbH,IMAGE-ARENA 4.0 AND IA APPLICATIONS 2D CARDIAC PERFORMANCE ANALYSIS 1.0,samd_or_medical_software,FDA 510(k) K090461; 2009-05-22; product code LLZ,openfda_device_510k,K090461,2009-05-22,Substantially Equivalent,https://www.accessdata.fda.gov/scripts/cdrh/cfdocs/cfpmn/pmn.cfm?id=K090461,samd; remote_patient_monitoring,strong_official_product
"Topcon Medical Systems, Inc.",IMAGENET 5 PC SOFTWARE SYSTEM,samd_or_medical_software,FDA 510(k) K132438; 2013-10-17; product code NFJ,openfda_device_510k,K132438,2013-10-17,Substantially Equivalent,https://www.accessdata.fda.gov/scripts/cdrh/cfdocs/cfpmn/pmn.cfm?id=K132438,samd,strong_official_product
Tornier S.A.S.,BLUEPRINT Patient Specific Instrumentation,digital_health_or_medical_device_software,FDA 510(k) K232265; 2024-02-21; product code PHX,openfda_device_510k,K232265,2024-02-21,Substantially Equivalent,https://www.accessdata.fda.gov/scripts/cdrh/cfdocs/cfpmn/pmn.cfm?id=K232265,,strong_official_product
"Toshiba America Medical Systems, In.C",SXT-60F/60M MOBILE C ARM X-RAY UNIT,digital_health_or_medical_device_software,FDA 510(k) K896387; 1990-02-23; product code OXO,openfda_device_510k,K896387,1990-02-23,Substantially Equivalent,https://www.accessdata.fda.gov/scripts/cdrh/cfdocs/cfpmn/pmn.cfm?id=K896387,,strong_official_product
"Toshiba America Mri, Inc.",OPART (MRT-600) VERSIONS 2 SOFTWARE UPGRADE,samd_or_medical_software,FDA 510(k) K981475; 1998-07-14; product code LNH,openfda_device_510k,K981475,1998-07-14,Substantially Equivalent,https://www.accessdata.fda.gov/scripts/cdrh/cfdocs/cfpmn/pmn.cfm?id=K981475,samd,strong_official_product
Toshiba Medical Systems,TOSHIBA DIGITAL CLINICAL THERMOMETER,digital_health_or_medical_device_software,FDA 510(k) K844124; 1984-12-07; product code FLL,openfda_device_510k,K844124,1984-12-07,Substantially Equivalent,https://www.accessdata.fda.gov/scripts/cdrh/cfdocs/cfpmn/pmn.cfm?id=K844124,,strong_official_product
Toshibamedical Systems Corporation,"DIGITAL RADIOGRAPHY SYSTEM WITH FLAT PANEL DETECTOR, MODEL DFP8000D",digital_health_or_medical_device_software,FDA 510(k) K041027; 2004-05-14; product code IZI,openfda_device_510k,K041027,2004-05-14,Substantially Equivalent,https://www.accessdata.fda.gov/scripts/cdrh/cfdocs/cfpmn/pmn.cfm?id=K041027,,strong_official_product
Transidyne General Corp.,MODEL 1050 - UMBILICAL CORD BLOOD SAMPLING KIT,digital_health_or_medical_device_software,FDA 510(k) K897133; 1990-03-30; product code CBT,openfda_device_510k,K897133,1990-03-30,Substantially Equivalent,https://www.accessdata.fda.gov/scripts/cdrh/cfdocs/cfpmn/pmn.cfm?id=K897133,,strong_official_product
"Transtimulation Research, Inc.",TEA Device,digital_health_or_medical_device_software,FDA 510(k) K230526; 2023-09-14; product code QHH,openfda_device_510k,K230526,2023-09-14,Substantially Equivalent,https://www.accessdata.fda.gov/scripts/cdrh/cfdocs/cfpmn/pmn.cfm?id=K230526,,strong_official_product
Trex Enterprises Corp.,PDX-2000 PORTABLE DIGITAL X-RAY SYSTEM,digital_health_or_medical_device_software,FDA 510(k) K012379; 2001-08-16; product code IZL,openfda_device_510k,K012379,2001-08-16,Substantially Equivalent,https://www.accessdata.fda.gov/scripts/cdrh/cfdocs/cfpmn/pmn.cfm?id=K012379,,strong_official_product
"Tung Keng Enterprise Co., Ltd.","BE-MOBILE 3-WHEELED ELECTRIC SCOOTER, MODEL DK S200",digital_health_or_medical_device_software,FDA 510(k) K033240; 2003-12-18; product code INI,openfda_device_510k,K033240,2003-12-18,Substantially Equivalent,https://www.accessdata.fda.gov/scripts/cdrh/cfdocs/cfpmn/pmn.cfm?id=K033240,,strong_official_product
"U.S. Mfg. & Management, Inc.",CONTROLLED PASSIVE MOTION MACHINE,digital_health_or_medical_device_software,FDA 510(k) K920860; 1992-04-02; product code BXB,openfda_device_510k,K920860,1992-04-02,Substantially Equivalent,https://www.accessdata.fda.gov/scripts/cdrh/cfdocs/cfpmn/pmn.cfm?id=K920860,,strong_official_product
U&I Corporation,CBT Screw Fixation System,digital_health_or_medical_device_software,FDA 510(k) K181824; 2018-12-13; product code NKB,openfda_device_510k,K181824,2018-12-13,Substantially Equivalent,https://www.accessdata.fda.gov/scripts/cdrh/cfdocs/cfpmn/pmn.cfm?id=K181824,mental_health,strong_official_product
"Uni-Patch, Inc.",TENS/FES/NMES ELECTRODES,digital_health_or_medical_device_software,FDA 510(k) K962332; 1996-07-31; product code GZJ,openfda_device_510k,K962332,1996-07-31,Substantially Equivalent,https://www.accessdata.fda.gov/scripts/cdrh/cfdocs/cfpmn/pmn.cfm?id=K962332,,strong_official_product
"United Health Group, Inc.",Optum TeleHealth Application,samd_or_medical_software,FDA 510(k) K171406; 2017-08-18; product code DRG,openfda_device_510k,K171406,2017-08-18,Substantially Equivalent,https://www.accessdata.fda.gov/scripts/cdrh/cfdocs/cfpmn/pmn.cfm?id=K171406,samd; internet_healthcare,strong_official_product
"Universal Gym Equipment, Inc.",MUSCULOSKELETAL EVALUATION REHABILITATION/CONDITIO,digital_health_or_medical_device_software,FDA 510(k) K873659; 1988-04-21; product code IKK,openfda_device_510k,K873659,1988-04-21,Substantially Equivalent,https://www.accessdata.fda.gov/scripts/cdrh/cfdocs/cfpmn/pmn.cfm?id=K873659,rehabilitation,strong_official_product
"Utah Medical Products, Inc.",ABC IN-LINE BLOOD SAMPLING KIT,digital_health_or_medical_device_software,FDA 510(k) K955663; 1997-03-17; product code CBT,openfda_device_510k,K955663,1997-03-17,Substantially Equivalent,https://www.accessdata.fda.gov/scripts/cdrh/cfdocs/cfpmn/pmn.cfm?id=K955663,,strong_official_product
"Varian Medical Systems, Inc.",ARIA Radiation Therapy Management,digital_health_or_medical_device_software,FDA 510(k) K173838; 2018-01-17; product code IYE,openfda_device_510k,K173838,2018-01-17,Substantially Equivalent,https://www.accessdata.fda.gov/scripts/cdrh/cfdocs/cfpmn/pmn.cfm?id=K173838,,strong_official_product
"Viasys Sleep Systems, LLC",MINI CPAP DEVICE AND HUMIDIFIER ACCESSORY,digital_health_or_medical_device_software,FDA 510(k) K071069; 2007-06-12; product code BZD,openfda_device_510k,K071069,2007-06-12,Substantially Equivalent,https://www.accessdata.fda.gov/scripts/cdrh/cfdocs/cfpmn/pmn.cfm?id=K071069,,strong_official_product
Vidar Systems Corp.,VIDAR VISION 2000,digital_health_or_medical_device_software,FDA 510(k) K070563; 2007-03-16; product code MQB,openfda_device_510k,K070563,2007-03-16,Substantially Equivalent,https://www.accessdata.fda.gov/scripts/cdrh/cfdocs/cfpmn/pmn.cfm?id=K070563,,strong_official_product
"Vignet, Inc.",VIGNET TELEHEALTH MANAGER,digital_health_or_medical_device_software,FDA 510(k) K113446; 2012-07-16; product code DRG,openfda_device_510k,K113446,2012-07-16,Substantially Equivalent,https://www.accessdata.fda.gov/scripts/cdrh/cfdocs/cfpmn/pmn.cfm?id=K113446,internet_healthcare,strong_official_product
Virta Health,Virta Health,digital_health_or_medical_device_software,美国糖尿病/代谢慢病虚拟诊疗公司,round2_seed,,,,https://www.virtahealth.com/,chronic_disease_management; internet_healthcare,seed_only
Virta Health,Virta Health,digital_health_or_medical_device_software,Sustainable Weight Loss and Diabetes Reversal | Virta Health,round2_company_site,,,,https://www.virtahealth.com/,chronic_disease_management; internet_healthcare,strong_company_site
"Vista Lifesciences, Inc.",ANAM Test System,digital_health_or_medical_device_software,FDA 510(k) K201376; 2021-03-25; product code POM,openfda_device_510k,K201376,2021-03-25,Substantially Equivalent,https://www.accessdata.fda.gov/scripts/cdrh/cfdocs/cfpmn/pmn.cfm?id=K201376,,strong_official_product
"Vista Lifesciences, Inc.",ANAM Test System: Military Battery,digital_health_or_medical_device_software,FDA 510(k) K150154; 2015-08-28; product code PKQ,openfda_device_510k,K150154,2015-08-28,Substantially Equivalent,https://www.accessdata.fda.gov/scripts/cdrh/cfdocs/cfpmn/pmn.cfm?id=K150154,,strong_official_product
"Viterion Telehealthcare, LLC",VITERION 100 TELEHEALTH MONITOR,digital_health_or_medical_device_software,FDA 510(k) K030419; 2003-11-06; product code MWI,openfda_device_510k,K030419,2003-11-06,Substantially Equivalent,https://www.accessdata.fda.gov/scripts/cdrh/cfdocs/cfpmn/pmn.cfm?id=K030419,internet_healthcare,strong_official_product
"Vivometrics, Inc.",LIFESHIRT REAL-TIME WITH VIVOMONITOR SOFTWARE,samd_or_medical_software,FDA 510(k) K043604; 2005-04-29; product code DQK,openfda_device_510k,K043604,2005-04-29,Substantially Equivalent,https://www.accessdata.fda.gov/scripts/cdrh/cfdocs/cfpmn/pmn.cfm?id=K043604,samd,strong_official_product
Volcano Corporation,Volcano Visions PV .018 Digital IVUS Catheter,digital_health_or_medical_device_software,FDA 510(k) K150442; 2015-09-04; product code OBJ,openfda_device_510k,K150442,2015-09-04,Substantially Equivalent,https://www.accessdata.fda.gov/scripts/cdrh/cfdocs/cfpmn/pmn.cfm?id=K150442,,strong_official_product
Voluntis,Theraxium,digital_therapeutics_or_dtx,法国数字疗法公司，后并入 Aptar Digital Health,round2_seed,,,,https://www.aptardigitalhealth.com/,digital_therapeutics; samd,seed_only
Voluntis,Theraxium,samd_or_medical_software,"Home | Aptar Digital Health; We are on a mission to enhance the patient experiences, leveraging robust platforms and a team of experts to offer differentiating experiences",round2_company_site,,,,https://aptardigitalhealth.com/,samd,strong_company_site
Voluntis Sa.,Insulia Diabetes Management Companion,digital_health_or_medical_device_software,FDA 510(k) K170669; 2017-06-19; product code NDC,openfda_device_510k,K170669,2017-06-19,Substantially Equivalent,https://www.accessdata.fda.gov/scripts/cdrh/cfdocs/cfpmn/pmn.cfm?id=K170669,chronic_disease_management,strong_official_product
Warner-Lambert Co.,DESERET ARTERIAL BLOOD SAMPLING KIT,digital_health_or_medical_device_software,FDA 510(k) K822248; 1982-10-21; product code CBT,openfda_device_510k,K822248,1982-10-21,Substantially Equivalent,https://www.accessdata.fda.gov/scripts/cdrh/cfdocs/cfpmn/pmn.cfm?id=K822248,,strong_official_product
Watermark Medical,CONNECTED CARE MOBILE APPLICATION,samd_or_medical_software,FDA 510(k) K120325; 2012-07-18; product code DRG,openfda_device_510k,K120325,2012-07-18,Substantially Equivalent,https://www.accessdata.fda.gov/scripts/cdrh/cfdocs/cfpmn/pmn.cfm?id=K120325,samd,strong_official_product
WellDoc,BlueStar,digital_therapeutics_or_dtx,美国糖尿病数字疗法公司,round2_seed,,,,https://www.welldoc.com/,digital_therapeutics; chronic_disease_management,seed_only
WellDoc,BlueStar,digital_health_or_medical_device_software,Welldoc | Healthcare-Ready AI,round2_company_site,,,,https://www.welldoc.com/,chronic_disease_management,strong_company_site
"Wen Hao, Inc.",EXAM GLOVES (MFG. GUEY HER ENT. CO. LTD),digital_health_or_medical_device_software,FDA 510(k) K893025; 1990-01-23; product code LYY,openfda_device_510k,K893025,1990-01-23,Substantially Equivalent,https://www.accessdata.fda.gov/scripts/cdrh/cfdocs/cfpmn/pmn.cfm?id=K893025,,strong_official_product
Wfr/Aquaplast Corp.,"ACCUFIX RADIOLUCENT PELVIS AND BELLY BOARDS, ACCUFIX CANTILEVER HEAD BOARD WITH SHOULDER DEPRESSION, ACCUFIX RADIOLUCENT",digital_health_or_medical_device_software,FDA 510(k) K032156; 2003-09-02; product code IYE,openfda_device_510k,K032156,2003-09-02,Substantially Equivalent,https://www.accessdata.fda.gov/scripts/cdrh/cfdocs/cfpmn/pmn.cfm?id=K032156,mental_health,strong_official_product
"Whiplash Analysis, Inc.",CERVICAL FUNCTION INDICATOR,digital_health_or_medical_device_software,FDA 510(k) K943430; 1995-03-13; product code LXJ,openfda_device_510k,K943430,1995-03-13,Substantially Equivalent,https://www.accessdata.fda.gov/scripts/cdrh/cfdocs/cfpmn/pmn.cfm?id=K943430,,strong_official_product
"Widex Hearing Aid Co., Inc.",WIDEX BTE HEARING AID MODEL Q16 WITH REMOTE,digital_health_or_medical_device_software,FDA 510(k) K897033; 1990-05-23; product code ESD,openfda_device_510k,K897033,1990-05-23,Substantially Equivalent,https://www.accessdata.fda.gov/scripts/cdrh/cfdocs/cfpmn/pmn.cfm?id=K897033,,strong_official_product
Woebot Health,Woebot,digital_therapeutics_or_dtx,数字心理健康公司,round2_seed,,,,https://woebothealth.com/,digital_therapeutics; mental_health,seed_only
Woebot Health,Woebot,digital_therapeutics_or_dtx,Woebot Health; 🚀 Pioneering chat-based AI wellness solutions since 2017.,round2_company_site,,,,https://woebothealth.com/,digital_therapeutics,strong_company_site
Wrp Specialty Products Sdn. Bhd.,"DERMAGRIP AND MULTIPLE POWDER FREE PURPLE NITRILE EXAMINATION GLOVES, NON-STERILE",digital_health_or_medical_device_software,FDA 510(k) K021396; 2002-05-16; product code LZA,openfda_device_510k,K021396,2002-05-16,Substantially Equivalent,https://www.accessdata.fda.gov/scripts/cdrh/cfdocs/cfpmn/pmn.cfm?id=K021396,,strong_official_product
"Wuestec Medical, Inc.",LIGHTLINE-M,digital_health_or_medical_device_software,FDA 510(k) K974240; 1997-12-22; product code IZX,openfda_device_510k,K974240,1997-12-22,Substantially Equivalent,https://www.accessdata.fda.gov/scripts/cdrh/cfdocs/cfpmn/pmn.cfm?id=K974240,,strong_official_product
"Wuxi Shenzhou Plastic Products Co., Ltd.",POWDER-FREE VINYL PATIENT EXAMINATION GLOVES,digital_health_or_medical_device_software,FDA 510(k) K070149; 2007-02-23; product code LYZ,openfda_device_510k,K070149,2007-02-23,Substantially Equivalent,https://www.accessdata.fda.gov/scripts/cdrh/cfdocs/cfpmn/pmn.cfm?id=K070149,,strong_official_product
"Yurob Rehabilitation Medical Co., Ltd.","Electrically Power Wheelchairs (Models:YLB-W-0812-A01, YLB-W-0812-A02, YLB-W-0812-A03)",digital_health_or_medical_device_software,FDA 510(k) K232193; 2023-09-22; product code ITI,openfda_device_510k,K232193,2023-09-22,Substantially Equivalent,https://www.accessdata.fda.gov/scripts/cdrh/cfdocs/cfpmn/pmn.cfm?id=K232193,,strong_official_product
"Zdi, Solutions, LLC","Z-Box/Z-Tilt Breast and Thoracic Positioning Device, Z-Square Indexing System, Z-Foam, Z-Bar Index Bar, Z-Pulls Patient Hand Grip Overlay",digital_health_or_medical_device_software,FDA 510(k) K162002; 2016-11-01; product code IYE,openfda_device_510k,K162002,2016-11-01,Substantially Equivalent,https://www.accessdata.fda.gov/scripts/cdrh/cfdocs/cfpmn/pmn.cfm?id=K162002,,strong_official_product
Zephyr Sleep Technologies,MATRx plus,digital_health_or_medical_device_software,FDA 510(k) K163665; 2017-05-05; product code MNR,openfda_device_510k,K163665,2017-05-05,Substantially Equivalent,https://www.accessdata.fda.gov/scripts/cdrh/cfdocs/cfpmn/pmn.cfm?id=K163665,,strong_official_product
Zephyr Sleep Technologies,MATRx plus,digital_health_or_medical_device_software,FDA 510(k) DEN170090; 2018-08-23; product code QCJ,openfda_device_510k,DEN170090,2018-08-23,Unknown,https://www.accessdata.fda.gov/scripts/cdrh/cfdocs/cfpmn/pmn.cfm?id=DEN170090,,strong_official_product
"Zephyr Sleep Technologies, Inc.","REMOTELY CONTROLLED MANDIBULAR POSITIONER, RCMP",digital_health_or_medical_device_software,FDA 510(k) K103704; 2012-03-23; product code LRK,openfda_device_510k,K103704,2012-03-23,Substantially Equivalent,https://www.accessdata.fda.gov/scripts/cdrh/cfdocs/cfpmn/pmn.cfm?id=K103704,,strong_official_product
"Zephyr Sleep Technologies, Inc.",TD Clip,digital_health_or_medical_device_software,FDA 510(k) K190051; 2019-06-07; product code LRK,openfda_device_510k,K190051,2019-06-07,Substantially Equivalent,https://www.accessdata.fda.gov/scripts/cdrh/cfdocs/cfpmn/pmn.cfm?id=K190051,,strong_official_product
"Zhejiang Innuovo Rehabilitation Devices Co.,Ltd",Mobility Scooter (Models: W3431D),digital_health_or_medical_device_software,FDA 510(k) K231428; 2023-07-14; product code INI,openfda_device_510k,K231428,2023-07-14,Substantially Equivalent,https://www.accessdata.fda.gov/scripts/cdrh/cfdocs/cfpmn/pmn.cfm?id=K231428,,strong_official_product
"Zhejiang Innuovo Rehabilitation Devices Co.,Ltd","Mobility Scooter (Models: W3431Q, W3431R)",digital_health_or_medical_device_software,FDA 510(k) K222507; 2023-02-28; product code INI,openfda_device_510k,K222507,2023-02-28,Substantially Equivalent,https://www.accessdata.fda.gov/scripts/cdrh/cfdocs/cfpmn/pmn.cfm?id=K222507,,strong_official_product
"Zhejiang Innuovo Rehabilitation Devices Co.,Ltd",Mobility Scooter (N3473),digital_health_or_medical_device_software,FDA 510(k) K242387; 2024-10-11; product code INI,openfda_device_510k,K242387,2024-10-11,Substantially Equivalent,https://www.accessdata.fda.gov/scripts/cdrh/cfdocs/cfpmn/pmn.cfm?id=K242387,,strong_official_product
"Zhejiang Innuovo Rehabilitation Devices Co.,Ltd",Mobility Scooter (W3331),digital_health_or_medical_device_software,FDA 510(k) K240008; 2024-06-05; product code INI,openfda_device_510k,K240008,2024-06-05,Substantially Equivalent,https://www.accessdata.fda.gov/scripts/cdrh/cfdocs/cfpmn/pmn.cfm?id=K240008,,strong_official_product
"Zhejiang Innuovo Rehabilitation Devices Co.,Ltd","Mobility Scooter, Model W3468",digital_health_or_medical_device_software,FDA 510(k) K220207; 2022-03-24; product code INI,openfda_device_510k,K220207,2022-03-24,Substantially Equivalent,https://www.accessdata.fda.gov/scripts/cdrh/cfdocs/cfpmn/pmn.cfm?id=K220207,,strong_official_product
"Zhejiang Innuovo Rehabilitation Devices Co.,Ltd",Power Wheelchair (W5538),digital_health_or_medical_device_software,FDA 510(k) K242471; 2024-11-18; product code ITI,openfda_device_510k,K242471,2024-11-18,Substantially Equivalent,https://www.accessdata.fda.gov/scripts/cdrh/cfdocs/cfpmn/pmn.cfm?id=K242471,,strong_official_product
"Zhejiang Innuovo Rehabilitation Devices Co.,Ltd","Power Wheelchair, W5521",digital_health_or_medical_device_software,FDA 510(k) K231508; 2023-11-09; product code ITI,openfda_device_510k,K231508,2023-11-09,Substantially Equivalent,https://www.accessdata.fda.gov/scripts/cdrh/cfdocs/cfpmn/pmn.cfm?id=K231508,,strong_official_product
"Zhonghong Pulin Medical Products Co., Ltd.","Nitrile Exam Glove, Tested For Use With Chemotherapy Drugs And Fentanyl",digital_health_or_medical_device_software,FDA 510(k) K231029; 2023-10-30; product code LZA,openfda_device_510k,K231029,2023-10-30,Substantially Equivalent,https://www.accessdata.fda.gov/scripts/cdrh/cfdocs/cfpmn/pmn.cfm?id=K231029,,strong_official_product
"Zoe Medical, Inc.",NIGHTINGALE MONITORING SYSTEM,remote_patient_monitoring,FDA 510(k) K130740; 2013-07-23; product code MWI,openfda_device_510k,K130740,2013-07-23,Substantially Equivalent,https://www.accessdata.fda.gov/scripts/cdrh/cfdocs/cfpmn/pmn.cfm?id=K130740,remote_patient_monitoring,strong_official_product
丁香园,丁香园,digital_health_or_medical_device_software,中国知名医生/医疗健康平台,round2_seed,,,,https://www.dxy.cn/,health_management_platform; clinical_workflow; patient_engagement,seed_only
丁香园,丁香园,digital_health_or_medical_device_software,丁香园_医疗领域的连接者_丁香园生物医药科技网; 丁香园是面向医生、医疗机构、医药从业者以及生命科学领域人士的专业性社会化网络，提供医学、医疗、药学、生命科学等相关领域的交流平台、专业知识、最新科研进展以及技术服务。,round2_company_site,,,,https://www.dxy.cn/,health_management_platform; clinical_workflow; patient_engagement,strong_company_site
上海卓昕医疗科技有限公司,移动式C形臂X射线机,digital_health_or_medical_device_software,NMPA UDI 06975260510153; GS1; DSI-CP,nmpa_udi,06975260510153,,--,https://udi.nmpa.gov.cn/showDetailCX.html?deviceRecordKey=0697526051015320260310102355590,,strong_official_product
上海卓昕医疗科技有限公司,移动式C形臂X射线机,digital_health_or_medical_device_software,NMPA UDI 06975260510160; GS1; DSI-CS,nmpa_udi,06975260510160,,--,https://udi.nmpa.gov.cn/showDetailCX.html?deviceRecordKey=0697526051016020260310102633864,,strong_official_product
上海卓昕医疗科技有限公司,移动式C形臂X射线机,digital_health_or_medical_device_software,NMPA UDI 06975260510054; GS1; DSI-CTT,nmpa_udi,06975260510054,,--,https://udi.nmpa.gov.cn/showDetailCX.html?deviceRecordKey=0697526051005420250714040147634,,strong_official_product
上海卓昕医疗科技有限公司,移动式C形臂X射线机,digital_health_or_medical_device_software,国械注准20263060212; 该产品临床适用于在外科手术时提供成人X射线透视、摄影和体层图像。,nmpa_udi_detail,国械注准20263060212,,,https://udi.nmpa.gov.cn/showDetailCX.html?deviceRecordKey=0697526051015320260310102355590,,strong_official_product
上海卓昕医疗科技有限公司,移动式C形臂X射线机,digital_health_or_medical_device_software,国械注准20243062360; 产品临床适用于在外科手术时提供X射线透视、摄影及体层图像。,nmpa_udi_detail,国械注准20243062360,,,https://udi.nmpa.gov.cn/showDetailCX.html?deviceRecordKey=0697526051005420250714040147634,,strong_official_product
上海导向医疗系统有限公司,医学图像处理软件,samd_or_medical_software,NMPA UDI 06949339103362; GS1; AT-AP-CTPS,nmpa_udi,06949339103362,,--,https://udi.nmpa.gov.cn/showDetailCX.html?deviceRecordKey=0694933910336220260506035412241,samd,strong_official_product
上海导向医疗系统有限公司,医学图像处理软件,samd_or_medical_software,沪械注准20262210178; 产品为 C/S 架构，通过 U 盘交付，软件功能模块包括患者数据管理、感兴趣区勾画、几何图形融合、图像序列比较、打印报告。,nmpa_udi_detail,沪械注准20262210178,,,https://udi.nmpa.gov.cn/showDetailCX.html?deviceRecordKey=0694933910336220260506035412241,samd,strong_official_product
上海微创医疗机器人（集团）股份有限公司,远程通讯工作站,remote_patient_monitoring,NMPA UDI 06971621541897; GS1; TSA8C0,nmpa_udi,06971621541897,,--,https://udi.nmpa.gov.cn/showDetailCX.html?deviceRecordKey=0697162154189720250714111901457,remote_patient_monitoring,strong_official_product
上海微创医疗机器人（集团）股份有限公司,远程通讯工作站,remote_patient_monitoring,国械注准20223010108; 远程通讯工作站,nmpa_udi_detail,国械注准20223010108,,,https://udi.nmpa.gov.cn/showDetailCX.html?deviceRecordKey=0697162154189720250714111901457,remote_patient_monitoring,strong_official_product
上海联影智能科技股份有限公司,主动脉夹层CT血管造影图像辅助分诊软件,samd_or_medical_software,NMPA UDI 06974197600333; GS1; uAI-AorticDissection，发布版本：1.0,nmpa_udi,06974197600333,,--,https://udi.nmpa.gov.cn/showDetailCX.html?deviceRecordKey=0697419760033320241126113220827,samd,strong_official_product
上海联影智能科技股份有限公司,主动脉夹层CT血管造影图像辅助分诊软件,samd_or_medical_software,国械注准20243212363; 本产品由软件安装程序、授权文件组成，功能模块包括服务器端和浏览器端，浏览器端含登录、患者管理、图像处理与显示、服务模块，服务器端含数据访问和存储、数据同步服务、算法服务（深度学习）、胶片打印服务、图像归档服务模块。发布版本：1.0。,nmpa_udi_detail,国械注准20243212363,,,https://udi.nmpa.gov.cn/showDetailCX.html?deviceRecordKey=0697419760033320241126113220827,samd; health_management_platform; patient_engagement,strong_official_product
上海联影智能科技股份有限公司,乳腺X射线图像辅助检测软件,samd_or_medical_software,NMPA UDI 06974197600609; GS1; uAI-MammoCare，发布版本1.1,nmpa_udi,06974197600609,,--,https://udi.nmpa.gov.cn/showDetailCX.html?deviceRecordKey=0697419760060920241028111026135,samd,strong_official_product
上海联影智能科技股份有限公司,乳腺X射线图像辅助检测软件,samd_or_medical_software,国械注准20243212113; 本产品由软件安装程序组成。浏览器端由登录、图像浏览web 服务和配置服务模块组成。服务器端由数据访问和存储、数据同步服务和基于深度学习的算法服务模块组成。发布版本1.1。,nmpa_udi_detail,国械注准20243212113,,,https://udi.nmpa.gov.cn/showDetailCX.html?deviceRecordKey=0697419760060920241028111026135,samd,strong_official_product
上海联影智能科技股份有限公司,冠状动脉CT血流储备分数计算软件,samd_or_medical_software,NMPA UDI 06974197600197; GS1; uAI-FFRCT，发布版本1. 0,nmpa_udi,06974197600197,,--,https://udi.nmpa.gov.cn/showDetailCX.html?deviceRecordKey=0697419760019720240429052949398,samd,strong_official_product
上海联影智能科技股份有限公司,冠状动脉CT血流储备分数计算软件,samd_or_medical_software,"国械注准20243210771; 本产品基于冠脉CT 血管影像计算获得 CT 血流储备分数 , 在进行冠脉血管造影检查之前 , 辅助培训合格的医技人员评估稳定性冠心病 (SCAD)患者的功能性心肌缺血症状。临床医生还应结合患者的病史、症状以及相关诊断结果进行综合评判。本产品不适用于急性冠脉综合征 (ACS) 等急性胸痛患者。",nmpa_udi_detail,国械注准20243210771,,,https://udi.nmpa.gov.cn/showDetailCX.html?deviceRecordKey=0697419760019720240429052949398,samd; clinical_workflow,strong_official_product
上海联影智能科技股份有限公司,冠状动脉CT造影图像血管狭窄辅助评估软件,samd_or_medical_software,NMPA UDI 06974197600289; GS1; uAI-CoronaryCTA，发布版本：3.0,nmpa_udi,06974197600289,,--,https://udi.nmpa.gov.cn/showDetailCX.html?deviceRecordKey=0697419760028920230824020708139,samd,strong_official_product
上海联影智能科技股份有限公司,冠状动脉CT造影图像血管狭窄辅助评估软件,samd_or_medical_software,国械注准20233211066; 用于冠状动脉CT血管造影图像的显示、处理、分析，可对冠状动脉血管是否存在50%及以上狭窄进行辅助分诊评估，供经培训合格的医师使用，不能单独用作临床诊疗决策依据。不适用于急性冠脉综合征（ACS）等急性胸痛患者。,nmpa_udi_detail,国械注准20233211066,,,https://udi.nmpa.gov.cn/showDetailCX.html?deviceRecordKey=0697419760028920230824020708139,samd,strong_official_product
上海联影智能科技股份有限公司,前列腺癌MRI图像轮廓勾画软件,samd_or_medical_software,NMPA UDI 06974197600357; GS1; uAI-ProstateMR，发布版本1.0,nmpa_udi,06974197600357,,--,https://udi.nmpa.gov.cn/showDetailCX.html?deviceRecordKey=0697419760035720250819103137751,samd,strong_official_product
上海联影智能科技股份有限公司,前列腺癌MRI图像轮廓勾画软件,samd_or_medical_software,国械注准20253211569; 由软件安装程序组成，功能模块包括服务器端和浏览器端。其中，浏览器端含登录、患者管理、前列腺癌辅助检测（深度学习）、图像归档、报告、服务模块，服务器端含数据访问和存储、数据同步服务、算法服务（深度学习）模块。,nmpa_udi_detail,国械注准20253211569,,,https://udi.nmpa.gov.cn/showDetailCX.html?deviceRecordKey=0697419760035720250819103137751,samd; health_management_platform; patient_engagement,strong_official_product
上海联影智能科技股份有限公司,放射治疗轮廓勾画软件,samd_or_medical_software,NMPA UDI 06974197600005; GS1; uAI-Coutour，发布版本R001,nmpa_udi,06974197600005,,--,https://udi.nmpa.gov.cn/showDetailCX.html?deviceRecordKey=0697419760000520220614030658366,samd,strong_official_product
上海联影智能科技股份有限公司,放射治疗轮廓勾画软件,samd_or_medical_software,国械注准20193211035; 通过FTP下载方式交付，功能模块包括：患者数据管理模块、轮廓勾画模块、服务模块。,nmpa_udi_detail,国械注准20193211035,,,https://udi.nmpa.gov.cn/showDetailCX.html?deviceRecordKey=0697419760000520220614030658366,samd,strong_official_product
上海联影智能科技股份有限公司,缺血性卒中CT图像辅助评估软件,samd_or_medical_software,NMPA UDI 06974197600418; GS1; uAI-IschemicStroke，发布版本1.0,nmpa_udi,06974197600418,,--,https://udi.nmpa.gov.cn/showDetailCX.html?deviceRecordKey=0697419760041820250826044449746,samd,strong_official_product
上海联影智能科技股份有限公司,缺血性卒中CT图像辅助评估软件,samd_or_medical_software,国械注准20253211716; 本产品由软件安装程序和授权文件组成，包括服务器端及浏览器端。浏览器端由登录、患者管理、图像处理与分析（含基于深度学习的ASPECTS评分分析）、服务模块组成。服务器端由数据访问和存储、数据同步服务、算法服务模块（深度学习）、自动归档模块组成。,nmpa_udi_detail,国械注准20253211716,,,https://udi.nmpa.gov.cn/showDetailCX.html?deviceRecordKey=0697419760041820250826044449746,samd; health_management_platform; patient_engagement,strong_official_product
上海联影智能科技股份有限公司,肺栓塞CT血管造影图像辅助分诊软件,samd_or_medical_software,NMPA UDI 06974197600302; GS1; uAI-PulmonaryEmbolism，发布版本1.0,nmpa_udi,06974197600302,,--,https://udi.nmpa.gov.cn/showDetailCX.html?deviceRecordKey=0697419760030220240927040446847,samd,strong_official_product
上海联影智能科技股份有限公司,肺栓塞CT血管造影图像辅助分诊软件,samd_or_medical_software,国械注准20243211866; 由软件安装程序和授权文件组成，功能模块包括浏览器端和服务器端，其中浏览器端由登录、患者管理、图像处理与显示（深度学习）、服务模块组成，服务器端由算法服务（深度学习）、数 据同步服务、数据访问和存储、胶片打印服务、图像归档服务模块组成。发布版本1.0。,nmpa_udi_detail,国械注准20243211866,,,https://udi.nmpa.gov.cn/showDetailCX.html?deviceRecordKey=0697419760030220240927040446847,samd; health_management_platform; patient_engagement,strong_official_product
上海联影智能科技股份有限公司,肺炎CT影像辅助分诊与评估软件,samd_or_medical_software,NMPA UDI 06974197600029; GS1; uAI-Discover-NCP，发布版本R001,nmpa_udi,06974197600029,,--,https://udi.nmpa.gov.cn/showDetailCX.html?deviceRecordKey=0697419760002920220614032338768,samd,strong_official_product
上海联影智能科技股份有限公司,肺炎CT影像辅助分诊与评估软件,samd_or_medical_software,国械注准20213210607; 本软件由服务器端及浏览器端构成。浏览器端由患者管理模块、图像处理模块和服务模块组成，服务器端由数据访问和存储模块、数据同步模块和基于深度学习算法的图像处理模块组成。软件通过FTP下载的方式交付。,nmpa_udi_detail,国械注准20213210607,,,https://udi.nmpa.gov.cn/showDetailCX.html?deviceRecordKey=0697419760002920220614032338768,samd; health_management_platform; patient_engagement,strong_official_product
上海联影智能科技股份有限公司,肺结节CT图像辅助检测软件,samd_or_medical_software,NMPA UDI 06974197600364; GS1; uAI-PioneerChest，发布版本1.1,nmpa_udi,06974197600364,,--,https://udi.nmpa.gov.cn/showDetailCX.html?deviceRecordKey=0697419760036420231106092432531,samd,strong_official_product
上海联影智能科技股份有限公司,肺结节CT图像辅助检测软件,samd_or_medical_software,国械注准20233211594; 由软件安装程序和授权文件组成，功能模块包括客户端、服务器端。其中，客户端含登录管理、肺结节CT影像辅助检测、三维重建、数据管理保存与导出和服务模块，服务器端含业务层、数据访问和存储层，业务层包含接口服务、数据导入服务、数据解析服务、基于深度学习的算法服务和报告服务，数据访问和存储层包含数据库和文件服务。,nmpa_udi_detail,国械注准20233211594,,,https://udi.nmpa.gov.cn/showDetailCX.html?deviceRecordKey=0697419760036420231106092432531,samd,strong_official_product
上海联影智能科技股份有限公司,肺结节CT图像辅助诊断软件,samd_or_medical_software,NMPA UDI 06974197600739; GS1; uAI-PulmonaryNodules，发布版本1.1,nmpa_udi,06974197600739,,--,https://udi.nmpa.gov.cn/showDetailCX.html?deviceRecordKey=0697419760073920260413112825851,samd; clinical_workflow,strong_official_product
上海联影智能科技股份有限公司,肺结节CT图像辅助诊断软件,samd_or_medical_software,国械注准20263210668; 由软件安装程序和授权文件组成，功能模块包含浏览器端和服务器端，其中浏览器端包含表示层，包括登录管理、肺结节CT图像辅助诊断、患者管理和服务模块。服务端包含业务层、数据访问和存储层。业务层包含算法服务（基于深度学习）、图像归档/打印服务和数据同步服务。数据访问和存储层包含数据库和文件服务。,nmpa_udi_detail,国械注准20263210668,,,https://udi.nmpa.gov.cn/showDetailCX.html?deviceRecordKey=0697419760073920260413112825851,samd; health_management_platform; clinical_workflow; patient_engagement,strong_official_product
上海联影智能科技股份有限公司,肺结节CT影像辅助检测软件,samd_or_medical_software,NMPA UDI 06974197600012; GS1; uAI-ChestCare，发布版本R001,nmpa_udi,06974197600012,,--,https://udi.nmpa.gov.cn/showDetailCX.html?deviceRecordKey=0697419760001220220614031516122,samd,strong_official_product
上海联影智能科技股份有限公司,肺结节CT影像辅助检测软件,samd_or_medical_software,国械注准20213210471; 由服务器端、浏览器端组成，通过FTP下载方式交付。其中，浏览器端含患者管理模块、图像处理模块、服务模块，服务器端含数据访问和存储模块、数据同步模块、深度学习算法模块。,nmpa_udi_detail,国械注准20213210471,,,https://udi.nmpa.gov.cn/showDetailCX.html?deviceRecordKey=0697419760001220220614031516122,samd; health_management_platform; patient_engagement,strong_official_product
上海联影智能科技股份有限公司,脑缺血CT灌注图像辅助评估软件,samd_or_medical_software,NMPA UDI 06974197600654; GS1; uAI–CT_CerebralPerfusion，发布版本1.1,nmpa_udi,06974197600654,,--,https://udi.nmpa.gov.cn/showDetailCX.html?deviceRecordKey=0697419760065420250709110549577,samd,strong_official_product
上海联影智能科技股份有限公司,脑缺血CT灌注图像辅助评估软件,samd_or_medical_software,国械注准20253211313; 由软件安装程序和授权文件组成，功能模块包括浏览器端、服务器端，其中浏览器端由登录、患者管理、图像浏览与处理、服务模块组成，服务器端由算法服务（深度学习）、数据同步服务、数据访问和存储模块组成。 用于脑灌注CT图像的显示、处理和测量，可辅助评估缺血性卒中成人患者梗死区、缺血半暗带的体积，供经培训合格的医师临床使用，不能单独作为临床决策的依据。,nmpa_udi_detail,国械注准20253211313,,,https://udi.nmpa.gov.cn/showDetailCX.html?deviceRecordKey=0697419760065420250709110549577,samd; health_management_platform; patient_engagement,strong_official_product
上海联影智能科技股份有限公司,颅内出血CT影像辅助分诊软件,samd_or_medical_software,NMPA UDI 06974197600159; GS1; uAI-HematomaCare，发布版本：R002,nmpa_udi,06974197600159,,--,https://udi.nmpa.gov.cn/showDetailCX.html?deviceRecordKey=0697419760015920220614032656358,samd,strong_official_product
上海联影智能科技股份有限公司,颅内出血CT影像辅助分诊软件,samd_or_medical_software,国械注准20223210309; 本软件由服务器端及浏览器端构成。浏览器端由患者管理模块、结果显示和编辑模块 、服务模块组成，服务器端由数据访问和存储模块、数据同步模块和基于深度学习算法的图像处理模块组成。软件通过FTP下载的方式交付。,nmpa_udi_detail,国械注准20223210309,,,https://udi.nmpa.gov.cn/showDetailCX.html?deviceRecordKey=0697419760015920220614032656358,samd; health_management_platform; patient_engagement,strong_official_product
上海联影智能科技股份有限公司,颅内动脉瘤CT血管造影图像辅助检测软件,samd_or_medical_software,NMPA UDI 06974197600586; GS1; uAI-CTA-HeadNeckVessels，发布版本2.2,nmpa_udi,06974197600586,,--,https://udi.nmpa.gov.cn/showDetailCX.html?deviceRecordKey=0697419760058620241008035234980,samd,strong_official_product
上海联影智能科技股份有限公司,颅内动脉瘤CT血管造影图像辅助检测软件,samd_or_medical_software,国械注准20243211923; 由软件安装程序和授权文件组成，功能模块包括浏览器端、服务器端，其中浏览器端由登录、患者管理、头颈血管分割与动脉瘤辅助检测（深度学习）、图像归档、胶片打印、服务模块组成，服务器端由算法服务（深度学习）、数据同步服务、数据访问和存储模块组成。发布版本2.2,nmpa_udi_detail,国械注准20243211923,,,https://udi.nmpa.gov.cn/showDetailCX.html?deviceRecordKey=0697419760058620241008035234980,samd; health_management_platform; patient_engagement,strong_official_product
上海联影智能科技股份有限公司,骨折CT影像辅助检测软件,samd_or_medical_software,NMPA UDI 06974197600036; GS1; uAI-BoneCare，发布版本R001,nmpa_udi,06974197600036,,--,https://udi.nmpa.gov.cn/showDetailCX.html?deviceRecordKey=0697419760003620220614031938232,samd,strong_official_product
上海联影智能科技股份有限公司,骨折CT影像辅助检测软件,samd_or_medical_software,国械注准20203210862; 本软件功能模块包括:基于深度学习的CT肋骨骨折辅助检测、患者管理、图像处理和服务模块。软件通过FTP下载的方式交付。,nmpa_udi_detail,国械注准20203210862,,,https://udi.nmpa.gov.cn/showDetailCX.html?deviceRecordKey=0697419760003620220614031938232,samd; health_management_platform; patient_engagement,strong_official_product
上海远心医疗科技有限公司,远程遥测心电分析软件,samd_or_medical_software,NMPA UDI 06978304100150; GS1; EPAY-EWS-1A,nmpa_udi,06978304100150,,--,https://udi.nmpa.gov.cn/showDetailCX.html?deviceRecordKey=0697830410015020251126054846763,samd; remote_patient_monitoring,strong_official_product
上海远心医疗科技有限公司,远程遥测心电分析软件,samd_or_medical_software,沪械注准20232210173; 远程遥测心电分析软件,nmpa_udi_detail,沪械注准20232210173,,,https://udi.nmpa.gov.cn/showDetailCX.html?deviceRecordKey=0697830410015020251126054846763,samd; remote_patient_monitoring,strong_official_product
上海镜影信息科技有限公司,电子支气管镜影像辅助质控软件,samd_or_medical_software,NMPA UDI 06977550440010; GS1; EV BRO-100,nmpa_udi,06977550440010,,--,https://udi.nmpa.gov.cn/showDetailCX.html?deviceRecordKey=0697755044001020260417012010264,samd,strong_official_product
上海镜影信息科技有限公司,电子支气管镜影像辅助质控软件,samd_or_medical_software,沪械注准20262210045; 结构组成：产品基于C/S架构，单机部署，由USB闪存盘和随机文件组成。产品功能模块包括：用户登录模块、电子支气管镜影像监测模块（基于深度学习）、系统管理模块、软件退出模块。 适用范围：产品与内窥镜设备联合使用，用于内窥镜操作时进行电子支气管镜影像监测（包括支气管镜检查的共31个正常位点的识别）。仅用于辅助监测，不能代替医生诊断。,nmpa_udi_detail,沪械注准20262210045,,,https://udi.nmpa.gov.cn/showDetailCX.html?deviceRecordKey=0697755044001020260417012010264,samd; remote_patient_monitoring; clinical_workflow,strong_official_product
上海镜影信息科技有限公司,电子鼻咽喉镜影像辅助质控软件,samd_or_medical_software,NMPA UDI 06977550440003; GS1; EV ENT-100,nmpa_udi,06977550440003,,--,https://udi.nmpa.gov.cn/showDetailCX.html?deviceRecordKey=0697755044000320260416053639337,samd,strong_official_product
上海镜影信息科技有限公司,电子鼻咽喉镜影像辅助质控软件,samd_or_medical_software,沪械注准20262210043; 结构组成：本产品基于C/S架构，单机部署。产品由USB闪盘和随机文件组成，功能模块包括：用户登录模块、电子鼻咽喉镜影像监测模块（基于深度学习）、系统管理模块和软件退出模块。 预期用途：本产品与内窥镜设备联合使用，用于电子鼻咽喉镜检查操作过程中实时进行鼻咽喉部位内镜影像处理（包括鼻咽喉检查的11个正常位点的识别）。仅用于辅助医生检查，不能代替医生诊断。不具有自动识别病变的功能。,nmpa_udi_detail,沪械注准20262210043,,,https://udi.nmpa.gov.cn/showDetailCX.html?deviceRecordKey=0697755044000320260416053639337,samd; remote_patient_monitoring; clinical_workflow,strong_official_product
上海鹰瞳医疗科技有限公司,糖尿病视网膜病变眼底图像辅助诊断软件,samd_or_medical_software,NMPA UDI 06974922880009; GS1; Airdoc-AIFUNDUS，发布版本V1.0。,nmpa_udi,06974922880009,,--,https://udi.nmpa.gov.cn/showDetailCX.html?deviceRecordKey=0697492288000920211219105757265,samd; chronic_disease_management; clinical_workflow,strong_official_product
中山瑞福医疗器械科技有限公司,自身免疫性糖尿病抗体谱检测试剂盒（免疫印迹法）,digital_health_or_medical_device_software,NMPA UDI 06949841903047; GS1; 16人份/盒,nmpa_udi,06949841903047,,--,https://udi.nmpa.gov.cn/showDetailCX.html?deviceRecordKey=ca378ffe533249bca57eb24c4317f7e3,chronic_disease_management,strong_official_product
中山瑞福医疗器械科技有限公司,自身免疫性糖尿病抗体谱检测试剂盒（免疫印迹法）,digital_health_or_medical_device_software,NMPA UDI 06949841903030; GS1; 32人份/盒,nmpa_udi,06949841903030,,--,https://udi.nmpa.gov.cn/showDetailCX.html?deviceRecordKey=7f47d18306a74c61a574c0ecc566ac5c,chronic_disease_management,strong_official_product
中山瑞福医疗器械科技有限公司,自身免疫性糖尿病抗体谱检测试剂盒（免疫印迹法）,digital_health_or_medical_device_software,NMPA UDI 06949841903023; GS1; 30人份/盒,nmpa_udi,06949841903023,,--,https://udi.nmpa.gov.cn/showDetailCX.html?deviceRecordKey=57440e50329f41f8aa96dbec574cee87,chronic_disease_management,strong_official_product
中山瑞福医疗器械科技有限公司,自身免疫性糖尿病抗体谱检测试剂盒（免疫印迹法）,digital_health_or_medical_device_software,NMPA UDI 06949841903085; GS1; 16人份/盒,nmpa_udi,06949841903085,,--,https://udi.nmpa.gov.cn/showDetailCX.html?deviceRecordKey=1affbed612da4da09939f6811a3e9c45,chronic_disease_management,strong_official_product
中山瑞福医疗器械科技有限公司,自身免疫性糖尿病抗体谱检测试剂盒（免疫印迹法）,digital_health_or_medical_device_software,NMPA UDI 06949841903016; GS1; 64人份/盒,nmpa_udi,06949841903016,,--,https://udi.nmpa.gov.cn/showDetailCX.html?deviceRecordKey=4e9fffbc02d14fc1b1eaabc21a3786db,chronic_disease_management,strong_official_product
中山瑞福医疗器械科技有限公司,自身免疫性糖尿病抗体谱检测试剂盒（免疫印迹法）,digital_health_or_medical_device_software,NMPA UDI 06949841903078; GS1; 32人份/盒,nmpa_udi,06949841903078,,--,https://udi.nmpa.gov.cn/showDetailCX.html?deviceRecordKey=9149e696753c4b50865b9c168170ae3f,chronic_disease_management,strong_official_product
中山瑞福医疗器械科技有限公司,自身免疫性糖尿病抗体谱检测试剂盒（免疫印迹法）,digital_health_or_medical_device_software,NMPA UDI 06949841903061; GS1; 30人份/盒,nmpa_udi,06949841903061,,--,https://udi.nmpa.gov.cn/showDetailCX.html?deviceRecordKey=bf8922dd068e4a7db79d4f50830bd46b,chronic_disease_management,strong_official_product
中山瑞福医疗器械科技有限公司,自身免疫性糖尿病抗体谱检测试剂盒（免疫印迹法）,digital_health_or_medical_device_software,NMPA UDI 06949841903054; GS1; 64人份/盒,nmpa_udi,06949841903054,,--,https://udi.nmpa.gov.cn/showDetailCX.html?deviceRecordKey=b4b22c8208a441498d7ad05afe460f2c,chronic_disease_management,strong_official_product
云智康医疗科技（内蒙古）有限公司,睡眠呼吸监测仪,remote_patient_monitoring,NMPA UDI 06979289920009; GS1; YZK-RW01,nmpa_udi,06979289920009,,--,https://udi.nmpa.gov.cn/showDetailCX.html?deviceRecordKey=13ff18ac57eb4e89a3dee8cc6d094806,remote_patient_monitoring; sleep_health,strong_official_product
京东健康,京东健康,digital_health_or_medical_device_software,中国知名互联网医疗/医药电商平台,round2_seed,,,,https://www.jdh.com/,internet_healthcare; pharmacy_ecommerce,seed_only
京东健康,京东健康,digital_health_or_medical_device_software,京东健康官方网站; 京东健康是京东集团旗下专注于医疗健康业务的子集团，2019年5月成立，2020年12月登陆香港联交所，股份代号：6618（港币柜台）和86618（人民币柜台）。京东健康业务范围涉及了健康商品营销与销售、医疗健康服务、企业健康解决方案、智慧医疗解决方案等领域，覆盖医药健康全产业链、医疗全流程、健康全场景、用户全生命周期。,round2_company_site,,,,https://www.jdh.com/,pharmacy_ecommerce,strong_company_site
亳州融健医疗用品有限公司,盆底康复治疗仪,digital_health_or_medical_device_software,NMPA UDI 06973774191615; GS1; RJPFRA-1,nmpa_udi,06973774191615,,--,https://udi.nmpa.gov.cn/showDetailCX.html?deviceRecordKey=06973774191615202604020500141,rehabilitation,strong_official_product
亳州融健医疗用品有限公司,盆底康复治疗仪,samd_or_medical_software,皖械注准20222090273; 软件发布版本：2，起势，盆底康复治疗仪，彩盒，1台/盒,nmpa_udi_detail,皖械注准20222090273,,,https://udi.nmpa.gov.cn/showDetailCX.html?deviceRecordKey=06973774191615202604020500141,samd; rehabilitation,strong_official_product
伯乐实验有限公司,高血压标志物质控物,remote_patient_monitoring,NMPA UDI 03610522360734; GS1; 三水平混合包装 6×2mL（每个水平2瓶）,nmpa_udi,03610522360734,,--,https://udi.nmpa.gov.cn/showDetailCX.html?deviceRecordKey=036105223607342025092803570325,remote_patient_monitoring; chronic_disease_management,strong_official_product
健客,健客,digital_health_or_medical_device_software,中国医药电商/互联网医疗平台,round2_seed,,,,https://www.jianke.com/,internet_healthcare; pharmacy_ecommerce,seed_only
健客,健客,digital_health_or_medical_device_software,"方舟健客网上药店,经国家药监局认证的合法正规网上药房.方舟健客为您提供方便的网上买药服务,执业医师为您提供24小时健康咨询!网上药店哪个好?买正品药上方舟健客!",round2_company_site,,,,https://www.jianke.com/,pharmacy_ecommerce,strong_company_site
健康160,健康160,samd_or_medical_software,深圳互联网医疗服务平台,round2_seed,,,,https://www.91160.com/,samd; internet_healthcare,seed_only
内特斯医疗系统DBA艾泰克有限公司,多导睡眠脑电记录仪,digital_health_or_medical_device_software,NMPA UDI 00382830027298; GS1; TREX HD,nmpa_udi,00382830027298,,--,https://udi.nmpa.gov.cn/showDetailCX.html?deviceRecordKey=00382830027298202208310434215,sleep_health,strong_official_product
内特斯医疗系统DBA艾泰克有限公司,多导睡眠脑电记录仪,digital_health_or_medical_device_software,NMPA UDI 00382830015639; GS1; TREX HD,nmpa_udi,00382830015639,,--,https://udi.nmpa.gov.cn/showDetailCX.html?deviceRecordKey=00382830015639202208310434212,sleep_health,strong_official_product
内特斯医疗系统DBA艾泰克有限公司,多导睡眠脑电记录仪,digital_health_or_medical_device_software,NMPA UDI 00382830009331; GS1; TREX HD,nmpa_udi,00382830009331,,--,https://udi.nmpa.gov.cn/showDetailCX.html?deviceRecordKey=00382830009331202208310434214,sleep_health,strong_official_product
内特斯医疗系统DBA艾泰克有限公司,多导睡眠脑电记录仪,digital_health_or_medical_device_software,NMPA UDI 00382830015950; GS1; TREX HD,nmpa_udi,00382830015950,,--,https://udi.nmpa.gov.cn/showDetailCX.html?deviceRecordKey=00382830015950202208310434216,sleep_health,strong_official_product
北京品驰医疗设备股份有限公司,远程程控通信软件,samd_or_medical_software,NMPA UDI 06959809605609; GS1; S503-02,nmpa_udi,06959809605609,,--,https://udi.nmpa.gov.cn/showDetailCX.html?deviceRecordKey=0695980960560920250409110149243,samd; remote_patient_monitoring,strong_official_product
北京品驰医疗设备股份有限公司,远程程控通信软件,samd_or_medical_software,NMPA UDI 06959809605593; GS1; S503-04-01,nmpa_udi,06959809605593,,--,https://udi.nmpa.gov.cn/showDetailCX.html?deviceRecordKey=0695980960559320250409110357560,samd; remote_patient_monitoring,strong_official_product
北京品驰医疗设备股份有限公司,远程程控通信软件,samd_or_medical_software,NMPA UDI 06959809605760; GS1; S503-04-02,nmpa_udi,06959809605760,,--,https://udi.nmpa.gov.cn/showDetailCX.html?deviceRecordKey=0695980960576020250409110753218,samd; remote_patient_monitoring,strong_official_product
北京品驰医疗设备股份有限公司,远程程控通信软件,samd_or_medical_software,京械注准20252210036; 医生客户端软件 发布版本4.5,nmpa_udi_detail,京械注准20252210036,,,https://udi.nmpa.gov.cn/showDetailCX.html?deviceRecordKey=0695980960560920250409110149243,samd; remote_patient_monitoring; clinical_workflow,strong_official_product
北京新兴阳升科技有限公司,床垫式睡眠呼吸监测系统,remote_patient_monitoring,NMPA UDI 06975685340007; GS1; RS-611,nmpa_udi,06975685340007,,--,https://udi.nmpa.gov.cn/showDetailCX.html?deviceRecordKey=0697568534000720230304082002422,remote_patient_monitoring; sleep_health,strong_official_product
北京新网医讯技术有限公司,远程医学影像传输处理软件,samd_or_medical_software,NMPA UDI 06975940490058; GS1; Smit-Cloud,nmpa_udi,06975940490058,,--,https://udi.nmpa.gov.cn/showDetailCX.html?deviceRecordKey=06975940490058202301090405080,samd; remote_patient_monitoring,strong_official_product
北京新网医讯技术有限公司,远程医学影像传输处理软件,samd_or_medical_software,京械注准20172700272; 用于医疗机构内部以及医疗机构之间传输、处理患者医学影像信息以及患者医学影像会诊。,nmpa_udi_detail,京械注准20172700272,,,https://udi.nmpa.gov.cn/showDetailCX.html?deviceRecordKey=06975940490058202301090405080,samd; remote_patient_monitoring,strong_official_product
北京至真互联网技术有限公司,糖尿病视网膜病变眼底图像辅助诊断软件,samd_or_medical_software,NMPA UDI 06975087570019; GS1; ZZ-EYE-CDS,nmpa_udi,06975087570019,,--,https://udi.nmpa.gov.cn/showDetailCX.html?deviceRecordKey=0697508757001920221110021746316,samd; chronic_disease_management; clinical_workflow,strong_official_product
北京至真互联网技术有限公司,糖尿病视网膜病变眼底图像辅助诊断软件,samd_or_medical_software,国械注准20223211102; 本产品在医疗机构使用，对成年糖尿病患者的双眼免散瞳眼底图像（经自动图像质量判定合格）进行分析，为执业医师提供是否发现中度非增殖性（含）以上糖尿病视网膜病变，以及进一步就医检查的辅助诊断建议，不能仅凭本产品结果进行临床决策。眼底图像应由指定型号的眼底照相机拍摄，并经培训合格的执业医师对图像质量进行评价认可。,nmpa_udi_detail,国械注准20223211102,,,https://udi.nmpa.gov.cn/showDetailCX.html?deviceRecordKey=0697508757001920221110021746316,samd; chronic_disease_management; clinical_workflow,strong_official_product
北京致远慧图科技有限公司,糖尿病视网膜病变眼底图像辅助诊断软件,samd_or_medical_software,NMPA UDI 06975169730010; GS1; EyeWisdom，发布版本V1,nmpa_udi,06975169730010,,--,https://udi.nmpa.gov.cn/showDetailCX.html?deviceRecordKey=0697516973001020220120030704594,samd; chronic_disease_management; clinical_workflow,strong_official_product
北京航天卡迪技术开发研究所,睡眠监测电极包及附件,remote_patient_monitoring,NMPA UDI 06920665717201; GS1; HK-HCB-00-02-02-B,nmpa_udi,06920665717201,,--,https://udi.nmpa.gov.cn/showDetailCX.html?deviceRecordKey=0692066571720120251017011019242,remote_patient_monitoring; sleep_health,strong_official_product
北京锐视康科技发展有限公司,远程医疗会诊系统软件,samd_or_medical_software,NMPA UDI 06973990550036; GS1; CS+,nmpa_udi,06973990550036,,--,https://udi.nmpa.gov.cn/showDetailCX.html?deviceRecordKey=0697399055003620220429111501082,samd; remote_patient_monitoring,strong_official_product
医伟司安股份有限公司,外周血管慢性闭塞病变导管,digital_health_or_medical_device_software,NMPA UDI 00821684052723; GS1; VNC-SD-150,nmpa_udi,00821684052723,,--,https://udi.nmpa.gov.cn/showDetailCX.html?deviceRecordKey=bc1fbf9e-231d-497f-a295-00f33b8d39cd,,strong_official_product
医伟司安股份有限公司,外周血管慢性闭塞病变导管,digital_health_or_medical_device_software,NMPA UDI 00821684073742; GS1; VNC-FX-150,nmpa_udi,00821684073742,,--,https://udi.nmpa.gov.cn/showDetailCX.html?deviceRecordKey=89da9d2d-88df-4b62-8ad2-1d7a9e80bf18,,strong_official_product
医伟司安股份有限公司,外周血管慢性闭塞病变导管,digital_health_or_medical_device_software,NMPA UDI 00821684073759; GS1; VNC-SD-150,nmpa_udi,00821684073759,,--,https://udi.nmpa.gov.cn/showDetailCX.html?deviceRecordKey=c860aa99-8a9a-4411-a9f8-a1a6d3891313,,strong_official_product
医伟司安股份有限公司,外周血管慢性闭塞病变导管,digital_health_or_medical_device_software,国械注进20143034996; VNC-SD-150 外周血管慢性闭塞病变导管,nmpa_udi_detail,国械注进20143034996,,,https://udi.nmpa.gov.cn/showDetailCX.html?deviceRecordKey=bc1fbf9e-231d-497f-a295-00f33b8d39cd,,strong_official_product
医联,医联,digital_health_or_medical_device_software,成都互联网医疗平台,round2_seed,,,,https://www.medlinker.com/,chronic_disease_management; internet_healthcare,seed_only
医联,医联,digital_health_or_medical_device_software,未来医生,round2_company_site,,,,https://www.medlinker.com/index,chronic_disease_management; clinical_workflow,strong_company_site
华思（天津）医疗健康管理有限公司,单导联动态心电记录仪,remote_patient_monitoring,NMPA UDI 06974529533025; GS1; ECG-1,nmpa_udi,06974529533025,,--,https://udi.nmpa.gov.cn/showDetailCX.html?deviceRecordKey=0697452953302520241218013534343,remote_patient_monitoring; health_management_platform,strong_official_product
华思（天津）医疗健康管理有限公司,心电网络数据管理软件,samd_or_medical_software,NMPA UDI 06974529533056; GS1; SEMA-E,nmpa_udi,06974529533056,,--,https://udi.nmpa.gov.cn/showDetailCX.html?deviceRecordKey=0697452953305620230828120148244,samd; remote_patient_monitoring; health_management_platform,strong_official_product
华思（天津）医疗健康管理有限公司,心电记录仪,remote_patient_monitoring,NMPA UDI 06974529533018; GS1; ECG-12,nmpa_udi,06974529533018,,--,https://udi.nmpa.gov.cn/showDetailCX.html?deviceRecordKey=0697452953301820211129045233470,remote_patient_monitoring; health_management_platform,strong_official_product
华思（天津）医疗健康管理有限公司,心肺数据管理软件,samd_or_medical_software,NMPA UDI 06974529536026; GS1; SEMA-CN,nmpa_udi,06974529536026,,--,https://udi.nmpa.gov.cn/showDetailCX.html?deviceRecordKey=0697452953602620241218023219173,samd; health_management_platform,strong_official_product
华思（天津）医疗健康管理有限公司,指夹式脉搏血氧仪,digital_health_or_medical_device_software,NMPA UDI 06974529538044; GS1; H10,nmpa_udi,06974529538044,,--,https://udi.nmpa.gov.cn/showDetailCX.html?deviceRecordKey=0697452953804420240724111701364,health_management_platform,strong_official_product
华思（天津）医疗健康管理有限公司,指夹式脉搏血氧仪,digital_health_or_medical_device_software,NMPA UDI 06974529538051; GS1; H11,nmpa_udi,06974529538051,,--,https://udi.nmpa.gov.cn/showDetailCX.html?deviceRecordKey=0697452953805120240724112002618,health_management_platform,strong_official_product
华思（天津）医疗健康管理有限公司,指夹式脉搏血氧仪,digital_health_or_medical_device_software,NMPA UDI 06974529538068; GS1; H20,nmpa_udi,06974529538068,,--,https://udi.nmpa.gov.cn/showDetailCX.html?deviceRecordKey=0697452953806820240724112507997,health_management_platform,strong_official_product
华思（天津）医疗健康管理有限公司,指夹式脉搏血氧仪,digital_health_or_medical_device_software,NMPA UDI 06974529538075; GS1; H21,nmpa_udi,06974529538075,,--,https://udi.nmpa.gov.cn/showDetailCX.html?deviceRecordKey=0697452953807520240724112759660,health_management_platform,strong_official_product
华思（天津）医疗健康管理有限公司,腕式脉搏血氧仪,digital_health_or_medical_device_software,NMPA UDI 06974529538013; GS1; HS01,nmpa_udi,06974529538013,,--,https://udi.nmpa.gov.cn/showDetailCX.html?deviceRecordKey=0697452953801320240724094208253,health_management_platform,strong_official_product
华思（天津）医疗健康管理有限公司,腕式脉搏血氧仪,digital_health_or_medical_device_software,NMPA UDI 06974529538020; GS1; HS10,nmpa_udi,06974529538020,,--,https://udi.nmpa.gov.cn/showDetailCX.html?deviceRecordKey=0697452953802020240724105957364,health_management_platform,strong_official_product
华思（天津）医疗健康管理有限公司,腕式脉搏血氧仪,digital_health_or_medical_device_software,NMPA UDI 06974529538037; GS1; HS20,nmpa_udi,06974529538037,,--,https://udi.nmpa.gov.cn/showDetailCX.html?deviceRecordKey=0697452953803720240724110714879,health_management_platform,strong_official_product
华思（天津）医疗健康管理有限公司,负荷运动训练测试系统,digital_health_or_medical_device_software,NMPA UDI 06974529532035; GS1; 华思 S100,nmpa_udi,06974529532035,,--,https://udi.nmpa.gov.cn/showDetailCX.html?deviceRecordKey=0697452953203520260106060637132,health_management_platform,strong_official_product
华思（天津）医疗健康管理有限公司,负荷运动训练测试系统,digital_health_or_medical_device_software,NMPA UDI 06974529532073; GS1; 华思 S100,nmpa_udi,06974529532073,,--,https://udi.nmpa.gov.cn/showDetailCX.html?deviceRecordKey=0697452953207320251103030218867,health_management_platform,strong_official_product
华思（天津）医疗健康管理有限公司,负荷运动训练测试系统,digital_health_or_medical_device_software,NMPA UDI 06974529532172; GS1; 华思 S200,nmpa_udi,06974529532172,,--,https://udi.nmpa.gov.cn/showDetailCX.html?deviceRecordKey=0697452953217220251102082336739,health_management_platform,strong_official_product
华思（天津）医疗健康管理有限公司,负荷运动训练测试系统,digital_health_or_medical_device_software,NMPA UDI 06974529532011; GS1; 华思 S100,nmpa_udi,06974529532011,,--,https://udi.nmpa.gov.cn/showDetailCX.html?deviceRecordKey=0697452953201120230412101919315,health_management_platform,strong_official_product
华思（天津）医疗健康管理有限公司,运动心肺/代谢测试系统,digital_health_or_medical_device_software,NMPA UDI 06974529531045; GS1; HS-Meta Lite,nmpa_udi,06974529531045,,--,https://udi.nmpa.gov.cn/showDetailCX.html?deviceRecordKey=0697452953104520250828052918072,health_management_platform,strong_official_product
华思（天津）医疗健康管理有限公司,运动心肺/代谢测试系统,digital_health_or_medical_device_software,NMPA UDI 06974529531038; GS1; HS-CPET-X7,nmpa_udi,06974529531038,,--,https://udi.nmpa.gov.cn/showDetailCX.html?deviceRecordKey=0697452953103820250707032157203,health_management_platform,strong_official_product
华思（天津）医疗健康管理有限公司,运动心肺/代谢测试系统,digital_health_or_medical_device_software,NMPA UDI 06974529531021; GS1; HS-MetaX,nmpa_udi,06974529531021,,--,https://udi.nmpa.gov.cn/showDetailCX.html?deviceRecordKey=0697452953102120241115114235894,health_management_platform,strong_official_product
华思（天津）医疗健康管理有限公司,运动心肺/代谢测试系统,digital_health_or_medical_device_software,NMPA UDI 06974529531014; GS1; HS-CPET-X6,nmpa_udi,06974529531014,,--,https://udi.nmpa.gov.cn/showDetailCX.html?deviceRecordKey=0697452953101420241115113723770,health_management_platform,strong_official_product
卓越星河健康管理（南京）有限公司,牙周用透明质酸凝胶,digital_health_or_medical_device_software,NMPA UDI 08033087660012; GS1; Gengigel Gel 20ml,nmpa_udi,08033087660012,,--,https://udi.nmpa.gov.cn/showDetailCX.html?deviceRecordKey=f2e611e507d74fe69f35c0dca18622b4,health_management_platform,strong_official_product
卓越星河健康管理（南京）有限公司,牙周用透明质酸溶液,digital_health_or_medical_device_software,NMPA UDI 08033087660029; GS1; GENGIGEL MOUTHRINSE 150ml,nmpa_udi,08033087660029,,--,https://udi.nmpa.gov.cn/showDetailCX.html?deviceRecordKey=b3f48fe79015490d99c46888a74af1fc,health_management_platform,strong_official_product
南京普爱医疗设备股份有限公司,高频移动式手术X射线机,digital_health_or_medical_device_software,NMPA UDI 06973876821502; GS1; PLX C1112A,nmpa_udi,06973876821502,,--,https://udi.nmpa.gov.cn/showDetailCX.html?deviceRecordKey=0697387682150220260119103155945,,strong_official_product
南京普爱医疗设备股份有限公司,高频移动式手术X射线机,digital_health_or_medical_device_software,苏械注准20172061756; 产品由 X射线源组件（组合式）、医用诊断 X 射线影像增强器、C 形臂及可移动机架、图像处理工作站或图像处理系统组成。,nmpa_udi_detail,苏械注准20172061756,,,https://udi.nmpa.gov.cn/showDetailCX.html?deviceRecordKey=0697387682150220260119103155945,clinical_workflow,strong_official_product
叮当快药,叮当快药,digital_health_or_medical_device_software,中国医药电商/互联网医疗平台,round2_seed,,,,https://www.ddky.com/,internet_healthcare; pharmacy_ecommerce,seed_only
叮当快药,叮当快药,digital_health_or_medical_device_software,手机买药上叮当快药，28分钟送到家,round2_company_site,,,,https://www.ddky.com/,pharmacy_ecommerce,strong_company_site
合肥合滨智能机器人有限公司,超声探头夹持及远程控制系统,remote_patient_monitoring,NMPA UDI 06975451440016; GS1; HEBIN-RUS-T7,nmpa_udi,06975451440016,,--,https://udi.nmpa.gov.cn/showDetailCX.html?deviceRecordKey=0697545144001620240327110556534,remote_patient_monitoring,strong_official_product
合肥合滨智能机器人有限公司,超声探头夹持及远程控制系统,remote_patient_monitoring,国械注准20233061640; 超声探头夹持及远程控制系统（HEBIN-RUS-T7）是一种采用机器人技术实现远程超声诊断的医用电气设备。,nmpa_udi_detail,国械注准20233061640,,,https://udi.nmpa.gov.cn/showDetailCX.html?deviceRecordKey=0697545144001620240327110556534,remote_patient_monitoring; clinical_workflow,strong_official_product
嘉兴允英医学检验有限公司,非小细胞肺癌（EGFR/ALK）基因突变分析软件,samd_or_medical_software,NMPA UDI 06975451150908; GS1; YY001,nmpa_udi,06975451150908,,--,https://udi.nmpa.gov.cn/showDetailCX.html?deviceRecordKey=0697545115090820260424110259267,samd,strong_official_product
嘉兴允英医学检验有限公司,非小细胞肺癌（EGFR/ALK）基因突变分析软件,samd_or_medical_software,浙械注准20262210195; 产品在临床上用于对来源于人类非小细胞肺癌（NSCLC）患者经中性福尔马林固定的石蜡包埋（FFPE）的组织样本中EGFR/ALK基因测序数据进行对比、计算，通过与参考基因组进行对比给出EGFR基因19外显子缺失、L858R突变、T790M突变的突变频率、位点总深度、突变深度、ALK 融合基因和内参基因的reads信息，最终根据阳性判断值给出EGFR基因19外显子缺失、L858R、T790M和ALK基因融合的变异检测结果。,nmpa_udi_detail,浙械注准20262210195,,,https://udi.nmpa.gov.cn/showDetailCX.html?deviceRecordKey=0697545115090820260424110259267,samd,strong_official_product
圆心科技,圆心科技,digital_health_or_medical_device_software,中国院外患者服务/医药平台,round2_seed,,,,https://www.yuanxin.com/,pharmacy_ecommerce; health_management_platform; patient_engagement,seed_only
天津怡和嘉业医疗科技有限公司,单水平睡眠呼吸机,digital_health_or_medical_device_software,NMPA UDI 06970067453016; GS1; E-20A-H-O,nmpa_udi,06970067453016,,--,https://udi.nmpa.gov.cn/showDetailCX.html?deviceRecordKey=5D6A46D9CFDD2650AD9CA4CBBD7F6D20,sleep_health,strong_official_product
天津怡和嘉业医疗科技有限公司,单水平睡眠呼吸机,digital_health_or_medical_device_software,NMPA UDI 06970067453023; GS1; E-20AJ-H-O,nmpa_udi,06970067453023,,--,https://udi.nmpa.gov.cn/showDetailCX.html?deviceRecordKey=6D87460732B3EA14B5542F7EC8F7D698,sleep_health,strong_official_product
天津怡和嘉业医疗科技有限公司,单水平睡眠呼吸机,digital_health_or_medical_device_software,NMPA UDI 06970067453009; GS1; E-20C-H-O,nmpa_udi,06970067453009,,--,https://udi.nmpa.gov.cn/showDetailCX.html?deviceRecordKey=7076EE54F064FB9A997A5C9D2CA17BC1,sleep_health,strong_official_product
天津怡和嘉业医疗科技有限公司,单水平睡眠呼吸机,digital_health_or_medical_device_software,NMPA UDI 06970067453078; GS1; G2S A20,nmpa_udi,06970067453078,,--,https://udi.nmpa.gov.cn/showDetailCX.html?deviceRecordKey=0697006745307820230329020153324,sleep_health,strong_official_product
天津怡和嘉业医疗科技有限公司,单水平睡眠呼吸机,digital_health_or_medical_device_software,NMPA UDI 06970067453061; GS1; G2S C20,nmpa_udi,06970067453061,,--,https://udi.nmpa.gov.cn/showDetailCX.html?deviceRecordKey=0697006745306120230329020017491,sleep_health,strong_official_product
天津怡和嘉业医疗科技有限公司,单水平睡眠呼吸机,digital_health_or_medical_device_software,NMPA UDI 06970067453030; GS1; G3 A20,nmpa_udi,06970067453030,,--,https://udi.nmpa.gov.cn/showDetailCX.html?deviceRecordKey=435503567E1DF1025C551D6B8E067796,sleep_health,strong_official_product
天津怡和嘉业医疗科技有限公司,单水平睡眠呼吸机,digital_health_or_medical_device_software,NMPA UDI 06970067453047; GS1; G3 C20,nmpa_udi,06970067453047,,--,https://udi.nmpa.gov.cn/showDetailCX.html?deviceRecordKey=4F463B64969E247F63A84C56FDEB5789,sleep_health,strong_official_product
天津怡和嘉业医疗科技有限公司,单水平睡眠呼吸机,digital_health_or_medical_device_software,NMPA UDI 06970067453054; GS1; M1 Mini,nmpa_udi,06970067453054,,--,https://udi.nmpa.gov.cn/showDetailCX.html?deviceRecordKey=73B5D1A8B401B95E9661F6682442DD9C,sleep_health,strong_official_product
天津怡和嘉业医疗科技有限公司,单水平睡眠呼吸机,digital_health_or_medical_device_software,NMPA UDI 06970067455249; GS1; G2S A20,nmpa_udi,06970067455249,,--,https://udi.nmpa.gov.cn/showDetailCX.html?deviceRecordKey=930DF2C5ED224C63994E8A7D357555DB,sleep_health,strong_official_product
天津怡和嘉业医疗科技有限公司,单水平睡眠呼吸机,digital_health_or_medical_device_software,NMPA UDI 06970067455232; GS1; G2S C20,nmpa_udi,06970067455232,,--,https://udi.nmpa.gov.cn/showDetailCX.html?deviceRecordKey=84E0A97940F139DFB5F7197FAC5AD6B0,sleep_health,strong_official_product
天津怡和嘉业医疗科技有限公司,睡眠呼吸机,digital_health_or_medical_device_software,NMPA UDI 06970067453146; GS1; P5 A20 Plus,nmpa_udi,06970067453146,,--,https://udi.nmpa.gov.cn/showDetailCX.html?deviceRecordKey=0697006745314620250424061917189,sleep_health,strong_official_product
天津怡和嘉业医疗科技有限公司,睡眠呼吸机,digital_health_or_medical_device_software,NMPA UDI 06970067453153; GS1; E5 A20 Plus,nmpa_udi,06970067453153,,--,https://udi.nmpa.gov.cn/showDetailCX.html?deviceRecordKey=0697006745315320250424062010394,sleep_health,strong_official_product
天津怡和嘉业医疗科技有限公司,睡眠呼吸机,digital_health_or_medical_device_software,NMPA UDI 06970067453122; GS1; P5 C20,nmpa_udi,06970067453122,,--,https://udi.nmpa.gov.cn/showDetailCX.html?deviceRecordKey=0697006745312220240903081202453,sleep_health,strong_official_product
天津怡和嘉业医疗科技有限公司,睡眠呼吸机,digital_health_or_medical_device_software,NMPA UDI 06970067453139; GS1; P5 A20,nmpa_udi,06970067453139,,--,https://udi.nmpa.gov.cn/showDetailCX.html?deviceRecordKey=0697006745313920240903081305401,sleep_health,strong_official_product
天津怡和嘉业医疗科技有限公司,睡眠呼吸机,digital_health_or_medical_device_software,NMPA UDI 06970067455898; GS1; P5 B20S,nmpa_udi,06970067455898,,--,https://udi.nmpa.gov.cn/showDetailCX.html?deviceRecordKey=0697006745589820240903081344440,sleep_health,strong_official_product
天津怡和嘉业医疗科技有限公司,睡眠呼吸机,digital_health_or_medical_device_software,NMPA UDI 06970067455904; GS1; P5 B25S,nmpa_udi,06970067455904,,--,https://udi.nmpa.gov.cn/showDetailCX.html?deviceRecordKey=0697006745590420240903081504450,sleep_health,strong_official_product
天津怡和嘉业医疗科技有限公司,睡眠呼吸机,digital_health_or_medical_device_software,NMPA UDI 06970067455911; GS1; P5 B20A,nmpa_udi,06970067455911,,--,https://udi.nmpa.gov.cn/showDetailCX.html?deviceRecordKey=0697006745591120240903081539614,sleep_health,strong_official_product
天津怡和嘉业医疗科技有限公司,睡眠呼吸机,digital_health_or_medical_device_software,NMPA UDI 06970067455928; GS1; P5 B25A,nmpa_udi,06970067455928,,--,https://udi.nmpa.gov.cn/showDetailCX.html?deviceRecordKey=0697006745592820240903081614501,sleep_health,strong_official_product
天津怡和嘉业医疗科技有限公司,睡眠呼吸机,digital_health_or_medical_device_software,NMPA UDI 06970067455935; GS1; P5 B20A Plus,nmpa_udi,06970067455935,,--,https://udi.nmpa.gov.cn/showDetailCX.html?deviceRecordKey=0697006745593520240903081708989,sleep_health,strong_official_product
天津怡和嘉业医疗科技有限公司,睡眠呼吸机,digital_health_or_medical_device_software,NMPA UDI 06970067455942; GS1; P5 B25A Plus,nmpa_udi,06970067455942,,--,https://udi.nmpa.gov.cn/showDetailCX.html?deviceRecordKey=0697006745594220240903081738680,sleep_health,strong_official_product
天津怡和嘉业医疗科技有限公司,睡眠呼吸机,digital_health_or_medical_device_software,NMPA UDI 06970067453085; GS1; E5 C20 SE,nmpa_udi,06970067453085,,--,https://udi.nmpa.gov.cn/showDetailCX.html?deviceRecordKey=0697006745308520240201014722053,sleep_health,strong_official_product
天津怡和嘉业医疗科技有限公司,睡眠呼吸机,digital_health_or_medical_device_software,NMPA UDI 06970067453092; GS1; E5 A20 SE,nmpa_udi,06970067453092,,--,https://udi.nmpa.gov.cn/showDetailCX.html?deviceRecordKey=0697006745309220240201015004282,sleep_health,strong_official_product
天津怡和嘉业医疗科技有限公司,睡眠呼吸机,digital_health_or_medical_device_software,NMPA UDI 06970067453108; GS1; E5 C20,nmpa_udi,06970067453108,,--,https://udi.nmpa.gov.cn/showDetailCX.html?deviceRecordKey=0697006745310820240201015203081,sleep_health,strong_official_product
天津怡和嘉业医疗科技有限公司,睡眠呼吸机,digital_health_or_medical_device_software,NMPA UDI 06970067453115; GS1; E5 A20,nmpa_udi,06970067453115,,--,https://udi.nmpa.gov.cn/showDetailCX.html?deviceRecordKey=0697006745311520240201015241426,sleep_health,strong_official_product
天津怡和嘉业医疗科技有限公司,睡眠呼吸机,digital_health_or_medical_device_software,NMPA UDI 06970067455669; GS1; E5 B20S,nmpa_udi,06970067455669,,--,https://udi.nmpa.gov.cn/showDetailCX.html?deviceRecordKey=0697006745566920240201015320412,sleep_health,strong_official_product
天津怡和嘉业医疗科技有限公司,睡眠呼吸机,digital_health_or_medical_device_software,NMPA UDI 06970067455676; GS1; E5 B25S,nmpa_udi,06970067455676,,--,https://udi.nmpa.gov.cn/showDetailCX.html?deviceRecordKey=0697006745567620240201015612019,sleep_health,strong_official_product
天津怡和嘉业医疗科技有限公司,睡眠呼吸机,digital_health_or_medical_device_software,NMPA UDI 06970067455683; GS1; E5 B20A,nmpa_udi,06970067455683,,--,https://udi.nmpa.gov.cn/showDetailCX.html?deviceRecordKey=0697006745568320240201015644901,sleep_health,strong_official_product
天津怡和嘉业医疗科技有限公司,睡眠呼吸机,digital_health_or_medical_device_software,NMPA UDI 06970067455690; GS1; E5 B25A,nmpa_udi,06970067455690,,--,https://udi.nmpa.gov.cn/showDetailCX.html?deviceRecordKey=0697006745569020240201015726410,sleep_health,strong_official_product
天津怡和嘉业医疗科技有限公司,睡眠呼吸机,digital_health_or_medical_device_software,NMPA UDI 06970067455706; GS1; E5 B20A Plus,nmpa_udi,06970067455706,,--,https://udi.nmpa.gov.cn/showDetailCX.html?deviceRecordKey=0697006745570620240201015758624,sleep_health,strong_official_product
天津怡和嘉业医疗科技有限公司,睡眠呼吸机,digital_health_or_medical_device_software,NMPA UDI 06970067455713; GS1; E5 B25A Plus,nmpa_udi,06970067455713,,--,https://udi.nmpa.gov.cn/showDetailCX.html?deviceRecordKey=0697006745571320240201015918919,sleep_health,strong_official_product
天津怡和嘉业医疗科技有限公司,睡眠呼吸机,digital_health_or_medical_device_software,NMPA UDI 06970067455720; GS1; E5 LAB,nmpa_udi,06970067455720,,--,https://udi.nmpa.gov.cn/showDetailCX.html?deviceRecordKey=0697006745572020240201015953889,sleep_health,strong_official_product
天津怡和嘉业医疗科技有限公司,睡眠呼吸机,digital_health_or_medical_device_software,NMPA UDI 06970067455652; GS1; E3 LAB,nmpa_udi,06970067455652,,--,https://udi.nmpa.gov.cn/showDetailCX.html?deviceRecordKey=0697006745565220231201033101107,sleep_health,strong_official_product
天津致远慧图科技有限公司,慢病数据管理软件,samd_or_medical_software,NMPA UDI 06975490210144; GS1; DMSCloud,nmpa_udi,06975490210144,,--,https://udi.nmpa.gov.cn/showDetailCX.html?deviceRecordKey=0697549021014420230320104547712,samd; chronic_disease_management,strong_official_product
天津致远慧图科技有限公司,慢病数据管理软件,samd_or_medical_software,NMPA UDI 06975490210151; GS1; DMSLocal,nmpa_udi,06975490210151,,--,https://udi.nmpa.gov.cn/showDetailCX.html?deviceRecordKey=0697549021015120230320104943530,samd; chronic_disease_management,strong_official_product
天津致远慧图科技有限公司,慢病数据管理软件,samd_or_medical_software,津械注准20232210046; 本产品用于对糖尿病和高血压患者的血糖、血压、胰岛素注射量以及与糖尿病、高血压相关数据的显示、传输、报告打印和统计分析，便于医护人员了解患者的治疗和康复情况。,nmpa_udi_detail,津械注准20232210046,,,https://udi.nmpa.gov.cn/showDetailCX.html?deviceRecordKey=0697549021014420230320104547712,samd; remote_patient_monitoring; chronic_disease_management; rehabilitation,strong_official_product
好大夫在线,好大夫在线,digital_health_or_medical_device_software,中国在线问诊平台,round2_seed,,,,https://www.haodf.com/,online_consultation,seed_only
好大夫在线,好大夫在线,samd_or_medical_software,�ô������-�����淽�㣡; �ô��������¼ȫ��1����ҽԺ��92��ҽ����ҽ����ͣ����Ϣ��ʱ���߲�ѯ��30����ҽԺҽ��ע�ᡢ��֤����ͨ���ѵġ����������ҽ���������߽�������ڼ�Ҳ�ܿ�ר�ң����ϴ���������ҩ����ҩƷ���͵��ҡ���ͥҽ�������ջ�����챨��ר�ҽ��������רҵ�ķ����ͽ��顣������ҽԺ��ר�Һţ�һ�����󣬹Һ��ѣ��ô����վ��APP����ѼӺţ��û������ɿ��ϴ�ר�ң�����ͨ����ů�ľ�ҽ��ɫͨ�����ô�����ߣ������淽�㣡,round2_company_site,,,,https://www.haodf.com/,samd,strong_company_site
妙手医生,妙手医生,digital_health_or_medical_device_software,中国在线问诊/医药电商平台,round2_seed,,,,https://www.miaoshou.com/,online_consultation; pharmacy_ecommerce; clinical_workflow,seed_only
妙手医生,妙手医生,digital_health_or_medical_device_software,妙手网-圆心大药房-广东圆心恒金堂医药连锁有限公司-放心的网上药店_妙手医生旗下正规网上买药平台; 圆心大药房是经国家药监局认证的合法网上药房和正规网上买药平台，作为妙手医生旗下的正规网上药店，为用户提供专业、优质和便捷的网上买药服务，100%真品保证，圆心大药房是您网上买药的理想选择。,round2_company_site,,,,https://www.miaoshou.com/,pharmacy_ecommerce; clinical_workflow,strong_company_site
安健科技（重庆）有限公司,移动式数字化医用X射线摄影系统,digital_health_or_medical_device_software,NMPA UDI 06979338930003; GS1; M32,nmpa_udi,06979338930003,,--,https://udi.nmpa.gov.cn/showDetailCX.html?deviceRecordKey=957b2adce4cc4ca29f70ba4d4ff07b57,,strong_official_product
安健科技（重庆）有限公司,移动式数字化医用X射线摄影系统,digital_health_or_medical_device_software,渝械注准20192060148; 用于对患者的常规摄影，获得单幅影像供临床诊断用。,nmpa_udi_detail,渝械注准20192060148,,,https://udi.nmpa.gov.cn/showDetailCX.html?deviceRecordKey=957b2adce4cc4ca29f70ba4d4ff07b57,clinical_workflow,strong_official_product
安徽爱视睿医疗科技有限公司,移动式C形臂X射线机,digital_health_or_medical_device_software,NMPA UDI 06978920770010; GS1; AiSR-C3101,nmpa_udi,06978920770010,,--,https://udi.nmpa.gov.cn/showDetailCX.html?deviceRecordKey=0697892077001020260513021547627,,strong_official_product
安徽爱视睿医疗科技有限公司,移动式C形臂X射线机,digital_health_or_medical_device_software,NMPA UDI 06978920770027; GS1; AiSR-C3102,nmpa_udi,06978920770027,,--,https://udi.nmpa.gov.cn/showDetailCX.html?deviceRecordKey=0697892077002720260513024353248,,strong_official_product
安徽爱视睿医疗科技有限公司,移动式C形臂X射线机,digital_health_or_medical_device_software,NMPA UDI 06978920770034; GS1; AiSR-C3103,nmpa_udi,06978920770034,,--,https://udi.nmpa.gov.cn/showDetailCX.html?deviceRecordKey=0697892077003420260513024927349,,strong_official_product
安徽爱视睿医疗科技有限公司,移动式C形臂X射线机,digital_health_or_medical_device_software,NMPA UDI 06978920770041; GS1; AiSR-C3104,nmpa_udi,06978920770041,,--,https://udi.nmpa.gov.cn/showDetailCX.html?deviceRecordKey=0697892077004120260513025153630,,strong_official_product
安徽爱视睿医疗科技有限公司,移动式C形臂X射线机,digital_health_or_medical_device_software,皖械注准20262060065; 由X射线发生装置(包括高压发生器、X射线管组件、限束器)、X射线影像系统(包括滤线栅、结构及组成平板探测器、图像采集处理工作站、显示器、打印机(选配))、移动式C形臂支架(包括C形臂机架、可视化操作面板)和控制装置(遥控器、脚踏开关、无线脚踏开关(选配))组成，适用范围用于外科手术透视及摄影，获得影像供临床诊断用,nmpa_udi_detail,皖械注准20262060065,,,https://udi.nmpa.gov.cn/showDetailCX.html?deviceRecordKey=0697892077001020260513021547627,clinical_workflow,strong_official_product
山东正心医疗科技有限公司,远程动态心电记录仪,remote_patient_monitoring,NMPA UDI 06972467670512; GS1; WECG-SN2-LR/1台（盒）,nmpa_udi,06972467670512,,--,https://udi.nmpa.gov.cn/showDetailCX.html?deviceRecordKey=0697246767051220240530041724743,remote_patient_monitoring,strong_official_product
山东正心医疗科技有限公司,远程动态心电记录仪,remote_patient_monitoring,NMPA UDI 06972467670505; GS1; WECG-SN2-SR/1台（盒）,nmpa_udi,06972467670505,,--,https://udi.nmpa.gov.cn/showDetailCX.html?deviceRecordKey=0697246767050520240530041825702,remote_patient_monitoring,strong_official_product
山东正心医疗科技有限公司,远程动态心电记录仪,remote_patient_monitoring,NMPA UDI 06972467670499; GS1; WECG-SN2-LE/1台（盒）,nmpa_udi,06972467670499,,--,https://udi.nmpa.gov.cn/showDetailCX.html?deviceRecordKey=0697246767049920240530041941105,remote_patient_monitoring,strong_official_product
山东正心医疗科技有限公司,远程动态心电记录仪,remote_patient_monitoring,NMPA UDI 06972467670451; GS1; WECG-MN2-LE/1台（盒）,nmpa_udi,06972467670451,,--,https://udi.nmpa.gov.cn/showDetailCX.html?deviceRecordKey=0697246767045120240529014242369,remote_patient_monitoring,strong_official_product
山东正心医疗科技有限公司,远程动态心电记录仪,remote_patient_monitoring,NMPA UDI 06972467670109; GS1; WECG-SN2-SE/1台（盒）,nmpa_udi,06972467670109,,--,https://udi.nmpa.gov.cn/showDetailCX.html?deviceRecordKey=0697246767010920240529020102272,remote_patient_monitoring,strong_official_product
山东正心医疗科技有限公司,远程动态心电记录仪,remote_patient_monitoring,NMPA UDI 06972467670024; GS1; WECG-MN2-SE/1台（盒）,nmpa_udi,06972467670024,,--,https://udi.nmpa.gov.cn/showDetailCX.html?deviceRecordKey=0697246767002420240529014739721,remote_patient_monitoring,strong_official_product
山东正心医疗科技有限公司,远程动态心电记录仪,remote_patient_monitoring,NMPA UDI 06972467670420; GS1; WECG-MN2-SR/1台（盒）,nmpa_udi,06972467670420,,--,https://udi.nmpa.gov.cn/showDetailCX.html?deviceRecordKey=0697246767042020240529014541164,remote_patient_monitoring,strong_official_product
山东正心医疗科技有限公司,远程动态心电记录仪,remote_patient_monitoring,NMPA UDI 06972467670437; GS1; WECG-MN2-SB/1台（盒）,nmpa_udi,06972467670437,,--,https://udi.nmpa.gov.cn/showDetailCX.html?deviceRecordKey=0697246767043720240529014446854,remote_patient_monitoring,strong_official_product
山东正心医疗科技有限公司,远程动态心电记录仪,remote_patient_monitoring,NMPA UDI 06972467670444; GS1; WECG-MN2-LB/1台（盒）,nmpa_udi,06972467670444,,--,https://udi.nmpa.gov.cn/showDetailCX.html?deviceRecordKey=0697246767044420240529014353984,remote_patient_monitoring,strong_official_product
山东正心医疗科技有限公司,远程动态心电记录仪,remote_patient_monitoring,NMPA UDI 06972467670482; GS1; WECG-MN2-LW/1台（盒）,nmpa_udi,06972467670482,,--,https://udi.nmpa.gov.cn/showDetailCX.html?deviceRecordKey=0697246767048220240529012523501,remote_patient_monitoring,strong_official_product
山东正心医疗科技有限公司,远程动态心电记录仪,remote_patient_monitoring,NMPA UDI 06972467670475; GS1; WECG-MN2-SW/1台（盒）,nmpa_udi,06972467670475,,--,https://udi.nmpa.gov.cn/showDetailCX.html?deviceRecordKey=0697246767047520240529013549963,remote_patient_monitoring,strong_official_product
山东正心医疗科技有限公司,远程动态心电记录仪,remote_patient_monitoring,NMPA UDI 06972467670468; GS1; WECG-MN2-LR/1台（盒）,nmpa_udi,06972467670468,,--,https://udi.nmpa.gov.cn/showDetailCX.html?deviceRecordKey=0697246767046820240529014117857,remote_patient_monitoring,strong_official_product
山东正心医疗科技有限公司,远程动态心电记录仪,remote_patient_monitoring,鲁械注准20222070798; 该产品是通过穿戴式心电传感器采集人体表面的心电信号，将采集后的数据存入内部存储器之中。本产品带有蓝牙功能，可实现数据的存储和传输，为医护人员的诊断提供参考。,nmpa_udi_detail,鲁械注准20222070798,,,https://udi.nmpa.gov.cn/showDetailCX.html?deviceRecordKey=0697246767051220240530041724743,remote_patient_monitoring; clinical_workflow,strong_official_product
山东正心医疗科技有限公司,远程动态心电记录仪,remote_patient_monitoring,鲁械注准20222070797; 该产品是通过穿戴式心电传感器采集人体表面的心电信号，将采集后的数据存入内部存储器之中。本产品带有蓝牙功能，可实现数据的存储和传输，为医护人员的诊断提供参考。,nmpa_udi_detail,鲁械注准20222070797,,,https://udi.nmpa.gov.cn/showDetailCX.html?deviceRecordKey=0697246767045120240529014242369,remote_patient_monitoring; clinical_workflow,strong_official_product
平安健康,平安健康,digital_health_or_medical_device_software,中国知名互联网医疗平台,round2_seed,,,,https://www.pagd.net/,internet_healthcare,seed_only
平安健康,平安健康,digital_health_or_medical_device_software,平安好医生官方网站; ${description},round2_company_site,,,,https://www.pagd.net/,clinical_workflow,strong_company_site
广州安必平医药科技股份有限公司,宫颈细胞数字病理图像辅助诊断软件,samd_or_medical_software,NMPA UDI 06948500934682; GS1; LBP-PIAS,nmpa_udi,06948500934682,,--,https://udi.nmpa.gov.cn/showDetailCX.html?deviceRecordKey=0694850093468220260509111140206,samd; clinical_workflow,strong_official_product
广州安必平医药科技股份有限公司,宫颈细胞数字病理图像辅助诊断软件,samd_or_medical_software,国械注准20263210644; 数字病理图像(采用病理切片扫描仪对采用膜式液基薄层细胞学(膜式法)和沉降式液基薄层细胞学(沉降式法)制备方法制备的宫颈细胞学涂片进行扫描，形成宫颈细胞学数字病理图像)进行全片分析，对疑似病变细胞进行自动识别和标记并给出诊断提示，其结果供执业细胞学病理医师参考，阅片病理医生不应仅针对提示的疑似病变细胞进行审查，还应针对全部数字图片进行审查。该软件作为执业细胞学病理医师进行宫颈细胞学检查时的辅助诊断工具，其提示的诊断结果和标记的疑似病变细胞不能作为临床诊断决策的唯一依据，不适用于宫颈癌筛查。本产品适用于采用液基薄层细胞学技术进行宫颈细胞学检查的人群(经历过放疗治疗患者和经历过宫颈全切手术治疗患者除外)。预期使用者/目标用户为经过培训的执业细胞学病理医师。,nmpa_udi_detail,国械注准20263210644,,,https://udi.nmpa.gov.cn/showDetailCX.html?deviceRecordKey=0694850093468220260509111140206,samd; clinical_workflow,strong_official_product
广州安必平医药科技股份有限公司,慢性淋巴细胞白血病染色体及基因异常探针试剂（原位杂交法）,digital_health_or_medical_device_software,NMPA UDI 06948500906863; GS1; 5人份/盒,nmpa_udi,06948500906863,,--,https://udi.nmpa.gov.cn/showDetailCX.html?deviceRecordKey=6558657301A45FE7403F711B542256B7,,strong_official_product
广州安必平医药科技股份有限公司,慢性淋巴细胞白血病染色体及基因异常探针试剂（原位杂交法）,digital_health_or_medical_device_software,粤穗械备20191039号; 在常规染色（如：HE染色)基础上进行原位杂交染色，为医师提供诊断的辅助信息。,nmpa_udi_detail,粤穗械备20191039号,,,https://udi.nmpa.gov.cn/showDetailCX.html?deviceRecordKey=6558657301A45FE7403F711B542256B7,clinical_workflow,strong_official_product
广州安必平医药科技股份有限公司,慢性淋巴细胞白血病染色体及基因异常检测试剂盒（原位杂交法）,digital_health_or_medical_device_software,NMPA UDI 06948500972110; GS1; 5人份/盒,nmpa_udi,06948500972110,,--,https://udi.nmpa.gov.cn/showDetailCX.html?deviceRecordKey=E81B9B9654066CCE632B38DD691D1997,,strong_official_product
广州安必平医药科技股份有限公司,慢性淋巴细胞白血病染色体及基因异常检测试剂盒（原位杂交法）,digital_health_or_medical_device_software,粤穗械备20180131号; 在常规染色（如：HE染色）的基础上进行原位杂交染色，为医师提供诊断的辅助信息。,nmpa_udi_detail,粤穗械备20180131号,,,https://udi.nmpa.gov.cn/showDetailCX.html?deviceRecordKey=E81B9B9654066CCE632B38DD691D1997,clinical_workflow,strong_official_product
广州视景医疗软件有限公司,视觉功能训练治疗软件,digital_therapeutics_or_dtx,NMPA UDI 06971047460130; GS1; SJ-MRS2016,nmpa_udi,06971047460130,,--,https://udi.nmpa.gov.cn/showDetailCX.html?deviceRecordKey=0697104746013020260330021851550,digital_therapeutics; samd,strong_official_product
广州视景医疗软件有限公司,视觉功能训练治疗软件,digital_therapeutics_or_dtx,NMPA UDI 06971047460154; GS1; SJ-MPRS2020,nmpa_udi,06971047460154,,--,https://udi.nmpa.gov.cn/showDetailCX.html?deviceRecordKey=0697104746015420260330022516896,digital_therapeutics; samd,strong_official_product
广州视景医疗软件有限公司,视觉功能训练治疗软件,digital_therapeutics_or_dtx,NMPA UDI 06971047460161; GS1; SJ-WRS2016,nmpa_udi,06971047460161,,--,https://udi.nmpa.gov.cn/showDetailCX.html?deviceRecordKey=0697104746016120260330022655847,digital_therapeutics; samd,strong_official_product
广州视景医疗软件有限公司,视觉功能训练治疗软件,digital_therapeutics_or_dtx,NMPA UDI 06971047460147; GS1; SJ-RS-WL2015,nmpa_udi,06971047460147,,--,https://udi.nmpa.gov.cn/showDetailCX.html?deviceRecordKey=0697104746014720260330022313332,digital_therapeutics; samd,strong_official_product
广州视景医疗软件有限公司,视觉功能训练治疗软件,digital_therapeutics_or_dtx,NMPA UDI 06971047460178; GS1; SJ-HRS2020,nmpa_udi,06971047460178,,--,https://udi.nmpa.gov.cn/showDetailCX.html?deviceRecordKey=0697104746017820260330023033072,digital_therapeutics; samd,strong_official_product
广州视景医疗软件有限公司,视觉功能训练治疗软件,digital_therapeutics_or_dtx,NMPA UDI 06971047460185; GS1; SJ-JRS2021,nmpa_udi,06971047460185,,--,https://udi.nmpa.gov.cn/showDetailCX.html?deviceRecordKey=0697104746018520260330023251946,digital_therapeutics; samd,strong_official_product
广州视景医疗软件有限公司,视觉功能训练治疗软件,digital_therapeutics_or_dtx,NMPA UDI 06971047460192; GS1; SJ-HRS2022,nmpa_udi,06971047460192,,--,https://udi.nmpa.gov.cn/showDetailCX.html?deviceRecordKey=0697104746019220260330023517651,digital_therapeutics; samd,strong_official_product
广州视景医疗软件有限公司,视觉功能训练治疗软件,digital_therapeutics_or_dtx,NMPA UDI 06971047460208; GS1; SJ-JRS2023,nmpa_udi,06971047460208,,--,https://udi.nmpa.gov.cn/showDetailCX.html?deviceRecordKey=0697104746020820260330023741972,digital_therapeutics; samd,strong_official_product
广州视景医疗软件有限公司,视觉功能训练治疗软件,digital_therapeutics_or_dtx,NMPA UDI 06971047460215; GS1; SJ-NRS2023,nmpa_udi,06971047460215,,--,https://udi.nmpa.gov.cn/showDetailCX.html?deviceRecordKey=0697104746021520260330023935953,digital_therapeutics; samd,strong_official_product
广州视景医疗软件有限公司,视觉功能训练治疗软件,digital_therapeutics_or_dtx,NMPA UDI 06971047460222; GS1; SJ-PRS2018,nmpa_udi,06971047460222,,--,https://udi.nmpa.gov.cn/showDetailCX.html?deviceRecordKey=0697104746022220260330024121658,digital_therapeutics; samd,strong_official_product
广州视景医疗软件有限公司,视觉功能训练治疗软件,digital_therapeutics_or_dtx,NMPA UDI 06971047460123; GS1; SJ-RS-GP2008,nmpa_udi,06971047460123,,--,https://udi.nmpa.gov.cn/showDetailCX.html?deviceRecordKey=0697104746012320260330020926099,digital_therapeutics; samd,strong_official_product
广西医准智能科技有限公司,产前超声影像处理软件,samd_or_medical_software,NMPA UDI 06975491830174; GS1; Yizhun PUIPS,nmpa_udi,06975491830174,,--,https://udi.nmpa.gov.cn/showDetailCX.html?deviceRecordKey=0697549183017420260424101604462,samd,strong_official_product
广西医准智能科技有限公司,产前超声影像处理软件,samd_or_medical_software,桂械注准20262210090; 发布版本1 物理结构组成:由安装光盘、产品说明书和用户文档集组成。 逻辑结构组成:基于C/S架构，服务端与客户端部署在同一台设备上。其中包括登录管理模块、检查管理模块、影像管理模块(基于深度学习)、病例管理模块、报告管理模块、用户管理模块和系统设置模块。 适用范围：供医疗机构使用，适用于实现产前超声影像接收、显示、处理、流程优化(图像质控和生物参数测量)、存储以及检索，为临床医生提供影像处理结果，软件不包含自动诊断功能。,nmpa_udi_detail,桂械注准20262210090,,,https://udi.nmpa.gov.cn/showDetailCX.html?deviceRecordKey=0697549183017420260424101604462,samd; clinical_workflow,strong_official_product
广西医准智能科技有限公司,颈动脉超声影像处理软件,samd_or_medical_software,NMPA UDI 06975491830167; GS1; Yizhun CUIPS ，发布版本1,nmpa_udi,06975491830167,,--,https://udi.nmpa.gov.cn/showDetailCX.html?deviceRecordKey=0697549183016720260204040539443,samd,strong_official_product
广西医准智能科技有限公司,颈动脉超声影像处理软件,samd_or_medical_software,桂械注准20262210022; 结构及组成 1. 物理结构组成:由安装光盘、产品说明书和用户文档集组成。逻辑结构组成:为C/S架构，服务端与客户端部署在同一台设备上。其中包括登录管理模块、检查管理模块、影像管理模块、病例管理模块、报告管理模块、用户管理模块和系统设置模块。 2.适用范围：供医疗机构使用，适用于实时颈动脉超声影像的接收、显示以及异常部位标记和处理，为临床医生提供影像处理结果，不包括自动诊断。,nmpa_udi_detail,桂械注准20262210022,,,https://udi.nmpa.gov.cn/showDetailCX.html?deviceRecordKey=0697549183016720260204040539443,samd; clinical_workflow,strong_official_product
广西雅斯生物科技有限公司,血压/血糖/尿酸/血酮测试仪,remote_patient_monitoring,NMPA UDI 06977563190001; GS1; YS-917D,nmpa_udi,06977563190001,,--,https://udi.nmpa.gov.cn/showDetailCX.html?deviceRecordKey=16bcea9cc731422194ffa7c765da0323,remote_patient_monitoring,strong_official_product
徐州市科健高新技术有限公司,糖尿病治疗仪,digital_health_or_medical_device_software,NMPA UDI 06975283415138; GS1; KJ-5000,nmpa_udi,06975283415138,,--,https://udi.nmpa.gov.cn/showDetailCX.html?deviceRecordKey=06975283415138202205101045050,chronic_disease_management,strong_official_product
微医,微医平台,digital_health_or_medical_device_software,中国知名互联网医疗平台,round2_seed,,,,https://www.guahao.com/,internet_healthcare,seed_only
微医,微医平台,digital_health_or_medical_device_software,中国知名互联网医疗平台,round2_company_site,,,,https://www.guahao.com/,internet_healthcare,strong_company_site
微脉,微脉,digital_health_or_medical_device_software,杭州互联网医疗/患者服务平台,round2_seed,,,,https://www.myweimai.com/,internet_healthcare; health_management_platform; patient_engagement,seed_only
微脉,微脉,digital_health_or_medical_device_software,专科频道,round2_company_site,,,,https://www.myweimai.com/,health_management_platform; patient_engagement,strong_company_site
思派健康,思派健康,digital_health_or_medical_device_software,中国特药和患者管理平台,round2_seed,,,,https://www.medbanks.cn/,pharmacy_ecommerce; health_management_platform; patient_engagement,seed_only
思派健康,思派健康,digital_health_or_medical_device_software,中国特药和患者管理平台,round2_company_site,,,,https://www.medbanks.cn/,pharmacy_ecommerce; health_management_platform; patient_engagement,strong_company_site
思澜科技（成都）有限公司,便携式睡眠呼吸监测仪,remote_patient_monitoring,NMPA UDI 06975263610003; GS1; PSM 100A,nmpa_udi,06975263610003,,--,https://udi.nmpa.gov.cn/showDetailCX.html?deviceRecordKey=4425365e8e2f450280940b64ac1c59dc,remote_patient_monitoring; sleep_health,strong_official_product
思澜科技（成都）有限公司,便携式睡眠呼吸监测仪,remote_patient_monitoring,NMPA UDI 06975263610010; GS1; PSM 100B,nmpa_udi,06975263610010,,--,https://udi.nmpa.gov.cn/showDetailCX.html?deviceRecordKey=aada7ead2f6f45a1a3006824a7cc57df,remote_patient_monitoring; sleep_health,strong_official_product
成都云卫康医疗科技有限公司,睡眠监测数据分析软件,samd_or_medical_software,NMPA UDI MA.156.M0.101195.0YWK0033; MA码（IDcode）; SRM-MC100,nmpa_udi,MA.156.M0.101195.0YWK0033,,--,https://udi.nmpa.gov.cn/showDetailCX.html?deviceRecordKey=MA.156.M0.101195.0YWK0033202403220556523,samd; remote_patient_monitoring; sleep_health,strong_official_product
成都云卫康医疗科技有限公司,睡眠监测数据分析软件,samd_or_medical_software,NMPA UDI MA.156.M0.101195.0YWK0042; MA码（IDcode）; SRM-MC500,nmpa_udi,MA.156.M0.101195.0YWK0042,,--,https://udi.nmpa.gov.cn/showDetailCX.html?deviceRecordKey=MA.156.M0.101195.0YWK0042202403220556524,samd; remote_patient_monitoring; sleep_health,strong_official_product
成都云卫康医疗科技有限公司,睡眠监测数据分析软件,samd_or_medical_software,NMPA UDI MA.156.M0.101195.0YWK0051; MA码（IDcode）; SRM-MC1000,nmpa_udi,MA.156.M0.101195.0YWK0051,,--,https://udi.nmpa.gov.cn/showDetailCX.html?deviceRecordKey=MA.156.M0.101195.0YWK0051202403220556525,samd; remote_patient_monitoring; sleep_health,strong_official_product
成都云卫康医疗科技有限公司,睡眠监测数据分析软件,samd_or_medical_software,NMPA UDI MA.156.M0.101195.0YWK0060; MA码（IDcode）; SRM-SC100,nmpa_udi,MA.156.M0.101195.0YWK0060,,--,https://udi.nmpa.gov.cn/showDetailCX.html?deviceRecordKey=MA.156.M0.101195.0YWK0060202403220556526,samd; remote_patient_monitoring; sleep_health,strong_official_product
成都云卫康医疗科技有限公司,睡眠监测数据分析软件,samd_or_medical_software,NMPA UDI MA.156.M0.101195.0YWK0079; MA码（IDcode）; SRM-SC500,nmpa_udi,MA.156.M0.101195.0YWK0079,,--,https://udi.nmpa.gov.cn/showDetailCX.html?deviceRecordKey=MA.156.M0.101195.0YWK0079202403220556527,samd; remote_patient_monitoring; sleep_health,strong_official_product
成都云卫康医疗科技有限公司,睡眠监测数据分析软件,samd_or_medical_software,NMPA UDI MA.156.M0.101195.0YWK0088; MA码（IDcode）; SRM-SC1000,nmpa_udi,MA.156.M0.101195.0YWK0088,,--,https://udi.nmpa.gov.cn/showDetailCX.html?deviceRecordKey=MA.156.M0.101195.0YWK0088202403220556528,samd; remote_patient_monitoring; sleep_health,strong_official_product
成都尚医信息科技有限公司,R Plus Health; 术康,samd_or_medical_software,用户点名；公开新闻显示其与 CF PharmTech 发布 R Plus Health 居家康复 App,round2_seed,,,,https://www.prnewswire.com/news-releases/cf-pharmtech-and-chengdu-shangyi-launch-the-home-based-recovery-program-for-discharged-covid-19-patients-and-announce-todays-global-release-of-the-r-plus-health-free-app-301219070.html,samd; rehabilitation,seed_only
成都尚医信息科技有限公司,R Plus Health; 术康,samd_or_medical_software,"CF PharmTech and Chengdu Shangyi Launch the &quot;Home-Based Recovery Program for Discharged Covid-19 Patients&quot; and Announce Today's Global Release of the &quot;R Plus Health&quot; Free App; /PRNewswire/ -- CF PharmTech, Inc. is a fully integrated pharmaceutical company in China specializing in the treatment of respiratory diseases. Chengdu Shangyi...",round2_news,,,,https://www.prnewswire.com/news-releases/cf-pharmtech-and-chengdu-shangyi-launch-the-home-based-recovery-program-for-discharged-covid-19-patients-and-announce-todays-global-release-of-the-r-plus-health-free-app-301219070.html,samd; rehabilitation,medium_news
执鼎医疗科技有限公司,眼科影像存储与传输软件,samd_or_medical_software,NMPA UDI 06973047191076; GS1; IMAGES-EYE,nmpa_udi,06973047191076,,--,https://udi.nmpa.gov.cn/showDetailCX.html?deviceRecordKey=0697304719107620260508030807326,samd,strong_official_product
执鼎医疗科技有限公司,眼科影像存储与传输软件,samd_or_medical_software,浙械注准20202210906; 眼科影像存储与传输软件是一个WEB应用软件，技术架构为BS架构。该软件用于对患者信息、患者的检查信息和影像信息进行管理。客户通过PC端的WEB浏览器进行操作。,nmpa_udi_detail,浙械注准20202210906,,,https://udi.nmpa.gov.cn/showDetailCX.html?deviceRecordKey=0697304719107620260508030807326,samd,strong_official_product
方舟健客,方舟健客,digital_health_or_medical_device_software,中国互联网医疗/慢病管理平台,round2_seed,,,,https://www.jianke.com/,chronic_disease_management; internet_healthcare; pharmacy_ecommerce,seed_only
方舟健客,方舟健客,digital_health_or_medical_device_software,"方舟健客网上药店,经国家药监局认证的合法正规网上药房.方舟健客为您提供方便的网上买药服务,执业医师为您提供24小时健康咨询!网上药店哪个好?买正品药上方舟健客!",round2_company_site,,,,https://www.jianke.com/,pharmacy_ecommerce,strong_company_site
日本尼德克株式会社,影像存档软件,samd_or_medical_software,NMPA UDI 04987669101643; GS1; NAVIS-EX,nmpa_udi,04987669101643,,--,https://udi.nmpa.gov.cn/showDetailCX.html?deviceRecordKey=0498766910164320260403013305251,samd,strong_official_product
日本尼德克株式会社,影像存档软件,samd_or_medical_software,"国械注进20213160291,国械注进20182162019,国械注进20172166681,国械注进20172162324,国械注进20172162256; NAVIS-EX 影像存档软件是一款能从以下NIDEK 眼底摄影设备中获取数据，并对其存档供轻易传输至外部系统中的软件。",nmpa_udi_detail,"国械注进20213160291,国械注进20182162019,国械注进20172166681,国械注进20172162324,国械注进20172162256",,,https://udi.nmpa.gov.cn/showDetailCX.html?deviceRecordKey=0498766910164320260403013305251,samd,strong_official_product
春雨医生,春雨医生,digital_health_or_medical_device_software,中国在线问诊平台,round2_seed,,,,https://www.chunyuyisheng.com/,online_consultation; clinical_workflow,seed_only
春雨医生,春雨医生,digital_health_or_medical_device_software,春雨医生-在线咨询医生,round2_company_site,,,,https://www.chunyuyisheng.com/,clinical_workflow,strong_company_site
景昱医疗科技（苏州）股份有限公司,远程程控问诊软件,samd_or_medical_software,NMPA UDI 06970377810660; GS1; SR1633（软件发布版本:1）,nmpa_udi,06970377810660,,--,https://udi.nmpa.gov.cn/showDetailCX.html?deviceRecordKey=0697037781066020250718070235628,samd; remote_patient_monitoring; online_consultation,strong_official_product
景昱医疗科技（苏州）股份有限公司,远程程控问诊软件,samd_or_medical_software,苏械注准20252211065; 由U 盘（选配）、随机文件、远程程控问诊医生端、远程程控问诊患者端组成。,nmpa_udi_detail,苏械注准20252211065,,,https://udi.nmpa.gov.cn/showDetailCX.html?deviceRecordKey=0697037781066020250718070235628,samd; remote_patient_monitoring; online_consultation; clinical_workflow,strong_official_product
智云健康,智云健康,digital_health_or_medical_device_software,中国慢病管理和数字医疗平台,round2_seed,,,,https://www.cloudr.cn/,chronic_disease_management,seed_only
智云健康,智云健康,digital_health_or_medical_device_software,"智云健康科技集团; 智云健康是一站式慢病管理与智慧医疗平台,数字健康领导者.旗下包括:医院慢病管理AI系统-智云医汇;链接慢病患者与医生的互联网医院;药店智能处方AI系统-智云问诊.Cloudr is one-stop chronic disease management and smart medical platform, digital health leader. Cloudr",round2_company_site,,,,https://www.cloudr.cn/,chronic_disease_management; internet_healthcare; online_consultation; clinical_workflow,strong_company_site
桂林优利特医疗电子有限公司,血糖数据管理软件,samd_or_medical_software,NMPA UDI 06935740735889; GS1; RM-01,nmpa_udi,06935740735889,,--,https://udi.nmpa.gov.cn/showDetailCX.html?deviceRecordKey=06935740735889202604101007341,samd,strong_official_product
桂林优利特医疗电子有限公司,血糖数据管理软件,samd_or_medical_software,桂械注准20252210493; 中文 RM-01 血糖数据管理软件,nmpa_udi_detail,桂械注准20252210493,,,https://udi.nmpa.gov.cn/showDetailCX.html?deviceRecordKey=06935740735889202604101007341,samd,strong_official_product
武汉兰丁智能医学股份有限公司,全自动数字远程病理细胞分析仪,remote_patient_monitoring,NMPA UDI 06975866142710; GS1; LD DNA-ICM I,nmpa_udi,06975866142710,,--,https://udi.nmpa.gov.cn/showDetailCX.html?deviceRecordKey=06975866142710202507090242481,remote_patient_monitoring,strong_official_product
武汉兰丁智能医学股份有限公司,全自动数字远程病理细胞分析仪,remote_patient_monitoring,NMPA UDI 06975866142727; GS1; LD DNA-ICM II,nmpa_udi,06975866142727,,--,https://udi.nmpa.gov.cn/showDetailCX.html?deviceRecordKey=06975866142727202507090242482,remote_patient_monitoring,strong_official_product
武汉兰丁智能医学股份有限公司,全自动数字远程病理细胞分析仪,remote_patient_monitoring,NMPA UDI 06975866142819; GS1; LD DNA-ICM III,nmpa_udi,06975866142819,,--,https://udi.nmpa.gov.cn/showDetailCX.html?deviceRecordKey=06975866142819202507090242483,remote_patient_monitoring,strong_official_product
武汉兰丁智能医学股份有限公司,全自动数字远程病理细胞分析仪,remote_patient_monitoring,NMPA UDI 06975866142826; GS1; LD DNA-ICM IV,nmpa_udi,06975866142826,,--,https://udi.nmpa.gov.cn/showDetailCX.html?deviceRecordKey=06975866142826202507090242484,remote_patient_monitoring,strong_official_product
武汉兰丁智能医学股份有限公司,全自动数字远程病理细胞分析仪,samd_or_medical_software,鄂械注准20122221170; 由硬件和软件（分析软件发布版本 V1.2，报告软件发布版本 V1.0）两部分组成。硬件由光学显微镜、显微电动 XY 平台、工业相机（Ⅰ型包括黑白工业相机一台）、计算机组成。软件由三维自动定位调焦功能模块、图像采集与存储功能模块、图像处理功能模块、图像分析功能模块、诊断报告输出功能及远程会诊功能模块组成。,nmpa_udi_detail,鄂械注准20122221170,,,https://udi.nmpa.gov.cn/showDetailCX.html?deviceRecordKey=06975866142710202507090242481,samd; remote_patient_monitoring; clinical_workflow,strong_official_product
武汉市九头鸟医疗仪器开发有限公司,男性性功能康复治疗仪,digital_health_or_medical_device_software,NMPA UDI 06975483292027; GS1; JTN-2001BL2,nmpa_udi,06975483292027,,--,https://udi.nmpa.gov.cn/showDetailCX.html?deviceRecordKey=0697548329202720260418110923009,rehabilitation,strong_official_product
武汉市九头鸟医疗仪器开发有限公司,男性性功能康复治疗仪,digital_health_or_medical_device_software,NMPA UDI 06975483292034; GS1; JTN-2001BL3,nmpa_udi,06975483292034,,--,https://udi.nmpa.gov.cn/showDetailCX.html?deviceRecordKey=0697548329203420260418111121270,rehabilitation,strong_official_product
武汉市九头鸟医疗仪器开发有限公司,男性性功能康复治疗仪,digital_health_or_medical_device_software,国械注准20153091258; 治疗仪由主机、控制和显示面板、负压系统、电极导联线组成,nmpa_udi_detail,国械注准20153091258,,,https://udi.nmpa.gov.cn/showDetailCX.html?deviceRecordKey=0697548329202720260418110923009,rehabilitation,strong_official_product
武汉康录生物技术股份有限公司,慢性淋巴细胞白血病染色体及基因异常探针检测试剂盒（原位杂交法）,digital_health_or_medical_device_software,NMPA UDI 06971808250727; GS1; 5人份/盒,nmpa_udi,06971808250727,,--,https://udi.nmpa.gov.cn/showDetailCX.html?deviceRecordKey=2d77c6be-9155-4945-b0c5-22e9056a52ac,,strong_official_product
武汉康录生物技术股份有限公司,慢性淋巴细胞白血病染色体及基因异常探针检测试剂盒（原位杂交法）,digital_health_or_medical_device_software,NMPA UDI 06971808251144; GS1; 10人份/盒,nmpa_udi,06971808251144,,--,https://udi.nmpa.gov.cn/showDetailCX.html?deviceRecordKey=f8db9997-b33d-45e7-91e7-e24f5f46beb1,,strong_official_product
武汉康录生物技术股份有限公司,慢性淋巴细胞白血病染色体及基因异常探针检测试剂盒（原位杂交法）,digital_health_or_medical_device_software,NMPA UDI 06971808250741; GS1; 20人份/盒,nmpa_udi,06971808250741,,--,https://udi.nmpa.gov.cn/showDetailCX.html?deviceRecordKey=68003e91-3af7-451c-b54a-20531e53ee54,,strong_official_product
武汉康录生物技术股份有限公司,慢性淋巴细胞白血病染色体及基因异常探针检测试剂盒（原位杂交法）,digital_health_or_medical_device_software,鄂汉械备20180037号; 本试剂盒仅适用于慢性淋巴细胞白血病的检测，为医师提供诊断的辅助信息。,nmpa_udi_detail,鄂汉械备20180037号,,,https://udi.nmpa.gov.cn/showDetailCX.html?deviceRecordKey=2d77c6be-9155-4945-b0c5-22e9056a52ac,clinical_workflow,strong_official_product
武汉楚精灵医疗科技有限公司,胃部病变电子内窥镜图像辅助分诊软件,samd_or_medical_software,NMPA UDI 06974604731025; GS1; EA PC-UGI，发布版本V1,nmpa_udi,06974604731025,,--,https://udi.nmpa.gov.cn/showDetailCX.html?deviceRecordKey=0697460473102520260419033246769,samd,strong_official_product
武汉楚精灵医疗科技有限公司,胃部病变电子内窥镜图像辅助分诊软件,samd_or_medical_software,国械注准20263210316; 本产品在医疗机构使用，用于胃部电子内窥镜图像的显示处理分析。经临床医 生判断存在胃部局灶性病变需进一步使用电子染色放大观察时，可用于对冻结 图像中是否存在高级别上皮内瘤变及以上病变的图像特征进行分诊提示，供经 培训合格的医师临床使用，不能单独作为临床诊疗决策的依据。产品仅适用于 指定型号的电子内窥镜及图像处理器，在白色光源（普通光）模式和指定的染 色放大模式下使用。,nmpa_udi_detail,国械注准20263210316,,,https://udi.nmpa.gov.cn/showDetailCX.html?deviceRecordKey=0697460473102520260419033246769,samd,strong_official_product
江西思维智光医疗科技有限公司,认知障碍评估训练与脑电刺激治疗系统,digital_health_or_medical_device_software,NMPA UDI 06979955410186; GS1; EI-RtES Ⅰ-30,nmpa_udi,06979955410186,,--,https://udi.nmpa.gov.cn/showDetailCX.html?deviceRecordKey=069799554101862026041703374918,mental_health,strong_official_product
江西思维智光医疗科技有限公司,认知障碍评估训练与脑电刺激治疗系统,digital_health_or_medical_device_software,NMPA UDI 06979955410193; GS1; EI-RtES Ⅰ-26,nmpa_udi,06979955410193,,--,https://udi.nmpa.gov.cn/showDetailCX.html?deviceRecordKey=069799554101932026041703374919,mental_health,strong_official_product
江西思维智光医疗科技有限公司,认知障碍评估训练与脑电刺激治疗系统,digital_health_or_medical_device_software,NMPA UDI 06979955410209; GS1; EI-RtES Ⅰ-20,nmpa_udi,06979955410209,,--,https://udi.nmpa.gov.cn/showDetailCX.html?deviceRecordKey=069799554102092026041703374920,mental_health,strong_official_product
江西思维智光医疗科技有限公司,认知障碍评估训练与脑电刺激治疗系统,digital_health_or_medical_device_software,NMPA UDI 06979955410216; GS1; EI-RtES Ⅰ-16,nmpa_udi,06979955410216,,--,https://udi.nmpa.gov.cn/showDetailCX.html?deviceRecordKey=069799554102162026041703374921,mental_health,strong_official_product
江西思维智光医疗科技有限公司,认知障碍评估训练与脑电刺激治疗系统,digital_health_or_medical_device_software,NMPA UDI 06979955410223; GS1; EI-RtES Ⅰ-10,nmpa_udi,06979955410223,,--,https://udi.nmpa.gov.cn/showDetailCX.html?deviceRecordKey=069799554102232026041703374922,mental_health,strong_official_product
江西思维智光医疗科技有限公司,认知障碍评估训练与脑电刺激治疗系统,digital_health_or_medical_device_software,NMPA UDI 06979955410230; GS1; EI-RtES Ⅰ-8,nmpa_udi,06979955410230,,--,https://udi.nmpa.gov.cn/showDetailCX.html?deviceRecordKey=069799554102302026041703374923,mental_health,strong_official_product
江西思维智光医疗科技有限公司,认知障碍评估训练与脑电刺激治疗系统,digital_health_or_medical_device_software,NMPA UDI 06979955410247; GS1; EI-RtES Ⅰ-6,nmpa_udi,06979955410247,,--,https://udi.nmpa.gov.cn/showDetailCX.html?deviceRecordKey=069799554102472026041703374924,mental_health,strong_official_product
江西思维智光医疗科技有限公司,认知障碍评估训练与脑电刺激治疗系统,digital_health_or_medical_device_software,NMPA UDI 06979955410254; GS1; EI-RtES Ⅰ-4,nmpa_udi,06979955410254,,--,https://udi.nmpa.gov.cn/showDetailCX.html?deviceRecordKey=069799554102542026041703374925,mental_health,strong_official_product
江西思维智光医疗科技有限公司,认知障碍评估训练与脑电刺激治疗系统,digital_health_or_medical_device_software,NMPA UDI 06979955410261; GS1; EI-RtES Ⅰ-2,nmpa_udi,06979955410261,,--,https://udi.nmpa.gov.cn/showDetailCX.html?deviceRecordKey=069799554102612026041703374926,mental_health,strong_official_product
江西思维智光医疗科技有限公司,认知障碍评估训练与脑电刺激治疗系统,digital_health_or_medical_device_software,NMPA UDI 06979955410278; GS1; EI-RtES Ⅰ-1,nmpa_udi,06979955410278,,--,https://udi.nmpa.gov.cn/showDetailCX.html?deviceRecordKey=069799554102782026041703374927,mental_health,strong_official_product
江西思维智光医疗科技有限公司,认知障碍评估训练与脑电刺激治疗系统,digital_health_or_medical_device_software,NMPA UDI 06979955410285; GS1; EI-CCRT Ⅰ-30,nmpa_udi,06979955410285,,--,https://udi.nmpa.gov.cn/showDetailCX.html?deviceRecordKey=069799554102852026041703374928,mental_health,strong_official_product
江西思维智光医疗科技有限公司,认知障碍评估训练与脑电刺激治疗系统,digital_health_or_medical_device_software,NMPA UDI 06979955410292; GS1; EI-CCRT Ⅰ-26,nmpa_udi,06979955410292,,--,https://udi.nmpa.gov.cn/showDetailCX.html?deviceRecordKey=069799554102922026041703374929,mental_health,strong_official_product
江西思维智光医疗科技有限公司,认知障碍评估训练与脑电刺激治疗系统,digital_health_or_medical_device_software,NMPA UDI 06979955410308; GS1; EI-CCRT Ⅰ-20,nmpa_udi,06979955410308,,--,https://udi.nmpa.gov.cn/showDetailCX.html?deviceRecordKey=069799554103082026041703374930,mental_health,strong_official_product
江西思维智光医疗科技有限公司,认知障碍评估训练与脑电刺激治疗系统,digital_health_or_medical_device_software,NMPA UDI 06979955410315; GS1; EI-CCRT Ⅰ-16,nmpa_udi,06979955410315,,--,https://udi.nmpa.gov.cn/showDetailCX.html?deviceRecordKey=069799554103152026041703374931,mental_health,strong_official_product
江西思维智光医疗科技有限公司,认知障碍评估训练与脑电刺激治疗系统,digital_health_or_medical_device_software,NMPA UDI 06979955410322; GS1; EI-CCRT Ⅰ-10,nmpa_udi,06979955410322,,--,https://udi.nmpa.gov.cn/showDetailCX.html?deviceRecordKey=069799554103222026041703374932,mental_health,strong_official_product
江西思维智光医疗科技有限公司,认知障碍评估训练与脑电刺激治疗系统,digital_health_or_medical_device_software,NMPA UDI 06979955410339; GS1; EI-CCRT Ⅰ-8,nmpa_udi,06979955410339,,--,https://udi.nmpa.gov.cn/showDetailCX.html?deviceRecordKey=069799554103392026041703374933,mental_health,strong_official_product
江西思维智光医疗科技有限公司,认知障碍评估训练与脑电刺激治疗系统,digital_health_or_medical_device_software,NMPA UDI 06979955410346; GS1; EI-CCRT Ⅰ-6,nmpa_udi,06979955410346,,--,https://udi.nmpa.gov.cn/showDetailCX.html?deviceRecordKey=069799554103462026041703374934,mental_health,strong_official_product
江西思维智光医疗科技有限公司,认知障碍评估训练与脑电刺激治疗系统,digital_health_or_medical_device_software,NMPA UDI 06979955410353; GS1; EI-CCRT Ⅰ-4,nmpa_udi,06979955410353,,--,https://udi.nmpa.gov.cn/showDetailCX.html?deviceRecordKey=069799554103532026041703374935,mental_health,strong_official_product
江西思维智光医疗科技有限公司,认知障碍评估训练与脑电刺激治疗系统,digital_health_or_medical_device_software,NMPA UDI 06979955410360; GS1; EI-CCRT Ⅰ-2,nmpa_udi,06979955410360,,--,https://udi.nmpa.gov.cn/showDetailCX.html?deviceRecordKey=069799554103602026041703374936,mental_health,strong_official_product
江西思维智光医疗科技有限公司,认知障碍评估训练与脑电刺激治疗系统,digital_health_or_medical_device_software,NMPA UDI 06979955410377; GS1; EI-CCRT Ⅰ-1,nmpa_udi,06979955410377,,--,https://udi.nmpa.gov.cn/showDetailCX.html?deviceRecordKey=069799554103772026041703374937,mental_health,strong_official_product
江西思维智光医疗科技有限公司,认知障碍评估训练与脑电刺激治疗系统,digital_health_or_medical_device_software,NMPA UDI 06979955410384; GS1; A620 Ⅰ-30（经颅电刺激仪）,nmpa_udi,06979955410384,,--,https://udi.nmpa.gov.cn/showDetailCX.html?deviceRecordKey=069799554103842026041703374938,mental_health,strong_official_product
江西思维智光医疗科技有限公司,认知障碍评估训练与脑电刺激治疗系统,digital_health_or_medical_device_software,NMPA UDI 06979955410391; GS1; A620 Ⅰ-26（经颅电刺激仪）,nmpa_udi,06979955410391,,--,https://udi.nmpa.gov.cn/showDetailCX.html?deviceRecordKey=069799554103912026041703374939,mental_health,strong_official_product
江西思维智光医疗科技有限公司,认知障碍评估训练与脑电刺激治疗系统,digital_health_or_medical_device_software,NMPA UDI 06979955410407; GS1; A620 Ⅰ-20（经颅电刺激仪）,nmpa_udi,06979955410407,,--,https://udi.nmpa.gov.cn/showDetailCX.html?deviceRecordKey=069799554104072026041703374940,mental_health,strong_official_product
江西思维智光医疗科技有限公司,认知障碍评估训练与脑电刺激治疗系统,digital_health_or_medical_device_software,NMPA UDI 06979955410414; GS1; A620 Ⅰ-16（经颅电刺激仪）,nmpa_udi,06979955410414,,--,https://udi.nmpa.gov.cn/showDetailCX.html?deviceRecordKey=069799554104142026041703374941,mental_health,strong_official_product
江西思维智光医疗科技有限公司,认知障碍评估训练与脑电刺激治疗系统,digital_health_or_medical_device_software,NMPA UDI 06979955410421; GS1; A620 Ⅰ-10（经颅电刺激仪）,nmpa_udi,06979955410421,,--,https://udi.nmpa.gov.cn/showDetailCX.html?deviceRecordKey=069799554104212026041703374942,mental_health,strong_official_product
江西思维智光医疗科技有限公司,认知障碍评估训练与脑电刺激治疗系统,digital_health_or_medical_device_software,NMPA UDI 06979955410438; GS1; A620 Ⅰ-8（经颅电刺激仪）,nmpa_udi,06979955410438,,--,https://udi.nmpa.gov.cn/showDetailCX.html?deviceRecordKey=069799554104382026041703374943,mental_health,strong_official_product
江西思维智光医疗科技有限公司,认知障碍评估训练与脑电刺激治疗系统,digital_health_or_medical_device_software,NMPA UDI 06979955410445; GS1; A620 Ⅰ-6（经颅电刺激仪）,nmpa_udi,06979955410445,,--,https://udi.nmpa.gov.cn/showDetailCX.html?deviceRecordKey=069799554104452026041703374944,mental_health,strong_official_product
江西思维智光医疗科技有限公司,认知障碍评估训练与脑电刺激治疗系统,digital_health_or_medical_device_software,NMPA UDI 06979955410452; GS1; A620 Ⅰ-4（经颅电刺激仪）,nmpa_udi,06979955410452,,--,https://udi.nmpa.gov.cn/showDetailCX.html?deviceRecordKey=069799554104522026041703374945,mental_health,strong_official_product
江西思维智光医疗科技有限公司,认知障碍评估训练与脑电刺激治疗系统,digital_health_or_medical_device_software,NMPA UDI 06979955410469; GS1; A620 Ⅰ-2（经颅电刺激仪）,nmpa_udi,06979955410469,,--,https://udi.nmpa.gov.cn/showDetailCX.html?deviceRecordKey=069799554104692026041703374946,mental_health,strong_official_product
江西思维智光医疗科技有限公司,认知障碍评估训练与脑电刺激治疗系统,digital_health_or_medical_device_software,NMPA UDI 06979955410476; GS1; A620 Ⅰ-1（经颅电刺激仪）,nmpa_udi,06979955410476,,--,https://udi.nmpa.gov.cn/showDetailCX.html?deviceRecordKey=069799554104762026041703374947,mental_health,strong_official_product
江西思维智光医疗科技有限公司,认知障碍评估训练与脑电刺激治疗系统,digital_health_or_medical_device_software,NMPA UDI 06979955410483; GS1; EIPD-Ⅰ（便携款经颅电刺激仪）,nmpa_udi,06979955410483,,--,https://udi.nmpa.gov.cn/showDetailCX.html?deviceRecordKey=069799554104832026041703374948,mental_health,strong_official_product
河北深灵医疗科技有限公司,额贴式睡眠记录仪,digital_health_or_medical_device_software,NMPA UDI 06977584170013; GS1; S1、E1,nmpa_udi,06977584170013,,--,https://udi.nmpa.gov.cn/showDetailCX.html?deviceRecordKey=0697758417001320250519034302079,sleep_health,strong_official_product
河南华南医电科技有限公司,睡眠呼吸监测仪,remote_patient_monitoring,NMPA UDI 06974564120105; GS1; GY-6620,nmpa_udi,06974564120105,,--,https://udi.nmpa.gov.cn/showDetailCX.html?deviceRecordKey=0697456412010520230131012921496,remote_patient_monitoring; sleep_health,strong_official_product
济民健康管理股份有限公司,血液透析浓缩液,digital_health_or_medical_device_software,NMPA UDI 06972137490235; GS1; JM201402B(12L),nmpa_udi,06972137490235,,--,https://udi.nmpa.gov.cn/showDetailCX.html?deviceRecordKey=1f088f9d-ff2a-495e-b20b-6004c2213d40,health_management_platform,strong_official_product
济民健康管理股份有限公司,血液透析浓缩液,digital_health_or_medical_device_software,NMPA UDI 06972137490013; GS1; JM201401A(5L),nmpa_udi,06972137490013,,--,https://udi.nmpa.gov.cn/showDetailCX.html?deviceRecordKey=13762f50-3526-4193-a68e-d59e7eaf846f,health_management_platform,strong_official_product
济民健康管理股份有限公司,血液透析浓缩液,digital_health_or_medical_device_software,NMPA UDI 06972137490037; GS1; JM201401A(10L),nmpa_udi,06972137490037,,--,https://udi.nmpa.gov.cn/showDetailCX.html?deviceRecordKey=5766bb42-6fbf-4252-b655-7ebe9a273716,health_management_platform,strong_official_product
济民健康管理股份有限公司,血液透析浓缩液,digital_health_or_medical_device_software,NMPA UDI 06972137490051; GS1; JM201401B(6L),nmpa_udi,06972137490051,,--,https://udi.nmpa.gov.cn/showDetailCX.html?deviceRecordKey=be97e3bd-69a6-4f7e-9b54-3a21e78326b7,health_management_platform,strong_official_product
济民健康管理股份有限公司,血液透析浓缩液,digital_health_or_medical_device_software,NMPA UDI 06972137490075; GS1; JM201401B(9L),nmpa_udi,06972137490075,,--,https://udi.nmpa.gov.cn/showDetailCX.html?deviceRecordKey=df8a7ce3-93a2-4804-873a-31fe0eebc17c,health_management_platform,strong_official_product
济民健康管理股份有限公司,血液透析浓缩液,digital_health_or_medical_device_software,NMPA UDI 06972137490099; GS1; JM201401B(10L),nmpa_udi,06972137490099,,--,https://udi.nmpa.gov.cn/showDetailCX.html?deviceRecordKey=76c1515f-b5ae-4c1f-a2b9-d508d66922ad,health_management_platform,strong_official_product
济民健康管理股份有限公司,血液透析浓缩液,digital_health_or_medical_device_software,NMPA UDI 06972137490112; GS1; JM201401B(12L),nmpa_udi,06972137490112,,--,https://udi.nmpa.gov.cn/showDetailCX.html?deviceRecordKey=51b42893-ae70-4d49-b9e0-7efae3c882fe,health_management_platform,strong_official_product
济民健康管理股份有限公司,血液透析浓缩液,digital_health_or_medical_device_software,NMPA UDI 06972137490136; GS1; JM201402A(5L),nmpa_udi,06972137490136,,--,https://udi.nmpa.gov.cn/showDetailCX.html?deviceRecordKey=4fc2abce-48d5-4a21-9a85-511cc0503447,health_management_platform,strong_official_product
济民健康管理股份有限公司,血液透析浓缩液,digital_health_or_medical_device_software,NMPA UDI 06972137490150; GS1; JM201402A(10L),nmpa_udi,06972137490150,,--,https://udi.nmpa.gov.cn/showDetailCX.html?deviceRecordKey=70ccb72c-9042-4fd4-b63b-99895b973a95,health_management_platform,strong_official_product
济民健康管理股份有限公司,血液透析浓缩液,digital_health_or_medical_device_software,NMPA UDI 06972137490174; GS1; JM201402B(6L),nmpa_udi,06972137490174,,--,https://udi.nmpa.gov.cn/showDetailCX.html?deviceRecordKey=cab332d2-3976-48f0-b53c-4653d5624176,health_management_platform,strong_official_product
济民健康管理股份有限公司,血液透析浓缩液,digital_health_or_medical_device_software,NMPA UDI 06972137490198; GS1; JM201402B(9L),nmpa_udi,06972137490198,,--,https://udi.nmpa.gov.cn/showDetailCX.html?deviceRecordKey=d2504167-52e9-4da5-9901-4405ce76e565,health_management_platform,strong_official_product
济民健康管理股份有限公司,血液透析浓缩液,digital_health_or_medical_device_software,NMPA UDI 06972137490211; GS1; JM201402B(10L),nmpa_udi,06972137490211,,--,https://udi.nmpa.gov.cn/showDetailCX.html?deviceRecordKey=0aed2f55-f51a-490b-bc5c-32abdcce84ac,health_management_platform,strong_official_product
济民健康管理股份有限公司,预充式导管冲洗器,digital_health_or_medical_device_software,NMPA UDI 06972137491041; GS1; 3ml,nmpa_udi,06972137491041,,--,https://udi.nmpa.gov.cn/showDetailCX.html?deviceRecordKey=0697213749104120220415105508034,health_management_platform,strong_official_product
济民健康管理股份有限公司,预充式导管冲洗器,digital_health_or_medical_device_software,NMPA UDI 06972137491058; GS1; 5ml,nmpa_udi,06972137491058,,--,https://udi.nmpa.gov.cn/showDetailCX.html?deviceRecordKey=0697213749105820220415105813032,health_management_platform,strong_official_product
济民健康管理股份有限公司,预充式导管冲洗器,digital_health_or_medical_device_software,NMPA UDI 06972137491065; GS1; 10ml,nmpa_udi,06972137491065,,--,https://udi.nmpa.gov.cn/showDetailCX.html?deviceRecordKey=0697213749106520220415110053364,health_management_platform,strong_official_product
海南齐佳智能科技有限公司,认知功能障碍康复训练软件,samd_or_medical_software,NMPA UDI 06976033530330; GS1; KF-100QJ,nmpa_udi,06976033530330,,--,https://udi.nmpa.gov.cn/showDetailCX.html?deviceRecordKey=895bdefe706046a3bb310582ade31a21,samd; mental_health; rehabilitation,strong_official_product
海南齐佳智能科技有限公司,认知功能障碍康复训练软件,samd_or_medical_software,NMPA UDI 06976033530347; GS1; KF-200QJ,nmpa_udi,06976033530347,,--,https://udi.nmpa.gov.cn/showDetailCX.html?deviceRecordKey=e0e536cc095f4a87b44131369b77362c,samd; mental_health; rehabilitation,strong_official_product
海口安至科技有限公司,睡眠呼吸记录仪,digital_health_or_medical_device_software,NMPA UDI 06977238240062; GS1; SA-05,nmpa_udi,06977238240062,,--,https://udi.nmpa.gov.cn/showDetailCX.html?deviceRecordKey=0697723824006220250623012627084,sleep_health,strong_official_product
深圳京柏医疗科技股份有限公司,盆底康复治疗仪,digital_health_or_medical_device_software,NMPA UDI 06951740550611; GS1; BFC10系列,nmpa_udi,06951740550611,,--,https://udi.nmpa.gov.cn/showDetailCX.html?deviceRecordKey=0695174055061120260430020307433,rehabilitation,strong_official_product
深圳京柏医疗科技股份有限公司,盆底康复治疗仪,digital_health_or_medical_device_software,NMPA UDI 06951740550628; GS1; BFD10系列,nmpa_udi,06951740550628,,--,https://udi.nmpa.gov.cn/showDetailCX.html?deviceRecordKey=0695174055062820260430021227521,rehabilitation,strong_official_product
深圳京柏医疗科技股份有限公司,盆底康复治疗仪,digital_health_or_medical_device_software,NMPA UDI 06951740550635; GS1; BFE10系列,nmpa_udi,06951740550635,,--,https://udi.nmpa.gov.cn/showDetailCX.html?deviceRecordKey=0695174055063520260430021753276,rehabilitation,strong_official_product
深圳京柏医疗科技股份有限公司,盆底康复治疗仪,digital_health_or_medical_device_software,粤械注准20252090764; 适用于产妇催乳治疗，促进产后排尿、子宫复旧、产后恢复。对患者盆底肌表面肌电信号进行采集、分析、评估，通过神经肌肉电刺激和生物反馈进行盆底功能障碍的辅助治疗。适用于产后盆底功能康复，尿失禁(含产后压力性尿失禁)，轻度盆腔器官膨出和脱垂的辅助治疗，慢性盆腔疼痛的缓解，辅助改善盆底肌松弛，辅助治疗阴道松弛。,nmpa_udi_detail,粤械注准20252090764,,,https://udi.nmpa.gov.cn/showDetailCX.html?deviceRecordKey=0695174055061120260430020307433,rehabilitation,strong_official_product
深圳市亚辉龙生物科技股份有限公司,自身免疫性糖尿病抗体谱检测试剂盒（免疫印迹法）,digital_health_or_medical_device_software,NMPA UDI 06925912703280; GS1; 型号：4S-24T；规格：24人份/盒,nmpa_udi,06925912703280,,--,https://udi.nmpa.gov.cn/showDetailCX.html?deviceRecordKey=1f59cb8b-b489-41ac-8ddf-c5f2d5198b24,chronic_disease_management,strong_official_product
深圳市亚辉龙生物科技股份有限公司,自身免疫性糖尿病抗体谱检测试剂盒（免疫印迹法）,digital_health_or_medical_device_software,NMPA UDI 06925912703259; GS1; 型号：5S-24T；规格：24人份/盒,nmpa_udi,06925912703259,,--,https://udi.nmpa.gov.cn/showDetailCX.html?deviceRecordKey=21f144be-e93a-432b-bc05-03bfcaa9d6e4,chronic_disease_management,strong_official_product
深圳市亚辉龙生物科技股份有限公司,自身免疫性糖尿病抗体谱检测试剂盒（免疫印迹法）,digital_health_or_medical_device_software,NMPA UDI 06925912703273; GS1; 型号：5S-24T；规格：24人份/盒,nmpa_udi,06925912703273,,--,https://udi.nmpa.gov.cn/showDetailCX.html?deviceRecordKey=26aa01f0-0595-4238-bf08-8c2c6eb4b632,chronic_disease_management,strong_official_product
深圳市亚辉龙生物科技股份有限公司,自身免疫性糖尿病抗体谱检测试剂盒（免疫印迹法）,digital_health_or_medical_device_software,NMPA UDI 06925912703266; GS1; 型号：4S-24T；规格：24人份/盒,nmpa_udi,06925912703266,,--,https://udi.nmpa.gov.cn/showDetailCX.html?deviceRecordKey=a20e27d9-1d6e-4992-a0bd-18c9a3a58c14,chronic_disease_management,strong_official_product
深圳市伯劳特生物制品有限公司,糖尿病自身抗体免疫印迹试剂盒（免疫印迹法）,digital_health_or_medical_device_software,NMPA UDI 06940767500167; GS1; 40人份/盒（20人份/管X2管）,nmpa_udi,06940767500167,,--,https://udi.nmpa.gov.cn/showDetailCX.html?deviceRecordKey=0694076750016720240529031730243,chronic_disease_management,strong_official_product
深圳市伯劳特生物制品有限公司,糖尿病自身抗体免疫印迹试剂盒（免疫印迹法）,digital_health_or_medical_device_software,NMPA UDI 06940767500051; GS1; 40人份/盒（8条/板X5板）,nmpa_udi,06940767500051,,--,https://udi.nmpa.gov.cn/showDetailCX.html?deviceRecordKey=0694076750005120240529030448829,chronic_disease_management,strong_official_product
深圳市伯劳特生物制品有限公司,糖尿病自身抗体检测试剂盒（斑点印迹法）,digital_health_or_medical_device_software,NMPA UDI 06940767500068; GS1; 40人份/盒（8条/板X5板）,nmpa_udi,06940767500068,,--,https://udi.nmpa.gov.cn/showDetailCX.html?deviceRecordKey=0694076750006820240529040030744,chronic_disease_management,strong_official_product
深圳市伯劳特生物制品有限公司,糖尿病自身抗体检测试剂盒（斑点印迹法）,digital_health_or_medical_device_software,NMPA UDI 06940767500174; GS1; 40人份/盒（40人份/管）,nmpa_udi,06940767500174,,--,https://udi.nmpa.gov.cn/showDetailCX.html?deviceRecordKey=0694076750017420240529041546642,chronic_disease_management,strong_official_product
深圳市保身欣科技电子有限公司,臂式电子血压计,remote_patient_monitoring,NMPA UDI 06920485308078; GS1; S22,nmpa_udi,06920485308078,,--,https://udi.nmpa.gov.cn/showDetailCX.html?deviceRecordKey=0692048530807820260512095841386,remote_patient_monitoring,strong_official_product
深圳市保身欣科技电子有限公司,臂式电子血压计,remote_patient_monitoring,NMPA UDI 06920485308085; GS1; S22 Air,nmpa_udi,06920485308085,,--,https://udi.nmpa.gov.cn/showDetailCX.html?deviceRecordKey=0692048530808520260512095711453,remote_patient_monitoring,strong_official_product
深圳市保身欣科技电子有限公司,臂式电子血压计,remote_patient_monitoring,NMPA UDI 06920485308061; GS1; S21 Air,nmpa_udi,06920485308061,,--,https://udi.nmpa.gov.cn/showDetailCX.html?deviceRecordKey=0692048530806120260512100049355,remote_patient_monitoring,strong_official_product
深圳市保身欣科技电子有限公司,臂式电子血压计,remote_patient_monitoring,NMPA UDI 06920485308047; GS1; S21,nmpa_udi,06920485308047,,--,https://udi.nmpa.gov.cn/showDetailCX.html?deviceRecordKey=0692048530804720260512100129225,remote_patient_monitoring,strong_official_product
深圳市埃微医疗信息技术有限公司,远程动态心电记录仪,remote_patient_monitoring,NMPA UDI 06979966220033; GS1; R-103A3,nmpa_udi,06979966220033,,--,https://udi.nmpa.gov.cn/showDetailCX.html?deviceRecordKey=0697996622003320260407051218149,remote_patient_monitoring,strong_official_product
深圳市埃微医疗信息技术有限公司,远程动态心电记录仪,remote_patient_monitoring,NMPA UDI 06979966220026; GS1; R-103A2,nmpa_udi,06979966220026,,--,https://udi.nmpa.gov.cn/showDetailCX.html?deviceRecordKey=0697996622002620260407050911285,remote_patient_monitoring,strong_official_product
深圳市埃微医疗信息技术有限公司,远程动态心电记录仪,remote_patient_monitoring,NMPA UDI 06979966220019; GS1; R-103A1,nmpa_udi,06979966220019,,--,https://udi.nmpa.gov.cn/showDetailCX.html?deviceRecordKey=0697996622001920260407050539667,remote_patient_monitoring,strong_official_product
深圳市埃微医疗信息技术有限公司,远程动态心电记录仪,remote_patient_monitoring,NMPA UDI 06979966220002; GS1; R-103A,nmpa_udi,06979966220002,,--,https://udi.nmpa.gov.cn/showDetailCX.html?deviceRecordKey=0697996622000220260407050204997,remote_patient_monitoring,strong_official_product
深圳市埃微医疗信息技术有限公司,远程动态心电记录仪,samd_or_medical_software,粤械注准20262070254; 由主机、穿戴式心电传感器、导联线、充电线和移动端软件组成。,nmpa_udi_detail,粤械注准20262070254,,,https://udi.nmpa.gov.cn/showDetailCX.html?deviceRecordKey=0697996622003320260407051218149,samd; remote_patient_monitoring,strong_official_product
深圳市埃微医疗信息技术有限公司,远程动态心电记录仪-穿戴式心电传感器,remote_patient_monitoring,NMPA UDI 06979966220057; GS1; DL-00B2,nmpa_udi,06979966220057,,--,https://udi.nmpa.gov.cn/showDetailCX.html?deviceRecordKey=0697996622005720260407052252779,remote_patient_monitoring,strong_official_product
深圳市埃微医疗信息技术有限公司,远程动态心电记录仪-穿戴式心电传感器,remote_patient_monitoring,NMPA UDI 06979966220040; GS1; DL-00B1,nmpa_udi,06979966220040,,--,https://udi.nmpa.gov.cn/showDetailCX.html?deviceRecordKey=0697996622004020260407051922060,remote_patient_monitoring,strong_official_product
深圳市埃微医疗信息技术有限公司,远程动态心电记录仪-穿戴式心电传感器,remote_patient_monitoring,粤械注准20262070254; 穿戴式心电传感器,nmpa_udi_detail,粤械注准20262070254,,,https://udi.nmpa.gov.cn/showDetailCX.html?deviceRecordKey=0697996622005720260407052252779,remote_patient_monitoring,strong_official_product
深圳市安普康科技有限公司,心电导联线,remote_patient_monitoring,NMPA UDI 06946725537299; GS1; A1003-EE0,nmpa_udi,06946725537299,,--,https://udi.nmpa.gov.cn/showDetailCX.html?deviceRecordKey=0694672553729920260513090518523,remote_patient_monitoring,strong_official_product
深圳市安普康科技有限公司,心电导联线,remote_patient_monitoring,NMPA UDI 06946725537305; GS1; A4017-EE0,nmpa_udi,06946725537305,,--,https://udi.nmpa.gov.cn/showDetailCX.html?deviceRecordKey=0694672553730520260513090603248,remote_patient_monitoring,strong_official_product
深圳市安普康科技有限公司,心电导联线,remote_patient_monitoring,NMPA UDI 06946725537480; GS1; A1020-EE0,nmpa_udi,06946725537480,,--,https://udi.nmpa.gov.cn/showDetailCX.html?deviceRecordKey=0694672553748020260513092714089,remote_patient_monitoring,strong_official_product
深圳市安普康科技有限公司,心电导联线,remote_patient_monitoring,NMPA UDI 06946725537497; GS1; A2020-EE0,nmpa_udi,06946725537497,,--,https://udi.nmpa.gov.cn/showDetailCX.html?deviceRecordKey=0694672553749720260513092756596,remote_patient_monitoring,strong_official_product
深圳市安普康科技有限公司,心电导联线,remote_patient_monitoring,NMPA UDI 06946725509852; GS1; A2020-EE1,nmpa_udi,06946725509852,,--,https://udi.nmpa.gov.cn/showDetailCX.html?deviceRecordKey=0694672550985220260513093325229,remote_patient_monitoring,strong_official_product
深圳市安普康科技有限公司,心电导联线,remote_patient_monitoring,NMPA UDI 06946725509869; GS1; A3020-EE0,nmpa_udi,06946725509869,,--,https://udi.nmpa.gov.cn/showDetailCX.html?deviceRecordKey=0694672550986920260513093427648,remote_patient_monitoring,strong_official_product
深圳市安普康科技有限公司,心电导联线,remote_patient_monitoring,NMPA UDI 06946725509876; GS1; A3020-EE1,nmpa_udi,06946725509876,,--,https://udi.nmpa.gov.cn/showDetailCX.html?deviceRecordKey=0694672550987620260513093552701,remote_patient_monitoring,strong_official_product
深圳市安普康科技有限公司,心电导联线,remote_patient_monitoring,NMPA UDI 06946725538111; GS1; A1003-EE1,nmpa_udi,06946725538111,,--,https://udi.nmpa.gov.cn/showDetailCX.html?deviceRecordKey=0694672553811120260513093846450,remote_patient_monitoring,strong_official_product
深圳市安普康科技有限公司,心电导联线,remote_patient_monitoring,NMPA UDI 06946725538319; GS1; A2012-EE1,nmpa_udi,06946725538319,,--,https://udi.nmpa.gov.cn/showDetailCX.html?deviceRecordKey=0694672553831920260513094049938,remote_patient_monitoring,strong_official_product
深圳市安普康科技有限公司,心电导联线,remote_patient_monitoring,NMPA UDI 06946725540336; GS1; A2008-EE0,nmpa_udi,06946725540336,,--,https://udi.nmpa.gov.cn/showDetailCX.html?deviceRecordKey=0694672554033620260513094228021,remote_patient_monitoring,strong_official_product
深圳市安普康科技有限公司,心电导联线,remote_patient_monitoring,NMPA UDI 06946725545713; GS1; A2029-EE1,nmpa_udi,06946725545713,,--,https://udi.nmpa.gov.cn/showDetailCX.html?deviceRecordKey=0694672554571320260513094256388,remote_patient_monitoring,strong_official_product
深圳市安普康科技有限公司,心电导联线,remote_patient_monitoring,NMPA UDI 06946725546208; GS1; A3016-EE1,nmpa_udi,06946725546208,,--,https://udi.nmpa.gov.cn/showDetailCX.html?deviceRecordKey=0694672554620820260513094601594,remote_patient_monitoring,strong_official_product
深圳市安普康科技有限公司,心电导联线,remote_patient_monitoring,NMPA UDI 06946725509951; GS1; A3010-EE0,nmpa_udi,06946725509951,,--,https://udi.nmpa.gov.cn/showDetailCX.html?deviceRecordKey=0694672550995120260513094921154,remote_patient_monitoring,strong_official_product
深圳市安普康科技有限公司,心电导联线,remote_patient_monitoring,NMPA UDI 06946725509968; GS1; A3010-EE1,nmpa_udi,06946725509968,,--,https://udi.nmpa.gov.cn/showDetailCX.html?deviceRecordKey=0694672550996820260513095058885,remote_patient_monitoring,strong_official_product
深圳市安普康科技有限公司,心电导联线,remote_patient_monitoring,NMPA UDI 06946725509975; GS1; A2010-EE0,nmpa_udi,06946725509975,,--,https://udi.nmpa.gov.cn/showDetailCX.html?deviceRecordKey=0694672550997520260513095312262,remote_patient_monitoring,strong_official_product
深圳市安普康科技有限公司,心电导联线,remote_patient_monitoring,NMPA UDI 06946725509982; GS1; A2010-EE1,nmpa_udi,06946725509982,,--,https://udi.nmpa.gov.cn/showDetailCX.html?deviceRecordKey=0694672550998220260513095407504,remote_patient_monitoring,strong_official_product
深圳市安普康科技有限公司,心电导联线,remote_patient_monitoring,NMPA UDI 06946725509999; GS1; A1006-EE0,nmpa_udi,06946725509999,,--,https://udi.nmpa.gov.cn/showDetailCX.html?deviceRecordKey=0694672550999920260513095451414,remote_patient_monitoring,strong_official_product
深圳市安普康科技有限公司,心电导联线,remote_patient_monitoring,NMPA UDI 06946725510001; GS1; A1006-EE1,nmpa_udi,06946725510001,,--,https://udi.nmpa.gov.cn/showDetailCX.html?deviceRecordKey=0694672551000120260513095524508,remote_patient_monitoring,strong_official_product
深圳市安普康科技有限公司,心电导联线,remote_patient_monitoring,NMPA UDI 06946725510018; GS1; A3030-EE0,nmpa_udi,06946725510018,,--,https://udi.nmpa.gov.cn/showDetailCX.html?deviceRecordKey=0694672551001820260513095553848,remote_patient_monitoring,strong_official_product
深圳市安普康科技有限公司,心电导联线,remote_patient_monitoring,NMPA UDI 06946725510032; GS1; A2015-EE0,nmpa_udi,06946725510032,,--,https://udi.nmpa.gov.cn/showDetailCX.html?deviceRecordKey=0694672551003220260513095622318,remote_patient_monitoring,strong_official_product
深圳市安普康科技有限公司,心电导联线,remote_patient_monitoring,NMPA UDI 06946725510049; GS1; A1024-EE0,nmpa_udi,06946725510049,,--,https://udi.nmpa.gov.cn/showDetailCX.html?deviceRecordKey=0694672551004920260513095647360,remote_patient_monitoring,strong_official_product
深圳市安普康科技有限公司,心电导联线,remote_patient_monitoring,NMPA UDI 06946725510056; GS1; A1024-EE1,nmpa_udi,06946725510056,,--,https://udi.nmpa.gov.cn/showDetailCX.html?deviceRecordKey=0694672551005620260513095706049,remote_patient_monitoring,strong_official_product
深圳市安普康科技有限公司,心电导联线,remote_patient_monitoring,NMPA UDI 06946725510063; GS1; A1027-EE1,nmpa_udi,06946725510063,,--,https://udi.nmpa.gov.cn/showDetailCX.html?deviceRecordKey=0694672551006320260513095732230,remote_patient_monitoring,strong_official_product
深圳市安普康科技有限公司,心电导联线,remote_patient_monitoring,NMPA UDI 06946725509159; GS1; A1017-EE0,nmpa_udi,06946725509159,,--,https://udi.nmpa.gov.cn/showDetailCX.html?deviceRecordKey=0694672550915920260513100932530,remote_patient_monitoring,strong_official_product
深圳市安普康科技有限公司,心电导联线,remote_patient_monitoring,NMPA UDI 06946725509166; GS1; A1017-EE1,nmpa_udi,06946725509166,,--,https://udi.nmpa.gov.cn/showDetailCX.html?deviceRecordKey=0694672550916620260513101132879,remote_patient_monitoring,strong_official_product
深圳市安普康科技有限公司,心电导联线,remote_patient_monitoring,NMPA UDI 06946725510148; GS1; A1001-EE1,nmpa_udi,06946725510148,,--,https://udi.nmpa.gov.cn/showDetailCX.html?deviceRecordKey=0694672551014820260513101158758,remote_patient_monitoring,strong_official_product
深圳市安普康科技有限公司,心电导联线,remote_patient_monitoring,NMPA UDI 06946725510414; GS1; A1010-EE0,nmpa_udi,06946725510414,,--,https://udi.nmpa.gov.cn/showDetailCX.html?deviceRecordKey=0694672551041420260513101230625,remote_patient_monitoring,strong_official_product
深圳市安普康科技有限公司,心电导联线,remote_patient_monitoring,NMPA UDI 06946725510421; GS1; A1010-EE1,nmpa_udi,06946725510421,,--,https://udi.nmpa.gov.cn/showDetailCX.html?deviceRecordKey=0694672551042120260513101251518,remote_patient_monitoring,strong_official_product
深圳市安普康科技有限公司,心电导联线,remote_patient_monitoring,NMPA UDI 06946725510438; GS1; A2006-EE0,nmpa_udi,06946725510438,,--,https://udi.nmpa.gov.cn/showDetailCX.html?deviceRecordKey=0694672551043820260513101323343,remote_patient_monitoring,strong_official_product
深圳市安普康科技有限公司,心电导联线,remote_patient_monitoring,NMPA UDI 06946725510445; GS1; A2006-EE1,nmpa_udi,06946725510445,,--,https://udi.nmpa.gov.cn/showDetailCX.html?deviceRecordKey=0694672551044520260513101551580,remote_patient_monitoring,strong_official_product
深圳市安普康科技有限公司,心电导联线,remote_patient_monitoring,NMPA UDI 06946725510452; GS1; A1009-EE0,nmpa_udi,06946725510452,,--,https://udi.nmpa.gov.cn/showDetailCX.html?deviceRecordKey=0694672551045220260513101759867,remote_patient_monitoring,strong_official_product
深圳市安普康科技有限公司,心电导联线,remote_patient_monitoring,NMPA UDI 06946725510469; GS1; A1009-EE1,nmpa_udi,06946725510469,,--,https://udi.nmpa.gov.cn/showDetailCX.html?deviceRecordKey=0694672551046920260513101852551,remote_patient_monitoring,strong_official_product
深圳市安普康科技有限公司,心电导联线,remote_patient_monitoring,NMPA UDI 06946725510476; GS1; A2009-EE0,nmpa_udi,06946725510476,,--,https://udi.nmpa.gov.cn/showDetailCX.html?deviceRecordKey=0694672551047620260513102947307,remote_patient_monitoring,strong_official_product
深圳市安普康科技有限公司,心电导联线,remote_patient_monitoring,NMPA UDI 06946725510483; GS1; A2009-EE1,nmpa_udi,06946725510483,,--,https://udi.nmpa.gov.cn/showDetailCX.html?deviceRecordKey=0694672551048320260513103015237,remote_patient_monitoring,strong_official_product
深圳市安普康科技有限公司,心电导联线,remote_patient_monitoring,NMPA UDI 06946725510490; GS1; A3009-EE0,nmpa_udi,06946725510490,,--,https://udi.nmpa.gov.cn/showDetailCX.html?deviceRecordKey=0694672551049020260513103042228,remote_patient_monitoring,strong_official_product
深圳市安普康科技有限公司,心电导联线,remote_patient_monitoring,NMPA UDI 06946725510506; GS1; A3009-EE1,nmpa_udi,06946725510506,,--,https://udi.nmpa.gov.cn/showDetailCX.html?deviceRecordKey=0694672551050620260513103200170,remote_patient_monitoring,strong_official_product
深圳市安普康科技有限公司,心电导联线,remote_patient_monitoring,NMPA UDI 06946725510513; GS1; A1011-EE0,nmpa_udi,06946725510513,,--,https://udi.nmpa.gov.cn/showDetailCX.html?deviceRecordKey=0694672551051320260513103226040,remote_patient_monitoring,strong_official_product
深圳市安普康科技有限公司,心电导联线,remote_patient_monitoring,NMPA UDI 06946725510520; GS1; A1011-EE1,nmpa_udi,06946725510520,,--,https://udi.nmpa.gov.cn/showDetailCX.html?deviceRecordKey=0694672551052020260513103322733,remote_patient_monitoring,strong_official_product
深圳市安普康科技有限公司,心电导联线,remote_patient_monitoring,NMPA UDI 06946725510537; GS1; A2011-EE0,nmpa_udi,06946725510537,,--,https://udi.nmpa.gov.cn/showDetailCX.html?deviceRecordKey=0694672551053720260513103351213,remote_patient_monitoring,strong_official_product
深圳市安普康科技有限公司,心电导联线,remote_patient_monitoring,NMPA UDI 06946725510544; GS1; A2011-EE1,nmpa_udi,06946725510544,,--,https://udi.nmpa.gov.cn/showDetailCX.html?deviceRecordKey=0694672551054420260513103417657,remote_patient_monitoring,strong_official_product
深圳市安普康科技有限公司,心电导联线,remote_patient_monitoring,NMPA UDI 06946725510551; GS1; A3011-EE0,nmpa_udi,06946725510551,,--,https://udi.nmpa.gov.cn/showDetailCX.html?deviceRecordKey=0694672551055120260513103453135,remote_patient_monitoring,strong_official_product
深圳市安普康科技有限公司,心电导联线,remote_patient_monitoring,NMPA UDI 06946725510568; GS1; A3011-EE1,nmpa_udi,06946725510568,,--,https://udi.nmpa.gov.cn/showDetailCX.html?deviceRecordKey=0694672551056820260513103636151,remote_patient_monitoring,strong_official_product
深圳市安普康科技有限公司,心电导联线,remote_patient_monitoring,NMPA UDI 06946725510575; GS1; A1016-EE0,nmpa_udi,06946725510575,,--,https://udi.nmpa.gov.cn/showDetailCX.html?deviceRecordKey=0694672551057520260513103659910,remote_patient_monitoring,strong_official_product
深圳市安普康科技有限公司,心电导联线,remote_patient_monitoring,NMPA UDI 06946725510582; GS1; A1016-EE1,nmpa_udi,06946725510582,,--,https://udi.nmpa.gov.cn/showDetailCX.html?deviceRecordKey=0694672551058220260513103723835,remote_patient_monitoring,strong_official_product
深圳市安普康科技有限公司,心电导联线,remote_patient_monitoring,NMPA UDI 06946725510599; GS1; A2016-EE0,nmpa_udi,06946725510599,,--,https://udi.nmpa.gov.cn/showDetailCX.html?deviceRecordKey=0694672551059920260513103751384,remote_patient_monitoring,strong_official_product
深圳市安普康科技有限公司,心电导联线,remote_patient_monitoring,NMPA UDI 06946725510605; GS1; A2016-EE1,nmpa_udi,06946725510605,,--,https://udi.nmpa.gov.cn/showDetailCX.html?deviceRecordKey=0694672551060520260513103819562,remote_patient_monitoring,strong_official_product
深圳市安普康科技有限公司,心电导联线,remote_patient_monitoring,NMPA UDI 06946725510612; GS1; A3017-EE0,nmpa_udi,06946725510612,,--,https://udi.nmpa.gov.cn/showDetailCX.html?deviceRecordKey=0694672551061220260513103840172,remote_patient_monitoring,strong_official_product
深圳市安普康科技有限公司,心电导联线,remote_patient_monitoring,NMPA UDI 06946725510629; GS1; A3017-EE1,nmpa_udi,06946725510629,,--,https://udi.nmpa.gov.cn/showDetailCX.html?deviceRecordKey=0694672551062920260513103859133,remote_patient_monitoring,strong_official_product
深圳市安普康科技有限公司,心电导联线,remote_patient_monitoring,NMPA UDI 06946725510636; GS1; A1018-EE0,nmpa_udi,06946725510636,,--,https://udi.nmpa.gov.cn/showDetailCX.html?deviceRecordKey=0694672551063620260513103931255,remote_patient_monitoring,strong_official_product
深圳市安普康科技有限公司,心电导联线,remote_patient_monitoring,NMPA UDI 06946725510643; GS1; A2018-EE0,nmpa_udi,06946725510643,,--,https://udi.nmpa.gov.cn/showDetailCX.html?deviceRecordKey=0694672551064320260513103955778,remote_patient_monitoring,strong_official_product
深圳市安普康科技有限公司,血压袖套,remote_patient_monitoring,NMPA UDI 06946725523353; GS1; A-XT-03,nmpa_udi,06946725523353,,--,https://udi.nmpa.gov.cn/showDetailCX.html?deviceRecordKey=0694672552335320260512092607521,remote_patient_monitoring,strong_official_product
深圳市安普康科技有限公司,血压袖套,remote_patient_monitoring,NMPA UDI 06946725523346; GS1; A-XT-02,nmpa_udi,06946725523346,,--,https://udi.nmpa.gov.cn/showDetailCX.html?deviceRecordKey=0694672552334620260512092354286,remote_patient_monitoring,strong_official_product
深圳市安普康科技有限公司,血压袖套,remote_patient_monitoring,NMPA UDI 06946725523360; GS1; A-XT-04,nmpa_udi,06946725523360,,--,https://udi.nmpa.gov.cn/showDetailCX.html?deviceRecordKey=0694672552336020260512092938677,remote_patient_monitoring,strong_official_product
深圳市安普康科技有限公司,血压袖套,remote_patient_monitoring,NMPA UDI 06946725523377; GS1; A-XT-05,nmpa_udi,06946725523377,,--,https://udi.nmpa.gov.cn/showDetailCX.html?deviceRecordKey=0694672552337720260512093057307,remote_patient_monitoring,strong_official_product
深圳市安普康科技有限公司,血压袖套,remote_patient_monitoring,NMPA UDI 06946725523384; GS1; A-XT-06,nmpa_udi,06946725523384,,--,https://udi.nmpa.gov.cn/showDetailCX.html?deviceRecordKey=0694672552338420260512093310352,remote_patient_monitoring,strong_official_product
深圳市安普康科技有限公司,血压袖套,remote_patient_monitoring,NMPA UDI 06946725526729; GS1; A-XT-07,nmpa_udi,06946725526729,,--,https://udi.nmpa.gov.cn/showDetailCX.html?deviceRecordKey=0694672552672920260512093552641,remote_patient_monitoring,strong_official_product
深圳市安普康科技有限公司,血压袖套,remote_patient_monitoring,NMPA UDI 06946725526736; GS1; A-XT-08,nmpa_udi,06946725526736,,--,https://udi.nmpa.gov.cn/showDetailCX.html?deviceRecordKey=0694672552673620260512093650901,remote_patient_monitoring,strong_official_product
深圳市安普康科技有限公司,血压袖套,remote_patient_monitoring,NMPA UDI 06946725526743; GS1; A-XT-09,nmpa_udi,06946725526743,,--,https://udi.nmpa.gov.cn/showDetailCX.html?deviceRecordKey=0694672552674320260512093834600,remote_patient_monitoring,strong_official_product
深圳市安普康科技有限公司,血压袖套,remote_patient_monitoring,NMPA UDI 06946725526750; GS1; A-XT-10,nmpa_udi,06946725526750,,--,https://udi.nmpa.gov.cn/showDetailCX.html?deviceRecordKey=0694672552675020260512094246703,remote_patient_monitoring,strong_official_product
深圳市安普康科技有限公司,血压袖套,remote_patient_monitoring,NMPA UDI 06946725526767; GS1; A-XT-11,nmpa_udi,06946725526767,,--,https://udi.nmpa.gov.cn/showDetailCX.html?deviceRecordKey=0694672552676720260512094421360,remote_patient_monitoring,strong_official_product
深圳市安普康科技有限公司,血压袖套,remote_patient_monitoring,NMPA UDI 06946725526774; GS1; A-XT-12,nmpa_udi,06946725526774,,--,https://udi.nmpa.gov.cn/showDetailCX.html?deviceRecordKey=0694672552677420260512094527135,remote_patient_monitoring,strong_official_product
深圳市安普康科技有限公司,血压袖套,remote_patient_monitoring,NMPA UDI 06946725523391; GS1; A-XT-01W(11),nmpa_udi,06946725523391,,--,https://udi.nmpa.gov.cn/showDetailCX.html?deviceRecordKey=0694672552339120260512094904048,remote_patient_monitoring,strong_official_product
深圳市安普康科技有限公司,血压袖套,remote_patient_monitoring,NMPA UDI 06946725594179; GS1; A-XT-13,nmpa_udi,06946725594179,,--,https://udi.nmpa.gov.cn/showDetailCX.html?deviceRecordKey=0694672559417920260512094939965,remote_patient_monitoring,strong_official_product
深圳市安普康科技有限公司,血压袖套,remote_patient_monitoring,NMPA UDI 06946725523407; GS1; A-XT-02W(10),nmpa_udi,06946725523407,,--,https://udi.nmpa.gov.cn/showDetailCX.html?deviceRecordKey=0694672552340720260512095901463,remote_patient_monitoring,strong_official_product
深圳市安普康科技有限公司,血压袖套,remote_patient_monitoring,NMPA UDI 06946725523414; GS1; A-XT-02W(9),nmpa_udi,06946725523414,,--,https://udi.nmpa.gov.cn/showDetailCX.html?deviceRecordKey=0694672552341420260512095958165,remote_patient_monitoring,strong_official_product
深圳市安普康科技有限公司,血压袖套,remote_patient_monitoring,NMPA UDI 06946725523421; GS1; A-XT-03W(8),nmpa_udi,06946725523421,,--,https://udi.nmpa.gov.cn/showDetailCX.html?deviceRecordKey=0694672552342120260512100117161,remote_patient_monitoring,strong_official_product
深圳市安普康科技有限公司,血压袖套,remote_patient_monitoring,NMPA UDI 06946725523438; GS1; A-XT-04W(1),nmpa_udi,06946725523438,,--,https://udi.nmpa.gov.cn/showDetailCX.html?deviceRecordKey=0694672552343820260512100151533,remote_patient_monitoring,strong_official_product
深圳市安普康科技有限公司,血压袖套,remote_patient_monitoring,NMPA UDI 06946725523445; GS1; A-XT-04W(2),nmpa_udi,06946725523445,,--,https://udi.nmpa.gov.cn/showDetailCX.html?deviceRecordKey=0694672552344520260512100234389,remote_patient_monitoring,strong_official_product
深圳市安普康科技有限公司,血压袖套,remote_patient_monitoring,NMPA UDI 06946725523452; GS1; A-XT-04W(3),nmpa_udi,06946725523452,,--,https://udi.nmpa.gov.cn/showDetailCX.html?deviceRecordKey=0694672552345220260512100307534,remote_patient_monitoring,strong_official_product
深圳市安普康科技有限公司,血压袖套,remote_patient_monitoring,NMPA UDI 06946725523469; GS1; A-XT-04W(4),nmpa_udi,06946725523469,,--,https://udi.nmpa.gov.cn/showDetailCX.html?deviceRecordKey=0694672552346920260512100420123,remote_patient_monitoring,strong_official_product
深圳市安普康科技有限公司,血压袖套,remote_patient_monitoring,NMPA UDI 06946725523476; GS1; A-XT-04W(5),nmpa_udi,06946725523476,,--,https://udi.nmpa.gov.cn/showDetailCX.html?deviceRecordKey=0694672552347620260512100528432,remote_patient_monitoring,strong_official_product
深圳市安普康科技有限公司,血压袖套,remote_patient_monitoring,NMPA UDI 06946725523483; GS1; A-XT-04W(7),nmpa_udi,06946725523483,,--,https://udi.nmpa.gov.cn/showDetailCX.html?deviceRecordKey=0694672552348320260512100601661,remote_patient_monitoring,strong_official_product
深圳市安普康科技有限公司,血压袖套,remote_patient_monitoring,NMPA UDI 06946725523490; GS1; A-XT-05W(12),nmpa_udi,06946725523490,,--,https://udi.nmpa.gov.cn/showDetailCX.html?deviceRecordKey=0694672552349020260512100642366,remote_patient_monitoring,strong_official_product
深圳市安普康科技有限公司,血压袖套,remote_patient_monitoring,NMPA UDI 06946725523506; GS1; A-XT-06W(13),nmpa_udi,06946725523506,,--,https://udi.nmpa.gov.cn/showDetailCX.html?deviceRecordKey=0694672552350620260512100737612,remote_patient_monitoring,strong_official_product
深圳市安普康科技有限公司,血压袖套,remote_patient_monitoring,NMPA UDI 06946725526781; GS1; A-XT-07W(11）,nmpa_udi,06946725526781,,--,https://udi.nmpa.gov.cn/showDetailCX.html?deviceRecordKey=0694672552678120260512100838321,remote_patient_monitoring,strong_official_product
深圳市安普康科技有限公司,血压袖套,remote_patient_monitoring,NMPA UDI 06946725526798; GS1; A-XT-08W(10),nmpa_udi,06946725526798,,--,https://udi.nmpa.gov.cn/showDetailCX.html?deviceRecordKey=0694672552679820260512100928416,remote_patient_monitoring,strong_official_product
深圳市安普康科技有限公司,血压袖套,remote_patient_monitoring,NMPA UDI 06946725526804; GS1; A-XT-08W(9),nmpa_udi,06946725526804,,--,https://udi.nmpa.gov.cn/showDetailCX.html?deviceRecordKey=0694672552680420260512101147635,remote_patient_monitoring,strong_official_product
深圳市安普康科技有限公司,血压袖套,remote_patient_monitoring,NMPA UDI 06946725526811; GS1; A-XT-09W(8),nmpa_udi,06946725526811,,--,https://udi.nmpa.gov.cn/showDetailCX.html?deviceRecordKey=0694672552681120260512101241751,remote_patient_monitoring,strong_official_product
深圳市安普康科技有限公司,血压袖套,remote_patient_monitoring,NMPA UDI 06946725526828; GS1; A-XT-10W(12),nmpa_udi,06946725526828,,--,https://udi.nmpa.gov.cn/showDetailCX.html?deviceRecordKey=0694672552682820260512101411807,remote_patient_monitoring,strong_official_product
深圳市安普康科技有限公司,血压袖套,remote_patient_monitoring,NMPA UDI 06946725526835; GS1; A-XT-11W(13),nmpa_udi,06946725526835,,--,https://udi.nmpa.gov.cn/showDetailCX.html?deviceRecordKey=0694672552683520260512101630984,remote_patient_monitoring,strong_official_product
深圳市安普康科技有限公司,血压袖套,remote_patient_monitoring,NMPA UDI 06946725526842; GS1; A-XT-12W(1),nmpa_udi,06946725526842,,--,https://udi.nmpa.gov.cn/showDetailCX.html?deviceRecordKey=0694672552684220260512103651296,remote_patient_monitoring,strong_official_product
深圳市安普康科技有限公司,血压袖套,remote_patient_monitoring,NMPA UDI 06946725526859; GS1; A-XT-12W(2),nmpa_udi,06946725526859,,--,https://udi.nmpa.gov.cn/showDetailCX.html?deviceRecordKey=0694672552685920260512104127313,remote_patient_monitoring,strong_official_product
深圳市安普康科技有限公司,血压袖套,remote_patient_monitoring,NMPA UDI 06946725526866; GS1; A-XT-12W(3),nmpa_udi,06946725526866,,--,https://udi.nmpa.gov.cn/showDetailCX.html?deviceRecordKey=0694672552686620260512104637517,remote_patient_monitoring,strong_official_product
深圳市安普康科技有限公司,血压袖套,remote_patient_monitoring,NMPA UDI 06946725526873; GS1; A-XT-12W(4),nmpa_udi,06946725526873,,--,https://udi.nmpa.gov.cn/showDetailCX.html?deviceRecordKey=0694672552687320260512105256594,remote_patient_monitoring,strong_official_product
深圳市安普康科技有限公司,血压袖套,remote_patient_monitoring,NMPA UDI 06946725526880; GS1; A-XT-12W(5),nmpa_udi,06946725526880,,--,https://udi.nmpa.gov.cn/showDetailCX.html?deviceRecordKey=0694672552688020260512105637865,remote_patient_monitoring,strong_official_product
深圳市安普康科技有限公司,血压袖套,remote_patient_monitoring,NMPA UDI 06946725526897; GS1; A-XT-12W(7),nmpa_udi,06946725526897,,--,https://udi.nmpa.gov.cn/showDetailCX.html?deviceRecordKey=0694672552689720260512105745637,remote_patient_monitoring,strong_official_product
深圳市安普康科技有限公司,血压袖套,remote_patient_monitoring,NMPA UDI 06946725568392; GS1; A-XT-02D(9),nmpa_udi,06946725568392,,--,https://udi.nmpa.gov.cn/showDetailCX.html?deviceRecordKey=0694672556839220260512110218955,remote_patient_monitoring,strong_official_product
深圳市安普康科技有限公司,血压袖套,remote_patient_monitoring,NMPA UDI 06946725523520; GS1; A-XT-02D(10),nmpa_udi,06946725523520,,--,https://udi.nmpa.gov.cn/showDetailCX.html?deviceRecordKey=0694672552352020260512110325970,remote_patient_monitoring,strong_official_product
深圳市安普康科技有限公司,血压袖套,remote_patient_monitoring,NMPA UDI 06946725523544; GS1; A-XT-03D(8),nmpa_udi,06946725523544,,--,https://udi.nmpa.gov.cn/showDetailCX.html?deviceRecordKey=0694672552354420260512110458730,remote_patient_monitoring,strong_official_product
深圳市安普康科技有限公司,血压袖套,remote_patient_monitoring,NMPA UDI 06946725523551; GS1; A-XT-04D(1),nmpa_udi,06946725523551,,--,https://udi.nmpa.gov.cn/showDetailCX.html?deviceRecordKey=0694672552355120260512110710909,remote_patient_monitoring,strong_official_product
深圳市安普康科技有限公司,血压袖套,remote_patient_monitoring,NMPA UDI 06946725523568; GS1; A-XT-04D(2),nmpa_udi,06946725523568,,--,https://udi.nmpa.gov.cn/showDetailCX.html?deviceRecordKey=0694672552356820260512110756302,remote_patient_monitoring,strong_official_product
深圳市安普康科技有限公司,血压袖套,remote_patient_monitoring,NMPA UDI 06946725523575; GS1; A-XT-04D(3),nmpa_udi,06946725523575,,--,https://udi.nmpa.gov.cn/showDetailCX.html?deviceRecordKey=0694672552357520260512110908603,remote_patient_monitoring,strong_official_product
深圳市安普康科技有限公司,血压袖套,remote_patient_monitoring,NMPA UDI 06946725523582; GS1; A-XT-04D(4),nmpa_udi,06946725523582,,--,https://udi.nmpa.gov.cn/showDetailCX.html?deviceRecordKey=0694672552358220260512111552214,remote_patient_monitoring,strong_official_product
深圳市宝润科技有限公司,移动式C形臂X射线机,digital_health_or_medical_device_software,NMPA UDI 06974426222480; GS1; CompaX 560A,nmpa_udi,06974426222480,,--,https://udi.nmpa.gov.cn/showDetailCX.html?deviceRecordKey=0697442622248020260318030714128,,strong_official_product
深圳市宝润科技有限公司,移动式C形臂X射线机,digital_health_or_medical_device_software,NMPA UDI 06974426222497; GS1; CompaX 560B,nmpa_udi,06974426222497,,--,https://udi.nmpa.gov.cn/showDetailCX.html?deviceRecordKey=0697442622249720260318030935367,,strong_official_product
深圳市宝润科技有限公司,移动式C形臂X射线机,digital_health_or_medical_device_software,NMPA UDI 06974426222503; GS1; CompaX 560C,nmpa_udi,06974426222503,,--,https://udi.nmpa.gov.cn/showDetailCX.html?deviceRecordKey=0697442622250320260318031054926,,strong_official_product
深圳市宝润科技有限公司,移动式C形臂X射线机,digital_health_or_medical_device_software,NMPA UDI 06974426222510; GS1; CompaX 560E,nmpa_udi,06974426222510,,--,https://udi.nmpa.gov.cn/showDetailCX.html?deviceRecordKey=0697442622251020260318033301868,,strong_official_product
深圳市宝润科技有限公司,移动式C形臂X射线机,digital_health_or_medical_device_software,NMPA UDI 06974426222527; GS1; CompaX 560F,nmpa_udi,06974426222527,,--,https://udi.nmpa.gov.cn/showDetailCX.html?deviceRecordKey=0697442622252720260318033748815,,strong_official_product
深圳市宝润科技有限公司,移动式C形臂X射线机,digital_health_or_medical_device_software,NMPA UDI 06974426222534; GS1; CompaX 560G,nmpa_udi,06974426222534,,--,https://udi.nmpa.gov.cn/showDetailCX.html?deviceRecordKey=0697442622253420260318033853109,,strong_official_product
深圳市宝润科技有限公司,移动式C形臂X射线机,digital_health_or_medical_device_software,NMPA UDI 06974426222541; GS1; CompaX 560H,nmpa_udi,06974426222541,,--,https://udi.nmpa.gov.cn/showDetailCX.html?deviceRecordKey=0697442622254120260318033934881,,strong_official_product
深圳市宝润科技有限公司,移动式C形臂X射线机,digital_health_or_medical_device_software,NMPA UDI 06974426222558; GS1; CompaX 560I,nmpa_udi,06974426222558,,--,https://udi.nmpa.gov.cn/showDetailCX.html?deviceRecordKey=0697442622255820260318034017046,,strong_official_product
深圳市宝润科技有限公司,移动式C形臂X射线机,samd_or_medical_software,粤械注准20262060267; 产品主要由X射线发生装置（组合机头）（BWG-25-2AS-PR-D）、限束器（BRC-11或BRC-12，选配）、平板探测器（BRF 2121B-3或BRF 3040B-3或BRF 2121C-5或BRF 3030C-3）、图像处理软件（DMOC(V02)，选配）、移动C形臂机架（MC-02）、移动工作站小车（MWC-02）、滤线栅（BWG-006或BWG-007或BWG-008，选配）、图像采集工作站（BWS-350）组成。,nmpa_udi_detail,粤械注准20262060267,,,https://udi.nmpa.gov.cn/showDetailCX.html?deviceRecordKey=0697442622248020260318030714128,samd,strong_official_product
深圳市昭蓝生物科技有限公司,糖尿病相关自身抗体复合质控品,digital_health_or_medical_device_software,NMPA UDI 06973880810523; GS1; 阴性：2×2.0 mL，阳性：2×2.0 mL。,nmpa_udi,06973880810523,,--,https://udi.nmpa.gov.cn/showDetailCX.html?deviceRecordKey=06973880810523202310110930463,chronic_disease_management,strong_official_product
深圳市理邦精密仪器股份有限公司,远程实时动态心电记录仪,remote_patient_monitoring,NMPA UDI 06944413831933; GS1; DX22,nmpa_udi,06944413831933,,--,https://udi.nmpa.gov.cn/showDetailCX.html?deviceRecordKey=069444138319332023122702190811,remote_patient_monitoring,strong_official_product
深圳市理邦精密仪器股份有限公司,远程实时动态心电记录仪,remote_patient_monitoring,NMPA UDI 06944413831940; GS1; DX12+,nmpa_udi,06944413831940,,--,https://udi.nmpa.gov.cn/showDetailCX.html?deviceRecordKey=069444138319402023122702190812,remote_patient_monitoring,strong_official_product
深圳市理邦精密仪器股份有限公司,远程实时动态心电记录仪,remote_patient_monitoring,NMPA UDI 06944413831834; GS1; SE-3012,nmpa_udi,06944413831834,,--,https://udi.nmpa.gov.cn/showDetailCX.html?deviceRecordKey=06944413831834202312270219081,remote_patient_monitoring,strong_official_product
深圳市理邦精密仪器股份有限公司,远程实时动态心电记录仪,remote_patient_monitoring,NMPA UDI 06944413831841; GS1; SE-3006,nmpa_udi,06944413831841,,--,https://udi.nmpa.gov.cn/showDetailCX.html?deviceRecordKey=06944413831841202312270219082,remote_patient_monitoring,strong_official_product
深圳市理邦精密仪器股份有限公司,远程实时动态心电记录仪,remote_patient_monitoring,NMPA UDI 06944413831858; GS1; SE-3008,nmpa_udi,06944413831858,,--,https://udi.nmpa.gov.cn/showDetailCX.html?deviceRecordKey=06944413831858202312270219083,remote_patient_monitoring,strong_official_product
深圳市理邦精密仪器股份有限公司,远程实时动态心电记录仪,remote_patient_monitoring,NMPA UDI 06944413831865; GS1; SE-3005,nmpa_udi,06944413831865,,--,https://udi.nmpa.gov.cn/showDetailCX.html?deviceRecordKey=06944413831865202312270219084,remote_patient_monitoring,strong_official_product
深圳市理邦精密仪器股份有限公司,远程实时动态心电记录仪,remote_patient_monitoring,NMPA UDI 06944413831872; GS1; SE-3009,nmpa_udi,06944413831872,,--,https://udi.nmpa.gov.cn/showDetailCX.html?deviceRecordKey=06944413831872202312270219085,remote_patient_monitoring,strong_official_product
深圳市理邦精密仪器股份有限公司,远程实时动态心电记录仪,remote_patient_monitoring,NMPA UDI 06944413831889; GS1; iSE-3012,nmpa_udi,06944413831889,,--,https://udi.nmpa.gov.cn/showDetailCX.html?deviceRecordKey=06944413831889202312270219086,remote_patient_monitoring,strong_official_product
深圳市理邦精密仪器股份有限公司,远程实时动态心电记录仪,remote_patient_monitoring,NMPA UDI 06944413831896; GS1; iSE-3006,nmpa_udi,06944413831896,,--,https://udi.nmpa.gov.cn/showDetailCX.html?deviceRecordKey=06944413831896202312270219087,remote_patient_monitoring,strong_official_product
深圳市理邦精密仪器股份有限公司,远程实时动态心电记录仪,remote_patient_monitoring,NMPA UDI 06944413831902; GS1; iSE-3008,nmpa_udi,06944413831902,,--,https://udi.nmpa.gov.cn/showDetailCX.html?deviceRecordKey=06944413831902202312270219088,remote_patient_monitoring,strong_official_product
深圳市理邦精密仪器股份有限公司,远程实时动态心电记录仪,remote_patient_monitoring,NMPA UDI 06944413831919; GS1; iSE-3005,nmpa_udi,06944413831919,,--,https://udi.nmpa.gov.cn/showDetailCX.html?deviceRecordKey=06944413831919202312270219089,remote_patient_monitoring,strong_official_product
深圳市理邦精密仪器股份有限公司,远程实时动态心电记录仪,remote_patient_monitoring,NMPA UDI 06944413831926; GS1; iSE-3009,nmpa_udi,06944413831926,,--,https://udi.nmpa.gov.cn/showDetailCX.html?deviceRecordKey=069444138319262023122702190810,remote_patient_monitoring,strong_official_product
深圳市理邦精密仪器股份有限公司,远程实时动态心电记录仪,samd_or_medical_software,粤械注准20232072162; 产品注册证结构组成：由记录仪(含主机、嵌入式软件和可充电电池)、USB数据线、心电导联线、中央充电站 (含电源线)、蓝牙接收盒 (只适用于静态心电和运动心电采集)组成。 产品注册证适用范围：与心电工作站、动态心电图工作站、心电网络数据管理软件配套，供医疗机构对受检者进行心电图信息采集、浏览、存储，可用于动态心电检测、心电远程监测、静态心电采集、运动心电试验。本产品不具备分析诊断功能。,nmpa_udi_detail,粤械注准20232072162,,,https://udi.nmpa.gov.cn/showDetailCX.html?deviceRecordKey=069444138319332023122702190811,samd; remote_patient_monitoring; clinical_workflow,strong_official_product
深圳市绘云生物科技有限公司,慢性肝病风险计算软件,samd_or_medical_software,NMPA UDI 06975754180022; GS1; LiveBoost PC,nmpa_udi,06975754180022,,--,https://udi.nmpa.gov.cn/showDetailCX.html?deviceRecordKey=06975754180022202304110424121,samd,strong_official_product
深圳市绘云生物科技有限公司,慢性肝病风险计算软件,samd_or_medical_software,粤械注准20212211795; 本软件通过分析年龄、天门冬氨酸氨基转移酶、丙氨酸氨基转移酶、血小板计数四个临床指标， 输出肝纤维化和肝硬化的风险概率，供辅助诊断。由专业临床医生结合患者具体病征做出诊断。主要由管理员模块、首页模块、预测模块、批量预测模块、预测记录模块、报告信息模块、下载记录模块组成，软件载体为光盘。软件发布版本号：V1。,nmpa_udi_detail,粤械注准20212211795,,,https://udi.nmpa.gov.cn/showDetailCX.html?deviceRecordKey=06975754180022202304110424121,samd; clinical_workflow,strong_official_product
深圳市美连医疗电子股份有限公司,血压袖带,remote_patient_monitoring,NMPA UDI 16944414042519; GS1; Y000C1,nmpa_udi,16944414042519,,--,https://udi.nmpa.gov.cn/showDetailCX.html?deviceRecordKey=1694441404251920260511110759856,remote_patient_monitoring,strong_official_product
深圳市艾利特医疗科技有限公司,认知能力测试与训练系统,digital_health_or_medical_device_software,NMPA UDI 06970706041062; GS1; E-Brn01,nmpa_udi,06970706041062,,--,https://udi.nmpa.gov.cn/showDetailCX.html?deviceRecordKey=0697070604106220250928113343202,mental_health,strong_official_product
深圳市艾利特医疗科技有限公司,认知能力测试与训练系统,digital_health_or_medical_device_software,NMPA UDI 06970706041079; GS1; E-Brn02,nmpa_udi,06970706041079,,--,https://udi.nmpa.gov.cn/showDetailCX.html?deviceRecordKey=0697070604107920250928113516165,mental_health,strong_official_product
深圳市资福医疗技术有限公司,图像分析软件,samd_or_medical_software,NMPA UDI 06971690840495; GS1; DSV-117,nmpa_udi,06971690840495,,--,https://udi.nmpa.gov.cn/showDetailCX.html?deviceRecordKey=0697169084049520260414040017392,samd,strong_official_product
深圳市资福医疗技术有限公司,图像分析软件,samd_or_medical_software,国械注准20263060447; 图像分析软件，发布版本：V1,nmpa_udi_detail,国械注准20263060447,,,https://udi.nmpa.gov.cn/showDetailCX.html?deviceRecordKey=0697169084049520260414040017392,samd,strong_official_product
深圳市资福医疗技术有限公司,移动式姿态控制器,digital_health_or_medical_device_software,NMPA UDI 06971690840372; GS1; MCE-117B,nmpa_udi,06971690840372,,--,https://udi.nmpa.gov.cn/showDetailCX.html?deviceRecordKey=0697169084037220260414033247708,,strong_official_product
深圳市资福医疗技术有限公司,移动式姿态控制器,digital_health_or_medical_device_software,NMPA UDI 06971690840365; GS1; MCE-117W,nmpa_udi,06971690840365,,--,https://udi.nmpa.gov.cn/showDetailCX.html?deviceRecordKey=0697169084036520260410053044422,,strong_official_product
深圳市资福医疗技术有限公司,移动式姿态控制器,digital_health_or_medical_device_software,国械注准20263060447; 底盘≤φ1100mm、高≤1500mm，臂展≥700mm；蓝色,nmpa_udi_detail,国械注准20263060447,,,https://udi.nmpa.gov.cn/showDetailCX.html?deviceRecordKey=0697169084037220260414033247708,,strong_official_product
深圳星康医疗科技有限公司,动态心电分析软件,samd_or_medical_software,NMPA UDI 06975215901517; GS1; aECGMap,nmpa_udi,06975215901517,,--,https://udi.nmpa.gov.cn/showDetailCX.html?deviceRecordKey=0697521590151720260512042339217,samd; remote_patient_monitoring,strong_official_product
深圳星康医疗科技有限公司,动态心电分析软件,samd_or_medical_software,粤械注准20202211234; 适用于动态心电图数据的分析，分析的结果将用于协助医务人员进行临床分析和诊断。,nmpa_udi_detail,粤械注准20202211234,,,https://udi.nmpa.gov.cn/showDetailCX.html?deviceRecordKey=0697521590151720260512042339217,samd; remote_patient_monitoring; clinical_workflow,strong_official_product
深圳硅基智能科技有限公司,糖尿病视网膜病变眼底图像辅助诊断软件,samd_or_medical_software,NMPA UDI 06975240210004; GS1; AIDRscreening(版本号V01）,nmpa_udi,06975240210004,,--,https://udi.nmpa.gov.cn/showDetailCX.html?deviceRecordKey=0697524021000420220706052022106,samd; chronic_disease_management; clinical_workflow,strong_official_product
深圳迈瑞生物医疗电子股份有限公司,移动式X射线机,digital_health_or_medical_device_software,NMPA UDI 06903053081696; GS1; MobiEye 730,nmpa_udi,06903053081696,,--,https://udi.nmpa.gov.cn/showDetailCX.html?deviceRecordKey=069030530816962026011502474526,,strong_official_product
深圳迈瑞生物医疗电子股份有限公司,移动式X射线机,digital_health_or_medical_device_software,NMPA UDI 06903053011983; GS1; MobiEye 800A,nmpa_udi,06903053011983,,--,https://udi.nmpa.gov.cn/showDetailCX.html?deviceRecordKey=069030530119832026011502474527,,strong_official_product
深圳迈瑞生物医疗电子股份有限公司,移动式X射线机,digital_health_or_medical_device_software,NMPA UDI 06903053081719; GS1; MobiEye 820,nmpa_udi,06903053081719,,--,https://udi.nmpa.gov.cn/showDetailCX.html?deviceRecordKey=069030530817192026011502474528,,strong_official_product
深圳迈瑞生物医疗电子股份有限公司,移动式X射线机,digital_health_or_medical_device_software,NMPA UDI 06903053081702; GS1; MobiEye 710,nmpa_udi,06903053081702,,--,https://udi.nmpa.gov.cn/showDetailCX.html?deviceRecordKey=069030530817022026011502474529,,strong_official_product
深圳迈瑞生物医疗电子股份有限公司,移动式X射线机,digital_health_or_medical_device_software,NMPA UDI 06903053081689; GS1; MobiEye 780,nmpa_udi,06903053081689,,--,https://udi.nmpa.gov.cn/showDetailCX.html?deviceRecordKey=069030530816892026011502474530,,strong_official_product
深圳迈瑞生物医疗电子股份有限公司,移动式X射线机,digital_health_or_medical_device_software,NMPA UDI 06903053081733; GS1; MobiEye 790,nmpa_udi,06903053081733,,--,https://udi.nmpa.gov.cn/showDetailCX.html?deviceRecordKey=069030530817332026011502474531,,strong_official_product
深圳迈瑞生物医疗电子股份有限公司,移动式X射线机,digital_health_or_medical_device_software,NMPA UDI 06903053011945; GS1; MobiEye 750A,nmpa_udi,06903053011945,,--,https://udi.nmpa.gov.cn/showDetailCX.html?deviceRecordKey=069030530119452026011502474532,,strong_official_product
深圳迈瑞生物医疗电子股份有限公司,移动式X射线机,digital_health_or_medical_device_software,NMPA UDI 06903053081726; GS1; MobiEye 760,nmpa_udi,06903053081726,,--,https://udi.nmpa.gov.cn/showDetailCX.html?deviceRecordKey=069030530817262026011502474533,,strong_official_product
深圳迈瑞生物医疗电子股份有限公司,移动式X射线机,digital_health_or_medical_device_software,NMPA UDI 06903053011969; GS1; MobiEye 750T,nmpa_udi,06903053011969,,--,https://udi.nmpa.gov.cn/showDetailCX.html?deviceRecordKey=069030530119692026011502474534,,strong_official_product
深圳迈瑞生物医疗电子股份有限公司,移动式X射线机,digital_health_or_medical_device_software,NMPA UDI 06903053012003; GS1; MobiEye 800T,nmpa_udi,06903053012003,,--,https://udi.nmpa.gov.cn/showDetailCX.html?deviceRecordKey=069030530120032026011502474535,,strong_official_product
深圳迈瑞生物医疗电子股份有限公司,移动式X射线机,digital_health_or_medical_device_software,NMPA UDI 06903053081672; GS1; MobiEye 720,nmpa_udi,06903053081672,,--,https://udi.nmpa.gov.cn/showDetailCX.html?deviceRecordKey=069030530816722026011502474536,,strong_official_product
深圳迈瑞生物医疗电子股份有限公司,移动式X射线机,digital_health_or_medical_device_software,NMPA UDI 06903053011990; GS1; MobiEye 800P,nmpa_udi,06903053011990,,--,https://udi.nmpa.gov.cn/showDetailCX.html?deviceRecordKey=069030530119902026011502474537,,strong_official_product
深圳迈瑞生物医疗电子股份有限公司,移动式X射线机,digital_health_or_medical_device_software,NMPA UDI 06903053011976; GS1; MobiEye 800,nmpa_udi,06903053011976,,--,https://udi.nmpa.gov.cn/showDetailCX.html?deviceRecordKey=069030530119762026011502474538,,strong_official_product
深圳迈瑞生物医疗电子股份有限公司,移动式X射线机,digital_health_or_medical_device_software,NMPA UDI 06903053011952; GS1; MobiEye 750P,nmpa_udi,06903053011952,,--,https://udi.nmpa.gov.cn/showDetailCX.html?deviceRecordKey=069030530119522026011502474539,,strong_official_product
深圳迈瑞生物医疗电子股份有限公司,移动式X射线机,digital_health_or_medical_device_software,NMPA UDI 06903053011938; GS1; MobiEye 750,nmpa_udi,06903053011938,,--,https://udi.nmpa.gov.cn/showDetailCX.html?deviceRecordKey=069030530119382026011502474540,,strong_official_product
深圳迈瑞生物医疗电子股份有限公司,移动式X射线机,digital_health_or_medical_device_software,NMPA UDI 06903053081740; GS1; MobiEye 810,nmpa_udi,06903053081740,,--,https://udi.nmpa.gov.cn/showDetailCX.html?deviceRecordKey=069030530817402026011502474541,,strong_official_product
深圳迈瑞生物医疗电子股份有限公司,移动式X射线机,digital_health_or_medical_device_software,粤械注准20152061096; 移动式X射线机,nmpa_udi_detail,粤械注准20152061096,,,https://udi.nmpa.gov.cn/showDetailCX.html?deviceRecordKey=069030530816962026011502474526,,strong_official_product
深圳麦科田生物医疗技术股份有限公司,中央监护系统软件,samd_or_medical_software,NMPA UDI 06926802614655; GS1; iCMS PRO,nmpa_udi,06926802614655,,--,https://udi.nmpa.gov.cn/showDetailCX.html?deviceRecordKey=0692680261465520260509060024941,samd,strong_official_product
深圳麦科田生物医疗技术股份有限公司,中央监护系统软件,samd_or_medical_software,NMPA UDI 06926802614648; GS1; iCMS,nmpa_udi,06926802614648,,--,https://udi.nmpa.gov.cn/showDetailCX.html?deviceRecordKey=0692680261464820260509055950241,samd,strong_official_product
深圳麦科田生物医疗技术股份有限公司,中央监护系统软件,samd_or_medical_software,NMPA UDI 06926802614631; GS1; iCMS T,nmpa_udi,06926802614631,,--,https://udi.nmpa.gov.cn/showDetailCX.html?deviceRecordKey=0692680261463120260509055903124,samd,strong_official_product
深圳麦科田生物医疗技术股份有限公司,中央监护系统软件,samd_or_medical_software,NMPA UDI 06926802614600; GS1; iCMS Ex,nmpa_udi,06926802614600,,--,https://udi.nmpa.gov.cn/showDetailCX.html?deviceRecordKey=0692680261460020260509055741246,samd,strong_official_product
深圳麦科田生物医疗技术股份有限公司,中央监护系统软件,samd_or_medical_software,粤械注准20212211668; 通过有线或无线网络获取监护设备的生命体征信息、输注设备的输注信息，供医疗机构对患者的生命体征、输注信息进行集中监护和管理。,nmpa_udi_detail,粤械注准20212211668,,,https://udi.nmpa.gov.cn/showDetailCX.html?deviceRecordKey=0692680261465520260509060024941,samd,strong_official_product
湖南朗开医疗科技有限公司,肺部远程医疗会诊系统,remote_patient_monitoring,NMPA UDI 16977259180184; GS1; LK-YC-RJ,nmpa_udi,16977259180184,,--,https://udi.nmpa.gov.cn/showDetailCX.html?deviceRecordKey=1697725918018420240314040805176,remote_patient_monitoring,strong_official_product
湖南朗开医疗科技有限公司,肺部远程医疗会诊系统,remote_patient_monitoring,湘械注准20212211345; 运用相关传输协议在多台客户端之间传输数据，实现了实时信息交流和资源共享。产品可用于DICOM影像、三维重建结果、虚拟内窥影像的上传下载和信息浏览，并进行远程分享，可用于远程会诊。本产品不具备手术导航功能或自动标记病灶的功能。,nmpa_udi_detail,湘械注准20212211345,,,https://udi.nmpa.gov.cn/showDetailCX.html?deviceRecordKey=1697725918018420240314040805176,remote_patient_monitoring,strong_official_product
爱乔（上海）医疗科技有限公司,爱乔医疗交互软件,samd_or_medical_software,NMPA UDI 06971535891125; GS1; AQS02,nmpa_udi,06971535891125,,--,https://udi.nmpa.gov.cn/showDetailCX.html?deviceRecordKey=0697153589112520220518112542940,samd,strong_official_product
爱乔（上海）医疗科技有限公司,爱乔医疗交互软件,samd_or_medical_software,NMPA UDI 06971535891026; GS1; AQS01,nmpa_udi,06971535891026,,--,https://udi.nmpa.gov.cn/showDetailCX.html?deviceRecordKey=0697153589102620211215105645730,samd,strong_official_product
环科医学影像公司,心血管图像处理软件Cardiovascular image processing software,samd_or_medical_software,"NMPA UDI 00882916000011; GS1; CVI42,发布版本5.11",nmpa_udi,00882916000011,,--,https://udi.nmpa.gov.cn/showDetailCX.html?deviceRecordKey=0088291600001120260415110044685,samd,strong_official_product
环科医学影像公司,心血管图像处理软件Cardiovascular image processing software,samd_or_medical_software,国械注进20172215228; 由软件安装光盘组成，组成模块包括：查看、轮廓绘制标签和测量工具、工作空间、患者数据、报告模块、序列概览、病例查看器模块、多平面重建、4D查看器、血流模块、左心室/右心室功能模块、T2*模块、T2映射、T1映射、首过灌注模块、血管模块、4D血流、冠状动脉模块、钙化积分、主动脉瓣模块、股动脉模块、二尖瓣模块、穿房间隔模块。发布版本5.11,nmpa_udi_detail,国械注进20172215228,,,https://udi.nmpa.gov.cn/showDetailCX.html?deviceRecordKey=0088291600001120260415110044685,samd,strong_official_product
瑞海胜（厦门）康复用品有限公司,手动轮椅车,digital_health_or_medical_device_software,NMPA UDI 06975872081720; GS1; SY1IV100-ICON60/WBDE-F40R11,nmpa_udi,06975872081720,,--,https://udi.nmpa.gov.cn/showDetailCX.html?deviceRecordKey=06975872081720202603040234192,rehabilitation,strong_official_product
瑞海胜（厦门）康复用品有限公司,手动轮椅车,digital_health_or_medical_device_software,NMPA UDI 06975872081737; GS1; SY1IV100-ICON60/WBDF-F40R11,nmpa_udi,06975872081737,,--,https://udi.nmpa.gov.cn/showDetailCX.html?deviceRecordKey=06975872081737202603040234193,rehabilitation,strong_official_product
瑞海胜（厦门）康复用品有限公司,手动轮椅车,digital_health_or_medical_device_software,NMPA UDI 06975872081744; GS1; SY1IV100-ICON60/WBDG-F40R11,nmpa_udi,06975872081744,,--,https://udi.nmpa.gov.cn/showDetailCX.html?deviceRecordKey=06975872081744202603040234194,rehabilitation,strong_official_product
瑞海胜（厦门）康复用品有限公司,手动轮椅车,digital_health_or_medical_device_software,NMPA UDI 06975872081751; GS1; SY1IV100-ICON60/WBDH-F40R11,nmpa_udi,06975872081751,,--,https://udi.nmpa.gov.cn/showDetailCX.html?deviceRecordKey=06975872081751202603040234195,rehabilitation,strong_official_product
瑞海胜（厦门）康复用品有限公司,手动轮椅车,digital_health_or_medical_device_software,NMPA UDI 06975872081768; GS1; SY1IV100-ICON60/WBDI-F40R11,nmpa_udi,06975872081768,,--,https://udi.nmpa.gov.cn/showDetailCX.html?deviceRecordKey=06975872081768202603040234196,rehabilitation,strong_official_product
瑞海胜（厦门）康复用品有限公司,手动轮椅车,digital_health_or_medical_device_software,NMPA UDI 06975872081775; GS1; SY1IV100-ICON60/WCDD-F40R11,nmpa_udi,06975872081775,,--,https://udi.nmpa.gov.cn/showDetailCX.html?deviceRecordKey=06975872081775202603040234197,rehabilitation,strong_official_product
瑞海胜（厦门）康复用品有限公司,手动轮椅车,digital_health_or_medical_device_software,NMPA UDI 06975872081782; GS1; SY1IV100-ICON60/WCDE-F40R11,nmpa_udi,06975872081782,,--,https://udi.nmpa.gov.cn/showDetailCX.html?deviceRecordKey=06975872081782202603040234198,rehabilitation,strong_official_product
瑞海胜（厦门）康复用品有限公司,手动轮椅车,digital_health_or_medical_device_software,NMPA UDI 06975872081799; GS1; SY1IV100-ICON60/WCDF-F40R11,nmpa_udi,06975872081799,,--,https://udi.nmpa.gov.cn/showDetailCX.html?deviceRecordKey=06975872081799202603040234199,rehabilitation,strong_official_product
瑞海胜（厦门）康复用品有限公司,手动轮椅车,digital_health_or_medical_device_software,NMPA UDI 06975872081805; GS1; SY1IV100-ICON60/WCDG-F40R11,nmpa_udi,06975872081805,,--,https://udi.nmpa.gov.cn/showDetailCX.html?deviceRecordKey=069758720818052026030402341910,rehabilitation,strong_official_product
瑞海胜（厦门）康复用品有限公司,手动轮椅车,digital_health_or_medical_device_software,NMPA UDI 06975872081812; GS1; SY1IV100-ICON60/WCDH-F40R11,nmpa_udi,06975872081812,,--,https://udi.nmpa.gov.cn/showDetailCX.html?deviceRecordKey=069758720818122026030402341911,rehabilitation,strong_official_product
瑞海胜（厦门）康复用品有限公司,手动轮椅车,digital_health_or_medical_device_software,NMPA UDI 06975872081829; GS1; SY1IV100-ICON60/WCDI-F40R11,nmpa_udi,06975872081829,,--,https://udi.nmpa.gov.cn/showDetailCX.html?deviceRecordKey=069758720818292026030402341912,rehabilitation,strong_official_product
瑞海胜（厦门）康复用品有限公司,手动轮椅车,digital_health_or_medical_device_software,NMPA UDI 06975872081836; GS1; SY1IV100-ICON60/WDDD-F40R11,nmpa_udi,06975872081836,,--,https://udi.nmpa.gov.cn/showDetailCX.html?deviceRecordKey=069758720818362026030402341913,rehabilitation,strong_official_product
瑞海胜（厦门）康复用品有限公司,手动轮椅车,digital_health_or_medical_device_software,NMPA UDI 06975872081843; GS1; SY1IV100-ICON60/WDDE-F40R11,nmpa_udi,06975872081843,,--,https://udi.nmpa.gov.cn/showDetailCX.html?deviceRecordKey=069758720818432026030402341914,rehabilitation,strong_official_product
瑞海胜（厦门）康复用品有限公司,手动轮椅车,digital_health_or_medical_device_software,NMPA UDI 06975872081850; GS1; SY1IV100-ICON60/WDDF-F40R11,nmpa_udi,06975872081850,,--,https://udi.nmpa.gov.cn/showDetailCX.html?deviceRecordKey=069758720818502026030402341915,rehabilitation,strong_official_product
瑞海胜（厦门）康复用品有限公司,手动轮椅车,digital_health_or_medical_device_software,NMPA UDI 06975872081867; GS1; SY1IV100-ICON60/WDDG-F40R11,nmpa_udi,06975872081867,,--,https://udi.nmpa.gov.cn/showDetailCX.html?deviceRecordKey=069758720818672026030402341916,rehabilitation,strong_official_product
瑞海胜（厦门）康复用品有限公司,手动轮椅车,digital_health_or_medical_device_software,NMPA UDI 06975872081874; GS1; SY1IV100-ICON60/WDDH-F40R11,nmpa_udi,06975872081874,,--,https://udi.nmpa.gov.cn/showDetailCX.html?deviceRecordKey=069758720818742026030402341917,rehabilitation,strong_official_product
瑞海胜（厦门）康复用品有限公司,手动轮椅车,digital_health_or_medical_device_software,NMPA UDI 06975872081881; GS1; SY1IV100-ICON60/WDDI-F40R11,nmpa_udi,06975872081881,,--,https://udi.nmpa.gov.cn/showDetailCX.html?deviceRecordKey=069758720818812026030402341918,rehabilitation,strong_official_product
瑞海胜（厦门）康复用品有限公司,手动轮椅车,digital_health_or_medical_device_software,NMPA UDI 06975872081898; GS1; SY1IV100-ICON60/WEDD-F40R11,nmpa_udi,06975872081898,,--,https://udi.nmpa.gov.cn/showDetailCX.html?deviceRecordKey=069758720818982026030402341919,rehabilitation,strong_official_product
瑞海胜（厦门）康复用品有限公司,手动轮椅车,digital_health_or_medical_device_software,NMPA UDI 06975872081904; GS1; SY1IV100-ICON60/WEDE-F40R11,nmpa_udi,06975872081904,,--,https://udi.nmpa.gov.cn/showDetailCX.html?deviceRecordKey=069758720819042026030402341920,rehabilitation,strong_official_product
瑞海胜（厦门）康复用品有限公司,手动轮椅车,digital_health_or_medical_device_software,NMPA UDI 06975872081911; GS1; SY1IV100-ICON60/WEDF-F40R11,nmpa_udi,06975872081911,,--,https://udi.nmpa.gov.cn/showDetailCX.html?deviceRecordKey=069758720819112026030402341921,rehabilitation,strong_official_product
瑞海胜（厦门）康复用品有限公司,手动轮椅车,digital_health_or_medical_device_software,NMPA UDI 06975872081928; GS1; SY1IV100-ICON60/WEDG-F40R11,nmpa_udi,06975872081928,,--,https://udi.nmpa.gov.cn/showDetailCX.html?deviceRecordKey=069758720819282026030402341922,rehabilitation,strong_official_product
瑞海胜（厦门）康复用品有限公司,手动轮椅车,digital_health_or_medical_device_software,NMPA UDI 06975872081935; GS1; SY1IV100-ICON60/WEDH-F40R11,nmpa_udi,06975872081935,,--,https://udi.nmpa.gov.cn/showDetailCX.html?deviceRecordKey=069758720819352026030402341923,rehabilitation,strong_official_product
瑞海胜（厦门）康复用品有限公司,手动轮椅车,digital_health_or_medical_device_software,NMPA UDI 06975872081942; GS1; SY1IV100-ICON60/WEDI-F40R11,nmpa_udi,06975872081942,,--,https://udi.nmpa.gov.cn/showDetailCX.html?deviceRecordKey=069758720819422026030402341924,rehabilitation,strong_official_product
瑞海胜（厦门）康复用品有限公司,手动轮椅车,digital_health_or_medical_device_software,NMPA UDI 06975872081959; GS1; SY1IV100-ICON60/WFDD-F40R11,nmpa_udi,06975872081959,,--,https://udi.nmpa.gov.cn/showDetailCX.html?deviceRecordKey=069758720819592026030402341925,rehabilitation,strong_official_product
瑞海胜（厦门）康复用品有限公司,手动轮椅车,digital_health_or_medical_device_software,NMPA UDI 06975872081966; GS1; SY1IV100-ICON60/WFDE-F40R11,nmpa_udi,06975872081966,,--,https://udi.nmpa.gov.cn/showDetailCX.html?deviceRecordKey=069758720819662026030402341926,rehabilitation,strong_official_product
瑞海胜（厦门）康复用品有限公司,手动轮椅车,digital_health_or_medical_device_software,NMPA UDI 06975872081973; GS1; SY1IV100-ICON60/WFDF-F40R11,nmpa_udi,06975872081973,,--,https://udi.nmpa.gov.cn/showDetailCX.html?deviceRecordKey=069758720819732026030402341927,rehabilitation,strong_official_product
瑞海胜（厦门）康复用品有限公司,手动轮椅车,digital_health_or_medical_device_software,NMPA UDI 06975872081980; GS1; SY1IV100-ICON60/WFDG-F40R11,nmpa_udi,06975872081980,,--,https://udi.nmpa.gov.cn/showDetailCX.html?deviceRecordKey=069758720819802026030402341928,rehabilitation,strong_official_product
瑞海胜（厦门）康复用品有限公司,手动轮椅车,digital_health_or_medical_device_software,NMPA UDI 06975872081997; GS1; SY1IV100-ICON60/WFDH-F40R11,nmpa_udi,06975872081997,,--,https://udi.nmpa.gov.cn/showDetailCX.html?deviceRecordKey=069758720819972026030402341929,rehabilitation,strong_official_product
瑞海胜（厦门）康复用品有限公司,手动轮椅车,digital_health_or_medical_device_software,NMPA UDI 06975872082000; GS1; SY1IV100-ICON60/WFDI-F40R11,nmpa_udi,06975872082000,,--,https://udi.nmpa.gov.cn/showDetailCX.html?deviceRecordKey=069758720820002026030402341930,rehabilitation,strong_official_product
瑞海胜（厦门）康复用品有限公司,手动轮椅车,digital_health_or_medical_device_software,NMPA UDI 06975872082017; GS1; SY1IV100-ICON60/WGDD-F40R11,nmpa_udi,06975872082017,,--,https://udi.nmpa.gov.cn/showDetailCX.html?deviceRecordKey=069758720820172026030402341931,rehabilitation,strong_official_product
瑞海胜（厦门）康复用品有限公司,手动轮椅车,digital_health_or_medical_device_software,NMPA UDI 06975872082024; GS1; SY1IV100-ICON60/WGDE-F40R11,nmpa_udi,06975872082024,,--,https://udi.nmpa.gov.cn/showDetailCX.html?deviceRecordKey=069758720820242026030402341932,rehabilitation,strong_official_product
瑞海胜（厦门）康复用品有限公司,手动轮椅车,digital_health_or_medical_device_software,NMPA UDI 06975872082031; GS1; SY1IV100-ICON60/WGDF-F40R11,nmpa_udi,06975872082031,,--,https://udi.nmpa.gov.cn/showDetailCX.html?deviceRecordKey=069758720820312026030402341933,rehabilitation,strong_official_product
瑞海胜（厦门）康复用品有限公司,手动轮椅车,digital_health_or_medical_device_software,NMPA UDI 06975872082048; GS1; SY1IV100-ICON60/WGDG-F40R11,nmpa_udi,06975872082048,,--,https://udi.nmpa.gov.cn/showDetailCX.html?deviceRecordKey=069758720820482026030402341934,rehabilitation,strong_official_product
瑞海胜（厦门）康复用品有限公司,手动轮椅车,digital_health_or_medical_device_software,NMPA UDI 06975872082055; GS1; SY1IV100-ICON60/WGDH-F40R11,nmpa_udi,06975872082055,,--,https://udi.nmpa.gov.cn/showDetailCX.html?deviceRecordKey=069758720820552026030402341935,rehabilitation,strong_official_product
瑞海胜（厦门）康复用品有限公司,手动轮椅车,digital_health_or_medical_device_software,NMPA UDI 06975872082062; GS1; SY1IV100-ICON60/WGDI-F40R11,nmpa_udi,06975872082062,,--,https://udi.nmpa.gov.cn/showDetailCX.html?deviceRecordKey=069758720820622026030402341936,rehabilitation,strong_official_product
瑞海胜（厦门）康复用品有限公司,手动轮椅车,digital_health_or_medical_device_software,NMPA UDI 06975872082079; GS1; SY1IV100-ICON60/WHDD-F40R11,nmpa_udi,06975872082079,,--,https://udi.nmpa.gov.cn/showDetailCX.html?deviceRecordKey=069758720820792026030402341937,rehabilitation,strong_official_product
瑞海胜（厦门）康复用品有限公司,手动轮椅车,digital_health_or_medical_device_software,NMPA UDI 06975872082086; GS1; SY1IV100-ICON60/WHDE-F40R11,nmpa_udi,06975872082086,,--,https://udi.nmpa.gov.cn/showDetailCX.html?deviceRecordKey=069758720820862026030402341938,rehabilitation,strong_official_product
瑞海胜（厦门）康复用品有限公司,手动轮椅车,digital_health_or_medical_device_software,NMPA UDI 06975872082093; GS1; SY1IV100-ICON60/WHDF-F40R11,nmpa_udi,06975872082093,,--,https://udi.nmpa.gov.cn/showDetailCX.html?deviceRecordKey=069758720820932026030402341939,rehabilitation,strong_official_product
瑞海胜（厦门）康复用品有限公司,手动轮椅车,digital_health_or_medical_device_software,NMPA UDI 06975872082109; GS1; SY1IV100-ICON60/WHDG-F40R11,nmpa_udi,06975872082109,,--,https://udi.nmpa.gov.cn/showDetailCX.html?deviceRecordKey=069758720821092026030402341940,rehabilitation,strong_official_product
瑞海胜（厦门）康复用品有限公司,手动轮椅车,digital_health_or_medical_device_software,NMPA UDI 06975872082116; GS1; SY1IV100-ICON60/WHDH-F40R11,nmpa_udi,06975872082116,,--,https://udi.nmpa.gov.cn/showDetailCX.html?deviceRecordKey=069758720821162026030402341941,rehabilitation,strong_official_product
瑞海胜（厦门）康复用品有限公司,手动轮椅车,digital_health_or_medical_device_software,NMPA UDI 06975872082123; GS1; SY1IV100-ICON60/WHDI-F40R11,nmpa_udi,06975872082123,,--,https://udi.nmpa.gov.cn/showDetailCX.html?deviceRecordKey=069758720821232026030402341942,rehabilitation,strong_official_product
瑞海胜（厦门）康复用品有限公司,手动轮椅车,digital_health_or_medical_device_software,NMPA UDI 06975872082130; GS1; SY1IV100-ICON60/WBDD-F50R11,nmpa_udi,06975872082130,,--,https://udi.nmpa.gov.cn/showDetailCX.html?deviceRecordKey=069758720821302026030402341943,rehabilitation,strong_official_product
瑞海胜（厦门）康复用品有限公司,手动轮椅车,digital_health_or_medical_device_software,NMPA UDI 06975872082147; GS1; SY1IV100-ICON60/WBDE-F50R11,nmpa_udi,06975872082147,,--,https://udi.nmpa.gov.cn/showDetailCX.html?deviceRecordKey=069758720821472026030402341944,rehabilitation,strong_official_product
瑞海胜（厦门）康复用品有限公司,手动轮椅车,digital_health_or_medical_device_software,NMPA UDI 06975872082154; GS1; SY1IV100-ICON60/WBDF-F50R11,nmpa_udi,06975872082154,,--,https://udi.nmpa.gov.cn/showDetailCX.html?deviceRecordKey=069758720821542026030402341945,rehabilitation,strong_official_product
瑞海胜（厦门）康复用品有限公司,手动轮椅车,digital_health_or_medical_device_software,闽厦械备20260029; SY1IV100-ICON60/WBDE-F40R11 手动轮椅车,nmpa_udi_detail,闽厦械备20260029,,,https://udi.nmpa.gov.cn/showDetailCX.html?deviceRecordKey=06975872081720202603040234192,rehabilitation,strong_official_product
纳龙健康科技股份有限公司,中央监护系统软件,samd_or_medical_software,NMPA UDI 06976141130217; GS1; MonitorCare,nmpa_udi,06976141130217,,--,https://udi.nmpa.gov.cn/showDetailCX.html?deviceRecordKey=0697614113021720260424044847289,samd,strong_official_product
纳龙健康科技股份有限公司,中央监护系统软件,samd_or_medical_software,闽械注准20262210028; 中央监护系统软件,nmpa_udi_detail,闽械注准20262210028,,,https://udi.nmpa.gov.cn/showDetailCX.html?deviceRecordKey=0697614113021720260424044847289,samd,strong_official_product
纳龙健康科技股份有限公司,动态心电分析软件,samd_or_medical_software,NMPA UDI 06976141130200; GS1; CardioCare Master,nmpa_udi,06976141130200,,--,https://udi.nmpa.gov.cn/showDetailCX.html?deviceRecordKey=0697614113020020260424043920916,samd; remote_patient_monitoring,strong_official_product
纳龙健康科技股份有限公司,动态心电分析软件,samd_or_medical_software,闽械注准20212210156; 动态心电分析软件,nmpa_udi_detail,闽械注准20212210156,,,https://udi.nmpa.gov.cn/showDetailCX.html?deviceRecordKey=0697614113020020260424043920916,samd; remote_patient_monitoring,strong_official_product
纳龙健康科技股份有限公司,影像档案传输处理系统软件,samd_or_medical_software,NMPA UDI 06976141130170; GS1; Medview,nmpa_udi,06976141130170,,--,https://udi.nmpa.gov.cn/showDetailCX.html?deviceRecordKey=0697614113017020260424042209895,samd,strong_official_product
纳龙健康科技股份有限公司,影像档案传输处理系统软件,samd_or_medical_software,闽械注准20182210079; 影像档案传输处理系统软件,nmpa_udi_detail,闽械注准20182210079,,,https://udi.nmpa.gov.cn/showDetailCX.html?deviceRecordKey=0697614113017020260424042209895,samd,strong_official_product
纳龙健康科技股份有限公司,心电分析软件,samd_or_medical_software,NMPA UDI 06976141130002; GS1; Cardio AI,nmpa_udi,06976141130002,,--,https://udi.nmpa.gov.cn/showDetailCX.html?deviceRecordKey=0697614113000220260402114634810,samd; remote_patient_monitoring,strong_official_product
纳龙健康科技股份有限公司,心电分析软件,samd_or_medical_software,国械注准20223211426; 心电分析软件,nmpa_udi_detail,国械注准20223211426,,,https://udi.nmpa.gov.cn/showDetailCX.html?deviceRecordKey=0697614113000220260402114634810,samd; remote_patient_monitoring,strong_official_product
纳龙健康科技股份有限公司,心电及电生理网络系统软件,samd_or_medical_software,NMPA UDI 06976141130187; GS1; aECG-Platform,nmpa_udi,06976141130187,,--,https://udi.nmpa.gov.cn/showDetailCX.html?deviceRecordKey=0697614113018720260424042645920,samd; remote_patient_monitoring,strong_official_product
纳龙健康科技股份有限公司,心电及电生理网络系统软件,samd_or_medical_software,NMPA UDI 06976141130194; GS1; aECG-Cloud,nmpa_udi,06976141130194,,--,https://udi.nmpa.gov.cn/showDetailCX.html?deviceRecordKey=0697614113019420260424043412942,samd; remote_patient_monitoring,strong_official_product
纳龙健康科技股份有限公司,心电及电生理网络系统软件,samd_or_medical_software,闽械注准20162210104; 心电及电生理网络系统软件,nmpa_udi_detail,闽械注准20162210104,,,https://udi.nmpa.gov.cn/showDetailCX.html?deviceRecordKey=0697614113018720260424042645920,samd; remote_patient_monitoring,strong_official_product
绍兴金箓生物技术有限公司,慢性淋巴细胞白血病染色体及基因异常检测试剂盒（荧光原位杂交法）,digital_health_or_medical_device_software,NMPA UDI 06975329002216; GS1; 20人份/盒,nmpa_udi,06975329002216,,--,https://udi.nmpa.gov.cn/showDetailCX.html?deviceRecordKey=0697532900221620240626030509298,,strong_official_product
绍兴金箓生物技术有限公司,慢性淋巴细胞白血病染色体及基因异常检测试剂盒（荧光原位杂交法）,digital_health_or_medical_device_software,NMPA UDI 06975329002209; GS1; 10人份/盒,nmpa_udi,06975329002209,,--,https://udi.nmpa.gov.cn/showDetailCX.html?deviceRecordKey=0697532900220920240626030119368,,strong_official_product
绍兴金箓生物技术有限公司,慢性淋巴细胞白血病染色体及基因异常检测试剂盒（荧光原位杂交法）,digital_health_or_medical_device_software,NMPA UDI 06975329002193; GS1; 5人份/盒,nmpa_udi,06975329002193,,--,https://udi.nmpa.gov.cn/showDetailCX.html?deviceRecordKey=0697532900219320240626021306072,,strong_official_product
绍兴金箓生物技术有限公司,慢性淋巴细胞白血病染色体及基因异常检测试剂盒（荧光原位杂交法）,digital_health_or_medical_device_software,浙绍械备20180113号; 本产品由CCND1/IGH双色探针、RB1/LAMP双色探针、MYB/CEN6双色探针、TP53/CEN17双色探针、ETV6/CEP12双色探针、ATM/CEN11双色探针和染色液组成,nmpa_udi_detail,浙绍械备20180113号,,,https://udi.nmpa.gov.cn/showDetailCX.html?deviceRecordKey=0697532900221620240626030509298,,strong_official_product
维斯安（北京）医疗器械有限公司,远程扩展器,remote_patient_monitoring,NMPA UDI 06977645670131; GS1; REX,nmpa_udi,06977645670131,,--,https://udi.nmpa.gov.cn/showDetailCX.html?deviceRecordKey=3adb79ab002c4672af6070c9f3c1cf7b,remote_patient_monitoring,strong_official_product
维斯安（北京）医疗器械有限公司,远程扩展器,remote_patient_monitoring,国械注准20253050348; 远程扩展器usb信号扩展,nmpa_udi_detail,国械注准20253050348,,,https://udi.nmpa.gov.cn/showDetailCX.html?deviceRecordKey=3adb79ab002c4672af6070c9f3c1cf7b,remote_patient_monitoring,strong_official_product
美敦力导航股份有限公司,移动式O形臂X射线机,digital_health_or_medical_device_software,NMPA UDI 00763000959517; GS1; O2,nmpa_udi,00763000959517,,--,https://udi.nmpa.gov.cn/showDetailCX.html?deviceRecordKey=d224c319c6044a5a8d3eb3ec41dee51a,,strong_official_product
美敦力导航股份有限公司,移动式O形臂X射线机,samd_or_medical_software,NMPA UDI 00763000987701; GS1; O2 （软件发布版本4.2）,nmpa_udi,00763000987701,,--,https://udi.nmpa.gov.cn/showDetailCX.html?deviceRecordKey=958548c565ea4318808e2b899bb1fca7,samd,strong_official_product
美敦力导航股份有限公司,移动式O形臂X射线机,samd_or_medical_software,国械注进20183060139; O2 部件号:软件发布版本4.3 软件发布版本 附带软件版本 4.3,nmpa_udi_detail,国械注进20183060139,,,https://udi.nmpa.gov.cn/showDetailCX.html?deviceRecordKey=d224c319c6044a5a8d3eb3ec41dee51a,samd,strong_official_product
美敦力糖尿病科技（成都）有限公司,一次性使用葡萄糖传感器,digital_health_or_medical_device_software,NMPA UDI 20763000423104; GS1; MMT-7020LZH/MMT-7020CH2,nmpa_udi,20763000423104,,--,https://udi.nmpa.gov.cn/showDetailCX.html?deviceRecordKey=2076300042310420230130113906621,chronic_disease_management,strong_official_product
美敦力糖尿病科技（成都）有限公司,发送器套装,digital_health_or_medical_device_software,NMPA UDI 00763000632700; GS1; MMT-7911CH/MMT-7910CH2,nmpa_udi,00763000632700,,--,https://udi.nmpa.gov.cn/showDetailCX.html?deviceRecordKey=0076300063270020230207115542933,chronic_disease_management,strong_official_product
美敦力糖尿病科技（成都）有限公司,发送器套装,digital_health_or_medical_device_software,NMPA UDI 00763000689162; GS1; MMT-7911CH/MMT-7910CH3,nmpa_udi,00763000689162,,--,https://udi.nmpa.gov.cn/showDetailCX.html?deviceRecordKey=0076300068916220230203042957663,chronic_disease_management,strong_official_product
美敦力糖尿病科技（成都）有限公司,胰岛素泵,digital_health_or_medical_device_software,NMPA UDI 00763000638016; GS1; MMT-1817/MMT-1867,nmpa_udi,00763000638016,,--,https://udi.nmpa.gov.cn/showDetailCX.html?deviceRecordKey=0076300063801620230130102256142,chronic_disease_management,strong_official_product
美敦力糖尿病科技（成都）有限公司,胰岛素泵,digital_health_or_medical_device_software,NMPA UDI 00763000561680; GS1; MMT-1805,nmpa_udi,00763000561680,,--,https://udi.nmpa.gov.cn/showDetailCX.html?deviceRecordKey=0076300056168020211025031037132,chronic_disease_management,strong_official_product
腾讯医疗健康（深圳）有限公司,慢性青光眼样视神经病变眼底图像辅助诊断软件,samd_or_medical_software,NMPA UDI 06975410340098; GS1; MY-YD-02，发布版本：V1,nmpa_udi,06975410340098,,--,https://udi.nmpa.gov.cn/showDetailCX.html?deviceRecordKey=0697541034009820250217120028629,samd; clinical_workflow,strong_official_product
腾讯医疗健康（深圳）有限公司,慢性青光眼样视神经病变眼底图像辅助诊断软件,samd_or_medical_software,NMPA UDI 06975410340067; GS1; MY-YD-01,nmpa_udi,06975410340067,,--,https://udi.nmpa.gov.cn/showDetailCX.html?deviceRecordKey=06975410340067202305080350303,samd; clinical_workflow,strong_official_product
腾讯医疗健康（深圳）有限公司,慢性青光眼样视神经病变眼底图像辅助诊断软件,samd_or_medical_software,国械注准20223211140; 本产品在医疗机构使用。适用于需要进行眼底照相以判断是否具有相关疾病或存在相关疾病风险的成年患者。对单张免散瞳彩色眼底图像(后极部45°左右包含全部视盘和黄斑，并经软件判定图像质量合格)进行分析，为具有眼底检查资质的执业医师提供可疑慢性青光眼样视神经病变的提示和是否需进一步就医检查的辅助诊断建议。不能仅凭本产品结果进行临床决策。彩色眼底图像应由指定型号的眼底照相机拍摄。该产品不适用于高度近视人群。,nmpa_udi_detail,国械注准20223211140,,,https://udi.nmpa.gov.cn/showDetailCX.html?deviceRecordKey=0697541034009820250217120028629,samd; clinical_workflow,strong_official_product
腾讯医疗健康（深圳）有限公司,认知功能训练软件,samd_or_medical_software,NMPA UDI 06975410340104; GS1; YF-MCI-01，软件发布版本1,nmpa_udi,06975410340104,,--,https://udi.nmpa.gov.cn/showDetailCX.html?deviceRecordKey=0697541034010420250630105300770,samd; mental_health,strong_official_product
艾科托迈德有限公司 AKTORmed GmbH,腹腔内窥镜夹持及移动控制装置,digital_health_or_medical_device_software,NMPA UDI 04260463840919; GS1; SOLOASSIST II、SOLOASSIST IIS,nmpa_udi,04260463840919,,--,https://udi.nmpa.gov.cn/showDetailCX.html?deviceRecordKey=372e067a0d814590bc697daa059f7d30,,strong_official_product
艾科托迈德有限公司 AKTORmed GmbH,腹腔内窥镜夹持及移动控制装置,digital_health_or_medical_device_software,NMPA UDI 04260463843620; GS1; SOLOASSIST II、SOLOASSIST IIS,nmpa_udi,04260463843620,,--,https://udi.nmpa.gov.cn/showDetailCX.html?deviceRecordKey=9eb0a0a45574458db5e35749f19185c4,,strong_official_product
艾科托迈德有限公司 AKTORmed GmbH,腹腔内窥镜夹持及移动控制装置,digital_health_or_medical_device_software,NMPA UDI 04260463841985; GS1; SOLOASSIST II、SOLOASSIST IIS,nmpa_udi,04260463841985,,--,https://udi.nmpa.gov.cn/showDetailCX.html?deviceRecordKey=58195411190f4100959ce3dbe3194d59,,strong_official_product
艾科托迈德有限公司 AKTORmed GmbH,腹腔内窥镜夹持及移动控制装置,digital_health_or_medical_device_software,NMPA UDI 04260463845105; GS1; SOLOASSIST II、SOLOASSIST IIS,nmpa_udi,04260463845105,,--,https://udi.nmpa.gov.cn/showDetailCX.html?deviceRecordKey=2afc9c7825e7426e9e031a4472b6ece8,,strong_official_product
艾科托迈德有限公司 AKTORmed GmbH,腹腔内窥镜夹持及移动控制装置,digital_health_or_medical_device_software,NMPA UDI 04260463846966; GS1; SOLOASSIST II、SOLOASSIST IIS,nmpa_udi,04260463846966,,--,https://udi.nmpa.gov.cn/showDetailCX.html?deviceRecordKey=d4317192280443acb23c4efc985f2fc0,,strong_official_product
艾科托迈德有限公司 AKTORmed GmbH,腹腔内窥镜夹持及移动控制装置,digital_health_or_medical_device_software,NMPA UDI 04260463846959; GS1; SOLOASSIST II、SOLOASSIST IIS,nmpa_udi,04260463846959,,--,https://udi.nmpa.gov.cn/showDetailCX.html?deviceRecordKey=3acbf680445a440183faa80956f065c7,,strong_official_product
艾科托迈德有限公司 AKTORmed GmbH,腹腔内窥镜夹持及移动控制装置,digital_health_or_medical_device_software,NMPA UDI 04260463843644; GS1; SOLOASSIST II,nmpa_udi,04260463843644,,--,https://udi.nmpa.gov.cn/showDetailCX.html?deviceRecordKey=036dddb744e34291baa64b5cf4d07633,,strong_official_product
艾科托迈德有限公司 AKTORmed GmbH,腹腔内窥镜夹持及移动控制装置,digital_health_or_medical_device_software,NMPA UDI 04260463842203; GS1; SOLOASSIST IIS,nmpa_udi,04260463842203,,--,https://udi.nmpa.gov.cn/showDetailCX.html?deviceRecordKey=9b9b3048d1e746e3b82d2e8697804a09,,strong_official_product
艾科托迈德有限公司 AKTORmed GmbH,腹腔内窥镜夹持及移动控制装置,digital_health_or_medical_device_software,国械注进20262010045; 本产品由机械臂组件、夹持组件（包含重复使用夹持组件和一次性使用夹持组件）、操纵杆组件和遥控器组件、台车组成。,nmpa_udi_detail,国械注进20262010045,,,https://udi.nmpa.gov.cn/showDetailCX.html?deviceRecordKey=372e067a0d814590bc697daa059f7d30,,strong_official_product
苏州一目万相科技有限公司,移动式C形臂X射线机,digital_health_or_medical_device_software,NMPA UDI 06976330570022; GS1; WIL UniLite,nmpa_udi,06976330570022,,--,https://udi.nmpa.gov.cn/showDetailCX.html?deviceRecordKey=0697633057002220260305085826347,,strong_official_product
苏州一目万相科技有限公司,移动式C形臂X射线机,digital_health_or_medical_device_software,NMPA UDI 06976330570039; GS1; WIL SYSPro,nmpa_udi,06976330570039,,--,https://udi.nmpa.gov.cn/showDetailCX.html?deviceRecordKey=0697633057003920260305085934779,,strong_official_product
苏州一目万相科技有限公司,移动式C形臂X射线机,digital_health_or_medical_device_software,国械注准20243062126; 由移动式C形臂机架、X射线发生装置、平板探测器、监视器、限束器以及选配件组成。,nmpa_udi_detail,国械注准20243062126,,,https://udi.nmpa.gov.cn/showDetailCX.html?deviceRecordKey=0697633057002220260305085826347,,strong_official_product
苏州体素信息科技有限公司,糖尿病视网膜病变眼底图像辅助诊断软件,samd_or_medical_software,"NMPA UDI 06975170620010; GS1; VoxelCloud Retina, 软件版本号2",nmpa_udi,06975170620010,,--,https://udi.nmpa.gov.cn/showDetailCX.html?deviceRecordKey=0697517062001020221026035231561,samd; chronic_disease_management; clinical_workflow,strong_official_product
苏州塞伯坦医疗科技有限公司,医学影像处理软件,samd_or_medical_software,NMPA UDI 06977838130015; GS1; SBT-OSPS,nmpa_udi,06977838130015,,--,https://udi.nmpa.gov.cn/showDetailCX.html?deviceRecordKey=0697783813001520260410042043412,samd,strong_official_product
苏州塞伯坦医疗科技有限公司,医学影像处理软件,samd_or_medical_software,苏械注准20252212402; 医学影像处理软件是专为辅助耳科医生进行中内耳手术提供图像处理功能。产品通过打开符合 DICOM3.0 格式的 CT 图像；在二维视图窗口利用图像分割技术选择需要设计的区域；上下滑动二维视窗的滑块以调整合适的图层来显示需要绘制的解剖结构；在解剖结构上设置标记点，软件根据已设置的标记点，自动增长生成需要的解剖结构，同时进行三维重建，并在软件的三维视窗中显示已绘制的解剖结构。,nmpa_udi_detail,苏械注准20252212402,,,https://udi.nmpa.gov.cn/showDetailCX.html?deviceRecordKey=0697783813001520260410042043412,samd; clinical_workflow,strong_official_product
苏州歌锐医疗科技有限公司,移动式C形臂X射线机,digital_health_or_medical_device_software,NMPA UDI 06975496010069; GS1; NewDawn 3D Hybrid,nmpa_udi,06975496010069,,--,https://udi.nmpa.gov.cn/showDetailCX.html?deviceRecordKey=0697549601006920260429074128451,,strong_official_product
苏州歌锐医疗科技有限公司,移动式C形臂X射线机,digital_health_or_medical_device_software,NMPA UDI 06975496010052; GS1; NewDawn 3D Elite,nmpa_udi,06975496010052,,--,https://udi.nmpa.gov.cn/showDetailCX.html?deviceRecordKey=0697549601005220260429075046422,,strong_official_product
苏州歌锐医疗科技有限公司,移动式C形臂X射线机,digital_health_or_medical_device_software,NMPA UDI 06975496010076; GS1; NewDawn 3D Lite,nmpa_udi,06975496010076,,--,https://udi.nmpa.gov.cn/showDetailCX.html?deviceRecordKey=0697549601007620260429075518592,,strong_official_product
苏州歌锐医疗科技有限公司,移动式C形臂X射线机,digital_health_or_medical_device_software,国械注准20263060243; 移动式C形臂X射线机，用于在外科手术时提供X射线透视、摄影、血管减影和体层图像。,nmpa_udi_detail,国械注准20263060243,,,https://udi.nmpa.gov.cn/showDetailCX.html?deviceRecordKey=0697549601006920260429074128451,,strong_official_product
英国雅培糖尿病护理公司,β-羟丁酸试纸（电化学法）,digital_health_or_medical_device_software,NMPA UDI 00093815711278; GS1; 10片/盒,nmpa_udi,00093815711278,,--,https://udi.nmpa.gov.cn/showDetailCX.html?deviceRecordKey=0009381571127820220526054128188,chronic_disease_management,strong_official_product
英国雅培糖尿病护理公司,β-羟丁酸试纸（电化学法）,digital_health_or_medical_device_software,NMPA UDI 00093815991137; GS1; 10片/盒,nmpa_udi,00093815991137,,--,https://udi.nmpa.gov.cn/showDetailCX.html?deviceRecordKey=0009381599113720220526072012590,chronic_disease_management,strong_official_product
英国雅培糖尿病护理公司,扫描式葡萄糖监测系统,remote_patient_monitoring,NMPA UDI 05021791000289; GS1; FreeStyle Libre,nmpa_udi,05021791000289,,--,https://udi.nmpa.gov.cn/showDetailCX.html?deviceRecordKey=05021791000289202205200721432,remote_patient_monitoring; chronic_disease_management,strong_official_product
英国雅培糖尿病护理公司,扫描式葡萄糖监测系统,remote_patient_monitoring,NMPA UDI 05021791000036; GS1; FreeStyle Libre,nmpa_udi,05021791000036,,--,https://udi.nmpa.gov.cn/showDetailCX.html?deviceRecordKey=0502179100003620220520072107062,remote_patient_monitoring; chronic_disease_management,strong_official_product
英国雅培糖尿病护理公司,持续葡萄糖监测系统,remote_patient_monitoring,NMPA UDI 05021791002849; GS1; FreeStyle Libre 2,nmpa_udi,05021791002849,,--,https://udi.nmpa.gov.cn/showDetailCX.html?deviceRecordKey=0502179100284920241010051926155,remote_patient_monitoring; chronic_disease_management,strong_official_product
英国雅培糖尿病护理公司,持续葡萄糖监测系统,remote_patient_monitoring,NMPA UDI 05021791008322; GS1; FreeStyle Libre 2,nmpa_udi,05021791008322,,--,https://udi.nmpa.gov.cn/showDetailCX.html?deviceRecordKey=0502179100832220250227101240063,remote_patient_monitoring; chronic_disease_management,strong_official_product
英国雅培糖尿病护理公司,持续葡萄糖监测系统,remote_patient_monitoring,NMPA UDI 05021791002856; GS1; FreeStyle Libre 2,nmpa_udi,05021791002856,,--,https://udi.nmpa.gov.cn/showDetailCX.html?deviceRecordKey=0502179100285620241010052516471,remote_patient_monitoring; chronic_disease_management,strong_official_product
英国雅培糖尿病护理公司,持续葡萄糖监测系统,remote_patient_monitoring,NMPA UDI 05021791715916; GS1; FreeStyle Libre H,nmpa_udi,05021791715916,,--,https://udi.nmpa.gov.cn/showDetailCX.html?deviceRecordKey=05021791715916202205200721431,remote_patient_monitoring; chronic_disease_management,strong_official_product
英国雅培糖尿病护理公司,持续葡萄糖监测系统,remote_patient_monitoring,NMPA UDI 05021791715930; GS1; FreeStyle Libre H,nmpa_udi,05021791715930,,--,https://udi.nmpa.gov.cn/showDetailCX.html?deviceRecordKey=05021791715930202205200721433,remote_patient_monitoring; chronic_disease_management,strong_official_product
英国雅培糖尿病护理公司,血糖/血酮质控液,digital_health_or_medical_device_software,NMPA UDI 05021791999385; GS1; 低值质控液：4mL/瓶，高值质控液：4mL/瓶,nmpa_udi,05021791999385,,--,https://udi.nmpa.gov.cn/showDetailCX.html?deviceRecordKey=0502179199938520220526072540275,chronic_disease_management,strong_official_product
英国雅培糖尿病护理公司,血糖血酮仪,digital_health_or_medical_device_software,NMPA UDI 00093815713944; GS1; FreeStyle Optium Neo,nmpa_udi,00093815713944,,--,https://udi.nmpa.gov.cn/showDetailCX.html?deviceRecordKey=0009381571394420220526074424458,chronic_disease_management,strong_official_product
英国雅培糖尿病护理公司,血糖试纸（葡萄糖脱氢酶法）,digital_health_or_medical_device_software,NMPA UDI 00093815713197; GS1; 50片/盒，25片/盒，10片/盒,nmpa_udi,00093815713197,,--,https://udi.nmpa.gov.cn/showDetailCX.html?deviceRecordKey=0009381571319720220526070938306,chronic_disease_management,strong_official_product
英国雅培糖尿病护理公司,血糖试纸（葡萄糖脱氢酶法）,digital_health_or_medical_device_software,NMPA UDI 00093815713104; GS1; 50片/盒,nmpa_udi,00093815713104,,--,https://udi.nmpa.gov.cn/showDetailCX.html?deviceRecordKey=0009381571310420220526060921849,chronic_disease_management,strong_official_product
英国雅培糖尿病护理公司Abbott Diabetes Care Ltd.,血糖血酮仪FreeStyle Optium Neo H Blood Glucose and Ketone Monitoring System,remote_patient_monitoring,NMPA UDI 00093815713579; GS1; FreeStyle Optium Neo H,nmpa_udi,00093815713579,,--,https://udi.nmpa.gov.cn/showDetailCX.html?deviceRecordKey=00093815713579202205260441100,remote_patient_monitoring; chronic_disease_management,strong_official_product
语坤（北京）网络科技有限公司,医学图像处理软件,samd_or_medical_software,NMPA UDI 06974183380850; GS1; SK-Workstation，发布版本：1,nmpa_udi,06974183380850,,--,https://udi.nmpa.gov.cn/showDetailCX.html?deviceRecordKey=0697418338085020260506052020828,samd,strong_official_product
语坤（北京）网络科技有限公司,医学图像处理软件,samd_or_medical_software,京械注准20262210158; 本产品为 B/S 架构，由软件安装程序组成，模块功能包括用户登录、影像列表、DR 工作站、CT 工作站、血管 CTA、MR工作站、骨 3D、管理配置、平台管理、传输队列。,nmpa_udi_detail,京械注准20262210158,,,https://udi.nmpa.gov.cn/showDetailCX.html?deviceRecordKey=0697418338085020260506052020828,samd,strong_official_product
赛尔生物,糖尿病自身抗体联检试剂盒（玻片法）,digital_health_or_medical_device_software,NMPA UDI 06975491760105; GS1; 20人份/盒,nmpa_udi,06975491760105,,--,https://udi.nmpa.gov.cn/showDetailCX.html?deviceRecordKey=06975491760105202206230544050,chronic_disease_management,strong_official_product
辽宁迪浩生物科技有限公司,远程医疗系统,remote_patient_monitoring,NMPA UDI MA.156.M0.100236.0MSVZ940; MA码（IDcode）; FRMS,nmpa_udi,MA.156.M0.100236.0MSVZ940,,是,https://udi.nmpa.gov.cn/showDetailCX.html?deviceRecordKey=a66841e0-6ec2-410b-aeec-aa0aea963e57,remote_patient_monitoring,strong_official_product
辽宁迪浩生物科技有限公司,远程医疗系统,remote_patient_monitoring,辽械注准20202210373; 远程会诊,nmpa_udi_detail,辽械注准20202210373,,,https://udi.nmpa.gov.cn/showDetailCX.html?deviceRecordKey=a66841e0-6ec2-410b-aeec-aa0aea963e57,remote_patient_monitoring,strong_official_product
长沙奥科维电子有限公司,糖尿病治疗仪,digital_health_or_medical_device_software,NMPA UDI 06976212100019; GS1; AK-CN-01,nmpa_udi,06976212100019,,--,https://udi.nmpa.gov.cn/showDetailCX.html?deviceRecordKey=0697621210001920230423020207567,chronic_disease_management,strong_official_product
长沙奥科维电子有限公司,糖尿病治疗仪,digital_health_or_medical_device_software,NMPA UDI 06976212100026; GS1; AK-CN-02,nmpa_udi,06976212100026,,--,https://udi.nmpa.gov.cn/showDetailCX.html?deviceRecordKey=0697621210002620230423020039264,chronic_disease_management,strong_official_product
长沙爱孕记医疗科技有限公司,产前超声影像传输处理软件,samd_or_medical_software,NMPA UDI 06980090580177; GS1; AiriScan Cloud V6,nmpa_udi,06980090580177,,--,https://udi.nmpa.gov.cn/showDetailCX.html?deviceRecordKey=273c8003f6164690916f8a3fdc31996c,samd,strong_official_product
长沙爱孕记医疗科技有限公司,产前超声影像传输处理软件,samd_or_medical_software,NMPA UDI 06980090580184; GS1; AiriScan Cloud V8,nmpa_udi,06980090580184,,--,https://udi.nmpa.gov.cn/showDetailCX.html?deviceRecordKey=aca22e4b290d4bc6beb18a4f6809902f,samd,strong_official_product
长沙爱孕记医疗科技有限公司,产前超声影像传输处理软件,samd_or_medical_software,NMPA UDI 06980090580191; GS1; AiriScan Cloud V10,nmpa_udi,06980090580191,,--,https://udi.nmpa.gov.cn/showDetailCX.html?deviceRecordKey=cacdbf8172a447d59acf6e9879dfee62,samd,strong_official_product
长沙爱孕记医疗科技有限公司,产前超声影像传输处理软件,samd_or_medical_software,湘械注准20252210246; 适用于产前超声影像的显示、传输与存储，用于远程会诊。不具有自动识别病变部位或自动判定病变性质的功能。,nmpa_udi_detail,湘械注准20252210246,,,https://udi.nmpa.gov.cn/showDetailCX.html?deviceRecordKey=273c8003f6164690916f8a3fdc31996c,samd; remote_patient_monitoring,strong_official_product
阿里健康,阿里健康,digital_health_or_medical_device_software,中国知名互联网医疗/医药电商平台,round2_seed,,,,https://www.alihealth.cn/,internet_healthcare; pharmacy_ecommerce,seed_only
阿里健康,阿里健康,digital_health_or_medical_device_software,阿里健康官网—让医疗健康普惠可及; 阿里健康是阿里巴巴集团整合线上线下医药和健康行业资源，提供一站式医疗解决方案的旗舰平台。依托领先的数字技术和数字运营能力，以“云基建”为基础，“云药房”为核心、“云医院”为引擎，为亿万家庭提供普惠便捷、高效安全的医疗健康服务。,round2_company_site,,,,https://www.alihealth.cn/,pharmacy_ecommerce,strong_company_site
青岛远程科技有限公司,医用防护口罩,remote_patient_monitoring,NMPA UDI 06975103000278; GS1; 折叠型-耳挂式B 非无菌型,nmpa_udi,06975103000278,,--,https://udi.nmpa.gov.cn/showDetailCX.html?deviceRecordKey=0697510300027820231010040328484,remote_patient_monitoring,strong_official_product
青岛远程科技有限公司,医用防护口罩,remote_patient_monitoring,NMPA UDI 06975103000261; GS1; 折叠型-耳挂式B 无菌型,nmpa_udi,06975103000261,,--,https://udi.nmpa.gov.cn/showDetailCX.html?deviceRecordKey=0697510300026120231010040113123,remote_patient_monitoring,strong_official_product
青岛远程科技有限公司,医用防护口罩,remote_patient_monitoring,NMPA UDI 06975103000421; GS1; 折叠型-耳挂式A 无菌型,nmpa_udi,06975103000421,,--,https://udi.nmpa.gov.cn/showDetailCX.html?deviceRecordKey=0697510300042120231010034544286,remote_patient_monitoring,strong_official_product
青岛远程科技有限公司,医用防护口罩,remote_patient_monitoring,NMPA UDI 06975103000414; GS1; 折叠型-耳挂式A 非无菌型,nmpa_udi,06975103000414,,--,https://udi.nmpa.gov.cn/showDetailCX.html?deviceRecordKey=0697510300041420231010034407559,remote_patient_monitoring,strong_official_product
青岛远程科技有限公司,医用防护口罩,remote_patient_monitoring,NMPA UDI 06975103000407; GS1; 折叠型-头戴式 无菌型,nmpa_udi,06975103000407,,--,https://udi.nmpa.gov.cn/showDetailCX.html?deviceRecordKey=0697510300040720231010033936711,remote_patient_monitoring,strong_official_product
青岛远程科技有限公司,医用防护口罩,remote_patient_monitoring,鲁械注准20212140228; 医用防护口罩由口罩本体、鼻夹、口罩带、卡扣四部分组成。口罩本体分为四层，中间两层为静电棉和聚丙烯熔喷无纺布，外层和内层为聚丙烯纺粘无纺布，鼻夹内置塑料铁丝制成，口罩带为锦纶加氨纶松紧带，卡扣为聚乙烯s扣。产品以非无菌形式提供。,nmpa_udi_detail,鲁械注准20212140228,,,https://udi.nmpa.gov.cn/showDetailCX.html?deviceRecordKey=0697510300027820231010040328484,remote_patient_monitoring,strong_official_product
麦康迪（绍兴）科技有限公司,骨骼肌指数 CT 影像处理软件,samd_or_medical_software,NMPA UDI 06978305450100; GS1; MKD-Sa,nmpa_udi,06978305450100,,--,https://udi.nmpa.gov.cn/showDetailCX.html?deviceRecordKey=6479ba87437042aeb1168a1c055b35ca,samd,strong_official_product
麦康迪（绍兴）科技有限公司,骨骼肌指数 CT 影像处理软件,samd_or_medical_software,浙械注准20252212016; 产品适用于医疗机构对符合 DICOM 标准的终末期肝病或肝移植患者的 L3 腰椎影像进行图像导入、处理、显示和保存，不包括自动诊断功能。,nmpa_udi_detail,浙械注准20252212016,,,https://udi.nmpa.gov.cn/showDetailCX.html?deviceRecordKey=6479ba87437042aeb1168a1c055b35ca,samd; clinical_workflow,strong_official_product
