companyName,productName,region,country,city,tier,categories,sourceType,sourceQuery,sourceUrl,capturedAt,evidenceSummary,confidence,privacyFlag,evidenceStrength,discoveryRound,seeded
Canon Medical Systems Corporation,"Aplio i900, Aplio i800 and Aplio i700 Software V8.1 Diagnostic Ultrasound System",,JP,Otawara-Shi,A,samd,openfda_device_510k,software,https://www.accessdata.fda.gov/scripts/cdrh/cfdocs/cfpmn/pmn.cfm?id=K233195,2026-05-14,FDA 510(k) K233195; 2024-01-24; product code IYN,0.86,company_product_public,strong_official_product,round1,no
"Spectrum Dynamics Medical, Ltd.",TruSPECT Processing Station,,IL,Caesarea,A,,openfda_device_510k,software,https://www.accessdata.fda.gov/scripts/cdrh/cfdocs/cfpmn/pmn.cfm?id=K253532,2026-05-14,FDA 510(k) K253532; 2025-12-30; product code QIH,0.86,company_product_public,strong_official_product,round1,no
"Murata Vios, Inc.",Vios Monitoring System(TM) Model 2050; Vios Central Station Monitor/Vios Central Server Software 2050,US,US,Woodbury,A,samd; remote_patient_monitoring,openfda_device_510k,software,https://www.accessdata.fda.gov/scripts/cdrh/cfdocs/cfpmn/pmn.cfm?id=K241728,2026-05-14,FDA 510(k) K241728; 2025-01-23; product code DXN,0.86,company_product_public,strong_official_product,round1,no
"Biomagnetic Technologies, Inc.",MAGNES II BIOMAGNETOMETER,US,US,San Diego,A,,openfda_device_510k,software,https://www.accessdata.fda.gov/scripts/cdrh/cfdocs/cfpmn/pmn.cfm?id=K941553,2026-05-14,FDA 510(k) K941553; 1996-05-16; product code OLX,0.86,company_product_public,strong_official_product,round1,no
"Infobionic, Inc.",MoMe Software Platform,US,US,Lowell,A,samd,openfda_device_510k,software,https://www.accessdata.fda.gov/scripts/cdrh/cfdocs/cfpmn/pmn.cfm?id=K152491,2026-05-14,FDA 510(k) K152491; 2015-12-17; product code DSI,0.86,company_product_public,strong_official_product,round1,no
Natural Cycles Nordic AB,Natural Cycles,Europe,SE,Stockholm,A,,openfda_device_510k,software,https://www.accessdata.fda.gov/scripts/cdrh/cfdocs/cfpmn/pmn.cfm?id=K231274,2026-05-14,FDA 510(k) K231274; 2023-08-24; product code PYT,0.86,company_product_public,strong_official_product,round1,no
"Hypoguard USA, Inc.","GLUCOBALANCE DATA MANAGEMENT SOFTWARE, MODEL 555020",US,US,Edina,A,samd,openfda_device_510k,software,https://www.accessdata.fda.gov/scripts/cdrh/cfdocs/cfpmn/pmn.cfm?id=K022545,2026-05-14,FDA 510(k) K022545; 2002-10-11; product code NBW,0.86,company_product_public,strong_official_product,round1,no
"Vivometrics, Inc.",LIFESHIRT REAL-TIME WITH VIVOMONITOR SOFTWARE,US,US,Washington,A,samd,openfda_device_510k,software,https://www.accessdata.fda.gov/scripts/cdrh/cfdocs/cfpmn/pmn.cfm?id=K043604,2026-05-14,FDA 510(k) K043604; 2005-04-29; product code DQK,0.86,company_product_public,strong_official_product,round1,no
Ligence Uab,Ligence Heart,Europe,LT,Kaunas,A,,openfda_device_510k,software,https://www.accessdata.fda.gov/scripts/cdrh/cfdocs/cfpmn/pmn.cfm?id=K253535,2026-05-14,FDA 510(k) K253535; 2026-02-27; product code QIH,0.86,company_product_public,strong_official_product,round1,no
Laralab GmbH,LARALAB,Europe,DE,Munich,A,,openfda_device_510k,software,https://www.accessdata.fda.gov/scripts/cdrh/cfdocs/cfpmn/pmn.cfm?id=K242500,2026-05-14,FDA 510(k) K242500; 2025-04-16; product code QIH,0.86,company_product_public,strong_official_product,round1,no
"Guangzhou Raydose Software Technology., LLC",EDOSE,China,CN,Guangzhou,A,,openfda_device_510k,software,https://www.accessdata.fda.gov/scripts/cdrh/cfdocs/cfpmn/pmn.cfm?id=K150767,2026-05-14,FDA 510(k) K150767; 2015-08-17; product code IYE,0.86,company_product_public,strong_official_product,round1,no
Onera B.V.,Onera SleepMap (SLEEPMAP),Europe,NL,Eindhoven,A,sleep_health,openfda_device_510k,software,https://www.accessdata.fda.gov/scripts/cdrh/cfdocs/cfpmn/pmn.cfm?id=K253668,2026-05-14,FDA 510(k) K253668; 2026-03-08; product code OLZ,0.86,company_product_public,strong_official_product,round1,no
GE Medical Systems Ultrasound and Primary Care Diagnostics,"EchoPAC Software Only, EchoPAC Plug-in",US,US,Wauwatosa,A,samd,openfda_device_510k,software,https://www.accessdata.fda.gov/scripts/cdrh/cfdocs/cfpmn/pmn.cfm?id=K220940,2026-05-14,FDA 510(k) K220940; 2022-07-22; product code QIH,0.86,company_product_public,strong_official_product,round1,no
Therapanacea Sas,ART-Plan,Europe,FR,Paris,A,,openfda_device_510k,software,https://www.accessdata.fda.gov/scripts/cdrh/cfdocs/cfpmn/pmn.cfm?id=K230023,2026-05-14,FDA 510(k) K230023; 2023-04-19; product code QKB,0.86,company_product_public,strong_official_product,round1,no
"Ischemaview, Inc.",Rapid ASPECTS (v3),US,US,Golden,A,,openfda_device_510k,software,https://www.accessdata.fda.gov/scripts/cdrh/cfdocs/cfpmn/pmn.cfm?id=K232156,2026-05-14,FDA 510(k) K232156; 2024-01-19; product code POK,0.86,company_product_public,strong_official_product,round1,no
"Ischemaview, Inc.",Rapid ICH,US,US,Golden,A,,openfda_device_510k,software,https://www.accessdata.fda.gov/scripts/cdrh/cfdocs/cfpmn/pmn.cfm?id=K221456,2026-05-14,FDA 510(k) K221456; 2022-09-12; product code QAS,0.86,company_product_public,strong_official_product,round1,no
Datex-Ohmeda,DATEX-OHMEDA S/5 WEB VIEWER WITH L-6WV02 SOFTWARE,US,US,Needham,A,samd,openfda_device_510k,software,https://www.accessdata.fda.gov/scripts/cdrh/cfdocs/cfpmn/pmn.cfm?id=K023497,2026-05-14,FDA 510(k) K023497; 2002-11-04; product code MSX,0.86,company_product_public,strong_official_product,round1,no
"Lunit, Inc.",Lunit INSIGHT CXR Triage,,KR,Seoul,A,,openfda_device_510k,software,https://www.accessdata.fda.gov/scripts/cdrh/cfdocs/cfpmn/pmn.cfm?id=K211733,2026-05-14,FDA 510(k) K211733; 2021-11-10; product code QFM,0.86,company_product_public,strong_official_product,round1,no
GE Medical Systems Ultrasound and Primary Care Diagnostics,EchoPAC Software Only / EchoPAC Plug-in,US,US,Waukesha,A,samd,openfda_device_510k,software,https://www.accessdata.fda.gov/scripts/cdrh/cfdocs/cfpmn/pmn.cfm?id=K251342,2026-05-14,FDA 510(k) K251342; 2025-07-16; product code QIH,0.86,company_product_public,strong_official_product,round1,no
"Ortho Kinematics, Inc.",OKI Surgical Planning Software,US,US,Austin,A,samd,openfda_device_510k,software,https://www.accessdata.fda.gov/scripts/cdrh/cfdocs/cfpmn/pmn.cfm?id=K171617,2026-05-14,FDA 510(k) K171617; 2017-08-22; product code LLZ,0.86,company_product_public,strong_official_product,round1,no
"Nidek, Inc.",OPD-STATION SOFTWARE,US,US,Lake Forest,A,samd,openfda_device_510k,software,https://www.accessdata.fda.gov/scripts/cdrh/cfdocs/cfpmn/pmn.cfm?id=K050336,2026-05-14,FDA 510(k) K050336; 2005-08-24; product code NCF,0.86,company_product_public,strong_official_product,round1,no
Gleamer Sas,BoneMetrics (US),Europe,FR,Paris,A,,openfda_device_510k,software,https://www.accessdata.fda.gov/scripts/cdrh/cfdocs/cfpmn/pmn.cfm?id=K241593,2026-05-14,FDA 510(k) K241593; 2025-02-05; product code QIH,0.86,company_product_public,strong_official_product,round1,no
"Elaitra, Ltd.",ViewFinder Software Version 1.1,Europe,GB,London,A,samd,openfda_device_510k,software,https://www.accessdata.fda.gov/scripts/cdrh/cfdocs/cfpmn/pmn.cfm?id=K223501,2026-05-14,FDA 510(k) K223501; 2023-04-21; product code QIH,0.86,company_product_public,strong_official_product,round1,no
"Philips Medical Systems (Cleveland), Inc.",VOYAGER 6.0 SOFTWARE OPTION,US,US,Cleveland,A,samd,openfda_device_510k,software,https://www.accessdata.fda.gov/scripts/cdrh/cfdocs/cfpmn/pmn.cfm?id=K000310,2026-05-14,FDA 510(k) K000310; 2000-02-15; product code HAW,0.86,company_product_public,strong_official_product,round1,no
"Remedy Logic, Inc.",RemedyLogic AI MRI Lumbar Spine Reader,US,US,New York,A,,openfda_device_510k,software,https://www.accessdata.fda.gov/scripts/cdrh/cfdocs/cfpmn/pmn.cfm?id=K241108,2026-05-14,FDA 510(k) K241108; 2024-10-30; product code QIH,0.86,company_product_public,strong_official_product,round1,no
Feops NV,FEops HEARTguide,Europe,BE,Gent-Zwijnaarde,A,,openfda_device_510k,software,https://www.accessdata.fda.gov/scripts/cdrh/cfdocs/cfpmn/pmn.cfm?id=DEN200030,2026-05-14,FDA 510(k) DEN200030; 2021-09-08; product code QQI,0.86,company_product_public,strong_official_product,round1,no
Brightheart,BrightHeart View Classifier,Europe,FR,Paris,A,,openfda_device_510k,software,https://www.accessdata.fda.gov/scripts/cdrh/cfdocs/cfpmn/pmn.cfm?id=K251456,2026-05-14,FDA 510(k) K251456; 2025-06-05; product code QIH,0.86,company_product_public,strong_official_product,round1,no
"R2 Technology, Inc.",IMAGECHECKER-CT SOFTWARE PACKAGE WITH FILLING DEFECT INDICATOR,US,US,Sunnyvale,A,samd,openfda_device_510k,software,https://www.accessdata.fda.gov/scripts/cdrh/cfdocs/cfpmn/pmn.cfm?id=K041380,2026-05-14,FDA 510(k) K041380; 2004-06-08; product code OEB,0.86,company_product_public,strong_official_product,round1,no
"Topcon Medical Systems, Inc.",IMAGENET 5 PC SOFTWARE SYSTEM,US,US,North Reading,A,samd,openfda_device_510k,software,https://www.accessdata.fda.gov/scripts/cdrh/cfdocs/cfpmn/pmn.cfm?id=K132438,2026-05-14,FDA 510(k) K132438; 2013-10-17; product code NFJ,0.86,company_product_public,strong_official_product,round1,no
"Advanced Planimetric Services, LLC",PICTZAR DIGITAL PLANIMETRY SOFTWARE APPLICATION 7.0,US,US,Elmwood Park,A,samd,openfda_device_510k,software,https://www.accessdata.fda.gov/scripts/cdrh/cfdocs/cfpmn/pmn.cfm?id=K130165,2026-05-14,FDA 510(k) K130165; 2013-08-30; product code FXN,0.86,company_product_public,strong_official_product,round1,no
"Smiths Medical Asd, Inc.",MEDFUSION 4000 PUMP DEVICE SPECIFIC REPORTS SOLFWARE FOR PHARMGUARD SERVER VERSION 2.0,US,US,St. Paul,A,,openfda_device_510k,software,https://www.accessdata.fda.gov/scripts/cdrh/cfdocs/cfpmn/pmn.cfm?id=K141193,2026-05-14,FDA 510(k) K141193; 2014-07-25; product code PHC,0.86,company_product_public,strong_official_product,round1,no
"Toshiba America Mri, Inc.",OPART (MRT-600) VERSIONS 2 SOFTWARE UPGRADE,US,US,S. San Francisco,A,samd,openfda_device_510k,software,https://www.accessdata.fda.gov/scripts/cdrh/cfdocs/cfpmn/pmn.cfm?id=K981475,2026-05-14,FDA 510(k) K981475; 1998-07-14; product code LNH,0.86,company_product_public,strong_official_product,round1,no
"Siemens Medical Solutions USA, Inc.",SOMATOM EXTENDED FIELD OF VIEW SOFTWARE OPTION,US,US,Mavern,A,samd,openfda_device_510k,software,https://www.accessdata.fda.gov/scripts/cdrh/cfdocs/cfpmn/pmn.cfm?id=K032536,2026-05-14,FDA 510(k) K032536; 2003-11-10; product code JAK,0.86,company_product_public,strong_official_product,round1,no
"Neurosoft , Ltd.",Neuro-IOM system with Neuro-IOM.NET software,,RU,Ivanovo,A,samd,openfda_device_510k,software,https://www.accessdata.fda.gov/scripts/cdrh/cfdocs/cfpmn/pmn.cfm?id=K190703,2026-05-14,FDA 510(k) K190703; 2021-05-22; product code GWF,0.86,company_product_public,strong_official_product,round1,no
Puritan Bennett Corp.,PURITAN BENNETT DATAFLOW DATA MANAGEMENT SOFTWARE,US,US,Pleasanton,A,samd,openfda_device_510k,software,https://www.accessdata.fda.gov/scripts/cdrh/cfdocs/cfpmn/pmn.cfm?id=K023225,2026-05-14,FDA 510(k) K023225; 2002-12-18; product code BZG,0.86,company_product_public,strong_official_product,round1,no
"Siemens Medical Solutions USA, Inc.",LUNGCARE CT SOFTWARE PACKAGE,US,US,Iselin,A,samd,openfda_device_510k,software,https://www.accessdata.fda.gov/scripts/cdrh/cfdocs/cfpmn/pmn.cfm?id=K022013,2026-05-14,FDA 510(k) K022013; 2002-07-16; product code JAK,0.86,company_product_public,strong_official_product,round1,no
Diagnostic Monitoring Software,DMS 300-2W HOLTER ECG RECORDER,US,US,Stateline,A,remote_patient_monitoring,openfda_device_510k,software,https://www.accessdata.fda.gov/scripts/cdrh/cfdocs/cfpmn/pmn.cfm?id=K133014,2026-05-14,FDA 510(k) K133014; 2014-05-19; product code MWJ,0.86,company_product_public,strong_official_product,round1,no
"Siemens Medical Solutions USA, Inc.",Biograph mMR with syngo MR E11P system software,US,US,Malvern,A,samd,openfda_device_510k,software,https://www.accessdata.fda.gov/scripts/cdrh/cfdocs/cfpmn/pmn.cfm?id=K163234,2026-05-14,FDA 510(k) K163234; 2017-02-28; product code OUO,0.86,company_product_public,strong_official_product,round1,no
Artrya Limited,Salix Coronary Plaque (V1.0.0),,AU,Perth,A,,openfda_device_510k,software,https://www.accessdata.fda.gov/scripts/cdrh/cfdocs/cfpmn/pmn.cfm?id=K251837,2026-05-14,FDA 510(k) K251837; 2025-08-20; product code QIH,0.86,company_product_public,strong_official_product,round1,no
Brainlab AG,Brainlab Elements (7.0); Brainlab Elements Image Fusion (5.0); Brainlab Elements Image Fusion Angio (1.0); Brainlab Elements Contouring (5.0); Brainlab Elements Fibertracking (3.0); Brainlab Elements BOLD MRI Mapping (1.0),Europe,DE,Munich,A,samd,openfda_device_510k,software,https://www.accessdata.fda.gov/scripts/cdrh/cfdocs/cfpmn/pmn.cfm?id=K243633,2026-05-14,FDA 510(k) K243633; 2025-06-13; product code QIH,0.86,company_product_public,strong_official_product,round1,no
Omega Results,SLEEP STUDY ANALYSIS (SSA) VERSION 96.10,US,US,Dallas,A,sleep_health,openfda_device_510k,software,https://www.accessdata.fda.gov/scripts/cdrh/cfdocs/cfpmn/pmn.cfm?id=K963631,2026-05-14,FDA 510(k) K963631; 1997-04-02; product code OLZ,0.86,company_product_public,strong_official_product,round1,no
Stryker Corporation,"Scopis ENT Software, Scopis ENT Software with TGS, Scopis Planning Software, Electromagnetic Navigation Unit",Europe,DE,Freiburg,A,samd,openfda_device_510k,software,https://www.accessdata.fda.gov/scripts/cdrh/cfdocs/cfpmn/pmn.cfm?id=K221098,2026-05-14,FDA 510(k) K221098; 2022-07-12; product code PGW,0.86,company_product_public,strong_official_product,round1,no
Metamorphosis GmbH,AIAS Cephalon,Europe,DE,Paderborn,A,,openfda_device_510k,software,https://www.accessdata.fda.gov/scripts/cdrh/cfdocs/cfpmn/pmn.cfm?id=K252214,2026-05-14,FDA 510(k) K252214; 2025-10-07; product code QIH,0.86,company_product_public,strong_official_product,round1,no
"Canon, Inc.","CANON X-RAY DIGITAL CAMERA WITH ADDITIONAL SOFTWARE, LANMIX MLT",,JP,"Ohta-Ku, Tokyo, Japan",A,samd,openfda_device_510k,software,https://www.accessdata.fda.gov/scripts/cdrh/cfdocs/cfpmn/pmn.cfm?id=K023124,2026-05-14,FDA 510(k) K023124; 2002-10-04; product code MQB,0.86,company_product_public,strong_official_product,round1,no
"Canon, Inc.",Enhanced Feature Software Pack CXDI Series,,JP,Tokyo,A,samd,openfda_device_510k,software,https://www.accessdata.fda.gov/scripts/cdrh/cfdocs/cfpmn/pmn.cfm?id=K190368,2026-05-14,FDA 510(k) K190368; 2019-03-13; product code MQB,0.86,company_product_public,strong_official_product,round1,no
Cochlear Americas,"Cochlear Baha 6 System, Cochlear Baha Fitting Software 6, Cochlear Baha Baha Smart App",US,US,Lone Tree,A,samd,openfda_device_510k,software,https://www.accessdata.fda.gov/scripts/cdrh/cfdocs/cfpmn/pmn.cfm?id=K212136,2026-05-14,FDA 510(k) K212136; 2021-09-29; product code LXB,0.86,company_product_public,strong_official_product,round1,no
"Draeger Medical Systems, Inc.","INFINITY EXPLORER SOFTWARE, C700 FOR IT PATIENT VICINITY WORKSTATION",US,US,Andover,A,samd,openfda_device_510k,software,https://www.accessdata.fda.gov/scripts/cdrh/cfdocs/cfpmn/pmn.cfm?id=K141756,2026-05-14,FDA 510(k) K141756; 2014-12-12; product code MSX,0.86,company_product_public,strong_official_product,round1,no
Canon Medical Systems Corporation,"Aplio i900/i800/i700 Diagnostic Ultrasound System, Software V7.0",,JP,Otawara-Shi,A,samd,openfda_device_510k,software,https://www.accessdata.fda.gov/scripts/cdrh/cfdocs/cfpmn/pmn.cfm?id=K223017,2026-05-14,FDA 510(k) K223017; 2023-03-31; product code IYN,0.86,company_product_public,strong_official_product,round1,no
"Dia Imaging Analysis, Ltd.",LVivo Software Application,,IL,Beer-Sheva,A,samd,openfda_device_510k,software,https://www.accessdata.fda.gov/scripts/cdrh/cfdocs/cfpmn/pmn.cfm?id=K243862,2026-05-14,FDA 510(k) K243862; 2025-03-17; product code QIH,0.86,company_product_public,strong_official_product,round1,no
3Shape A/S,Abutment Design,Europe,DK,Copenhagen,A,,openfda_device_510k,software,https://www.accessdata.fda.gov/scripts/cdrh/cfdocs/cfpmn/pmn.cfm?id=K200100,2026-05-14,FDA 510(k) K200100; 2020-10-07; product code PNP,0.86,company_product_public,strong_official_product,round1,no
Canon Medical Systems Corporation,"Alphenix, INFX-8000V/B, INFX-8000V/S, V9.5",,JP,Otawara-Shi,A,,openfda_device_510k,mobile medical app,https://www.accessdata.fda.gov/scripts/cdrh/cfdocs/cfpmn/pmn.cfm?id=K233107,2026-05-14,FDA 510(k) K233107; 2024-08-30; product code OWB,0.86,company_product_public,strong_official_product,round1,no
"Telcam Medical Devices, Inc.",CONVEEN LEG BAG W/TUBE-DRAINAGE BAG,US,US,Walker,A,,openfda_device_510k,mobile medical app,https://www.accessdata.fda.gov/scripts/cdrh/cfdocs/cfpmn/pmn.cfm?id=K832537,2026-05-14,FDA 510(k) K832537; 1983-09-12; product code KNX,0.86,company_product_public,strong_official_product,round1,no
I3 Membrane GmbH,i3 ONE (203100-S);i3 TWO connect (203200-S);i3 TWO direct (203300-S),Europe,DE,Radeberg,A,,openfda_device_510k,mobile medical app,https://www.accessdata.fda.gov/scripts/cdrh/cfdocs/cfpmn/pmn.cfm?id=K222727,2026-05-14,FDA 510(k) K222727; 2023-06-02; product code NHV,0.86,company_product_public,strong_official_product,round1,no
Strato Medical Corp.,STRATOFUSE SYRINGE PIGGYBACK PUMP,US,US,Beverly,A,,openfda_device_510k,mobile medical app,https://www.accessdata.fda.gov/scripts/cdrh/cfdocs/cfpmn/pmn.cfm?id=K844627,2026-05-14,FDA 510(k) K844627; 1985-01-28; product code FRN,0.86,company_product_public,strong_official_product,round1,no
"Zoe Medical, Inc.",NIGHTINGALE MONITORING SYSTEM,US,US,Topsfield,A,remote_patient_monitoring,openfda_device_510k,mobile medical app,https://www.accessdata.fda.gov/scripts/cdrh/cfdocs/cfpmn/pmn.cfm?id=K130740,2026-05-14,FDA 510(k) K130740; 2013-07-23; product code MWI,0.86,company_product_public,strong_official_product,round1,no
"Seabrook Medical Systems, Inc.",ELECTRI-COOL(TM) LIQUID-CIRCULAT. THERMAL THERAPY,US,US,Cincinnati,A,,openfda_device_510k,mobile medical app,https://www.accessdata.fda.gov/scripts/cdrh/cfdocs/cfpmn/pmn.cfm?id=K902269,2026-05-14,FDA 510(k) K902269; 1990-06-21; product code ILO,0.86,company_product_public,strong_official_product,round1,no
"Medical, Inc.",INTERFACE TRANSFUSION BLOOD FILTER #30,US,US,Mchenry,A,,openfda_device_510k,mobile medical app,https://www.accessdata.fda.gov/scripts/cdrh/cfdocs/cfpmn/pmn.cfm?id=K823261,2026-05-14,FDA 510(k) K823261; 1983-01-07; product code CAK,0.86,company_product_public,strong_official_product,round1,no
Richard Wolf Medical Instruments Corp.,MYOMA DRILL 5MM-8383.611,US,US,Vernon Hills,A,,openfda_device_510k,mobile medical app,https://www.accessdata.fda.gov/scripts/cdrh/cfdocs/cfpmn/pmn.cfm?id=K940844,2026-05-14,FDA 510(k) K940844; 1994-05-02; product code HET,0.86,company_product_public,strong_official_product,round1,no
"Hitachi Aloka Medical,Ltd. (Hitachi Aloka Medical",PROUSOUND ALPHA 7 VER. 6.0 DIAGNOSTIC ULTRASOUND SYSTEM MODEL: PROSOUND ALPHA 7 VER. 6.0,US,US,Wallingford,A,,openfda_device_510k,mobile medical app,https://www.accessdata.fda.gov/scripts/cdrh/cfdocs/cfpmn/pmn.cfm?id=K122537,2026-05-14,FDA 510(k) K122537; 2013-04-12; product code IYN,0.86,company_product_public,strong_official_product,round1,no
Redsense Medical AB,REDSENSE-ALARM UNIT AND SENSOR,US,US,Fridley,A,,openfda_device_510k,mobile medical app,https://www.accessdata.fda.gov/scripts/cdrh/cfdocs/cfpmn/pmn.cfm?id=K103242,2026-05-14,FDA 510(k) K103242; 2011-02-10; product code ODX,0.86,company_product_public,strong_official_product,round1,no
Nipro Medical Corp.,NIPRO SAFETOUCH LOCKTAIL SAFETY FISTULA NEEDLE,US,US,Miami,A,,openfda_device_510k,mobile medical app,https://www.accessdata.fda.gov/scripts/cdrh/cfdocs/cfpmn/pmn.cfm?id=K093985,2026-05-14,FDA 510(k) K093985; 2010-01-22; product code FIE,0.86,company_product_public,strong_official_product,round1,no
"Philips Medical Systems (Cleveland), Inc.",SYNERVIEW MODEL 6478,US,US,Mchenry,A,,openfda_device_510k,mobile medical app,https://www.accessdata.fda.gov/scripts/cdrh/cfdocs/cfpmn/pmn.cfm?id=K770855,2026-05-14,FDA 510(k) K770855; 1977-05-26; product code JAK,0.86,company_product_public,strong_official_product,round1,no
"Seigla Medical, Inc.","LiquID 061 Guide Catheter Extension, LiquID 071 Guide Catheter Extension",US,US,Buffalo,A,,openfda_device_510k,mobile medical app,https://www.accessdata.fda.gov/scripts/cdrh/cfdocs/cfpmn/pmn.cfm?id=K220691,2026-05-14,FDA 510(k) K220691; 2022-05-05; product code DQY,0.86,company_product_public,strong_official_product,round1,no
Abigo Medical AB,Sorbact Wound Dressing-Ribbon Gauze,Europe,SE,Askim,A,,openfda_device_510k,mobile medical app,https://www.accessdata.fda.gov/scripts/cdrh/cfdocs/cfpmn/pmn.cfm?id=K171225,2026-05-14,FDA 510(k) K171225; 2017-08-21; product code FRO,0.86,company_product_public,strong_official_product,round1,no
Pike Medical Co.,I.V. SENTRY ALARM DEVICE,US,US,Mchenry,A,,openfda_device_510k,mobile medical app,https://www.accessdata.fda.gov/scripts/cdrh/cfdocs/cfpmn/pmn.cfm?id=K802101,2026-05-14,FDA 510(k) K802101; 1980-09-16; product code FLN,0.86,company_product_public,strong_official_product,round1,no
"Burron Medical Products, Inc.",MEDIFIX,US,US,Walker,A,,openfda_device_510k,mobile medical app,https://www.accessdata.fda.gov/scripts/cdrh/cfdocs/cfpmn/pmn.cfm?id=K813498,2026-05-14,FDA 510(k) K813498; 1982-01-07; product code KRK,0.86,company_product_public,strong_official_product,round1,no
Tenon Medical,CATAMARAN SI Joint Fusion System,US,US,Los Gatos,A,,openfda_device_510k,mobile medical app,https://www.accessdata.fda.gov/scripts/cdrh/cfdocs/cfpmn/pmn.cfm?id=K260477,2026-05-14,FDA 510(k) K260477; 2026-04-08; product code OUR,0.86,company_product_public,strong_official_product,round1,no
"Syneron Medical, Ltd.","AURORA DS, DS APPLICATOR",,IL,Yokneam Illit,A,samd,openfda_device_510k,mobile medical app,https://www.accessdata.fda.gov/scripts/cdrh/cfdocs/cfpmn/pmn.cfm?id=K050796,2026-05-14,FDA 510(k) K050796; 2005-04-12; product code GEX,0.86,company_product_public,strong_official_product,round1,no
"Shenzhen Mindray Bio-Medical Electronics Co., Ltd.",ePM Series Patient monitors,China,CN,Shenzhen,A,,openfda_device_510k,mobile medical app,https://www.accessdata.fda.gov/scripts/cdrh/cfdocs/cfpmn/pmn.cfm?id=K191769,2026-05-14,FDA 510(k) K191769; 2019-10-31; product code MHX,0.86,company_product_public,strong_official_product,round1,no
"CSA Medical, Inc.",truFreeze Rapid AV Spray Kit,US,US,Lexington,A,,openfda_device_510k,mobile medical app,https://www.accessdata.fda.gov/scripts/cdrh/cfdocs/cfpmn/pmn.cfm?id=K171522,2026-05-14,FDA 510(k) K171522; 2017-07-14; product code GEH,0.86,company_product_public,strong_official_product,round1,no
"Intec Medical, Inc.",GIANT LUMEN SAFETIP SERIES: ENDOMYOCARDIAL BIOPSY,US,US,Danvers,A,,openfda_device_510k,mobile medical app,https://www.accessdata.fda.gov/scripts/cdrh/cfdocs/cfpmn/pmn.cfm?id=K903840,2026-05-14,FDA 510(k) K903840; 1990-10-16; product code DYB,0.86,company_product_public,strong_official_product,round1,no
Canon Inc. -Medical Equipment Group,DIGITAL RADIOGRAPHY,,JP,"Tachikawa-Shi, Tokyo",A,,openfda_device_510k,mobile medical app,https://www.accessdata.fda.gov/scripts/cdrh/cfdocs/cfpmn/pmn.cfm?id=K111682,2026-05-14,FDA 510(k) K111682; 2011-09-02; product code MQB,0.86,company_product_public,strong_official_product,round1,no
"Monarch Medical Technologies, LLC",EndoTool SubQ 2.1,US,US,Charlotte,A,,openfda_device_510k,mobile medical app,https://www.accessdata.fda.gov/scripts/cdrh/cfdocs/cfpmn/pmn.cfm?id=K211160,2026-05-14,FDA 510(k) K211160; 2021-10-28; product code NDC,0.86,company_product_public,strong_official_product,round1,no
"Merit Medical Systems, Inc.","MERIT MANIFOLD WITH INTEGRATED TRANSDUCER, MODEL 203LTCHN-R; 503LTCHN-R; 203LTPHN-R,203LTCHWN-R; 503LTCHWN-R; 203L",US,US,South Jordan,A,,openfda_device_510k,mobile medical app,https://www.accessdata.fda.gov/scripts/cdrh/cfdocs/cfpmn/pmn.cfm?id=K100319,2026-05-14,FDA 510(k) K100319; 2010-04-28; product code DTL,0.86,company_product_public,strong_official_product,round1,no
Richard Wolf Medical Instruments Corp.,BIPOLAR FORCEPS,US,US,Vernon Hills,A,,openfda_device_510k,mobile medical app,https://www.accessdata.fda.gov/scripts/cdrh/cfdocs/cfpmn/pmn.cfm?id=K023813,2026-05-14,FDA 510(k) K023813; 2003-01-17; product code GEI,0.86,company_product_public,strong_official_product,round1,no
Thomasville Medical Assoc.,VARIOUS FORCEPS,US,US,Alpharetta,A,,openfda_device_510k,mobile medical app,https://www.accessdata.fda.gov/scripts/cdrh/cfdocs/cfpmn/pmn.cfm?id=K930799,2026-05-14,FDA 510(k) K930799; 1994-02-24; product code HCZ,0.86,company_product_public,strong_official_product,round1,no
Allergan Medical Optics,AMO ELITE,US,US,Anasco,A,,openfda_device_510k,mobile medical app,https://www.accessdata.fda.gov/scripts/cdrh/cfdocs/cfpmn/pmn.cfm?id=K924235,2026-05-14,FDA 510(k) K924235; 1992-12-23; product code HQC,0.86,company_product_public,strong_official_product,round1,no
Supermax Healthcare Canada-Supermax Medical,Aurelia Surgical Mask ASTM Level 1; Aurelia Surgical Mask ASTM Level 2,,CA,Saint-Bruno-De-Montarville,A,,openfda_device_510k,mobile medical app,https://www.accessdata.fda.gov/scripts/cdrh/cfdocs/cfpmn/pmn.cfm?id=K231005,2026-05-14,FDA 510(k) K231005; 2023-12-05; product code FXX,0.86,company_product_public,strong_official_product,round1,no
"American Threshold Industries, Inc.","DRAW SHEET, ANTI-MICROBIAL",US,US,Mchenry,A,,openfda_device_510k,mobile medical app,https://www.accessdata.fda.gov/scripts/cdrh/cfdocs/cfpmn/pmn.cfm?id=K832487,2026-05-14,FDA 510(k) K832487; 1984-02-13; product code KME,0.86,company_product_public,strong_official_product,round1,no
"Hangzhou Primecare Medical Co., Ltd.",Prefilled Syringe,China,CN,Hang Zhou,A,,openfda_device_510k,mobile medical app,https://www.accessdata.fda.gov/scripts/cdrh/cfdocs/cfpmn/pmn.cfm?id=K202698,2026-05-14,FDA 510(k) K202698; 2020-12-15; product code EZL,0.86,company_product_public,strong_official_product,round1,no
"Medical Device Technologies, Inc.","MEICAL DEVICE TECHNOLOGIES, INC. TRU-CORE DISPOSABLE AUTOMATIC BIOPSY INSTRUMENT",US,US,Gainsville,A,,openfda_device_510k,mobile medical app,https://www.accessdata.fda.gov/scripts/cdrh/cfdocs/cfpmn/pmn.cfm?id=K982960,2026-05-14,FDA 510(k) K982960; 1998-09-23; product code KNW,0.86,company_product_public,strong_official_product,round1,no
"Microtek Medical, Inc.",MICROTEK MEDICAL SURGICAL GOWN/TOGA,US,US,Columbus,A,,openfda_device_510k,mobile medical app,https://www.accessdata.fda.gov/scripts/cdrh/cfdocs/cfpmn/pmn.cfm?id=K062899,2026-05-14,FDA 510(k) K062899; 2007-01-25; product code FYA,0.86,company_product_public,strong_official_product,round1,no
"Medical Compression Systems (Dbn) , Ltd.",ACTIVECARE SFT,,IL,Kfar Saba,A,,openfda_device_510k,mobile medical app,https://www.accessdata.fda.gov/scripts/cdrh/cfdocs/cfpmn/pmn.cfm?id=K110159,2026-05-14,FDA 510(k) K110159; 2011-05-12; product code JOW,0.86,company_product_public,strong_official_product,round1,no
Shimadzu Medical Systems,MC125L-50 SHIMADZU MOBILE X-RAY SYSTEM,US,US,Gardena,A,,openfda_device_510k,mobile medical app,https://www.accessdata.fda.gov/scripts/cdrh/cfdocs/cfpmn/pmn.cfm?id=K893637,2026-05-14,FDA 510(k) K893637; 1989-07-20; product code IZL,0.86,company_product_public,strong_official_product,round1,no
"Largan Medical Co., Ltd.","Largan 55 (methafilcon A) Daily Wear Soft (hydrophilic) Contact Lens, Largan 55 (methafilcon A) Daily Wear Soft (hydrophilic) Contact Lensfor ASTIGMATISM, Largan 55 (methafilcon A) Daily Wear Soft (hydrophilic) Contact Lens for PRESBYOPIA",,TW,Taichung,A,,openfda_device_510k,mobile medical app,https://www.accessdata.fda.gov/scripts/cdrh/cfdocs/cfpmn/pmn.cfm?id=K181230,2026-05-14,FDA 510(k) K181230; 2018-06-25; product code LPL,0.86,company_product_public,strong_official_product,round1,no
"Nonin Medical, Inc.",MODIFICATION TO AVANT 9600 PULSE OXIMETER,US,US,Plymouth,A,,openfda_device_510k,mobile medical app,https://www.accessdata.fda.gov/scripts/cdrh/cfdocs/cfpmn/pmn.cfm?id=K040589,2026-05-14,FDA 510(k) K040589; 2004-06-03; product code DQA,0.86,company_product_public,strong_official_product,round1,no
"Philips Medical Systems (Cleveland), Inc.",IQon Spectral CT,US,US,Cleveland,A,,openfda_device_510k,mobile medical app,https://www.accessdata.fda.gov/scripts/cdrh/cfdocs/cfpmn/pmn.cfm?id=K163711,2026-05-14,FDA 510(k) K163711; 2017-04-05; product code JAK,0.86,company_product_public,strong_official_product,round1,no
"Siemens Medical Solutions USA, Inc.",ACUSON P50 DIAGNOSTIC ULTRASOUND SYSTEM,US,US,Mountain View,A,,openfda_device_510k,mobile medical app,https://www.accessdata.fda.gov/scripts/cdrh/cfdocs/cfpmn/pmn.cfm?id=K072266,2026-05-14,FDA 510(k) K072266; 2007-08-29; product code ITX,0.86,company_product_public,strong_official_product,round1,no
"Changsha Anxiang Medical Technology Co., Ltd.","Muscle and Nerve Stimulator TENS & EMS (TP2208), Muscle and Nerve Stimulator TENS & EMS (TP2208C)",China,CN,Changsha,A,,openfda_device_510k,mobile medical app,https://www.accessdata.fda.gov/scripts/cdrh/cfdocs/cfpmn/pmn.cfm?id=K242567,2026-05-14,FDA 510(k) K242567; 2024-11-04; product code NUH,0.86,company_product_public,strong_official_product,round1,no
"Solopak Medical Products, Inc.",MAXCESS NEEDLE FREE CONNECTOR (8200),US,US,Libertyville,A,,openfda_device_510k,mobile medical app,https://www.accessdata.fda.gov/scripts/cdrh/cfdocs/cfpmn/pmn.cfm?id=K960661,2026-05-14,FDA 510(k) K960661; 1996-03-21; product code FPA,0.86,company_product_public,strong_official_product,round1,no
Dash Medical Gloves Sdn Bhd,DASH SILICONIZED POLYMER COATED POWDER FREE LATEX EXAMINATION GLOVES WITH PROTEIN CONTENT LABELING CLAIM (50 MICROGRAMS,US,US,Franklin,A,,openfda_device_510k,mobile medical app,https://www.accessdata.fda.gov/scripts/cdrh/cfdocs/cfpmn/pmn.cfm?id=K992128,2026-05-14,FDA 510(k) K992128; 1999-09-14; product code LYY,0.86,company_product_public,strong_official_product,round1,no
Cardinalhealth,Cardinal Health Nitrile Examination Gloves Extended Cuff,US,US,Waukegan,A,,openfda_device_510k,mobile medical app,https://www.accessdata.fda.gov/scripts/cdrh/cfdocs/cfpmn/pmn.cfm?id=K252313,2026-05-14,FDA 510(k) K252313; 2026-01-14; product code LZC,0.86,company_product_public,strong_official_product,round1,no
Pace Medical,MODEL 4205 PULSE GENERATOR SURGICAL EXTEN CABLE,US,US,Waltham,A,,openfda_device_510k,mobile medical app,https://www.accessdata.fda.gov/scripts/cdrh/cfdocs/cfpmn/pmn.cfm?id=K912545,2026-05-14,FDA 510(k) K912545; 1991-07-26; product code DXY,0.86,company_product_public,strong_official_product,round1,no
"Zhonghong Pulin Medical Products Co., Ltd.","Nitrile Exam Glove, Tested For Use With Chemotherapy Drugs And Fentanyl",China,CN,Tangshan,A,,openfda_device_510k,mobile medical app,https://www.accessdata.fda.gov/scripts/cdrh/cfdocs/cfpmn/pmn.cfm?id=K231029,2026-05-14,FDA 510(k) K231029; 2023-10-30; product code LZA,0.86,company_product_public,strong_official_product,round1,no
"Galix Biomedical Instrumentation, Inc.",3 CHANNEL DIGITAL AMBULATORY ECG RECORDER,US,US,Miami Beach,A,remote_patient_monitoring,openfda_device_510k,mobile medical app,https://www.accessdata.fda.gov/scripts/cdrh/cfdocs/cfpmn/pmn.cfm?id=K971670,2026-05-14,FDA 510(k) K971670; 1998-01-29; product code DSH,0.86,company_product_public,strong_official_product,round1,no
"Medical Industries America, Inc.",3050 SPORT-NEB,US,US,Adel,A,,openfda_device_510k,mobile medical app,https://www.accessdata.fda.gov/scripts/cdrh/cfdocs/cfpmn/pmn.cfm?id=K964078,2026-05-14,FDA 510(k) K964078; 1997-01-10; product code CAF,0.86,company_product_public,strong_official_product,round1,no
"Andover Medical, Inc.",HOLTER KIT MODEL #5000 SERIES,US,US,Mchenry,A,,openfda_device_510k,mobile medical app,https://www.accessdata.fda.gov/scripts/cdrh/cfdocs/cfpmn/pmn.cfm?id=K823414,2026-05-14,FDA 510(k) K823414; 1982-12-30; product code DSH,0.86,company_product_public,strong_official_product,round1,no
"Suzhou Zhenwu Medical Co., Ltd.",Safety Lancet,China,CN,Suzhou,A,,openfda_device_510k,mobile medical app,https://www.accessdata.fda.gov/scripts/cdrh/cfdocs/cfpmn/pmn.cfm?id=K223208,2026-05-14,FDA 510(k) K223208; 2023-02-10; product code FMK,0.86,company_product_public,strong_official_product,round1,no
Summit World Trade Corp.,MOBILE MRP-20 MAGNETIC RESONANCE DIAGNOSTIC DEVICE,US,US,Hudson,A,,openfda_device_510k,mobile app,https://www.accessdata.fda.gov/scripts/cdrh/cfdocs/cfpmn/pmn.cfm?id=K901980,2026-05-14,FDA 510(k) K901980; 1990-06-28; product code LNH,0.86,company_product_public,strong_official_product,round1,no
"Medtronic, Inc.",AVIVO Mobile Patient Management (MPM) System,US,US,Mounds View,A,health_management_platform; patient_engagement,openfda_device_510k,mobile app,https://www.accessdata.fda.gov/scripts/cdrh/cfdocs/cfpmn/pmn.cfm?id=K153160,2026-05-14,FDA 510(k) K153160; 2016-03-30; product code MHX,0.86,company_product_public,strong_official_product,round1,no
"Oec-Diasonics, Inc.",MODIFIED MAINFRAME OF MODEL 902 MOBILE C-ARM,US,US,Salt Lake City,A,,openfda_device_510k,mobile app,https://www.accessdata.fda.gov/scripts/cdrh/cfdocs/cfpmn/pmn.cfm?id=K864837,2026-05-14,FDA 510(k) K864837; 1987-01-30; product code JAA,0.86,company_product_public,strong_official_product,round1,no
"Ge Oec Medical Systems, Inc.",OEC Elite,US,US,Salt Lake City,A,,openfda_device_510k,mobile app,https://www.accessdata.fda.gov/scripts/cdrh/cfdocs/cfpmn/pmn.cfm?id=K172550,2026-05-14,FDA 510(k) K172550; 2017-11-16; product code OXO,0.86,company_product_public,strong_official_product,round1,no
"Tung Keng Enterprise Co., Ltd.","BE-MOBILE 3-WHEELED ELECTRIC SCOOTER, MODEL DK S200",,TW,Hsin-Chu City,A,,openfda_device_510k,mobile app,https://www.accessdata.fda.gov/scripts/cdrh/cfdocs/cfpmn/pmn.cfm?id=K033240,2026-05-14,FDA 510(k) K033240; 2003-12-18; product code INI,0.86,company_product_public,strong_official_product,round1,no
"Access Vascular, Inc.","HydroPICC 4Fr Single Lumen Marked catheter, 130 cm guidewire  - Basic Kit (70001201); HydroPICC 4Fr Single Lumen Marked catheter, 70 cm guidewire  - Basic Kit (70001202); HydroPICC 4Fr Single Lumen Marked catheter, Maximal Barrier kit (70001204); HydroPICC 4Fr Single Lumen Marked catheter, Mobile Maximal Barrier Kit (90001204)",US,US,Ballerica,A,,openfda_device_510k,mobile app,https://www.accessdata.fda.gov/scripts/cdrh/cfdocs/cfpmn/pmn.cfm?id=K243941,2026-05-14,FDA 510(k) K243941; 2025-01-17; product code LJS,0.86,company_product_public,strong_official_product,round1,no
"Ge Medical Systems, LLC",Optima XR240amx,US,US,Waukesha,A,,openfda_device_510k,mobile app,https://www.accessdata.fda.gov/scripts/cdrh/cfdocs/cfpmn/pmn.cfm?id=K182234,2026-05-14,FDA 510(k) K182234; 2018-09-06; product code IZL,0.86,company_product_public,strong_official_product,round1,no
"Minxray, Inc.",CMDR 2CW (Multiple models),US,US,Northbrook,A,,openfda_device_510k,mobile app,https://www.accessdata.fda.gov/scripts/cdrh/cfdocs/cfpmn/pmn.cfm?id=K191451,2026-05-14,FDA 510(k) K191451; 2019-07-03; product code IZL,0.86,company_product_public,strong_official_product,round1,no
Ge Dec Medical Systems,SERIES 6600 DIGITAL MOBILE C-ARM,US,US,Salt Lake City,A,,openfda_device_510k,mobile app,https://www.accessdata.fda.gov/scripts/cdrh/cfdocs/cfpmn/pmn.cfm?id=K951765,2026-05-14,FDA 510(k) K951765; 1995-05-11; product code OXO,0.86,company_product_public,strong_official_product,round1,no
"Sound Life Sciences, Inc.",Breathe Easy Mobile Respiratory Monitor (MRM),US,US,Seattle,A,,openfda_device_510k,mobile app,https://www.accessdata.fda.gov/scripts/cdrh/cfdocs/cfpmn/pmn.cfm?id=K211387,2026-05-14,FDA 510(k) K211387; 2021-11-23; product code BZQ,0.86,company_product_public,strong_official_product,round1,no
"Orthoscan, Inc.",Orthoscan Tau Mini C-Arm,US,US,Scottsdale,A,,openfda_device_510k,mobile app,https://www.accessdata.fda.gov/scripts/cdrh/cfdocs/cfpmn/pmn.cfm?id=K213113,2026-05-14,FDA 510(k) K213113; 2021-10-21; product code OXO,0.86,company_product_public,strong_official_product,round1,no
Carestream Health,"Lux HD Detectors, DRX-LC Detector, DRX-Revolution Mobile X-Ray System",US,US,Rochester,A,,openfda_device_510k,mobile app,https://www.accessdata.fda.gov/scripts/cdrh/cfdocs/cfpmn/pmn.cfm?id=K253185,2026-05-14,FDA 510(k) K253185; 2026-03-11; product code IZL,0.86,company_product_public,strong_official_product,round1,no
Trex Enterprises Corp.,PDX-2000 PORTABLE DIGITAL X-RAY SYSTEM,US,US,San Diego,A,,openfda_device_510k,mobile app,https://www.accessdata.fda.gov/scripts/cdrh/cfdocs/cfpmn/pmn.cfm?id=K012379,2026-05-14,FDA 510(k) K012379; 2001-08-16; product code IZL,0.86,company_product_public,strong_official_product,round1,no
"Pentax of America, Inc.","PENTAX Medical Single Use Video Bronchoscope EB11-S01, PENTAX Medical Single Use Video Bronchoscope EB15-S01, PENTAX Medical Mobile Processor ONE-M, PENTAX Medical Mobile Processor Plug-In ONE-Dock",US,US,Montvale,A,,openfda_device_510k,mobile app,https://www.accessdata.fda.gov/scripts/cdrh/cfdocs/cfpmn/pmn.cfm?id=K231970,2026-05-14,FDA 510(k) K231970; 2024-01-12; product code EOQ,0.86,company_product_public,strong_official_product,round1,no
Precise Optics,PI808 MOBILE C-ARM IMAGE INTENSIFIER,US,US,Mchenry,A,,openfda_device_510k,mobile app,https://www.accessdata.fda.gov/scripts/cdrh/cfdocs/cfpmn/pmn.cfm?id=K820178,2026-05-14,FDA 510(k) K820178; 1982-03-04; product code JAA,0.86,company_product_public,strong_official_product,round1,no
"Sedecal., Sa.","RadPRO® Mobile 40kW; RadPRO® Mobile 40kW FLEXPLUS, Model SM-40HF-B-D-VIR",Europe,ES,Algete,A,,openfda_device_510k,mobile app,https://www.accessdata.fda.gov/scripts/cdrh/cfdocs/cfpmn/pmn.cfm?id=K161345,2026-05-14,FDA 510(k) K161345; 2016-07-06; product code IZL,0.86,company_product_public,strong_official_product,round1,no
"Nakanishi, Inc.",IPROPHY MOBILE,US,US,Richardson,A,,openfda_device_510k,mobile app,https://www.accessdata.fda.gov/scripts/cdrh/cfdocs/cfpmn/pmn.cfm?id=K131578,2026-05-14,FDA 510(k) K131578; 2013-09-12; product code EKX,0.86,company_product_public,strong_official_product,round1,no
Watermark Medical,CONNECTED CARE MOBILE APPLICATION,US,US,Brookfield,A,samd,openfda_device_510k,mobile app,https://www.accessdata.fda.gov/scripts/cdrh/cfdocs/cfpmn/pmn.cfm?id=K120325,2026-05-14,FDA 510(k) K120325; 2012-07-18; product code DRG,0.86,company_product_public,strong_official_product,round1,no
Surgi-Quip Inc.U,SELF-CONTAINED MOBILE OPHTHAL. OPER. .,US,US,Mchenry,A,,openfda_device_510k,mobile app,https://www.accessdata.fda.gov/scripts/cdrh/cfdocs/cfpmn/pmn.cfm?id=K822427,2026-05-14,FDA 510(k) K822427; 1982-09-14; product code FSE,0.86,company_product_public,strong_official_product,round1,no
"Nanjing Perlove Medical Equipment Co., Ltd.",Diagnostic X-ray System/PLX5200A,China,CN,Nanjing,A,,openfda_device_510k,mobile app,https://www.accessdata.fda.gov/scripts/cdrh/cfdocs/cfpmn/pmn.cfm?id=K212134,2026-05-14,FDA 510(k) K212134; 2021-08-25; product code IZL,0.86,company_product_public,strong_official_product,round1,no
"Shimadzu Precision Instruments, Inc.",SHIMADZU MOBILE X-RAY SYSTEMS,US,US,Torrance,A,,openfda_device_510k,mobile app,https://www.accessdata.fda.gov/scripts/cdrh/cfdocs/cfpmn/pmn.cfm?id=K940294,2026-05-14,FDA 510(k) K940294; 1994-03-16; product code OXO,0.86,company_product_public,strong_official_product,round1,no
"Calgary Scientific, Inc.",RESOLUTIONMD MOBILE 3.1 MODEL RMD-MOB-31,,CA,"Calgary, Alberta",A,,openfda_device_510k,mobile app,https://www.accessdata.fda.gov/scripts/cdrh/cfdocs/cfpmn/pmn.cfm?id=K123186,2026-05-14,FDA 510(k) K123186; 2013-03-14; product code LLZ,0.86,company_product_public,strong_official_product,round1,no
ABBOTT MEDICAL,OPTIS Mobile Next Imaging System (1014932); OPTIS Integrated Next Imaging System (1014933); Ultreon 3.0 Software Upgrade Kit (ULTR300001),US,US,Westford,A,samd,openfda_device_510k,mobile app,https://www.accessdata.fda.gov/scripts/cdrh/cfdocs/cfpmn/pmn.cfm?id=K253459,2026-05-14,FDA 510(k) K253459; 2026-04-24; product code NQQ,0.86,company_product_public,strong_official_product,round1,no
Medtronic Minimed,MiniMed Go App,US,US,Los Angeles,A,samd,openfda_device_510k,mobile app,https://www.accessdata.fda.gov/scripts/cdrh/cfdocs/cfpmn/pmn.cfm?id=K253512,2026-05-14,FDA 510(k) K253512; 2026-01-08; product code NDC,0.86,company_product_public,strong_official_product,round1,no
"Carestream Health, Inc.",DRX-Revolution Mobile X-ray System,US,US,Rochester,A,,openfda_device_510k,mobile app,https://www.accessdata.fda.gov/scripts/cdrh/cfdocs/cfpmn/pmn.cfm?id=K191025,2026-05-14,FDA 510(k) K191025; 2019-05-17; product code IZL,0.86,company_product_public,strong_official_product,round1,no
"Gauss Surgical, Inc.,",PIXEL APP,US,US,Cupertino,A,samd,openfda_device_510k,mobile app,https://www.accessdata.fda.gov/scripts/cdrh/cfdocs/cfpmn/pmn.cfm?id=K121274,2026-05-14,FDA 510(k) K121274; 2012-06-27; product code LWH,0.86,company_product_public,strong_official_product,round1,no
"Sterne Equipment Co., Ltd.",ACU-RAY HF SERIES PORTABLE X-RAY UNIT,,CA,"Brampton, On.",A,,openfda_device_510k,mobile app,https://www.accessdata.fda.gov/scripts/cdrh/cfdocs/cfpmn/pmn.cfm?id=K972204,2026-05-14,FDA 510(k) K972204; 1997-10-08; product code IZL,0.86,company_product_public,strong_official_product,round1,no
"Imagexray, LLC",VFSS Pro Mobile Digital Imaging System,US,US,Nutley,A,,openfda_device_510k,mobile app,https://www.accessdata.fda.gov/scripts/cdrh/cfdocs/cfpmn/pmn.cfm?id=K212523,2026-05-14,FDA 510(k) K212523; 2021-11-05; product code OWB,0.86,company_product_public,strong_official_product,round1,no
Solutions For Tomorrow AB,Mobile X-ray unit (!M1),Europe,SE,Väckelsång,A,,openfda_device_510k,mobile app,https://www.accessdata.fda.gov/scripts/cdrh/cfdocs/cfpmn/pmn.cfm?id=K251710,2026-05-14,FDA 510(k) K251710; 2025-10-24; product code IZL,0.86,company_product_public,strong_official_product,round1,no
"Rmds, Inc.",FAVC-M: FEMORAL ARTERY VASCULAR CLAMP-MOBILE (MODEL M100-M200) FAVC-M FEMORAL ARTERY VASCULAR CLAMP-MOBILE ADJ BELT 6005,US,US,Vancouver,A,,openfda_device_510k,mobile app,https://www.accessdata.fda.gov/scripts/cdrh/cfdocs/cfpmn/pmn.cfm?id=K970027,2026-05-14,FDA 510(k) K970027; 1997-08-08; product code DXC,0.86,company_product_public,strong_official_product,round1,no
"Toshiba America Medical Systems, In.C",SXT-60F/60M MOBILE C ARM X-RAY UNIT,US,US,Tustin,A,,openfda_device_510k,mobile app,https://www.accessdata.fda.gov/scripts/cdrh/cfdocs/cfpmn/pmn.cfm?id=K896387,2026-05-14,FDA 510(k) K896387; 1990-02-23; product code OXO,0.86,company_product_public,strong_official_product,round1,no
"First Source, Inc.",iQFlex Pro,US,US,Rochester,A,,openfda_device_510k,mobile app,https://www.accessdata.fda.gov/scripts/cdrh/cfdocs/cfpmn/pmn.cfm?id=K240009,2026-05-14,FDA 510(k) K240009; 2024-07-03; product code IZL,0.86,company_product_public,strong_official_product,round1,no
"Samsung Electronics Co., Ltd.",Digital Diagnostic Mobile X-ray System,,KR,Suwon-Si,A,,openfda_device_510k,mobile app,https://www.accessdata.fda.gov/scripts/cdrh/cfdocs/cfpmn/pmn.cfm?id=K181626,2026-05-14,FDA 510(k) K181626; 2018-07-20; product code IZL,0.86,company_product_public,strong_official_product,round1,no
Dynarad Corp.,"9170, 1170",US,US,Deer Park,A,,openfda_device_510k,mobile app,https://www.accessdata.fda.gov/scripts/cdrh/cfdocs/cfpmn/pmn.cfm?id=K932354,2026-05-14,FDA 510(k) K932354; 1993-07-23; product code IZL,0.86,company_product_public,strong_official_product,round1,no
"Wuestec Medical, Inc.",LIGHTLINE-M,US,US,Mobile,A,,openfda_device_510k,mobile app,https://www.accessdata.fda.gov/scripts/cdrh/cfdocs/cfpmn/pmn.cfm?id=K974240,2026-05-14,FDA 510(k) K974240; 1997-12-22; product code IZX,0.86,company_product_public,strong_official_product,round1,no
"Neuf, Inc.",NFLK-2501 Portable X-ray Unit,,KR,Jeollanam-Do,A,,openfda_device_510k,mobile app,https://www.accessdata.fda.gov/scripts/cdrh/cfdocs/cfpmn/pmn.cfm?id=K211383,2026-05-14,FDA 510(k) K211383; 2021-08-13; product code IZL,0.86,company_product_public,strong_official_product,round1,no
"Medtronic Navigation, Inc. (Littleton)",O-ARM IMAGING SYSTEM,US,US,Littleton,A,,openfda_device_510k,mobile app,https://www.accessdata.fda.gov/scripts/cdrh/cfdocs/cfpmn/pmn.cfm?id=K092564,2026-05-14,FDA 510(k) K092564; 2010-06-17; product code OXO,0.86,company_product_public,strong_official_product,round1,no
Seemac Reison AB Co.,SWEMAC REISON BIPLANAR 300,Europe,SE,Sweden,A,,openfda_device_510k,mobile app,https://www.accessdata.fda.gov/scripts/cdrh/cfdocs/cfpmn/pmn.cfm?id=K911739,2026-05-14,FDA 510(k) K911739; 1991-10-23; product code OXO,0.86,company_product_public,strong_official_product,round1,no
"Corventis, Inc.",NUVANT CARDIAC EVENT MONITORING SYSTEM; NUVANT MOBILE CARDIAC TELEMETRY SYSTEM,US,US,San Jose,A,remote_patient_monitoring,openfda_device_510k,mobile app,https://www.accessdata.fda.gov/scripts/cdrh/cfdocs/cfpmn/pmn.cfm?id=K090696,2026-05-14,FDA 510(k) K090696; 2009-06-19; product code QYX,0.86,company_product_public,strong_official_product,round1,no
"Minxray, Inc.",MINXRAY MODEL CMDR-2S,US,US,Naples,A,,openfda_device_510k,mobile app,https://www.accessdata.fda.gov/scripts/cdrh/cfdocs/cfpmn/pmn.cfm?id=K100449,2026-05-14,FDA 510(k) K100449; 2010-04-23; product code IZL,0.86,company_product_public,strong_official_product,round1,no
St Jude Medical,myMerlin(TM) Mobile Application Model APP1001,US,US,Sylmar,A,samd,openfda_device_510k,mobile app,https://www.accessdata.fda.gov/scripts/cdrh/cfdocs/cfpmn/pmn.cfm?id=K173232,2026-05-14,FDA 510(k) K173232; 2017-11-02; product code MXC,0.86,company_product_public,strong_official_product,round1,no
"Orthopedic Equipment Co., Inc.",BAKER MOBILE TRACTION,US,US,Mchenry,A,,openfda_device_510k,mobile app,https://www.accessdata.fda.gov/scripts/cdrh/cfdocs/cfpmn/pmn.cfm?id=K770080,2026-05-14,FDA 510(k) K770080; 1977-01-25; product code HST,0.86,company_product_public,strong_official_product,round1,no
"Corventis, Inc.",AVIVO MOBILE PATIENT MANAGEMENT SYSTEM,US,US,San Jose,A,health_management_platform; patient_engagement,openfda_device_510k,mobile app,https://www.accessdata.fda.gov/scripts/cdrh/cfdocs/cfpmn/pmn.cfm?id=K083287,2026-05-14,FDA 510(k) K083287; 2009-02-03; product code DSI,0.86,company_product_public,strong_official_product,round1,no
"Sg Healthcare Co, Ltd.","Garion Image-Intensified Fluoroscopic X-Ray System, Mobile",,KR,Seoul,A,,openfda_device_510k,mobile app,https://www.accessdata.fda.gov/scripts/cdrh/cfdocs/cfpmn/pmn.cfm?id=K222080,2026-05-14,FDA 510(k) K222080; 2022-10-06; product code OWB,0.86,company_product_public,strong_official_product,round1,no
"Imatron, Inc.",C-IOO MOBILE CINE CT UNIT,US,US,South San Fransisco,A,,openfda_device_510k,mobile app,https://www.accessdata.fda.gov/scripts/cdrh/cfdocs/cfpmn/pmn.cfm?id=K864046,2026-05-14,FDA 510(k) K864046; 1986-11-10; product code JAK,0.86,company_product_public,strong_official_product,round1,no
"General X-Ray, Inc.",PORTABLE X-RAY UNIT,US,US,Mchenry,A,,openfda_device_510k,mobile app,https://www.accessdata.fda.gov/scripts/cdrh/cfdocs/cfpmn/pmn.cfm?id=K790443,2026-05-14,FDA 510(k) K790443; 1979-03-26; product code IZL,0.86,company_product_public,strong_official_product,round1,no
"General X-Ray, Inc.","X-RAY STAND, PORTABLE",US,US,Mchenry,A,,openfda_device_510k,mobile app,https://www.accessdata.fda.gov/scripts/cdrh/cfdocs/cfpmn/pmn.cfm?id=K781676,2026-05-14,FDA 510(k) K781676; 1978-10-17; product code IZL,0.86,company_product_public,strong_official_product,round1,no
General Electric Co.,VECTRA MOBILE MAGNETIC RESONANCE IMAGING SYSTEM,US,US,Milwaukee,A,,openfda_device_510k,mobile app,https://www.accessdata.fda.gov/scripts/cdrh/cfdocs/cfpmn/pmn.cfm?id=K931460,2026-05-14,FDA 510(k) K931460; 1994-03-04; product code LNH,0.86,company_product_public,strong_official_product,round1,no
"North East Monitoring, Inc.",SD360 DIGITAL RECORDER/SD360 HOLTER DIGITAL RECORDER,US,US,Shelton,A,,openfda_device_510k,digital therapeutic,https://www.accessdata.fda.gov/scripts/cdrh/cfdocs/cfpmn/pmn.cfm?id=K041901,2026-05-14,FDA 510(k) K041901; 2004-08-31; product code MWJ,0.86,company_product_public,strong_official_product,round1,no
"Ray Co., Ltd.",RAYSCAN A-EXPERT,US,US,Santa Rosa,A,,openfda_device_510k,digital therapeutic,https://www.accessdata.fda.gov/scripts/cdrh/cfdocs/cfpmn/pmn.cfm?id=K131693,2026-05-14,FDA 510(k) K131693; 2013-11-01; product code MUH,0.86,company_product_public,strong_official_product,round1,no
"Conphar, Inc.",DIGITAL BLOOD PRESSURE UNIT,US,US,Walker,A,remote_patient_monitoring,openfda_device_510k,digital therapeutic,https://www.accessdata.fda.gov/scripts/cdrh/cfdocs/cfpmn/pmn.cfm?id=K813385,2026-05-14,FDA 510(k) K813385; 1982-01-29; product code DXN,0.86,company_product_public,strong_official_product,round1,no
Fluidotherapy Corp.,SONOPULS 434 ULTRASOUND THERAPY EQUIPMENT,US,US,Houston,A,,openfda_device_510k,digital therapeutic,https://www.accessdata.fda.gov/scripts/cdrh/cfdocs/cfpmn/pmn.cfm?id=K850640,2026-05-14,FDA 510(k) K850640; 1985-05-14; product code IMI,0.86,company_product_public,strong_official_product,round1,no
Avita Corporation,AVITA AGIL IT 101 INSTANT DIGITAL THERMOMETER,US,US,Flaggstaff,A,,openfda_device_510k,digital therapeutic,https://www.accessdata.fda.gov/scripts/cdrh/cfdocs/cfpmn/pmn.cfm?id=K012136,2026-05-14,FDA 510(k) K012136; 2001-09-10; product code FLL,0.86,company_product_public,strong_official_product,round1,no
"Cook, Inc.",WHOLEY OCCLUSION BALLOON CATHETER,US,US,Walker,A,,openfda_device_510k,digital therapeutic,https://www.accessdata.fda.gov/scripts/cdrh/cfdocs/cfpmn/pmn.cfm?id=K772011,2026-05-14,FDA 510(k) K772011; 1979-06-15; product code FOZ,0.86,company_product_public,strong_official_product,round1,no
Sensus Healthcare,Sensus Healthcare Superficial X-ray Radiation Therapy System with Ultrasonic Imaging Capabilities,US,US,Boca Raton,A,,openfda_device_510k,digital therapeutic,https://www.accessdata.fda.gov/scripts/cdrh/cfdocs/cfpmn/pmn.cfm?id=K150037,2026-05-14,FDA 510(k) K150037; 2015-10-16; product code JAD,0.86,company_product_public,strong_official_product,round1,no
Cook Incorporated,Turbo-Flo PICC Sets,US,US,Bloomington,A,,openfda_device_510k,digital therapeutic,https://www.accessdata.fda.gov/scripts/cdrh/cfdocs/cfpmn/pmn.cfm?id=K161496,2026-05-14,FDA 510(k) K161496; 2016-10-07; product code LJS,0.86,company_product_public,strong_official_product,round1,no
Petroff Audio Technologies,DIGITAL TINNITUS MASKING SYSTEM,US,US,West Hills,A,,openfda_device_510k,digital therapeutic,https://www.accessdata.fda.gov/scripts/cdrh/cfdocs/cfpmn/pmn.cfm?id=K974501,2026-05-14,FDA 510(k) K974501; 1998-01-20; product code KLW,0.86,company_product_public,strong_official_product,round1,no
"Diasonics, Inc.",DIGITAL FLUROGRAPHIC IMAGING SYSTEM,US,US,Walker,A,,openfda_device_510k,digital therapeutic,https://www.accessdata.fda.gov/scripts/cdrh/cfdocs/cfpmn/pmn.cfm?id=K813217,2026-05-14,FDA 510(k) K813217; 1981-12-29; product code JAA,0.86,company_product_public,strong_official_product,round1,no
Sharp Electronics Corp.,MD308H DIGITAL/MB351H AUTO-BP MONITOR,US,US,Paramus,A,,openfda_device_510k,digital therapeutic,https://www.accessdata.fda.gov/scripts/cdrh/cfdocs/cfpmn/pmn.cfm?id=K842200,2026-05-14,FDA 510(k) K842200; 1984-10-24; product code DXN,0.86,company_product_public,strong_official_product,round1,no
"Becton Dickinson Infusion Therapy Systems, Inc.",BD NEXIVA CLOSED IV CATHETER SYSTEM,US,US,Sandy,A,,openfda_device_510k,digital therapeutic,https://www.accessdata.fda.gov/scripts/cdrh/cfdocs/cfpmn/pmn.cfm?id=K102520,2026-05-14,FDA 510(k) K102520; 2011-01-06; product code FOZ,0.86,company_product_public,strong_official_product,round1,no
Athlos OY,DC-Air and Athlos-1 and Athlos-Air,Europe,FI,Espoo,A,,openfda_device_510k,digital therapeutic,https://www.accessdata.fda.gov/scripts/cdrh/cfdocs/cfpmn/pmn.cfm?id=K211688,2026-05-14,FDA 510(k) K211688; 2021-07-22; product code MUH,0.86,company_product_public,strong_official_product,round1,no
Rich-Mar Corp.,RM VI-HV,US,US,Mchenry,A,,openfda_device_510k,digital therapeutic,https://www.accessdata.fda.gov/scripts/cdrh/cfdocs/cfpmn/pmn.cfm?id=K771157,2026-05-14,FDA 510(k) K771157; 1977-07-21; product code IMG,0.86,company_product_public,strong_official_product,round1,no
"Takara Belmont USA, Inc.","ADR PLUS SSXI IMAGING DEVICE FOR X-RAY SYSTEMS SUCH AS X-CALIBER, X-CALIBER CM, ANA-BEL AND ANA-BEL CM",US,US,West Cadwell,A,,openfda_device_510k,digital therapeutic,https://www.accessdata.fda.gov/scripts/cdrh/cfdocs/cfpmn/pmn.cfm?id=K041834,2026-05-14,FDA 510(k) K041834; 2004-12-03; product code MUH,0.86,company_product_public,strong_official_product,round1,no
Nipro Medical Corp.,NIPRO SAFELET CATH,US,US,Lexington,A,,openfda_device_510k,digital therapeutic,https://www.accessdata.fda.gov/scripts/cdrh/cfdocs/cfpmn/pmn.cfm?id=K013287,2026-05-14,FDA 510(k) K013287; 2001-12-03; product code FOZ,0.86,company_product_public,strong_official_product,round1,no
"Quinton, Inc.",INSTRUCTION CHANGE FOR RIGHT ATRIAL/RAAF CATHETER,US,US,Seattle,A,,openfda_device_510k,digital therapeutic,https://www.accessdata.fda.gov/scripts/cdrh/cfdocs/cfpmn/pmn.cfm?id=K864949,2026-05-14,FDA 510(k) K864949; 1987-02-25; product code FOZ,0.86,company_product_public,strong_official_product,round1,no
"Catco Medical, Inc.",CATCO FIRST PICC,US,US,San Antonio,A,,openfda_device_510k,digital therapeutic,https://www.accessdata.fda.gov/scripts/cdrh/cfdocs/cfpmn/pmn.cfm?id=K944504,2026-05-14,FDA 510(k) K944504; 1995-03-31; product code FOZ,0.86,company_product_public,strong_official_product,round1,no
Conair Corp.,HEALTH ESSENTIALS FANCY PERSONAL MASSAGER,US,US,Stamford,A,,openfda_device_510k,digital therapeutic,https://www.accessdata.fda.gov/scripts/cdrh/cfdocs/cfpmn/pmn.cfm?id=K924584,2026-05-14,FDA 510(k) K924584; 1993-10-12; product code IRO,0.86,company_product_public,strong_official_product,round1,no
"In Light Wellness Systems, Inc.",Elysiom Polychromatic LED Light Therapy (PLLT) System (Elysiom),US,US,Albuquerque,A,,openfda_device_510k,digital therapeutic,https://www.accessdata.fda.gov/scripts/cdrh/cfdocs/cfpmn/pmn.cfm?id=K153389,2026-05-14,FDA 510(k) K153389; 2016-03-30; product code ILY,0.86,company_product_public,strong_official_product,round1,no
Microlife Intellectual Property GmbH,Microlife Upper Arm Automatic Digital Blood Pressure Monitor,Europe,CH,Widnau,A,remote_patient_monitoring,openfda_device_510k,digital therapeutic,https://www.accessdata.fda.gov/scripts/cdrh/cfdocs/cfpmn/pmn.cfm?id=K171937,2026-05-14,FDA 510(k) K171937; 2018-03-16; product code DXN,0.86,company_product_public,strong_official_product,round1,no
Romedex International Srl,EVGUIDE TIP LOCATION SYSTEM,US,US,Palo Alto,A,,openfda_device_510k,digital therapeutic,https://www.accessdata.fda.gov/scripts/cdrh/cfdocs/cfpmn/pmn.cfm?id=K093775,2026-05-14,FDA 510(k) K093775; 2010-07-15; product code LJS,0.86,company_product_public,strong_official_product,round1,no
Agfa Healthcare Corporation,AGFA COMPUTED RADIOGRAPHY SYSTEMS WITH NX2008 WORKSTATIONS,US,US,Greenville,A,,openfda_device_510k,digital therapeutic,https://www.accessdata.fda.gov/scripts/cdrh/cfdocs/cfpmn/pmn.cfm?id=K081963,2026-05-14,FDA 510(k) K081963; 2008-07-25; product code MQB,0.86,company_product_public,strong_official_product,round1,no
"Deseret Medical, Inc.",VIALON OBTURATOR,US,US,Sandy,A,,openfda_device_510k,digital therapeutic,https://www.accessdata.fda.gov/scripts/cdrh/cfdocs/cfpmn/pmn.cfm?id=K904121,2026-05-14,FDA 510(k) K904121; 1990-11-08; product code FOZ,0.86,company_product_public,strong_official_product,round1,no
"B.Braun Medical, Inc.",PERIPHERALLY INSERTED CENTRAL CATHETER,US,US,Bethlehem,A,,openfda_device_510k,digital therapeutic,https://www.accessdata.fda.gov/scripts/cdrh/cfdocs/cfpmn/pmn.cfm?id=K964929,2026-05-14,FDA 510(k) K964929; 1997-06-02; product code LJS,0.86,company_product_public,strong_official_product,round1,no
"Hyland Therapeutic Div., Travenol Laboratories",HAEMOPHILUS INFLUENZAE TYPE B ANTISERUM,US,US,Walker,A,,openfda_device_510k,digital therapeutic,https://www.accessdata.fda.gov/scripts/cdrh/cfdocs/cfpmn/pmn.cfm?id=K820192,2026-05-14,FDA 510(k) K820192; 1982-03-11; product code GRP,0.86,company_product_public,strong_official_product,round1,no
Engineered Medical Systems,INCENTIVE SPIROMETER,US,US,Indianapolis,A,,openfda_device_510k,digital therapeutic,https://www.accessdata.fda.gov/scripts/cdrh/cfdocs/cfpmn/pmn.cfm?id=K000314,2026-05-14,FDA 510(k) K000314; 2000-04-12; product code BWF,0.86,company_product_public,strong_official_product,round1,no
"Menlo Care, Inc.",MODIFIED LANDMARK VENOUS ACCESS DEVICE,US,US,Palo Alto,A,,openfda_device_510k,digital therapeutic,https://www.accessdata.fda.gov/scripts/cdrh/cfdocs/cfpmn/pmn.cfm?id=K884259,2026-05-14,FDA 510(k) K884259; 1988-11-01; product code FOZ,0.86,company_product_public,strong_official_product,round1,no
"Kub Technologies, Inc.",DIGIVIEW 250,US,US,Milford,A,,openfda_device_510k,digital therapeutic,https://www.accessdata.fda.gov/scripts/cdrh/cfdocs/cfpmn/pmn.cfm?id=K103348,2026-05-14,FDA 510(k) K103348; 2011-10-20; product code MQB,0.86,company_product_public,strong_official_product,round1,no
"Magnetic Research, Inc.",TELERAD STAT,US,US,Provo,A,,openfda_device_510k,digital therapeutic,https://www.accessdata.fda.gov/scripts/cdrh/cfdocs/cfpmn/pmn.cfm?id=K931795,2026-05-14,FDA 510(k) K931795; 1993-11-19; product code LMD,0.86,company_product_public,strong_official_product,round1,no
Rich-Mar Corp.,RICH-MAR MODEL 510 ULTRASOUND,US,US,Inola,A,,openfda_device_510k,digital therapeutic,https://www.accessdata.fda.gov/scripts/cdrh/cfdocs/cfpmn/pmn.cfm?id=K915557,2026-05-14,FDA 510(k) K915557; 1992-03-10; product code IMI,0.86,company_product_public,strong_official_product,round1,no
"Dxrad Solutions , Ltd.",DXRAD MODELS DX800 OR DX808 DIGITAL DIAGNOSTIC RADIOGRAPHIC SYSTEMS,US,US,Deer Field,A,,openfda_device_510k,digital therapeutic,https://www.accessdata.fda.gov/scripts/cdrh/cfdocs/cfpmn/pmn.cfm?id=K082261,2026-05-14,FDA 510(k) K082261; 2008-11-06; product code KPR,0.86,company_product_public,strong_official_product,round1,no
"Ray Co., Ltd.",RAYSCAN a-Expert,,KR,Yongin-Si,A,,openfda_device_510k,digital therapeutic,https://www.accessdata.fda.gov/scripts/cdrh/cfdocs/cfpmn/pmn.cfm?id=K232325,2026-05-14,FDA 510(k) K232325; 2024-04-18; product code MUH,0.86,company_product_public,strong_official_product,round1,no
Opti-Med Electronics,DIGITAL AVERAGING TONOMETER,US,US,Anderson,A,,openfda_device_510k,digital therapeutic,https://www.accessdata.fda.gov/scripts/cdrh/cfdocs/cfpmn/pmn.cfm?id=K945972,2026-05-14,FDA 510(k) K945972; 1995-08-17; product code HKX,0.86,company_product_public,strong_official_product,round1,no
"Shenzhen Bsx Technology Electronics Co., Ltd.","Wrist Digital Blood Pressure Monitor (BSX312, BSX313, BSX315, BSX322, BSX323, BSX353, BSX355)",China,CN,Shenzhen,A,remote_patient_monitoring,openfda_device_510k,digital therapeutic,https://www.accessdata.fda.gov/scripts/cdrh/cfdocs/cfpmn/pmn.cfm?id=K241578,2026-05-14,FDA 510(k) K241578; 2025-02-19; product code DXN,0.86,company_product_public,strong_official_product,round1,no
Toshiba Medical Systems,TOSHIBA DIGITAL CLINICAL THERMOMETER,,JP,"Minato-Ku, Tokyo, 105, Ja",A,,openfda_device_510k,digital therapeutic,https://www.accessdata.fda.gov/scripts/cdrh/cfdocs/cfpmn/pmn.cfm?id=K844124,2026-05-14,FDA 510(k) K844124; 1984-12-07; product code FLL,0.86,company_product_public,strong_official_product,round1,no
"Tns Co., Ltd.",Serafin®,,KR,Geumcheon-Gu,A,,openfda_device_510k,digital therapeutic,https://www.accessdata.fda.gov/scripts/cdrh/cfdocs/cfpmn/pmn.cfm?id=K232074,2026-05-14,FDA 510(k) K232074; 2024-02-22; product code NXC,0.86,company_product_public,strong_official_product,round1,no
Volcano Corporation,Volcano Visions PV .018 Digital IVUS Catheter,US,US,San Diego,A,,openfda_device_510k,digital therapeutic,https://www.accessdata.fda.gov/scripts/cdrh/cfdocs/cfpmn/pmn.cfm?id=K150442,2026-05-14,FDA 510(k) K150442; 2015-09-04; product code OBJ,0.86,company_product_public,strong_official_product,round1,no
"Konica Minolta Medical & Graphic, Inc.","DIRECT DIGITIZER, REGIUS MODEL 190",,JP,Watarai-Gun; Mie-Ken,A,,openfda_device_510k,digital therapeutic,https://www.accessdata.fda.gov/scripts/cdrh/cfdocs/cfpmn/pmn.cfm?id=K042386,2026-05-14,FDA 510(k) K042386; 2004-12-15; product code MQB,0.86,company_product_public,strong_official_product,round1,no
"Togo Medikit Co., Ltd.","SUPERCATH 5 MODEL SP120-XX-XX, SP125-XX-XX",,JP,Tokyo,A,,openfda_device_510k,digital therapeutic,https://www.accessdata.fda.gov/scripts/cdrh/cfdocs/cfpmn/pmn.cfm?id=K093546,2026-05-14,FDA 510(k) K093546; 2009-12-17; product code FOZ,0.86,company_product_public,strong_official_product,round1,no
"Arocep Enterprises , Ltd.",STRESS HANDLER,,CA,"Brampton, Ontario",A,,openfda_device_510k,digital therapeutic,https://www.accessdata.fda.gov/scripts/cdrh/cfdocs/cfpmn/pmn.cfm?id=K936148,2026-05-14,FDA 510(k) K936148; 1994-04-21; product code LYG,0.86,company_product_public,strong_official_product,round1,no
"Canon, Inc.",DIGITAL RADIOGRAPHY MODEL CXDI-55G,US,US,Lake Success,A,,openfda_device_510k,digital therapeutic,https://www.accessdata.fda.gov/scripts/cdrh/cfdocs/cfpmn/pmn.cfm?id=K091435,2026-05-14,FDA 510(k) K091435; 2009-05-29; product code MQB,0.86,company_product_public,strong_official_product,round1,no
"Heartlab, Inc.",DICOMVIEW,US,US,Providence,A,,openfda_device_510k,digital therapeutic,https://www.accessdata.fda.gov/scripts/cdrh/cfdocs/cfpmn/pmn.cfm?id=K954479,2026-05-14,FDA 510(k) K954479; 1996-02-21; product code LMD,0.86,company_product_public,strong_official_product,round1,no
Julie Alliance,QUICKRAY DSX 730,US,US,Daytona Beach,A,,openfda_device_510k,digital therapeutic,https://www.accessdata.fda.gov/scripts/cdrh/cfdocs/cfpmn/pmn.cfm?id=K990002,2026-05-14,FDA 510(k) K990002; 1999-04-01; product code MUH,0.86,company_product_public,strong_official_product,round1,no
"Denttio, Inc.",TIO-H DIGITAL RADIOGRAPHY SENSOR,US,US,Los Angeles,A,,openfda_device_510k,digital therapeutic,https://www.accessdata.fda.gov/scripts/cdrh/cfdocs/cfpmn/pmn.cfm?id=K153144,2026-05-14,FDA 510(k) K153144; 2016-02-10; product code MUH,0.86,company_product_public,strong_official_product,round1,no
"Knowell Therapeutic Technologies,Inc.",POLYURETHANE SOLUTION 29% W/W,,CA,Toronto,A,,openfda_device_510k,digital therapeutic,https://www.accessdata.fda.gov/scripts/cdrh/cfdocs/cfpmn/pmn.cfm?id=K944934,2026-05-14,FDA 510(k) K944934; 1994-12-09; product code LBH,0.86,company_product_public,strong_official_product,round1,no
"Chattanooga Group, Inc.",INTELECT MODEL 200,US,US,Walker,A,,openfda_device_510k,digital therapeutic,https://www.accessdata.fda.gov/scripts/cdrh/cfdocs/cfpmn/pmn.cfm?id=K813593,2026-05-14,FDA 510(k) K813593; 1982-02-22; product code IMI,0.86,company_product_public,strong_official_product,round1,no
Pudenz-Schulte Medical Research Corp.,PS MEDICAL IPI VASCULAR ACCESS CATHETER,US,US,Goleta,A,,openfda_device_510k,digital therapeutic,https://www.accessdata.fda.gov/scripts/cdrh/cfdocs/cfpmn/pmn.cfm?id=K954409,2026-05-14,FDA 510(k) K954409; 1995-12-18; product code LJS,0.86,company_product_public,strong_official_product,round1,no
Colon Therapeutics,"JIMMY JOHN III RECTAL NOZZEL, MODEL CIT",US,US,Groves,A,,openfda_device_510k,digital therapeutics,https://www.accessdata.fda.gov/scripts/cdrh/cfdocs/cfpmn/pmn.cfm?id=K972455,2026-05-14,FDA 510(k) K972455; 1997-09-09; product code KPL,0.86,company_product_public,strong_official_product,round1,no
"Intra Luminal Therapeutics, Inc.",MODIFICATION TO SAFE-CROSS RADIO FREQUENCY TOTAL OCCLUSION CROSSING SYSTEM,US,US,Carlsbad,A,,openfda_device_510k,digital therapeutics,https://www.accessdata.fda.gov/scripts/cdrh/cfdocs/cfpmn/pmn.cfm?id=K041973,2026-05-14,FDA 510(k) K041973; 2004-08-16; product code DQX,0.86,company_product_public,strong_official_product,round1,no
Target Therapeutics,TAPER FLEX-TIP STEERABLE GUIDEWIRE,US,US,Los Angeles,A,,openfda_device_510k,digital therapeutics,https://www.accessdata.fda.gov/scripts/cdrh/cfdocs/cfpmn/pmn.cfm?id=K880762,2026-05-14,FDA 510(k) K880762; 1988-08-19; product code DQX,0.86,company_product_public,strong_official_product,round1,no
"Midwest Analog & Digital, Inc.",ARRHYTHMIA PROGRAM MODULE,US,US,Mchenry,A,,openfda_device_510k,digital therapeutics,https://www.accessdata.fda.gov/scripts/cdrh/cfdocs/cfpmn/pmn.cfm?id=K780432,2026-05-14,FDA 510(k) K780432; 1978-05-26; product code DSI,0.86,company_product_public,strong_official_product,round1,no
Bio-Scan S.A,"SOLID STATE X-RAY IMAGING DEVICES, MODEL IRIS 20 AND IRIS 41 WITH IRIS VIEW",US,US,Stamford,A,,openfda_device_510k,digital therapeutics,https://www.accessdata.fda.gov/scripts/cdrh/cfdocs/cfpmn/pmn.cfm?id=K013897,2026-05-14,FDA 510(k) K013897; 2002-05-21; product code MQB,0.86,company_product_public,strong_official_product,round1,no
Vidar Systems Corp.,VIDAR VISION 2000,US,US,Waterbury,A,,openfda_device_510k,digital therapeutics,https://www.accessdata.fda.gov/scripts/cdrh/cfdocs/cfpmn/pmn.cfm?id=K070563,2026-05-14,FDA 510(k) K070563; 2007-03-16; product code MQB,0.86,company_product_public,strong_official_product,round1,no
"Copal, Inc.",DIGITAL SPHYGMOMANOMETER UA-231,US,US,Mchenry,A,,openfda_device_510k,digital therapeutics,https://www.accessdata.fda.gov/scripts/cdrh/cfdocs/cfpmn/pmn.cfm?id=K832721,2026-05-14,FDA 510(k) K832721; 1984-04-19; product code DXN,0.86,company_product_public,strong_official_product,round1,no
"Polymedica Industries, Inc.",BASIS BABY-TEMP PACIFIER DIGITAL THEROMETER,US,US,"Golden,",A,,openfda_device_510k,digital therapeutics,https://www.accessdata.fda.gov/scripts/cdrh/cfdocs/cfpmn/pmn.cfm?id=K962991,2026-05-14,FDA 510(k) K962991; 1996-09-12; product code FLL,0.86,company_product_public,strong_official_product,round1,no
"Andros Analyzers, Inc.",ANGIOTEC ZX DIGITAL IMAGE PROCESSOR,US,US,Berkeley,A,,openfda_device_510k,digital therapeutics,https://www.accessdata.fda.gov/scripts/cdrh/cfdocs/cfpmn/pmn.cfm?id=K892869,2026-05-14,FDA 510(k) K892869; 1989-05-26; product code LLZ,0.86,company_product_public,strong_official_product,round1,no
Interventional Therapeutics Corp.,INTHERM STASIS VALVE SYSTEM,US,US,Mountain View,A,,openfda_device_510k,digital therapeutics,https://www.accessdata.fda.gov/scripts/cdrh/cfdocs/cfpmn/pmn.cfm?id=K931025,2026-05-14,FDA 510(k) K931025; 1993-09-28; product code FGE,0.86,company_product_public,strong_official_product,round1,no
"Atlantic Therapeutics, Ltd.",INNOVO,Europe,IE,Galway,A,,openfda_device_510k,digital therapeutics,https://www.accessdata.fda.gov/scripts/cdrh/cfdocs/cfpmn/pmn.cfm?id=K192357,2026-05-14,FDA 510(k) K192357; 2020-01-16; product code QAJ,0.86,company_product_public,strong_official_product,round1,no
"Luminopia, Inc.",Luminopia,US,US,Cambridge,A,,openfda_device_510k,digital therapeutics,https://www.accessdata.fda.gov/scripts/cdrh/cfdocs/cfpmn/pmn.cfm?id=K233720,2026-05-14,FDA 510(k) K233720; 2024-08-08; product code QQU,0.86,company_product_public,strong_official_product,round1,no
"Sensacare , Ltd.",SENSACARE SAW-102 WRIST DIGITAL BLOOD PRESSURE MONITOR,,TW,"Nei Hu, Taipei",A,remote_patient_monitoring,openfda_device_510k,digital therapeutics,https://www.accessdata.fda.gov/scripts/cdrh/cfdocs/cfpmn/pmn.cfm?id=K061935,2026-05-14,FDA 510(k) K061935; 2006-11-08; product code DXN,0.86,company_product_public,strong_official_product,round1,no
Target Therapeutics,"TRACKER(R) UNIBODY CATH & TRACKER 25 CATH,MODIFIED",US,US,San Jose,A,,openfda_device_510k,digital therapeutics,https://www.accessdata.fda.gov/scripts/cdrh/cfdocs/cfpmn/pmn.cfm?id=K915521,2026-05-14,FDA 510(k) K915521; 1992-03-23; product code DQY,0.86,company_product_public,strong_official_product,round1,no
"Cnd Global Technologies, Inc.",ODI HD Dental Sensor,US,US,Cumberland,A,,openfda_device_510k,digital therapeutics,https://www.accessdata.fda.gov/scripts/cdrh/cfdocs/cfpmn/pmn.cfm?id=K190234,2026-05-14,FDA 510(k) K190234; 2019-03-01; product code MUH,0.86,company_product_public,strong_official_product,round1,no
Toshibamedical Systems Corporation,"DIGITAL RADIOGRAPHY SYSTEM WITH FLAT PANEL DETECTOR, MODEL DFP8000D",US,US,Tustin,A,,openfda_device_510k,digital therapeutics,https://www.accessdata.fda.gov/scripts/cdrh/cfdocs/cfpmn/pmn.cfm?id=K041027,2026-05-14,FDA 510(k) K041027; 2004-05-14; product code IZI,0.86,company_product_public,strong_official_product,round1,no
Philips Park,NORELCO ELECTRONIC DIGITAL BP METER HC3501,US,US,Essex,A,,openfda_device_510k,digital therapeutics,https://www.accessdata.fda.gov/scripts/cdrh/cfdocs/cfpmn/pmn.cfm?id=K852128,2026-05-14,FDA 510(k) K852128; 1985-09-12; product code DXN,0.86,company_product_public,strong_official_product,round1,no
"Gbs Commonwealth Co., Ltd.",The JASPER Spinal Fixation System II,,KR,Geumcheon-Gu,A,,openfda_device_510k,digital therapeutics,https://www.accessdata.fda.gov/scripts/cdrh/cfdocs/cfpmn/pmn.cfm?id=K190762,2026-05-14,FDA 510(k) K190762; 2019-06-19; product code NKB,0.86,company_product_public,strong_official_product,round1,no
"Shantou Institute of Ultrasonic Instruments Co., Ltd.",Digital Color Doppler Ultrasound Imaging System (Apogee C1); Digital Color Doppler Ultrasound Imaging System (Apogee C2); Digital Color Doppler Ultrasound Imaging System (Apogee C3); Digital Color Doppler Ultrasound Imaging System (Apogee C5); Digital Color Doppler Ultrasound Imaging System (Apogee K1); Digital Color Doppler Ultrasound Imaging System (Apogee K2); Digital Color Doppler Ultrasound Imaging System (Apogee K3); Digital Color Doppler Ultrasound Imaging System (Apogee K5); Di,China,CN,Shantou,A,,openfda_device_510k,digital therapeutics,https://www.accessdata.fda.gov/scripts/cdrh/cfdocs/cfpmn/pmn.cfm?id=K243178,2026-05-14,FDA 510(k) K243178; 2025-03-31; product code IYN,0.86,company_product_public,strong_official_product,round1,no
Target Therapeutics,SPINNAKER,US,US,Freemont,A,,openfda_device_510k,digital therapeutics,https://www.accessdata.fda.gov/scripts/cdrh/cfdocs/cfpmn/pmn.cfm?id=K965189,2026-05-14,FDA 510(k) K965189; 1997-03-24; product code KRA,0.86,company_product_public,strong_official_product,round1,no
"Shenzhen Mindray Bio-Medical Electronics Co., Ltd.",DP-20 DIGITAL ULTRASONIC DIAGNOSTIC IMAGING SYSTEM; DP-30 DIGITAL ULTRASONIC DIAGNOSTIC IMAGING SYSTEM,US,US,Great Neck,A,,openfda_device_510k,digital therapeutics,https://www.accessdata.fda.gov/scripts/cdrh/cfdocs/cfpmn/pmn.cfm?id=K130833,2026-05-14,FDA 510(k) K130833; 2013-06-21; product code IYN,0.86,company_product_public,strong_official_product,round1,no
"Adaptive Video, Inc.",AD/V IMAGEPLEX(TM),US,US,Novato,A,,openfda_device_510k,digital therapeutics,https://www.accessdata.fda.gov/scripts/cdrh/cfdocs/cfpmn/pmn.cfm?id=K943158,2026-05-14,FDA 510(k) K943158; 1994-11-22; product code LMD,0.86,company_product_public,strong_official_product,round1,no
"Huntleigh Healthcare, Inc.",BABY DOPPLEX (3000),US,US,Manalapan,A,,openfda_device_510k,remote monitoring,https://www.accessdata.fda.gov/scripts/cdrh/cfdocs/cfpmn/pmn.cfm?id=K963711,2026-05-14,FDA 510(k) K963711; 1997-09-12; product code HGM,0.86,company_product_public,strong_official_product,round1,no
"Image-Guided Neurologics, Inc.","REMOTE INTRODUCER, MODEL PI-1000",US,US,Melbourne,A,,openfda_device_510k,remote monitoring,https://www.accessdata.fda.gov/scripts/cdrh/cfdocs/cfpmn/pmn.cfm?id=K990907,2026-05-14,FDA 510(k) K990907; 1999-08-12; product code HAW,0.86,company_product_public,strong_official_product,round1,no
"Mick Radio-Nuclear Instruments, Inc.",GAMMA MED II,US,US,Walker,A,,openfda_device_510k,remote monitoring,https://www.accessdata.fda.gov/scripts/cdrh/cfdocs/cfpmn/pmn.cfm?id=K781274,2026-05-14,FDA 510(k) K781274; 1978-08-10; product code JAQ,0.86,company_product_public,strong_official_product,round1,no
"Cobe Laboratories, Inc.",COBE RX METER,US,US,Mchenry,A,,openfda_device_510k,remote monitoring,https://www.accessdata.fda.gov/scripts/cdrh/cfdocs/cfpmn/pmn.cfm?id=K830629,2026-05-14,FDA 510(k) K830629; 1983-04-06; product code FLB,0.86,company_product_public,strong_official_product,round1,no
Nucletron Corp.,"CET PROSTATE APPLICATOR SET, PART NUMBER 089.066",US,US,Columbia,A,samd,openfda_device_510k,remote monitoring,https://www.accessdata.fda.gov/scripts/cdrh/cfdocs/cfpmn/pmn.cfm?id=K990990,2026-05-14,FDA 510(k) K990990; 1999-10-07; product code JAQ,0.86,company_product_public,strong_official_product,round1,no
Integra Neurosciences,"CAMINO SINGLE PARAMETER MONITOR, MODEL SPM-1",US,US,San Diego,A,,openfda_device_510k,remote monitoring,https://www.accessdata.fda.gov/scripts/cdrh/cfdocs/cfpmn/pmn.cfm?id=K031086,2026-05-14,FDA 510(k) K031086; 2003-05-14; product code GWM,0.86,company_product_public,strong_official_product,round1,no
Sd Biosensor,"SD GlucoNFC Blood Glucose Monitoring System, SD GlucoNFC Multi Blood Glucose Monitoring System",,KR,Suwon-Si,A,remote_patient_monitoring,openfda_device_510k,remote monitoring,https://www.accessdata.fda.gov/scripts/cdrh/cfdocs/cfpmn/pmn.cfm?id=K151265,2026-05-14,FDA 510(k) K151265; 2015-11-24; product code NBW,0.86,company_product_public,strong_official_product,round1,no
"Infopia Co, Ltd.",ELEMENTV BLOOD GLUCOSE MONITORING SYSTEM,US,US,Fullerton,A,remote_patient_monitoring,openfda_device_510k,remote monitoring,https://www.accessdata.fda.gov/scripts/cdrh/cfdocs/cfpmn/pmn.cfm?id=K132406,2026-05-14,FDA 510(k) K132406; 2014-04-18; product code NBW,0.86,company_product_public,strong_official_product,round1,no
"Fujirebio Dianostics, Inc.",Lumpipulse G CA19-9-N,US,US,Malvern,A,,openfda_device_510k,remote monitoring,https://www.accessdata.fda.gov/scripts/cdrh/cfdocs/cfpmn/pmn.cfm?id=K191973,2026-05-14,FDA 510(k) K191973; 2019-10-22; product code NIG,0.86,company_product_public,strong_official_product,round1,no
Sk Med,SK MED ME202 MONITORING MIXER,US,US,Van Nuys,A,remote_patient_monitoring,openfda_device_510k,remote monitoring,https://www.accessdata.fda.gov/scripts/cdrh/cfdocs/cfpmn/pmn.cfm?id=K031860,2026-05-14,FDA 510(k) K031860; 2004-01-21; product code BZR,0.86,company_product_public,strong_official_product,round1,no
Eps Bio Technology Corp.,MDT2 BLE Self-Monitoring Blood Glucose System,,TW,Hsinchu,A,remote_patient_monitoring,openfda_device_510k,remote monitoring,https://www.accessdata.fda.gov/scripts/cdrh/cfdocs/cfpmn/pmn.cfm?id=K190189,2026-05-14,FDA 510(k) K190189; 2019-11-01; product code NBW,0.86,company_product_public,strong_official_product,round1,no
R2 Corp.,MAGNATRODE CARDIAC MONITORING ELECTRODE,US,US,Mchenry,A,remote_patient_monitoring,openfda_device_510k,remote monitoring,https://www.accessdata.fda.gov/scripts/cdrh/cfdocs/cfpmn/pmn.cfm?id=K832516,2026-05-14,FDA 510(k) K832516; 1983-12-16; product code DRX,0.86,company_product_public,strong_official_product,round1,no
"Catheter Robotics, Inc.",AMIGO REMOTE CATHETER SYSTEM,US,US,Mt. Olive,A,,openfda_device_510k,remote monitoring,https://www.accessdata.fda.gov/scripts/cdrh/cfdocs/cfpmn/pmn.cfm?id=DEN140009,2026-05-14,FDA 510(k) DEN140009; 2014-12-18; product code PJB,0.86,company_product_public,strong_official_product,round1,no
Roche Diagnostics,ACCU-CHEK INFORM II BLOOD GLUCOSE MONITORING SYSTEM,US,US,Indianapolis,A,remote_patient_monitoring,openfda_device_510k,remote monitoring,https://www.accessdata.fda.gov/scripts/cdrh/cfdocs/cfpmn/pmn.cfm?id=K121679,2026-05-14,FDA 510(k) K121679; 2012-10-11; product code NBW,0.86,company_product_public,strong_official_product,round1,no
Mermaid Care A/S,BEACON Caresystem Model 00002144,Europe,DK,Norresundby,A,,openfda_device_510k,remote monitoring,https://www.accessdata.fda.gov/scripts/cdrh/cfdocs/cfpmn/pmn.cfm?id=K192584,2026-05-14,FDA 510(k) K192584; 2019-12-18; product code BZK,0.86,company_product_public,strong_official_product,round1,no
Taidoc Technology Corporation,U-RIGHT TD-4249/U-RIGHT TD-4250 BLOOD GLUCOSE MONITORING SYSTEM,,TW,Taipei County,A,remote_patient_monitoring,openfda_device_510k,remote monitoring,https://www.accessdata.fda.gov/scripts/cdrh/cfdocs/cfpmn/pmn.cfm?id=K083570,2026-05-14,FDA 510(k) K083570; 2009-03-11; product code CGA,0.86,company_product_public,strong_official_product,round1,no
"General Life Biotechnology Co., Ltd.",GLB BENECHECK PREMIUM GLU MONITORING SYSTEM,US,US,Mission Viejo,A,remote_patient_monitoring,openfda_device_510k,remote monitoring,https://www.accessdata.fda.gov/scripts/cdrh/cfdocs/cfpmn/pmn.cfm?id=K123090,2026-05-14,FDA 510(k) K123090; 2013-11-22; product code NBW,0.86,company_product_public,strong_official_product,round1,no
"Widex Hearing Aid Co., Inc.",WIDEX BTE HEARING AID MODEL Q16 WITH REMOTE,US,US,Long Island City,A,,openfda_device_510k,remote monitoring,https://www.accessdata.fda.gov/scripts/cdrh/cfdocs/cfpmn/pmn.cfm?id=K897033,2026-05-14,FDA 510(k) K897033; 1990-05-23; product code ESD,0.86,company_product_public,strong_official_product,round1,no
"Ppg Industries, Inc.","MIDAS SYSTEM 2500, PHYSIOLOGICAL MONITORING SYSTEM",US,US,Lenexa,A,remote_patient_monitoring,openfda_device_510k,remote monitoring,https://www.accessdata.fda.gov/scripts/cdrh/cfdocs/cfpmn/pmn.cfm?id=K912627,2026-05-14,FDA 510(k) K912627; 1991-09-10; product code MHX,0.86,company_product_public,strong_official_product,round1,no
Hemedex Incorporated,"QFLOW 500 TITANIUM BOLT, QUAD LUMEN BOLT KIT",US,US,Cambridge,A,,openfda_device_510k,remote monitoring,https://www.accessdata.fda.gov/scripts/cdrh/cfdocs/cfpmn/pmn.cfm?id=K141869,2026-05-14,FDA 510(k) K141869; 2014-10-10; product code GWM,0.86,company_product_public,strong_official_product,round1,no
"Boston Scientific Cardiac Diagnostic Technologies, Inc.",BodyGuardian Remote Monitoring System (BGRMS v3.0),US,US,Rochester,A,remote_patient_monitoring,openfda_device_510k,remote monitoring,https://www.accessdata.fda.gov/scripts/cdrh/cfdocs/cfpmn/pmn.cfm?id=K243349,2026-05-14,FDA 510(k) K243349; 2026-01-23; product code DSI,0.86,company_product_public,strong_official_product,round1,no
Taidoc Technology Corporation,"BLOOD GLUCOSE MONITORING SYSTEM, MODEL FORA G90/TD-4234",,TW,New Taipei City,A,remote_patient_monitoring,openfda_device_510k,remote monitoring,https://www.accessdata.fda.gov/scripts/cdrh/cfdocs/cfpmn/pmn.cfm?id=K091898,2026-05-14,FDA 510(k) K091898; 2009-09-18; product code NBW,0.86,company_product_public,strong_official_product,round1,no
"Fukuda Denshi USA, Inc.",MODEL U-1000 WITH GESTATIONAL AGE CALCULATION,US,US,Kirkland,A,,openfda_device_510k,remote monitoring,https://www.accessdata.fda.gov/scripts/cdrh/cfdocs/cfpmn/pmn.cfm?id=K871385,2026-05-14,FDA 510(k) K871385; 1987-05-26; product code HGM,0.86,company_product_public,strong_official_product,round1,no
"I-Sens, Inc.",Assure Prism multi Blood Glucose Monitoring System,,KR,Seoul,A,remote_patient_monitoring,openfda_device_510k,remote monitoring,https://www.accessdata.fda.gov/scripts/cdrh/cfdocs/cfpmn/pmn.cfm?id=K151164,2026-05-14,FDA 510(k) K151164; 2015-08-07; product code NBW,0.86,company_product_public,strong_official_product,round1,no
"Remote Diagnostic Technologies , Ltd.",TEMPUS PRO EXTENDED FEATURES,Europe,GB,Hampshire,A,,openfda_device_510k,remote monitoring,https://www.accessdata.fda.gov/scripts/cdrh/cfdocs/cfpmn/pmn.cfm?id=K133988,2026-05-14,FDA 510(k) K133988; 2014-05-16; product code MWI,0.86,company_product_public,strong_official_product,round1,no
"Strados Labs, Inc.",Strados Remote Electronic Stethoscope Platform (RESP),US,US,Philadelphia,A,,openfda_device_510k,remote monitoring,https://www.accessdata.fda.gov/scripts/cdrh/cfdocs/cfpmn/pmn.cfm?id=K220893,2026-05-14,FDA 510(k) K220893; 2022-04-27; product code DSH,0.86,company_product_public,strong_official_product,round1,no
Hewlett-Packard GmbH,"HP VIRIDIA COMPONENT MONITORING SYSTEM, HP VIRIDIA CMS 24/26, HP VIRIDIA MULTI-MEASUREMENT SERVER AND COMPACT PORTABLE P",Europe,DE,Boeblingen,A,remote_patient_monitoring,openfda_device_510k,remote monitoring,https://www.accessdata.fda.gov/scripts/cdrh/cfdocs/cfpmn/pmn.cfm?id=K991773,2026-05-14,FDA 510(k) K991773; 1999-06-07; product code DSI,0.86,company_product_public,strong_official_product,round1,no
"Bio-Research Associates, Inc.",BIOEMG II AND BIOJVA,US,US,Milwaukee,A,,openfda_device_510k,remote monitoring,https://www.accessdata.fda.gov/scripts/cdrh/cfdocs/cfpmn/pmn.cfm?id=K003176,2026-05-14,FDA 510(k) K003176; 2001-01-04; product code KZM,0.86,company_product_public,strong_official_product,round1,no
"Infopia Co, Ltd.","GLUNEO LITE GLUCOSE MONITORING SYSTEM, GLUNEO LITE PROFESSIONAL BLOOD GLUCOSE MONITORING SYSTEM",US,US,Anaheim,A,remote_patient_monitoring,openfda_device_510k,remote monitoring,https://www.accessdata.fda.gov/scripts/cdrh/cfdocs/cfpmn/pmn.cfm?id=K132966,2026-05-14,FDA 510(k) K132966; 2013-12-05; product code NBW,0.86,company_product_public,strong_official_product,round1,no
"Shiley, Inc.",STOCKERT-SHILEY HANDHELD REMOTE CONTROL INTRACARDI,US,US,Irvine,A,,openfda_device_510k,remote monitoring,https://www.accessdata.fda.gov/scripts/cdrh/cfdocs/cfpmn/pmn.cfm?id=K844138,2026-05-14,FDA 510(k) K844138; 1984-12-27; product code DWF,0.86,company_product_public,strong_official_product,round1,no
"Neteera Technologies , Ltd.",Neteera 130H-Plus Vital Sign Monitoring Sensor,,IL,Jerusalem,A,remote_patient_monitoring,openfda_device_510k,remote monitoring,https://www.accessdata.fda.gov/scripts/cdrh/cfdocs/cfpmn/pmn.cfm?id=K231733,2026-05-14,FDA 510(k) K231733; 2024-02-09; product code DRT,0.86,company_product_public,strong_official_product,round1,no
Capsule Technologie Sas,SmartLinx Vitals Plus Patient Monitoring System,US,US,Andover,A,remote_patient_monitoring,openfda_device_510k,remote monitoring,https://www.accessdata.fda.gov/scripts/cdrh/cfdocs/cfpmn/pmn.cfm?id=K200856,2026-05-14,FDA 510(k) K200856; 2020-07-10; product code MWI,0.86,company_product_public,strong_official_product,round1,no
"Oncology Systems, Inc.",ACCU-SOURCE,US,US,Champaign,A,,openfda_device_510k,remote monitoring,https://www.accessdata.fda.gov/scripts/cdrh/cfdocs/cfpmn/pmn.cfm?id=K051753,2026-05-14,FDA 510(k) K051753; 2006-03-29; product code JAQ,0.86,company_product_public,strong_official_product,round1,no
"Power Medical Interventions, Inc.",SURGASSIST SYSTEM; WIRELESS REMOTE CONTROL (COMPONENT); WIRED REMOTE CONTROL,US,US,New Hope,A,,openfda_device_510k,remote monitoring,https://www.accessdata.fda.gov/scripts/cdrh/cfdocs/cfpmn/pmn.cfm?id=K020343,2026-05-14,FDA 510(k) K020343; 2002-04-10; product code GDW,0.86,company_product_public,strong_official_product,round1,no
Conmedcorp,EXACTRACE ADULT FOAM MONITORING ECG ELECTRODE CONMED MODEL 1510 AND INSTATRACE ADULT DIAPHORETIC FOAM ECG ELECTRODE CONM,US,US,Utica,A,remote_patient_monitoring,openfda_device_510k,remote monitoring,https://www.accessdata.fda.gov/scripts/cdrh/cfdocs/cfpmn/pmn.cfm?id=K963787,2026-05-14,FDA 510(k) K963787; 1997-03-11; product code DRX,0.86,company_product_public,strong_official_product,round1,no
Taidoc Technology Corporation,"ADVOCATE DUO BLOOD GLUCOSE PLUS BLOOD PRESSURE MONITORING SYSTEM, MODEL TD-3223",,TW,"Taipei,County",A,remote_patient_monitoring,openfda_device_510k,remote monitoring,https://www.accessdata.fda.gov/scripts/cdrh/cfdocs/cfpmn/pmn.cfm?id=K070641,2026-05-14,FDA 510(k) K070641; 2007-04-09; product code NBW,0.86,company_product_public,strong_official_product,round1,no
Ortho Clinical Diagnostics,VITROS Immunodiagnostic Products CA 19-9TM Reagent Pack,Europe,GB,Bridgend,A,,openfda_device_510k,remote monitoring,https://www.accessdata.fda.gov/scripts/cdrh/cfdocs/cfpmn/pmn.cfm?id=K231525,2026-05-14,FDA 510(k) K231525; 2023-08-09; product code NIG,0.86,company_product_public,strong_official_product,round1,no
Atheus Corp.,EXTERNAL FETAL MONITOR TRANSDUCER HOLDER,US,US,Los Angeles,A,,openfda_device_510k,remote monitoring,https://www.accessdata.fda.gov/scripts/cdrh/cfdocs/cfpmn/pmn.cfm?id=K905606,2026-05-14,FDA 510(k) K905606; 1991-03-12; product code HGM,0.86,company_product_public,strong_official_product,round1,no
"Sonicaid, Inc.",MODEL AP 180 MINI-MONITOR,US,US,Mchenry,A,,openfda_device_510k,remote monitoring,https://www.accessdata.fda.gov/scripts/cdrh/cfdocs/cfpmn/pmn.cfm?id=K812256,2026-05-14,FDA 510(k) K812256; 1981-10-20; product code HGM,0.86,company_product_public,strong_official_product,round1,no
Broadmaster Biotech Corperation,ADVOCATE REDI-CODE+BMB-EA001S BLOOD GLUCOSE MONITORING SYSTEM,,TW,Zhonghe Dist,A,remote_patient_monitoring,openfda_device_510k,remote monitoring,https://www.accessdata.fda.gov/scripts/cdrh/cfdocs/cfpmn/pmn.cfm?id=K120183,2026-05-14,FDA 510(k) K120183; 2012-05-11; product code NBW,0.86,company_product_public,strong_official_product,round1,no
"Macon & Co., Inc.",FETAL MONITORING TRANSDUCER STRAP,US,US,Milwaukee,A,remote_patient_monitoring,openfda_device_510k,remote monitoring,https://www.accessdata.fda.gov/scripts/cdrh/cfdocs/cfpmn/pmn.cfm?id=K902802,2026-05-14,FDA 510(k) K902802; 1990-09-04; product code HGM,0.86,company_product_public,strong_official_product,round1,no
"Card Guard Scientific Survival , Ltd.",CARD GUARD MODEL CG-900,US,US,Malibu,A,,openfda_device_510k,remote monitoring,https://www.accessdata.fda.gov/scripts/cdrh/cfdocs/cfpmn/pmn.cfm?id=K960553,2026-05-14,FDA 510(k) K960553; 1997-04-22; product code HGM,0.86,company_product_public,strong_official_product,round1,no
"Datascope Corp., Patient Monitoring Division","PASSPORT V MONITOR, MODEL 0998-00-6100",US,US,Mahwh,A,,openfda_device_510k,remote monitoring,https://www.accessdata.fda.gov/scripts/cdrh/cfdocs/cfpmn/pmn.cfm?id=K091834,2026-05-14,FDA 510(k) K091834; 2009-07-15; product code MHX,0.86,company_product_public,strong_official_product,round1,no
"Adsis , Ltd.",REMOTE PRESENCE AND CARE SYSTEM (RPCS 5000),US,US,Washington,A,,openfda_device_510k,remote monitoring,https://www.accessdata.fda.gov/scripts/cdrh/cfdocs/cfpmn/pmn.cfm?id=K010791,2026-05-14,FDA 510(k) K010791; 2001-06-08; product code DXH,0.86,company_product_public,strong_official_product,round1,no
"Andon Medical Co., Ltd.",AG-608 BLOOD GLUCOSE MONITORING SYSTEM AND AG-610 BLOOD GLUCOSE MONITORING SYSTEM,China,CN,Tianjin,A,remote_patient_monitoring,openfda_device_510k,remote monitoring,https://www.accessdata.fda.gov/scripts/cdrh/cfdocs/cfpmn/pmn.cfm?id=K093262,2026-05-14,FDA 510(k) K093262; 2010-07-13; product code NBW,0.86,company_product_public,strong_official_product,round1,no
"Nikomed U.S.A., Inc.",DISPOSABLE ECG MONITORING ELECTRODE,US,US,Doylestown,A,remote_patient_monitoring,openfda_device_510k,remote monitoring,https://www.accessdata.fda.gov/scripts/cdrh/cfdocs/cfpmn/pmn.cfm?id=K950473,2026-05-14,FDA 510(k) K950473; 1995-12-12; product code DRX,0.86,company_product_public,strong_official_product,round1,no
"Athena Gtx, Inc.",WVSM Pro (Series) (500-0030-XX),US,US,Johnson,A,,openfda_device_510k,remote patient monitoring,https://www.accessdata.fda.gov/scripts/cdrh/cfdocs/cfpmn/pmn.cfm?id=K233354,2026-05-14,FDA 510(k) K233354; 2024-06-26; product code MWI,0.86,company_product_public,strong_official_product,round1,no
Kimberly-Clark Corp.,KIMBERLY-CLARK STERLING NITRILE POWDER-FREE EXAM GLOVE (STERILE),US,US,Roswell,A,,openfda_device_510k,remote patient monitoring,https://www.accessdata.fda.gov/scripts/cdrh/cfdocs/cfpmn/pmn.cfm?id=K081027,2026-05-14,FDA 510(k) K081027; 2008-06-30; product code LZA,0.86,company_product_public,strong_official_product,round1,no
"Biosafety Systems, Inc.",P2 NITRILE EXAM GLOVES,US,US,San Diego,A,,openfda_device_510k,remote patient monitoring,https://www.accessdata.fda.gov/scripts/cdrh/cfdocs/cfpmn/pmn.cfm?id=K944095,2026-05-14,FDA 510(k) K944095; 1994-10-28; product code LYY,0.86,company_product_public,strong_official_product,round1,no
Terang Nusa Sdn Bhd,"Nugard Black Powder Free Latex Examination Glove, Polymer Coated, Contains 50 Micrograms or less of water extractable protein",,MY,Kota Bharu,A,,openfda_device_510k,remote patient monitoring,https://www.accessdata.fda.gov/scripts/cdrh/cfdocs/cfpmn/pmn.cfm?id=K170779,2026-05-14,FDA 510(k) K170779; 2017-05-24; product code LYY,0.86,company_product_public,strong_official_product,round1,no
Mistogen Equipment Co.,"HUMIDIFIER, ELECTRONIC (EH147)",US,US,Mchenry,A,,openfda_device_510k,remote patient monitoring,https://www.accessdata.fda.gov/scripts/cdrh/cfdocs/cfpmn/pmn.cfm?id=K760341,2026-05-14,FDA 510(k) K760341; 1976-08-11; product code KFZ,0.86,company_product_public,strong_official_product,round1,no
"Wen Hao, Inc.",EXAM GLOVES (MFG. GUEY HER ENT. CO. LTD),US,US,Seal Beach,A,,openfda_device_510k,remote patient monitoring,https://www.accessdata.fda.gov/scripts/cdrh/cfdocs/cfpmn/pmn.cfm?id=K893025,2026-05-14,FDA 510(k) K893025; 1990-01-23; product code LYY,0.86,company_product_public,strong_official_product,round1,no
Pt. Eka Wira Asia,"LATEX EXAMINATION GLOVES, POWDER FREE",,ID,Medan 20112 - Indonesia,A,,openfda_device_510k,remote patient monitoring,https://www.accessdata.fda.gov/scripts/cdrh/cfdocs/cfpmn/pmn.cfm?id=K941056,2026-05-14,FDA 510(k) K941056; 1994-04-29; product code LYY,0.86,company_product_public,strong_official_product,round1,no
"Medline Industries, Inc.",EUDERMIC MP LATEX EXAMINATION GLOVE-BLUE (TESTED FOR USE WITH CHEMOTHERAPY DRUGS) W/ A PROTEIN CONTENT LABEL CLAIM,US,US,Mundelein,A,,openfda_device_510k,remote patient monitoring,https://www.accessdata.fda.gov/scripts/cdrh/cfdocs/cfpmn/pmn.cfm?id=K103602,2026-05-14,FDA 510(k) K103602; 2011-04-21; product code LYY,0.86,company_product_public,strong_official_product,round1,no
Tg Medical (China) Incorporation,POWDERED VINYL EXAMINATION GLOVE,China,CN,"Zhangjiagang, Jiangsu Province",A,,openfda_device_510k,remote patient monitoring,https://www.accessdata.fda.gov/scripts/cdrh/cfdocs/cfpmn/pmn.cfm?id=K052984,2026-05-14,FDA 510(k) K052984; 2006-01-11; product code LYZ,0.86,company_product_public,strong_official_product,round1,no
"Respironics New Jersey, Inc.","MYNEB NEBULIZER, MODEL RDD100",US,US,Cedar Grove,A,,openfda_device_510k,remote patient monitoring,https://www.accessdata.fda.gov/scripts/cdrh/cfdocs/cfpmn/pmn.cfm?id=K053203,2026-05-14,FDA 510(k) K053203; 2005-12-20; product code CAF,0.86,company_product_public,strong_official_product,round1,no
Omni Sales Corp.,"OMNI GRIP LATEX EXAMINATION GLOVE, POWDER-FREE",US,US,Canton,A,,openfda_device_510k,remote patient monitoring,https://www.accessdata.fda.gov/scripts/cdrh/cfdocs/cfpmn/pmn.cfm?id=K964563,2026-05-14,FDA 510(k) K964563; 1996-12-30; product code LYY,0.86,company_product_public,strong_official_product,round1,no
"Rubbertech Industry Co., Ltd.",LATEX PATIENT EXAMINATION GLOVES,,MY,"Lumpur, Malaysia",A,,openfda_device_510k,remote patient monitoring,https://www.accessdata.fda.gov/scripts/cdrh/cfdocs/cfpmn/pmn.cfm?id=K895743,2026-05-14,FDA 510(k) K895743; 1989-10-13; product code LYY,0.86,company_product_public,strong_official_product,round1,no
"Gulf Medical Technologies, Inc.",SURETEX LATEX EXAMINATION GLOVES,US,US,"Puerto Rico, Oo639",A,,openfda_device_510k,remote patient monitoring,https://www.accessdata.fda.gov/scripts/cdrh/cfdocs/cfpmn/pmn.cfm?id=K900212,2026-05-14,FDA 510(k) K900212; 1990-01-23; product code LYY,0.86,company_product_public,strong_official_product,round1,no
"Atrility Medical, LLC","AtriAmp, AtriAmp - Pacing Cable Medtronic Connector, AtriAmp - Pacing Cable Oscor Connector",US,US,Madison,A,,openfda_device_510k,remote patient monitoring,https://www.accessdata.fda.gov/scripts/cdrh/cfdocs/cfpmn/pmn.cfm?id=K200674,2026-05-14,FDA 510(k) K200674; 2020-07-02; product code DSA,0.86,company_product_public,strong_official_product,round1,no
Hartalega NGC Sdn. Bhd.,"Nitrile Powder Free Examination Glove with Colloidal Oatmeal USP Skin Protectant - White, Nitrile Powder Free Examination Glove with Colloidal Oatmeal USP Skin Protectant - Dawn Blue, Nitrile Powder Free Examination Glove with Colloidal Oatmeal USP Skin Protectant - Dark Blue (DKBU), Nitrile Powder Free Examination Glove with Colloidal Oatmeal USP Skin Protectant - Dark Violet Blue (DVBU)",,MY,Sepang,A,,openfda_device_510k,remote patient monitoring,https://www.accessdata.fda.gov/scripts/cdrh/cfdocs/cfpmn/pmn.cfm?id=K150110,2026-05-14,FDA 510(k) K150110; 2015-04-23; product code LZA,0.86,company_product_public,strong_official_product,round1,no
"Sterigard, Inc.","LATEX PATIENT EXAMINATION GLOVES, HYPOALLERGENIC",US,US,Boca Raton,A,,openfda_device_510k,remote patient monitoring,https://www.accessdata.fda.gov/scripts/cdrh/cfdocs/cfpmn/pmn.cfm?id=K912083,2026-05-14,FDA 510(k) K912083; 1991-06-27; product code LYY,0.86,company_product_public,strong_official_product,round1,no
"C.R. Bard, Inc.",INSPIRON MANIFOLD (SINGLE),US,US,Mchenry,A,,openfda_device_510k,remote patient monitoring,https://www.accessdata.fda.gov/scripts/cdrh/cfdocs/cfpmn/pmn.cfm?id=K772295,2026-05-14,FDA 510(k) K772295; 1978-01-17; product code CAF,0.86,company_product_public,strong_official_product,round1,no
"Mexpo Intl., Inc.",BLOSSOM  POWDERED LATEX EXAMINATION GLOVES,US,US,"Hayward,",A,,openfda_device_510k,remote patient monitoring,https://www.accessdata.fda.gov/scripts/cdrh/cfdocs/cfpmn/pmn.cfm?id=K984040,2026-05-14,FDA 510(k) K984040; 1999-01-13; product code LYY,0.86,company_product_public,strong_official_product,round1,no
"Bruno Independent Living Aids, Inc.","BRUNO ELECTRA-RIDE, MODEL SRE-2700",US,US,Oconomowoc,A,,openfda_device_510k,remote patient monitoring,https://www.accessdata.fda.gov/scripts/cdrh/cfdocs/cfpmn/pmn.cfm?id=K022509,2026-05-14,FDA 510(k) K022509; 2002-08-13; product code ILK,0.86,company_product_public,strong_official_product,round1,no
"Kenwell International , Ltd.",LATEX PATIENT EXAMINATION GLOVES,,IN,"Karnataka, Karnataka",A,,openfda_device_510k,remote patient monitoring,https://www.accessdata.fda.gov/scripts/cdrh/cfdocs/cfpmn/pmn.cfm?id=K900811,2026-05-14,FDA 510(k) K900811; 1990-03-09; product code LYY,0.86,company_product_public,strong_official_product,round1,no
"Foshan Care Medical Technology Co., Ltd.",FOSHAN CARE MEDICAL NEBULIZER MODEL KYWH2001,US,US,Carmichael,A,,openfda_device_510k,remote patient monitoring,https://www.accessdata.fda.gov/scripts/cdrh/cfdocs/cfpmn/pmn.cfm?id=K101552,2026-05-14,FDA 510(k) K101552; 2011-03-14; product code CAF,0.86,company_product_public,strong_official_product,round1,no
Aspen Glove Sdn. Bhd.,Latex Examination Powder Free Gloves,,MY,Georgetown,A,,openfda_device_510k,remote patient monitoring,https://www.accessdata.fda.gov/scripts/cdrh/cfdocs/cfpmn/pmn.cfm?id=K211477,2026-05-14,FDA 510(k) K211477; 2021-09-20; product code LYY,0.86,company_product_public,strong_official_product,round1,no
"Mortara Instrument, Inc.",MORTARA SURVEYOR PATIENT MONITOR,US,US,Milwaukee,A,,openfda_device_510k,remote patient monitoring,https://www.accessdata.fda.gov/scripts/cdrh/cfdocs/cfpmn/pmn.cfm?id=K123556,2026-05-14,FDA 510(k) K123556; 2013-03-22; product code MHX,0.86,company_product_public,strong_official_product,round1,no
Ever-More Latex Products Sdn Bhd,EVER-MORE POWDER-FREE LATEX EXAMINATION GLOVES,,MY,Melaka,A,,openfda_device_510k,remote patient monitoring,https://www.accessdata.fda.gov/scripts/cdrh/cfdocs/cfpmn/pmn.cfm?id=K023524,2026-05-14,FDA 510(k) K023524; 2002-11-29; product code LYY,0.86,company_product_public,strong_official_product,round1,no
Tekmedic (M) Sdn Bhd,COLORED POWDER FREE LATEX EXAMINATION GLOVE (WHITE AND BLUE),,MY,"Jetty, Tanjung Kling, Malacca",A,,openfda_device_510k,remote patient monitoring,https://www.accessdata.fda.gov/scripts/cdrh/cfdocs/cfpmn/pmn.cfm?id=K121594,2026-05-14,FDA 510(k) K121594; 2012-10-25; product code LYY,0.86,company_product_public,strong_official_product,round1,no
Hospal Medical Corp.,"NEBULIZER, MOLEL 503, PART #17068",US,US,Mchenry,A,,openfda_device_510k,remote patient monitoring,https://www.accessdata.fda.gov/scripts/cdrh/cfdocs/cfpmn/pmn.cfm?id=K771105,2026-05-14,FDA 510(k) K771105; 1977-07-05; product code CAF,0.86,company_product_public,strong_official_product,round1,no
P.T. Wantong Industry,LATEX EXAMINATION GLOVES,US,US,San Gabriel,A,,openfda_device_510k,remote patient monitoring,https://www.accessdata.fda.gov/scripts/cdrh/cfdocs/cfpmn/pmn.cfm?id=K980215,2026-05-14,FDA 510(k) K980215; 1998-03-13; product code LYY,0.86,company_product_public,strong_official_product,round1,no
Careglove Global Sdn. Bhd.,Nitrile Examination Gloves Powder Free Tested For Use With Chemotherapy Drugs & Fentanyl Citrate (Blue & Black),,MY,Seremban,A,,openfda_device_510k,remote patient monitoring,https://www.accessdata.fda.gov/scripts/cdrh/cfdocs/cfpmn/pmn.cfm?id=K230121,2026-05-14,FDA 510(k) K230121; 2023-05-15; product code LZA,0.86,company_product_public,strong_official_product,round1,no
"Daesung America Co., Inc.",TIGER PATIENT EXAM GLOVES,US,US,Fort Lee,A,,openfda_device_510k,remote patient monitoring,https://www.accessdata.fda.gov/scripts/cdrh/cfdocs/cfpmn/pmn.cfm?id=K892978,2026-05-14,FDA 510(k) K892978; 1989-08-29; product code LYY,0.86,company_product_public,strong_official_product,round1,no
"Shenzhen Mindray Bio-Medical Electronics Co., Ltd.",MODIFICATION TO PM-8000 PATIENT MONITOR,US,US,Great Neck,A,,openfda_device_510k,remote patient monitoring,https://www.accessdata.fda.gov/scripts/cdrh/cfdocs/cfpmn/pmn.cfm?id=K043348,2026-05-14,FDA 510(k) K043348; 2005-01-06; product code MWI,0.86,company_product_public,strong_official_product,round1,no
Taiping Super Holdings Sdn Bhd,"AID, PROMISE POWDER FREE LATEX EXAMINATION GLOVES",,TW,"34007 Taiping, Perak.",A,,openfda_device_510k,remote patient monitoring,https://www.accessdata.fda.gov/scripts/cdrh/cfdocs/cfpmn/pmn.cfm?id=K931861,2026-05-14,FDA 510(k) K931861; 1994-06-17; product code LYY,0.86,company_product_public,strong_official_product,round1,no
"Erbe USA, Inc.",DISPOSABLE PATIENT RETURN ELECTRODE,US,US,Dacula,A,,openfda_device_510k,remote patient monitoring,https://www.accessdata.fda.gov/scripts/cdrh/cfdocs/cfpmn/pmn.cfm?id=K972269,2026-05-14,FDA 510(k) K972269; 1997-07-09; product code GEI,0.86,company_product_public,strong_official_product,round1,no
Samson Taiwan Corp.,VINYL EXAMINATION GLOVES,US,US,Santa Rosa,A,,openfda_device_510k,patient monitoring,https://www.accessdata.fda.gov/scripts/cdrh/cfdocs/cfpmn/pmn.cfm?id=K893102,2026-05-14,FDA 510(k) K893102; 1989-07-14; product code LYY,0.86,company_product_public,strong_official_product,round1,no
Tornier S.A.S.,BLUEPRINT Patient Specific Instrumentation,Europe,FR,Montbonnot-Saint-Martin,A,,openfda_device_510k,patient monitoring,https://www.accessdata.fda.gov/scripts/cdrh/cfdocs/cfpmn/pmn.cfm?id=K232265,2026-05-14,FDA 510(k) K232265; 2024-02-21; product code PHX,0.86,company_product_public,strong_official_product,round1,no
"Cambridge Heart, Inc.",CARDIAC DIAGNOSTIC SYSTEM MODEL CH 2000,US,US,South West Ranches,A,remote_patient_monitoring,openfda_device_510k,cardiac monitoring,https://www.accessdata.fda.gov/scripts/cdrh/cfdocs/cfpmn/pmn.cfm?id=K983102,2026-05-14,FDA 510(k) K983102; 1999-04-12; product code DQK,0.86,company_product_public,strong_official_product,round1,no
Instrumentation Laboratory CO,CARDIAC OUTPUT COMPUTER MODEL 701,US,US,Walker,A,remote_patient_monitoring,openfda_device_510k,cardiac monitoring,https://www.accessdata.fda.gov/scripts/cdrh/cfdocs/cfpmn/pmn.cfm?id=K771977,2026-05-14,FDA 510(k) K771977; 1978-01-03; product code DSK,0.86,company_product_public,strong_official_product,round1,no
"Philips Medizinsysteme Boeblingen GmbH, Cardiac AN",INTELLIVUE CL RESPIRATION POD,Europe,DE,"Boeblingen, Baden-Wuerttemberg",A,,openfda_device_510k,cardiac monitoring,https://www.accessdata.fda.gov/scripts/cdrh/cfdocs/cfpmn/pmn.cfm?id=K132320,2026-05-14,FDA 510(k) K132320; 2014-03-26; product code BZQ,0.86,company_product_public,strong_official_product,round1,no
"Cardiac Pacemakers, Inc.","LEAD ADAPTERS #'S 6016,6022,6017 ETC",US,US,Mchenry,A,,openfda_device_510k,cardiac monitoring,https://www.accessdata.fda.gov/scripts/cdrh/cfdocs/cfpmn/pmn.cfm?id=K831160,2026-05-14,FDA 510(k) K831160; 1983-05-09; product code DTD,0.86,company_product_public,strong_official_product,round1,no
"Arzco Medical Electronics, Inc.",TAPSCOPE ESOPHAGEAL CARDIAC RECORDING STETHOSCOPE,US,US,Vernon Hills,A,remote_patient_monitoring,openfda_device_510k,cardiac monitoring,https://www.accessdata.fda.gov/scripts/cdrh/cfdocs/cfpmn/pmn.cfm?id=K904943,2026-05-14,FDA 510(k) K904943; 1991-04-26; product code BZT,0.86,company_product_public,strong_official_product,round1,no
"Philips Medical Systems, Inc.",PHILIPS CARDIAC WORKSTATION,Europe,NL,5680 Da Best,A,remote_patient_monitoring,openfda_device_510k,cardiac monitoring,https://www.accessdata.fda.gov/scripts/cdrh/cfdocs/cfpmn/pmn.cfm?id=K922622,2026-05-14,FDA 510(k) K922622; 1992-08-11; product code IZI,0.86,company_product_public,strong_official_product,round1,no
"Lawrence Medical Systems, Inc.",LAWRENCE L3000 CARDIAC OUTPUT MONITOR,US,US,Cammarillo,A,remote_patient_monitoring,openfda_device_510k,cardiac monitoring,https://www.accessdata.fda.gov/scripts/cdrh/cfdocs/cfpmn/pmn.cfm?id=K874885,2026-05-14,FDA 510(k) K874885; 1988-02-05; product code DPW,0.86,company_product_public,strong_official_product,round1,no
Hewlett-Packard Co.,CARDIAC OUTPUT MODULE-78231C,US,US,Walker,A,remote_patient_monitoring,openfda_device_510k,cardiac monitoring,https://www.accessdata.fda.gov/scripts/cdrh/cfdocs/cfpmn/pmn.cfm?id=K772234,2026-05-14,FDA 510(k) K772234; 1978-01-05; product code DSK,0.86,company_product_public,strong_official_product,round1,no
Hewlett-Packard Co.,CARDIAC MONITOR - RATE ALARM,US,US,Walker,A,remote_patient_monitoring,openfda_device_510k,cardiac monitoring,https://www.accessdata.fda.gov/scripts/cdrh/cfdocs/cfpmn/pmn.cfm?id=K820825,2026-05-14,FDA 510(k) K820825; 1982-04-15; product code DRT,0.86,company_product_public,strong_official_product,round1,no
"Cardiac Control Systems, Inc.",MAESTRO(R) SERIES 100/200 SINGLE CHAMBER PACEMAKER,US,US,Palm Coast,A,,openfda_device_510k,cardiac monitoring,https://www.accessdata.fda.gov/scripts/cdrh/cfdocs/cfpmn/pmn.cfm?id=K884023,2026-05-14,FDA 510(k) K884023; 1988-10-17; product code DXY,0.86,company_product_public,strong_official_product,round1,no
Cedars-Sinai Medical Center,CSMC Cardiac Suite,US,US,Los Angeles,A,remote_patient_monitoring,openfda_device_510k,cardiac monitoring,https://www.accessdata.fda.gov/scripts/cdrh/cfdocs/cfpmn/pmn.cfm?id=K172609,2026-05-14,FDA 510(k) K172609; 2017-11-03; product code KPS,0.86,company_product_public,strong_official_product,round1,no
Tomtec Imaging Systems GmbH,IMAGE-ARENA 4.0 AND IA APPLICATIONS 2D CARDIAC PERFORMANCE ANALYSIS 1.0,Europe,DE,Unterschleissheim,A,samd; remote_patient_monitoring,openfda_device_510k,cardiac monitoring,https://www.accessdata.fda.gov/scripts/cdrh/cfdocs/cfpmn/pmn.cfm?id=K090461,2026-05-14,FDA 510(k) K090461; 2009-05-22; product code LLZ,0.86,company_product_public,strong_official_product,round1,no
R D Intl.,RDI CARDIAC INSULATION PAD,US,US,Richardson,A,remote_patient_monitoring,openfda_device_510k,cardiac monitoring,https://www.accessdata.fda.gov/scripts/cdrh/cfdocs/cfpmn/pmn.cfm?id=K960312,2026-05-14,FDA 510(k) K960312; 1996-04-19; product code DWP,0.86,company_product_public,strong_official_product,round1,no
"Biotechnology, Inc.",BIOCHECK PEC-108 PROGRAM-PULSE MONITOR,US,US,Mchenry,A,,openfda_device_510k,cardiac monitoring,https://www.accessdata.fda.gov/scripts/cdrh/cfdocs/cfpmn/pmn.cfm?id=K831752,2026-05-14,FDA 510(k) K831752; 1983-09-29; product code DRT,0.86,company_product_public,strong_official_product,round1,no
"Paceart, Inc.",PACEART TX3 CARDIAC EVENT RECORDER,US,US,Hasbrouck Heights,A,remote_patient_monitoring,openfda_device_510k,cardiac monitoring,https://www.accessdata.fda.gov/scripts/cdrh/cfdocs/cfpmn/pmn.cfm?id=K012407,2026-05-14,FDA 510(k) K012407; 2001-08-14; product code DXH,0.86,company_product_public,strong_official_product,round1,no
"Kone Instruments, Inc.",CENTRAL STATION 590,US,US,Mchenry,A,,openfda_device_510k,cardiac monitoring,https://www.accessdata.fda.gov/scripts/cdrh/cfdocs/cfpmn/pmn.cfm?id=K830432,2026-05-14,FDA 510(k) K830432; 1983-03-24; product code DRT,0.86,company_product_public,strong_official_product,round1,no
"Biotronik, Inc.",BIOMONITOR IV (471155),US,US,Lake Oswego,A,,openfda_device_510k,cardiac monitoring,https://www.accessdata.fda.gov/scripts/cdrh/cfdocs/cfpmn/pmn.cfm?id=K261074,2026-05-14,FDA 510(k) K261074; 2026-05-01; product code MXD,0.86,company_product_public,strong_official_product,round1,no
Cardiac Telecommunications,"CARDTEL, MODEL NT-100",US,US,Houston,A,,openfda_device_510k,cardiac monitoring,https://www.accessdata.fda.gov/scripts/cdrh/cfdocs/cfpmn/pmn.cfm?id=K000609,2026-05-14,FDA 510(k) K000609; 2000-05-23; product code MWJ,0.86,company_product_public,strong_official_product,round1,no
"Cardima, Inc.",MODIFICATION TO: CARDIMA ABLATION SYSTEM,US,US,Fremont,A,,openfda_device_510k,cardiac monitoring,https://www.accessdata.fda.gov/scripts/cdrh/cfdocs/cfpmn/pmn.cfm?id=K060715,2026-05-14,FDA 510(k) K060715; 2006-05-15; product code OCL,0.86,company_product_public,strong_official_product,round1,no
Omega Critical Care Limited,"CONTINUOUS CARDIAC OUPUT MONITOR, TRUCCOM",Europe,GB,East Kilbride,A,remote_patient_monitoring,openfda_device_510k,cardiac monitoring,https://www.accessdata.fda.gov/scripts/cdrh/cfdocs/cfpmn/pmn.cfm?id=K081776,2026-05-14,FDA 510(k) K081776; 2008-07-22; product code DXG,0.86,company_product_public,strong_official_product,round1,no
"Stanford Assoc., Inc.",HEART RATE COMPUTER,US,US,Mchenry,A,,openfda_device_510k,cardiac monitoring,https://www.accessdata.fda.gov/scripts/cdrh/cfdocs/cfpmn/pmn.cfm?id=K791862,2026-05-14,FDA 510(k) K791862; 1979-10-04; product code DRT,0.86,company_product_public,strong_official_product,round1,no
"Michigan Instruments, Inc.",CARDIOPULMONARY RESUSCITATOR,US,US,Mchenry,A,,openfda_device_510k,cardiac monitoring,https://www.accessdata.fda.gov/scripts/cdrh/cfdocs/cfpmn/pmn.cfm?id=K833879,2026-05-14,FDA 510(k) K833879; 1983-12-27; product code DRM,0.86,company_product_public,strong_official_product,round1,no
Abbott Laboratories,SOF-TACT DIABETES MANAGEMENT SYSTEM; SOF-TACT GLUCOSE TEST STRIP; PRECISION CONTROL SOLUTIONS,US,US,Bedford,A,chronic_disease_management,openfda_device_510k,diabetes,https://www.accessdata.fda.gov/scripts/cdrh/cfdocs/cfpmn/pmn.cfm?id=K001993,2026-05-14,FDA 510(k) K001993; 2000-11-13; product code LFR,0.86,company_product_public,strong_official_product,round1,no
"Tandem Diabetes Care, Inc.",T:CONNECT DATA MANAGEMENT SYSTEM,US,US,San Diego,A,,openfda_device_510k,diabetes,https://www.accessdata.fda.gov/scripts/cdrh/cfdocs/cfpmn/pmn.cfm?id=K122361,2026-05-14,FDA 510(k) K122361; 2013-02-22; product code OUG,0.86,company_product_public,strong_official_product,round1,no
"Abbott Diabetes Care, Inc.","PRECISION XTRA BLOOD B KETONE TEST STRIPS, OPTIUM BLOOD B KETONE TEST STRIPS",US,US,Alameda,A,,openfda_device_510k,diabetes,https://www.accessdata.fda.gov/scripts/cdrh/cfdocs/cfpmn/pmn.cfm?id=K060768,2026-05-14,FDA 510(k) K060768; 2006-04-21; product code JIN,0.86,company_product_public,strong_official_product,round1,no
Bio-Rad Laboratories,LYPHOCHEK DIABETES CONTROL,US,US,Irvine,A,chronic_disease_management,openfda_device_510k,diabetes,https://www.accessdata.fda.gov/scripts/cdrh/cfdocs/cfpmn/pmn.cfm?id=K070546,2026-05-14,FDA 510(k) K070546; 2007-04-02; product code GGM,0.86,company_product_public,strong_official_product,round1,no
"Abbott Diabetes Care, Inc.",FREESTYLE AVIATOR INSULIN DELIVERY AND BLOOD GLUCOSE MONITORING SYSTEM,US,US,Alameda,A,remote_patient_monitoring,openfda_device_510k,diabetes,https://www.accessdata.fda.gov/scripts/cdrh/cfdocs/cfpmn/pmn.cfm?id=K083225,2026-05-14,FDA 510(k) K083225; 2009-02-20; product code LZG,0.86,company_product_public,strong_official_product,round1,no
"Agamatrix, Inc.","IBGSTAR BLOOD GLUCOSE MONITORING SYSTEM, IBGSTAR DIABETES MANAGER APPLICATION, REV D",US,US,Salem,A,samd; remote_patient_monitoring; chronic_disease_management,openfda_device_510k,diabetes,https://www.accessdata.fda.gov/scripts/cdrh/cfdocs/cfpmn/pmn.cfm?id=K103544,2026-05-14,FDA 510(k) K103544; 2011-12-07; product code NBW,0.86,company_product_public,strong_official_product,round1,no
"Tandem Diabetes Care, Inc.",Control-IQ Technology,US,US,San Diego,A,,openfda_device_510k,diabetes,https://www.accessdata.fda.gov/scripts/cdrh/cfdocs/cfpmn/pmn.cfm?id=K232382,2026-05-14,FDA 510(k) K232382; 2023-11-03; product code QJI,0.86,company_product_public,strong_official_product,round1,no
Animas Corp.,EZMANAGER MAX DIABETES MANAGEMENT SOFTWARE,US,US,West Chester,A,samd; chronic_disease_management,openfda_device_510k,diabetes,https://www.accessdata.fda.gov/scripts/cdrh/cfdocs/cfpmn/pmn.cfm?id=K063674,2026-05-14,FDA 510(k) K063674; 2007-03-30; product code LZG,0.86,company_product_public,strong_official_product,round1,no
"Abbott Diabetes Care, Inc.",FREESTYLE 600 BLOOD GLUCOSE MONITORING SYSTEM,US,US,Alameda,A,remote_patient_monitoring,openfda_device_510k,diabetes,https://www.accessdata.fda.gov/scripts/cdrh/cfdocs/cfpmn/pmn.cfm?id=K050500,2026-05-14,FDA 510(k) K050500; 2005-06-27; product code NBW,0.86,company_product_public,strong_official_product,round1,no
"Sweetspot Diabetes Care, Inc.",SWEETSPOT DIABETES DATA MANAGEMENT SERVICE,US,US,Portland,A,chronic_disease_management,openfda_device_510k,diabetes,https://www.accessdata.fda.gov/scripts/cdrh/cfdocs/cfpmn/pmn.cfm?id=K111509,2026-05-14,FDA 510(k) K111509; 2011-11-09; product code NBW,0.86,company_product_public,strong_official_product,round1,no
Abbott Diabetes Care,FREESTYLE PRECISION PRO BLOOD GLUCOSE AND B-KETONE MONITORING SYSTEM,US,US,Alameda,A,remote_patient_monitoring,openfda_device_510k,diabetes,https://www.accessdata.fda.gov/scripts/cdrh/cfdocs/cfpmn/pmn.cfm?id=K130094,2026-05-14,FDA 510(k) K130094; 2013-06-27; product code NBW,0.86,company_product_public,strong_official_product,round1,no
"Abbott Diabetes Care, Inc.",FREESTYLE TRACKER DIABETES MANAGEMENT SYSTEM,US,US,Alameda,A,chronic_disease_management,openfda_device_510k,diabetes,https://www.accessdata.fda.gov/scripts/cdrh/cfdocs/cfpmn/pmn.cfm?id=K020866,2026-05-14,FDA 510(k) K020866; 2002-06-11; product code NBW,0.86,company_product_public,strong_official_product,round1,no
Voluntis Sa.,Insulia Diabetes Management Companion,Europe,FR,Paris,A,chronic_disease_management,openfda_device_510k,diabetes,https://www.accessdata.fda.gov/scripts/cdrh/cfdocs/cfpmn/pmn.cfm?id=K170669,2026-05-14,FDA 510(k) K170669; 2017-06-19; product code NDC,0.86,company_product_public,strong_official_product,round1,no
E-San Limited,THINK POSITIVE DIABETES MANAGEMENT SYSTEM (T+DIABETES SYSTEM),US,US,Washington,A,chronic_disease_management,openfda_device_510k,diabetes,https://www.accessdata.fda.gov/scripts/cdrh/cfdocs/cfpmn/pmn.cfm?id=K061328,2026-05-14,FDA 510(k) K061328; 2006-06-13; product code NBW,0.86,company_product_public,strong_official_product,round1,no
"Tandem Diabetes Care, Inc.",Basal-IQ Technology,US,US,San Diego,A,,openfda_device_510k,diabetes,https://www.accessdata.fda.gov/scripts/cdrh/cfdocs/cfpmn/pmn.cfm?id=K193483,2026-05-14,FDA 510(k) K193483; 2020-02-28; product code QJS,0.86,company_product_public,strong_official_product,round1,no
"Roche Diabetes Care, Inc.",Accu-Chek Softclix Blood Lancing System,US,US,Indianapolis,A,,openfda_device_510k,diabetes,https://www.accessdata.fda.gov/scripts/cdrh/cfdocs/cfpmn/pmn.cfm?id=K214022,2026-05-14,FDA 510(k) K214022; 2022-02-17; product code QRL,0.86,company_product_public,strong_official_product,round1,no
"Lifescan, Inc.",ONETOUCH REVEAL DIABETES MANAGEMENT APPLICATION,US,US,West Chester,A,samd; chronic_disease_management,openfda_device_510k,diabetes,https://www.accessdata.fda.gov/scripts/cdrh/cfdocs/cfpmn/pmn.cfm?id=K120558,2026-05-14,FDA 510(k) K120558; 2013-02-07; product code NBW,0.86,company_product_public,strong_official_product,round1,no
"Bayer Healthcare, LLC",GLUCOFACTS EXPRESS DIABETES MANAGEMENT SOFTWARE,US,US,Mishawaka,A,samd; chronic_disease_management,openfda_device_510k,diabetes,https://www.accessdata.fda.gov/scripts/cdrh/cfdocs/cfpmn/pmn.cfm?id=K082486,2026-05-14,FDA 510(k) K082486; 2008-10-08; product code NBW,0.86,company_product_public,strong_official_product,round1,no
"Tandem Diabetes Care, Inc.",T:SLIM (TM) INSULIN DELIVERY SYSTEM,US,US,San Diego,A,,openfda_device_510k,diabetes,https://www.accessdata.fda.gov/scripts/cdrh/cfdocs/cfpmn/pmn.cfm?id=K111210,2026-05-14,FDA 510(k) K111210; 2011-11-09; product code LZG,0.86,company_product_public,strong_official_product,round1,no
"M2 Group Holdings, Inc.",PEARL DIABETES MANAGEMENT SYSTEM,US,US,Sunnyvale,A,chronic_disease_management,openfda_device_510k,diabetes,https://www.accessdata.fda.gov/scripts/cdrh/cfdocs/cfpmn/pmn.cfm?id=K100567,2026-05-14,FDA 510(k) K100567; 2011-05-10; product code LZG,0.86,company_product_public,strong_official_product,round1,no
"Dexcom, Inc.",Dexcom G6 Glucose Program Continuous Glucose Monitoring (GCM) System,US,US,San Diego,A,remote_patient_monitoring,openfda_device_510k,diabetes,https://www.accessdata.fda.gov/scripts/cdrh/cfdocs/cfpmn/pmn.cfm?id=K192787,2026-05-14,FDA 510(k) K192787; 2019-10-25; product code QDK,0.86,company_product_public,strong_official_product,round1,no
"Ascensia Diabetes Care U.S., Inc.",MICROLET®NEXT 2 Lancing Device,US,US,Parsippany,A,,openfda_device_510k,diabetes,https://www.accessdata.fda.gov/scripts/cdrh/cfdocs/cfpmn/pmn.cfm?id=K250813,2026-05-14,FDA 510(k) K250813; 2025-05-14; product code QRL,0.86,company_product_public,strong_official_product,round1,no
"Primus, Inc.",DIABETES CARE(TM) TEST PACKAGE FOR THE CLC 330(TM),US,US,Kansas City,A,chronic_disease_management,openfda_device_510k,diabetes,https://www.accessdata.fda.gov/scripts/cdrh/cfdocs/cfpmn/pmn.cfm?id=K896582,2026-05-14,FDA 510(k) K896582; 1990-06-28; product code LCP,0.86,company_product_public,strong_official_product,round1,no
"Arkray Factory USA, Inc.",ARKRAY DIABETES DATA MANAGEMENT SOFTWARE (SMBG VIEWER),US,US,Edina,A,samd; chronic_disease_management,openfda_device_510k,diabetes,https://www.accessdata.fda.gov/scripts/cdrh/cfdocs/cfpmn/pmn.cfm?id=K093819,2026-05-14,FDA 510(k) K093819; 2010-06-09; product code NBW,0.86,company_product_public,strong_official_product,round1,no
"Tandem Diabetes Care, Inc.",Control-IQ+ technology,US,US,San Diego,A,,openfda_device_510k,diabetes,https://www.accessdata.fda.gov/scripts/cdrh/cfdocs/cfpmn/pmn.cfm?id=K260429,2026-05-14,FDA 510(k) K260429; 2026-04-24; product code QJI,0.86,company_product_public,strong_official_product,round1,no
"Tandem Diabetes Care, Inc.",T:SLIM INSULIN DELIVERY SYSTEM,US,US,Philedelphia,A,,openfda_device_510k,diabetes,https://www.accessdata.fda.gov/scripts/cdrh/cfdocs/cfpmn/pmn.cfm?id=K133593,2026-05-14,FDA 510(k) K133593; 2014-03-24; product code LZG,0.86,company_product_public,strong_official_product,round1,no
"Abbott Diabetes Care, Inc.",FreeStyle Precision Neo Blood Glucose Test Strips,US,US,Alameda,A,,openfda_device_510k,diabetes,https://www.accessdata.fda.gov/scripts/cdrh/cfdocs/cfpmn/pmn.cfm?id=K171941,2026-05-14,FDA 510(k) K171941; 2017-09-27; product code NBW,0.86,company_product_public,strong_official_product,round1,no
"Symcare Personalized Health Solutions, Inc.",INTOUCH DIABETES,US,US,Wayne,A,chronic_disease_management,openfda_device_510k,diabetes,https://www.accessdata.fda.gov/scripts/cdrh/cfdocs/cfpmn/pmn.cfm?id=K093789,2026-05-14,FDA 510(k) K093789; 2010-02-19; product code NBW,0.86,company_product_public,strong_official_product,round1,no
"Abbott Diabetes Care, Inc.","PRECISION XCEED PRO BLOOD GLUCOSE AND B-KETONE MONITORING SYSTEM WITH MODELS BGMS:70900-03, 70090-02, G3CH STRIPS",US,US,Alameda,A,remote_patient_monitoring,openfda_device_510k,diabetes,https://www.accessdata.fda.gov/scripts/cdrh/cfdocs/cfpmn/pmn.cfm?id=K080960,2026-05-14,FDA 510(k) K080960; 2008-09-05; product code NBW,0.86,company_product_public,strong_official_product,round1,no
"Medical Analysis Systems, Inc.","MAS, DADE AND LIQUID ASSAYED DIABETES CONTROL",US,US,Camarillo,A,chronic_disease_management,openfda_device_510k,diabetes,https://www.accessdata.fda.gov/scripts/cdrh/cfdocs/cfpmn/pmn.cfm?id=K042717,2026-05-14,FDA 510(k) K042717; 2004-11-05; product code JJX,0.86,company_product_public,strong_official_product,round1,no
"Mycare Team, Inc.",MCT-DIABETES,US,US,Fairfax,A,chronic_disease_management,openfda_device_510k,diabetes,https://www.accessdata.fda.gov/scripts/cdrh/cfdocs/cfpmn/pmn.cfm?id=K073699,2026-05-14,FDA 510(k) K073699; 2008-03-26; product code NBW,0.86,company_product_public,strong_official_product,round1,no
"Applied Diabetes Research, Inc.","THINSET 1.8 ML RESERVOIR, MODEL 326A; THINSET 3.0 ML RESERVOIR, MODEL 332A",US,US,Dana Point,A,,openfda_device_510k,diabetes,https://www.accessdata.fda.gov/scripts/cdrh/cfdocs/cfpmn/pmn.cfm?id=K041152,2026-05-14,FDA 510(k) K041152; 2004-05-24; product code FRN,0.86,company_product_public,strong_official_product,round1,no
"Dexcom, Inc.",Dexcom G6 Glucose Program Continuous Glucose Monitoring (CGM) System,US,US,San Diego,A,remote_patient_monitoring,openfda_device_510k,diabetes,https://www.accessdata.fda.gov/scripts/cdrh/cfdocs/cfpmn/pmn.cfm?id=K193642,2026-05-14,FDA 510(k) K193642; 2020-01-29; product code QDK,0.86,company_product_public,strong_official_product,round1,no
"Abbott Diabetes Care, Inc.",FreeStyle Libre 3 Continuous Glucose Monitoring System,US,US,Alameda,A,remote_patient_monitoring,openfda_device_510k,diabetes,https://www.accessdata.fda.gov/scripts/cdrh/cfdocs/cfpmn/pmn.cfm?id=K212132,2026-05-14,FDA 510(k) K212132; 2022-05-26; product code QLG,0.86,company_product_public,strong_official_product,round1,no
"DreaMed Diabetes, Ltd.",endo.digital Platform,,IL,Petah Tikva,A,,openfda_device_510k,diabetes,https://www.accessdata.fda.gov/scripts/cdrh/cfdocs/cfpmn/pmn.cfm?id=K232722,2026-05-14,FDA 510(k) K232722; 2023-10-03; product code QCC,0.86,company_product_public,strong_official_product,round1,no
"Abbott Diabetes Care, Inc.",FreeStyle Libre 2 Flash Glucose Monitoring System,US,US,Alameda,A,remote_patient_monitoring,openfda_device_510k,diabetes,https://www.accessdata.fda.gov/scripts/cdrh/cfdocs/cfpmn/pmn.cfm?id=K193371,2026-05-14,FDA 510(k) K193371; 2020-06-12; product code QLG,0.86,company_product_public,strong_official_product,round1,no
"ACON Laboratories, Inc.",ON CALL PLUS DIABETES MONITORING SOFTWARE,US,US,San Diego,A,samd; remote_patient_monitoring; chronic_disease_management,openfda_device_510k,diabetes,https://www.accessdata.fda.gov/scripts/cdrh/cfdocs/cfpmn/pmn.cfm?id=K101371,2026-05-14,FDA 510(k) K101371; 2011-01-07; product code NBW,0.86,company_product_public,strong_official_product,round1,no
"Roche Diabetes Care, Inc.",Accu-Chek Safe-T-Pro Uno Lancing Device,US,US,Indianapolis,A,,openfda_device_510k,diabetes,https://www.accessdata.fda.gov/scripts/cdrh/cfdocs/cfpmn/pmn.cfm?id=K220364,2026-05-14,FDA 510(k) K220364; 2022-04-05; product code FMK,0.86,company_product_public,strong_official_product,round1,no
"Medical Analysis Systems, Inc.",MAS DIABETES CONTROL - LYOPHILIZED ASSAYED DIABETES CONTROL,US,US,Camarillo,A,chronic_disease_management,openfda_device_510k,diabetes,https://www.accessdata.fda.gov/scripts/cdrh/cfdocs/cfpmn/pmn.cfm?id=K023307,2026-05-14,FDA 510(k) K023307; 2002-10-31; product code JJX,0.86,company_product_public,strong_official_product,round1,no
"Lifescan, Inc.",ONE TOUCH PROFILE COMPLETE DIABETES TRACKING SYSTEM,US,US,Milpitas,A,chronic_disease_management,openfda_device_510k,diabetes,https://www.accessdata.fda.gov/scripts/cdrh/cfdocs/cfpmn/pmn.cfm?id=K950727,2026-05-14,FDA 510(k) K950727; 1995-06-01; product code CGA,0.86,company_product_public,strong_official_product,round1,no
Quantimetrix Corp.,DROPPER A1C DIABETES CONTROL,US,US,Redondo Beach,A,chronic_disease_management,openfda_device_510k,diabetes,https://www.accessdata.fda.gov/scripts/cdrh/cfdocs/cfpmn/pmn.cfm?id=K103744,2026-05-14,FDA 510(k) K103744; 2011-05-12; product code JJX,0.86,company_product_public,strong_official_product,round1,no
"Tandem Diabetes Care, Inc.",T:SLIM INSULIN DELIVERY SYSTEM,US,US,Philedelphia,A,,openfda_device_510k,diabetes,https://www.accessdata.fda.gov/scripts/cdrh/cfdocs/cfpmn/pmn.cfm?id=K141758,2026-05-14,FDA 510(k) K141758; 2014-10-31; product code LZG,0.86,company_product_public,strong_official_product,round1,no
"Lifescan, Inc.",ONETOUCH ZOOM DIABETES MANAGEMENT PROGRAM,US,US,Milpitas,A,chronic_disease_management,openfda_device_510k,diabetes,https://www.accessdata.fda.gov/scripts/cdrh/cfdocs/cfpmn/pmn.cfm?id=K081318,2026-05-14,FDA 510(k) K081318; 2008-06-09; product code NBW,0.86,company_product_public,strong_official_product,round1,no
Bionime Corporation,BIONIME DIABETES MANAGEMENT SYSTEM VI.0,US,US,Mission Viejo,A,chronic_disease_management,openfda_device_510k,diabetes,https://www.accessdata.fda.gov/scripts/cdrh/cfdocs/cfpmn/pmn.cfm?id=K113007,2026-05-14,FDA 510(k) K113007; 2012-02-27; product code JQP,0.86,company_product_public,strong_official_product,round1,no
"Tandem Diabetes Care, Inc.",t:flex Insulin Delivery System,US,US,San Diego,A,,openfda_device_510k,diabetes,https://www.accessdata.fda.gov/scripts/cdrh/cfdocs/cfpmn/pmn.cfm?id=K143189,2026-05-14,FDA 510(k) K143189; 2015-01-09; product code LZG,0.86,company_product_public,strong_official_product,round1,no
"Tandem Diabetes Care, Inc.",t:slim X2 Insulin Pump with Interoperable Technology (with t:connect mobile app),US,US,San Diego,A,samd,openfda_device_510k,diabetes,https://www.accessdata.fda.gov/scripts/cdrh/cfdocs/cfpmn/pmn.cfm?id=K203234,2026-05-14,FDA 510(k) K203234; 2022-02-15; product code QFG,0.86,company_product_public,strong_official_product,round1,no
"Abbott Diabetes Care, Inc.",FREESTYLE PRECISION PRO BLOOD GLUCOSE AND B-KETONE MONITORING SYSTEM,US,US,Alameda,A,remote_patient_monitoring,openfda_device_510k,diabetes,https://www.accessdata.fda.gov/scripts/cdrh/cfdocs/cfpmn/pmn.cfm?id=K132511,2026-05-14,FDA 510(k) K132511; 2013-12-24; product code NBW,0.86,company_product_public,strong_official_product,round1,no
Bio-Rad,"LIQUICHEK DIABETES CONTROL, LEVEL 1,2,3,4",US,US,Irvine,A,chronic_disease_management,openfda_device_510k,diabetes,https://www.accessdata.fda.gov/scripts/cdrh/cfdocs/cfpmn/pmn.cfm?id=K052838,2026-05-14,FDA 510(k) K052838; 2005-11-09; product code GGM,0.86,company_product_public,strong_official_product,round1,no
"Nipro Diabetes Systems, Inc.",AMIGO INSULIN PUMP,US,US,Miramar,A,,openfda_device_510k,diabetes,https://www.accessdata.fda.gov/scripts/cdrh/cfdocs/cfpmn/pmn.cfm?id=K050312,2026-05-14,FDA 510(k) K050312; 2005-05-09; product code LZG,0.86,company_product_public,strong_official_product,round1,no
"Lifescan, Inc.",IN TOUCH DIABETES MANAGEMENT SOFTWARE,US,US,Milpitas,A,samd; chronic_disease_management,openfda_device_510k,diabetes,https://www.accessdata.fda.gov/scripts/cdrh/cfdocs/cfpmn/pmn.cfm?id=K984527,2026-05-14,FDA 510(k) K984527; 1999-04-29; product code CGA,0.86,company_product_public,strong_official_product,round1,no
"Neuro-Fitness, LLC",CES ULTRA,US,US,Snoqualmie,A,,openfda_device_510k,insomnia,https://www.accessdata.fda.gov/scripts/cdrh/cfdocs/cfpmn/pmn.cfm?id=K062284,2026-05-14,FDA 510(k) K062284; 2007-04-05; product code QJQ,0.86,company_product_public,strong_official_product,round1,no
New Horizon Health Care,NH-2002,US,US,Sandy,A,,openfda_device_510k,insomnia,https://www.accessdata.fda.gov/scripts/cdrh/cfdocs/cfpmn/pmn.cfm?id=K932050,2026-05-14,FDA 510(k) K932050; 1995-06-05; product code QJQ,0.86,company_product_public,strong_official_product,round1,no
"Medical Consultants Intl. , Ltd.",LISS CRANIAL STIMULATOR MODEL SBL202-B,US,US,Glen Rock,A,,openfda_device_510k,insomnia,https://www.accessdata.fda.gov/scripts/cdrh/cfdocs/cfpmn/pmn.cfm?id=K903654,2026-05-14,FDA 510(k) K903654; 1990-10-04; product code QJQ,0.86,company_product_public,strong_official_product,round1,no
"Medical Consultants Intl. , Ltd.",LISS CRANIAL STIMULATOR MODEL SBL201-M,US,US,Glen Rock,A,,openfda_device_510k,insomnia,https://www.accessdata.fda.gov/scripts/cdrh/cfdocs/cfpmn/pmn.cfm?id=K894515,2026-05-14,FDA 510(k) K894515; 1990-05-03; product code QJQ,0.86,company_product_public,strong_official_product,round1,no
"Neurovalens , Ltd.",Modius Sleep,Europe,GB,Portglenone,A,sleep_health,openfda_device_510k,insomnia,https://www.accessdata.fda.gov/scripts/cdrh/cfdocs/cfpmn/pmn.cfm?id=K230826,2026-05-14,FDA 510(k) K230826; 2023-10-27; product code QJQ,0.86,company_product_public,strong_official_product,round1,no
"Cereve, Inc.",Cereve Sleep System,US,US,Oakmont,A,sleep_health,openfda_device_510k,insomnia,https://www.accessdata.fda.gov/scripts/cdrh/cfdocs/cfpmn/pmn.cfm?id=DEN140032,2026-05-14,FDA 510(k) DEN140032; 2016-05-13; product code PLU,0.86,company_product_public,strong_official_product,round1,no
"Healthdirections, Inc.",HP-1 (HEALTHPAX),US,US,Morrisville,A,,openfda_device_510k,insomnia,https://www.accessdata.fda.gov/scripts/cdrh/cfdocs/cfpmn/pmn.cfm?id=K883812,2026-05-14,FDA 510(k) K883812; 1988-11-28; product code QJQ,0.86,company_product_public,strong_official_product,round1,no
"Pear Therapeutics, Inc.",Somryst,US,US,San Francisco,A,,openfda_device_510k,insomnia,https://www.accessdata.fda.gov/scripts/cdrh/cfdocs/cfpmn/pmn.cfm?id=K191716,2026-05-14,FDA 510(k) K191716; 2020-03-23; product code QVO,0.86,company_product_public,strong_official_product,round1,no
"Life Balance Intl., Inc.",LB-2000 CRANIAL ELECTROTHERAPY STIMULATOR,US,US,East Draper,A,,openfda_device_510k,insomnia,https://www.accessdata.fda.gov/scripts/cdrh/cfdocs/cfpmn/pmn.cfm?id=K910616,2026-05-14,FDA 510(k) K910616; 1992-05-12; product code QJQ,0.86,company_product_public,strong_official_product,round1,no
"Innovative Neurological Devices, LLC",Cervella,US,US,Carmel,A,,openfda_device_510k,insomnia,https://www.accessdata.fda.gov/scripts/cdrh/cfdocs/cfpmn/pmn.cfm?id=K182311,2026-05-14,FDA 510(k) K182311; 2019-03-07; product code QJQ,0.86,company_product_public,strong_official_product,round1,no
"Electromedical Products, Inc.",ALPHA-STIM CS,US,US,Hawthorne,A,,openfda_device_510k,insomnia,https://www.accessdata.fda.gov/scripts/cdrh/cfdocs/cfpmn/pmn.cfm?id=K903014,2026-05-14,FDA 510(k) K903014; 1992-05-12; product code QJQ,0.86,company_product_public,strong_official_product,round1,no
Neurofitness,NF-1 MINDPEACE,US,US,Redmond,A,,openfda_device_510k,insomnia,https://www.accessdata.fda.gov/scripts/cdrh/cfdocs/cfpmn/pmn.cfm?id=K895175,2026-05-14,FDA 510(k) K895175; 1989-11-08; product code QJQ,0.86,company_product_public,strong_official_product,round1,no
"Kalaco Scientific, Inc.","TRANSCRANIAL ELECTROTHERAPY STIMULATOR-A, MODEL TESA-1",US,US,San Carlos,A,,openfda_device_510k,insomnia,https://www.accessdata.fda.gov/scripts/cdrh/cfdocs/cfpmn/pmn.cfm?id=K024377,2026-05-14,FDA 510(k) K024377; 2003-07-21; product code QJQ,0.86,company_product_public,strong_official_product,round1,no
Biotronics Corp.,BIOTRON 18,US,US,Mchenry,A,,openfda_device_510k,insomnia,https://www.accessdata.fda.gov/scripts/cdrh/cfdocs/cfpmn/pmn.cfm?id=K771534,2026-05-14,FDA 510(k) K771534; 1977-08-26; product code QJQ,0.86,company_product_public,strong_official_product,round1,no
Redplane AG,ELEXOMA MEDIC,Europe,CH,Zug,A,,openfda_device_510k,insomnia,https://www.accessdata.fda.gov/scripts/cdrh/cfdocs/cfpmn/pmn.cfm?id=K070412,2026-05-14,FDA 510(k) K070412; 2008-05-21; product code QJQ,0.86,company_product_public,strong_official_product,round1,no
Neurovalens Limited,Modius Stress,Europe,GB,Portglenone,A,,openfda_device_510k,insomnia,https://www.accessdata.fda.gov/scripts/cdrh/cfdocs/cfpmn/pmn.cfm?id=K232253,2026-05-14,FDA 510(k) K232253; 2024-03-27; product code QJQ,0.86,company_product_public,strong_official_product,round1,no
"Biorest, Inc.",BR-2 BIOREST,US,US,San Antonio,A,,openfda_device_510k,insomnia,https://www.accessdata.fda.gov/scripts/cdrh/cfdocs/cfpmn/pmn.cfm?id=K873920,2026-05-14,FDA 510(k) K873920; 1987-12-29; product code QJQ,0.86,company_product_public,strong_official_product,round1,no
"Neurotek, Inc.",NTI-1000,US,US,Olathe,A,,openfda_device_510k,insomnia,https://www.accessdata.fda.gov/scripts/cdrh/cfdocs/cfpmn/pmn.cfm?id=K894097,2026-05-14,FDA 510(k) K894097; 1989-09-25; product code QJQ,0.86,company_product_public,strong_official_product,round1,no
"Johari Digital Healthcare , Ltd.","CRANIAL ELECTRICAL NERVE STIMULATOR, MODEL FM 10/C",,IN,"Boranada, Jodhpur, Rajasthan",A,,openfda_device_510k,insomnia,https://www.accessdata.fda.gov/scripts/cdrh/cfdocs/cfpmn/pmn.cfm?id=K090052,2026-05-14,FDA 510(k) K090052; 2009-05-29; product code QJQ,0.86,company_product_public,strong_official_product,round1,no
"Big Health, Inc.",Sleepio®,US,US,San Francisco,A,sleep_health,openfda_device_510k,insomnia,https://www.accessdata.fda.gov/scripts/cdrh/cfdocs/cfpmn/pmn.cfm?id=K233577,2026-05-14,FDA 510(k) K233577; 2024-08-05; product code QVO,0.86,company_product_public,strong_official_product,round1,no
"Auri-Stem Medical, Inc.",NET-2000 MICROCURRENT STIMULATOR,US,US,Boulder,A,,openfda_device_510k,insomnia,https://www.accessdata.fda.gov/scripts/cdrh/cfdocs/cfpmn/pmn.cfm?id=K060158,2026-05-14,FDA 510(k) K060158; 2006-10-13; product code QJQ,0.86,company_product_public,strong_official_product,round1,no
"Neurofield, Inc.",Genesis Sleep,US,US,Santa Barbara,A,sleep_health,openfda_device_510k,insomnia,https://www.accessdata.fda.gov/scripts/cdrh/cfdocs/cfpmn/pmn.cfm?id=K252951,2026-05-14,FDA 510(k) K252951; 2025-12-31; product code QJQ,0.86,company_product_public,strong_official_product,round1,no
Fisher and Paykel Healthcare Limited,Nova Micro Pillows Mask Small A Model (NVP1SA); Nova Micro Pillows Mask Medium A Model (NVP1MA); Nova Micro Pillows Mask Large A Model (NVP1LA); Nova Micro Pillows Mask Fit Pack/SML A Model (NVP1SMLA); Nova Micro Pillows Mask Small Sleep Lab A (NVP1SSLA); Nova Micro Pillows Mask Medium Sleep Lab A (NVP1MSLA); Nova Micro Pillows Mask Large Sleep Lab A (NVP1LSLA); Nova Micro Pillows Mask Fit Pack Sleep Lab A (NVP1SMLSLA),,NZ,Auckland,A,sleep_health,openfda_device_510k,sleep,https://www.accessdata.fda.gov/scripts/cdrh/cfdocs/cfpmn/pmn.cfm?id=K233829,2026-05-14,FDA 510(k) K233829; 2024-08-23; product code BZD,0.86,company_product_public,strong_official_product,round1,no
"Happiest Baby, Inc.",SNOO Smart Sleeper,US,US,Los Angeles,A,sleep_health,openfda_device_510k,sleep,https://www.accessdata.fda.gov/scripts/cdrh/cfdocs/cfpmn/pmn.cfm?id=DEN210039,2026-05-14,FDA 510(k) DEN210039; 2023-03-30; product code QTG,0.86,company_product_public,strong_official_product,round1,no
"Zephyr Sleep Technologies, Inc.","REMOTELY CONTROLLED MANDIBULAR POSITIONER, RCMP",,CA,Calgary; Alberta,A,,openfda_device_510k,sleep,https://www.accessdata.fda.gov/scripts/cdrh/cfdocs/cfpmn/pmn.cfm?id=K103704,2026-05-14,FDA 510(k) K103704; 2012-03-23; product code LRK,0.86,company_product_public,strong_official_product,round1,no
Craniofacial Pain Center of Idaho,SILENT SLEEP,US,US,Boise,A,sleep_health,openfda_device_510k,sleep,https://www.accessdata.fda.gov/scripts/cdrh/cfdocs/cfpmn/pmn.cfm?id=K082849,2026-05-14,FDA 510(k) K082849; 2009-07-16; product code LRK,0.86,company_product_public,strong_official_product,round1,no
Nakagawa Dental Clinic,SLEEP SPLINT,US,US,Mineola,A,sleep_health,openfda_device_510k,sleep,https://www.accessdata.fda.gov/scripts/cdrh/cfdocs/cfpmn/pmn.cfm?id=K060122,2026-05-14,FDA 510(k) K060122; 2006-05-19; product code LRK,0.86,company_product_public,strong_official_product,round1,no
"Respironics Inc., Sleep & Home Respiratory Group",REVOLUTIONFULL FACE MASK,US,US,Murrysville,A,,openfda_device_510k,sleep,https://www.accessdata.fda.gov/scripts/cdrh/cfdocs/cfpmn/pmn.cfm?id=K082866,2026-05-14,FDA 510(k) K082866; 2009-01-30; product code BZD,0.86,company_product_public,strong_official_product,round1,no
American Sleep Association,ASA ORAL APPLIANCES,US,US,Chesterland,A,samd,openfda_device_510k,sleep,https://www.accessdata.fda.gov/scripts/cdrh/cfdocs/cfpmn/pmn.cfm?id=K130504,2026-05-14,FDA 510(k) K130504; 2013-10-18; product code LRK,0.86,company_product_public,strong_official_product,round1,no
Bemco Mattress Co.,MED-OPEDIC SLEEP SYSTEM,US,US,Mchenry,A,sleep_health,openfda_device_510k,sleep,https://www.accessdata.fda.gov/scripts/cdrh/cfdocs/cfpmn/pmn.cfm?id=K834344,2026-05-14,FDA 510(k) K834344; 1984-01-17; product code INX,0.86,company_product_public,strong_official_product,round1,no
Condor Instruments Ltda. - Epp,ActTrust,,BR,Sao Paulo,A,,openfda_device_510k,sleep,https://www.accessdata.fda.gov/scripts/cdrh/cfdocs/cfpmn/pmn.cfm?id=K151784,2026-05-14,FDA 510(k) K151784; 2016-05-25; product code LEL,0.86,company_product_public,strong_official_product,round1,no
Glidewell Laboratories-Sleep Devices Group,THERMOFORMED MOUTHGUARDS,US,US,Irvine,A,,openfda_device_510k,sleep,https://www.accessdata.fda.gov/scripts/cdrh/cfdocs/cfpmn/pmn.cfm?id=K121365,2026-05-14,FDA 510(k) K121365; 2012-11-20; product code MQC,0.86,company_product_public,strong_official_product,round1,no
"Sleep Specialists, LLC",ZZOMA POSITIONAL SLEEPER MODEL 001,US,US,Greenville,A,sleep_health,openfda_device_510k,sleep,https://www.accessdata.fda.gov/scripts/cdrh/cfdocs/cfpmn/pmn.cfm?id=K100160,2026-05-14,FDA 510(k) K100160; 2010-05-11; product code MYB,0.86,company_product_public,strong_official_product,round1,no
"Viasys Sleep Systems, LLC",MINI CPAP DEVICE AND HUMIDIFIER ACCESSORY,US,US,Chatsworth,A,,openfda_device_510k,sleep,https://www.accessdata.fda.gov/scripts/cdrh/cfdocs/cfpmn/pmn.cfm?id=K071069,2026-05-14,FDA 510(k) K071069; 2007-06-12; product code BZD,0.86,company_product_public,strong_official_product,round1,no
Sunrise SA,Sunrise,Europe,BE,Namur,A,,openfda_device_510k,sleep,https://www.accessdata.fda.gov/scripts/cdrh/cfdocs/cfpmn/pmn.cfm?id=K222262,2026-05-14,FDA 510(k) K222262; 2022-12-22; product code QRS,0.86,company_product_public,strong_official_product,round1,no
Lakeview Sleep Center,NASAL COMFORT FREEDOM,US,US,North Barrington,A,,openfda_device_510k,sleep,https://www.accessdata.fda.gov/scripts/cdrh/cfdocs/cfpmn/pmn.cfm?id=K130686,2026-05-14,FDA 510(k) K130686; 2013-10-16; product code BZD,0.86,company_product_public,strong_official_product,round1,no
"Respironics Inc., Sleep & Home Respiratory Group",COMFORTGEL NASAL MASK,US,US,Murrysville,A,,openfda_device_510k,sleep,https://www.accessdata.fda.gov/scripts/cdrh/cfdocs/cfpmn/pmn.cfm?id=K092835,2026-05-14,FDA 510(k) K092835; 2010-02-12; product code BZD,0.86,company_product_public,strong_official_product,round1,no
"Respironics Inc., Sleep & Home Respiratory Group",RESPIRONICS PERFORMAX TOTAL FACE MASK,US,US,Murrysville,A,,openfda_device_510k,sleep,https://www.accessdata.fda.gov/scripts/cdrh/cfdocs/cfpmn/pmn.cfm?id=K091271,2026-05-14,FDA 510(k) K091271; 2009-05-29; product code BZD,0.86,company_product_public,strong_official_product,round1,no
Zephyr Sleep Technologies,MATRx plus,,CA,Calgary,A,,openfda_device_510k,sleep,https://www.accessdata.fda.gov/scripts/cdrh/cfdocs/cfpmn/pmn.cfm?id=K163665,2026-05-14,FDA 510(k) K163665; 2017-05-05; product code MNR,0.86,company_product_public,strong_official_product,round1,no
"The Snore Reliever Company, LLC",VITAL SLEEP,US,US,Laguna Niguel,A,sleep_health,openfda_device_510k,sleep,https://www.accessdata.fda.gov/scripts/cdrh/cfdocs/cfpmn/pmn.cfm?id=K092942,2026-05-14,FDA 510(k) K092942; 2010-01-13; product code LRK,0.86,company_product_public,strong_official_product,round1,no
Diamond Orthotic Laboratory,Diamond Digital Sleep Orthotic (DDSO),US,US,La Mesa,A,sleep_health,openfda_device_510k,sleep,https://www.accessdata.fda.gov/scripts/cdrh/cfdocs/cfpmn/pmn.cfm?id=K202499,2026-05-14,FDA 510(k) K202499; 2020-09-03; product code LRK,0.86,company_product_public,strong_official_product,round1,no
"Apple, Inc.",Sleep Apnea Notification Feature (SANF),US,US,Cupertino,A,sleep_health,openfda_device_510k,sleep,https://www.accessdata.fda.gov/scripts/cdrh/cfdocs/cfpmn/pmn.cfm?id=K240929,2026-05-14,FDA 510(k) K240929; 2024-09-13; product code QZW,0.86,company_product_public,strong_official_product,round1,no
"Sleep Devices, Inc.",SONA PILLOW,US,US,Kissimmee,A,,openfda_device_510k,sleep,https://www.accessdata.fda.gov/scripts/cdrh/cfdocs/cfpmn/pmn.cfm?id=K040161,2026-05-14,FDA 510(k) K040161; 2004-04-30; product code MYB,0.86,company_product_public,strong_official_product,round1,no
Intelligent Ultrasound Limited,ScanNav Anatomy Peripheral Nerve Block,Europe,GB,Cardiff,A,,openfda_device_510k,sleep,https://www.accessdata.fda.gov/scripts/cdrh/cfdocs/cfpmn/pmn.cfm?id=DEN220024,2026-05-14,FDA 510(k) DEN220024; 2022-10-18; product code QRG,0.86,company_product_public,strong_official_product,round1,no
Dynadx Corporation,SLEEP QUALITY,US,US,Crofton,A,sleep_health,openfda_device_510k,sleep,https://www.accessdata.fda.gov/scripts/cdrh/cfdocs/cfpmn/pmn.cfm?id=K070855,2026-05-14,FDA 510(k) K070855; 2008-03-20; product code MNR,0.86,company_product_public,strong_official_product,round1,no
"Neurotronics, Inc.",Polysmith Sleep System,US,US,Gainesville,A,sleep_health,openfda_device_510k,sleep,https://www.accessdata.fda.gov/scripts/cdrh/cfdocs/cfpmn/pmn.cfm?id=K142774,2026-05-14,FDA 510(k) K142774; 2015-02-18; product code OLV,0.86,company_product_public,strong_official_product,round1,no
"Shiley, Inc.",SHILEY SLEEP APNEA LOW PRESSURE CUFFED TRACH TUBE,US,US,Irvine,A,sleep_health,openfda_device_510k,sleep,https://www.accessdata.fda.gov/scripts/cdrh/cfdocs/cfpmn/pmn.cfm?id=K861463,2026-05-14,FDA 510(k) K861463; 1986-05-06; product code BTR,0.86,company_product_public,strong_official_product,round1,no
"Excel Tech. , Ltd.",XLTEK SLEEP SYSTEM,,CA,Oakville,A,sleep_health,openfda_device_510k,sleep,https://www.accessdata.fda.gov/scripts/cdrh/cfdocs/cfpmn/pmn.cfm?id=K022037,2026-05-14,FDA 510(k) K022037; 2002-09-10; product code OLV,0.86,company_product_public,strong_official_product,round1,no
"Respironics, Inc.","REMVIEW SLEEP RECORDER, MODEL 320",US,US,Murrysville,A,sleep_health,openfda_device_510k,sleep,https://www.accessdata.fda.gov/scripts/cdrh/cfdocs/cfpmn/pmn.cfm?id=K003499,2026-05-14,FDA 510(k) K003499; 2001-02-09; product code LEL,0.86,company_product_public,strong_official_product,round1,no
"Cerebra Medical , Ltd.",Cerebra Sleep System,,CA,Winnipeg,A,sleep_health,openfda_device_510k,sleep,https://www.accessdata.fda.gov/scripts/cdrh/cfdocs/cfpmn/pmn.cfm?id=K213007,2026-05-14,FDA 510(k) K213007; 2022-07-06; product code OLV,0.86,company_product_public,strong_official_product,round1,no
"Zephyr Sleep Technologies, Inc.",TD Clip,,CA,Calgary,A,,openfda_device_510k,sleep,https://www.accessdata.fda.gov/scripts/cdrh/cfdocs/cfpmn/pmn.cfm?id=K190051,2026-05-14,FDA 510(k) K190051; 2019-06-07; product code LRK,0.86,company_product_public,strong_official_product,round1,no
"Advanced Brain Monitoring, Inc.",SLEEP PROFILER,US,US,Dousman,A,sleep_health,openfda_device_510k,sleep,https://www.accessdata.fda.gov/scripts/cdrh/cfdocs/cfpmn/pmn.cfm?id=K120450,2026-05-14,FDA 510(k) K120450; 2012-09-19; product code OLZ,0.86,company_product_public,strong_official_product,round1,no
"Respironics Inc., Sleep & Home Respiratory Group",WALLABY 4,US,US,Murrysville,A,,openfda_device_510k,sleep,https://www.accessdata.fda.gov/scripts/cdrh/cfdocs/cfpmn/pmn.cfm?id=K070180,2026-05-14,FDA 510(k) K070180; 2007-05-18; product code LBI,0.86,company_product_public,strong_official_product,round1,no
Prosomnus Sleep Technologies,"ProSomnus EVO [PH] Sleep and Snore Device, ProSomnus EVO [PH] Sleep and Snore Device with Patient Monitoring",US,US,Pleasanton,A,remote_patient_monitoring; sleep_health,openfda_device_510k,sleep,https://www.accessdata.fda.gov/scripts/cdrh/cfdocs/cfpmn/pmn.cfm?id=K221889,2026-05-14,FDA 510(k) K221889; 2022-10-06; product code LRK,0.86,company_product_public,strong_official_product,round1,no
"Influence, Inc.",SLEEP-IN BONE SCREW SYSTEM,US,US,San Francisco,A,sleep_health,openfda_device_510k,sleep,https://www.accessdata.fda.gov/scripts/cdrh/cfdocs/cfpmn/pmn.cfm?id=K972023,2026-05-14,FDA 510(k) K972023; 1997-08-25; product code LRK,0.86,company_product_public,strong_official_product,round1,no
"Somnomed, Inc.",Rest Assure System,US,US,Plano,A,,openfda_device_510k,sleep,https://www.accessdata.fda.gov/scripts/cdrh/cfdocs/cfpmn/pmn.cfm?id=K233497,2026-05-14,FDA 510(k) K233497; 2024-10-03; product code PLC,0.86,company_product_public,strong_official_product,round1,no
"Hill-Rom, Inc.","DYNAMICAIRE(TM) SLEEP SURFACE, ZONEAIR(TM) SLEEP SURFACE",US,US,Batesville,A,sleep_health,openfda_device_510k,sleep,https://www.accessdata.fda.gov/scripts/cdrh/cfdocs/cfpmn/pmn.cfm?id=K945729,2026-05-14,FDA 510(k) K945729; 1995-02-27; product code IOQ,0.86,company_product_public,strong_official_product,round1,no
"Nihon Kohden America, Inc.","AMBULATORY EEG/SLEEP RECORDER AND ACCESSORIES, MODEL # SSR3201",US,US,Irvine,A,sleep_health,openfda_device_510k,sleep,https://www.accessdata.fda.gov/scripts/cdrh/cfdocs/cfpmn/pmn.cfm?id=K983072,2026-05-14,FDA 510(k) K983072; 1998-12-01; product code OLV,0.86,company_product_public,strong_official_product,round1,no
"Good Sleep CO Pte , Ltd.",Hushd Pro Avera,,SG,Singapore,A,,openfda_device_510k,sleep,https://www.accessdata.fda.gov/scripts/cdrh/cfdocs/cfpmn/pmn.cfm?id=K232025,2026-05-14,FDA 510(k) K232025; 2024-05-09; product code LRK,0.86,company_product_public,strong_official_product,round1,no
"Apnicure, Inc.",WINX SLEEP THERAPY SYSTEM,US,US,Redwood City,A,sleep_health,openfda_device_510k,sleep,https://www.accessdata.fda.gov/scripts/cdrh/cfdocs/cfpmn/pmn.cfm?id=K130538,2026-05-14,FDA 510(k) K130538; 2013-05-22; product code OZR,0.86,company_product_public,strong_official_product,round1,no
"Bryggs Medical, LLC",ULTepap Expiratory Positive Airway Pressure (EPAP) Device,US,US,Avon,A,,openfda_device_510k,sleep,https://www.accessdata.fda.gov/scripts/cdrh/cfdocs/cfpmn/pmn.cfm?id=K191728,2026-05-14,FDA 510(k) K191728; 2020-02-21; product code OHP,0.86,company_product_public,strong_official_product,round1,no
"Respironics Inc., Sleep & Home Respiratory Group",RESPIRONICS PERFORMAX SE TOTAL FACE MASK,US,US,Murrysville,A,,openfda_device_510k,sleep,https://www.accessdata.fda.gov/scripts/cdrh/cfdocs/cfpmn/pmn.cfm?id=K092648,2026-05-14,FDA 510(k) K092648; 2009-12-18; product code CBK,0.86,company_product_public,strong_official_product,round1,no
"Signifier Medical Technologies, Ltd.",eXciteOSA without remote control (3000);  eXciteOSA with remote control (6000),Europe,GB,London,A,,openfda_device_510k,sleep,https://www.accessdata.fda.gov/scripts/cdrh/cfdocs/cfpmn/pmn.cfm?id=K223446,2026-05-14,FDA 510(k) K223446; 2023-01-18; product code QNO,0.86,company_product_public,strong_official_product,round1,no
"Sleep Renewal, Inc.",THE EQUALIZER AIRWAY DEVICE,US,US,Mobile,A,,openfda_device_510k,sleep,https://www.accessdata.fda.gov/scripts/cdrh/cfdocs/cfpmn/pmn.cfm?id=K870501,2026-05-14,FDA 510(k) K870501; 1987-03-04; product code LQZ,0.86,company_product_public,strong_official_product,round1,no
Oxehealth Limited,Oxevision Sleep Device,Europe,GB,Oxford,A,sleep_health,openfda_device_510k,sleep,https://www.accessdata.fda.gov/scripts/cdrh/cfdocs/cfpmn/pmn.cfm?id=K233618,2026-05-14,FDA 510(k) K233618; 2024-04-03; product code LEL,0.86,company_product_public,strong_official_product,round1,no
"Actigraph, LLC",ActiGraph LEAP activity monitor (ActiGraph LEAP),US,US,Pensacola,A,,openfda_device_510k,sleep,https://www.accessdata.fda.gov/scripts/cdrh/cfdocs/cfpmn/pmn.cfm?id=K231532,2026-05-14,FDA 510(k) K231532; 2023-06-23; product code LEL,0.86,company_product_public,strong_official_product,round1,no
"Somnics, Inc.",The iNAP One Sleep Therapy System,,TW,Hsinchu County,A,sleep_health,openfda_device_510k,sleep,https://www.accessdata.fda.gov/scripts/cdrh/cfdocs/cfpmn/pmn.cfm?id=K220907,2026-05-14,FDA 510(k) K220907; 2023-06-16; product code OZR,0.86,company_product_public,strong_official_product,round1,no
"Good Sleep CO Pte , Ltd.",Hushd Pro Z-Link,,SG,Singapore,A,,openfda_device_510k,sleep,https://www.accessdata.fda.gov/scripts/cdrh/cfdocs/cfpmn/pmn.cfm?id=K251784,2026-05-14,FDA 510(k) K251784; 2025-10-24; product code LRK,0.86,company_product_public,strong_official_product,round1,no
Zephyr Sleep Technologies,MATRx plus,,CA,Calgary,A,,openfda_device_510k,sleep,https://www.accessdata.fda.gov/scripts/cdrh/cfdocs/cfpmn/pmn.cfm?id=DEN170090,2026-05-14,FDA 510(k) DEN170090; 2018-08-23; product code QCJ,0.86,company_product_public,strong_official_product,round1,no
"Bistos Co., Ltd.",BT-1000,,KR,Gyeonggi,A,,openfda_device_510k,ADHD,https://www.accessdata.fda.gov/scripts/cdrh/cfdocs/cfpmn/pmn.cfm?id=K232991,2026-05-14,FDA 510(k) K232991; 2024-08-28; product code QGL,0.86,company_product_public,strong_official_product,round1,no
"Nu Eyne Co., Ltd.",SMILE,,KR,Seoul,A,,openfda_device_510k,ADHD,https://www.accessdata.fda.gov/scripts/cdrh/cfdocs/cfpmn/pmn.cfm?id=K213629,2026-05-14,FDA 510(k) K213629; 2023-02-12; product code QGL,0.86,company_product_public,strong_official_product,round1,no
"Neurosigma, Inc.",Generation 2.0 Monarch external Trigeminal Nerve Stimulation (eTNS) System®,US,US,Los Angeles,A,,openfda_device_510k,ADHD,https://www.accessdata.fda.gov/scripts/cdrh/cfdocs/cfpmn/pmn.cfm?id=K233293,2026-05-14,FDA 510(k) K233293; 2024-01-16; product code QGL,0.86,company_product_public,strong_official_product,round1,no
"Nu Eyne Co., Ltd.",ADDNOX (BPSPM1),,KR,Seoul,A,,openfda_device_510k,ADHD,https://www.accessdata.fda.gov/scripts/cdrh/cfdocs/cfpmn/pmn.cfm?id=K243289,2026-05-14,FDA 510(k) K243289; 2025-01-16; product code QGL,0.86,company_product_public,strong_official_product,round1,no
"Neurosigma, Inc.",Monarch eTNS System,US,US,Los Angeles,A,,openfda_device_510k,ADHD,https://www.accessdata.fda.gov/scripts/cdrh/cfdocs/cfpmn/pmn.cfm?id=DEN180041,2026-05-14,FDA 510(k) DEN180041; 2019-04-19; product code QGL,0.86,company_product_public,strong_official_product,round1,no
Wfr/Aquaplast Corp.,"ACCUFIX RADIOLUCENT PELVIS AND BELLY BOARDS, ACCUFIX CANTILEVER HEAD BOARD WITH SHOULDER DEPRESSION, ACCUFIX RADIOLUCENT",US,US,Wyckoff,A,mental_health,openfda_device_510k,depression,https://www.accessdata.fda.gov/scripts/cdrh/cfdocs/cfpmn/pmn.cfm?id=K032156,2026-05-14,FDA 510(k) K032156; 2003-09-02; product code IYE,0.86,company_product_public,strong_official_product,round1,no
"Freespira, Inc.",Freespira Breathing System,US,US,Kirkland,A,,openfda_device_510k,anxiety,https://www.accessdata.fda.gov/scripts/cdrh/cfdocs/cfpmn/pmn.cfm?id=K233337,2026-05-14,FDA 510(k) K233337; 2025-04-24; product code SEN,0.86,company_product_public,strong_official_product,round1,no
"Big Health, Inc.",Daylight,US,US,San Francisco,A,,openfda_device_510k,anxiety,https://www.accessdata.fda.gov/scripts/cdrh/cfdocs/cfpmn/pmn.cfm?id=K233872,2026-05-14,FDA 510(k) K233872; 2024-08-30; product code SCP,0.86,company_product_public,strong_official_product,round1,no
"Currie Medical Specialties, Inc.",ABG KITS - CMS 4000 SERIES,US,US,Mchenry,A,,openfda_device_510k,CBT,https://www.accessdata.fda.gov/scripts/cdrh/cfdocs/cfpmn/pmn.cfm?id=K830333,2026-05-14,FDA 510(k) K830333; 1983-03-31; product code CBT,0.86,company_product_public,strong_official_product,round1,no
Dhd Medical Products Div. Diemolding Corp.,ARTERIAL BLOOD SAMPLING KIT,US,US,Walker,A,,openfda_device_510k,CBT,https://www.accessdata.fda.gov/scripts/cdrh/cfdocs/cfpmn/pmn.cfm?id=K832545,2026-05-14,FDA 510(k) K832545; 1983-09-26; product code CBT,0.86,company_product_public,strong_official_product,round1,no
Terumo Medical Corp.,"PREZA-PAK II, ARTERIAL BLOOD SAMPLING SY",US,US,Elkton,A,,openfda_device_510k,CBT,https://www.accessdata.fda.gov/scripts/cdrh/cfdocs/cfpmn/pmn.cfm?id=K812338,2026-05-14,FDA 510(k) K812338; 1981-09-23; product code CBT,0.86,company_product_public,strong_official_product,round1,no
"Concord Laboratories, Inc.",PULSATOR ARTERIAL BLOOD SAMPLING SYRIN,US,US,Mchenry,A,,openfda_device_510k,CBT,https://www.accessdata.fda.gov/scripts/cdrh/cfdocs/cfpmn/pmn.cfm?id=K833582,2026-05-14,FDA 510(k) K833582; 1983-12-27; product code CBT,0.86,company_product_public,strong_official_product,round1,no
Bd Becton Dickinson Vacutainer Systems Preanalytic,BARD-PARKER ARTERIAL MONITORING SYSTEM,US,US,Washington,A,remote_patient_monitoring,openfda_device_510k,CBT,https://www.accessdata.fda.gov/scripts/cdrh/cfdocs/cfpmn/pmn.cfm?id=K780939,2026-05-14,FDA 510(k) K780939; 1978-07-17; product code CBT,0.86,company_product_public,strong_official_product,round1,no
"Marquest Medical Products, Inc.",GAS-LYTE 1CC AND 3CC ARTERIAL BLOOD SAMPLERS,US,US,Englewood,A,,openfda_device_510k,CBT,https://www.accessdata.fda.gov/scripts/cdrh/cfdocs/cfpmn/pmn.cfm?id=K902632,2026-05-14,FDA 510(k) K902632; 1990-09-04; product code CBT,0.86,company_product_public,strong_official_product,round1,no
Sherwood Medical Co.,SHERWOOD MEDICAL ARTERIAL BLOOD GAS KIT II,US,US,St. Louis,A,,openfda_device_510k,CBT,https://www.accessdata.fda.gov/scripts/cdrh/cfdocs/cfpmn/pmn.cfm?id=K930471,2026-05-14,FDA 510(k) K930471; 1993-06-22; product code CBT,0.86,company_product_public,strong_official_product,round1,no
"Marquest Medical Products, Inc.",ASPIRATOR,US,US,Englewood,A,,openfda_device_510k,CBT,https://www.accessdata.fda.gov/scripts/cdrh/cfdocs/cfpmn/pmn.cfm?id=K830312,2026-05-14,FDA 510(k) K830312; 1983-05-25; product code CBT,0.86,company_product_public,strong_official_product,round1,no
Ciba Corning Diagnostics Corp.,CIBA CORNING BALANCED HEPARIN FOR CA++,US,US,East Walpole,A,,openfda_device_510k,CBT,https://www.accessdata.fda.gov/scripts/cdrh/cfdocs/cfpmn/pmn.cfm?id=K875117,2026-05-14,FDA 510(k) K875117; 1988-02-29; product code CBT,0.86,company_product_public,strong_official_product,round1,no
"Martech Medical Products, Inc.",NEOLINE(TM),US,US,Temecula,A,,openfda_device_510k,CBT,https://www.accessdata.fda.gov/scripts/cdrh/cfdocs/cfpmn/pmn.cfm?id=K914778,2026-05-14,FDA 510(k) K914778; 1992-09-16; product code CBT,0.86,company_product_public,strong_official_product,round1,no
Biotek-Caribbean,BIOSAMPLER,,DO,"Santo Domingo, Dom. Rep.",A,,openfda_device_510k,CBT,https://www.accessdata.fda.gov/scripts/cdrh/cfdocs/cfpmn/pmn.cfm?id=K844615,2026-05-14,FDA 510(k) K844615; 1985-03-21; product code CBT,0.86,company_product_public,strong_official_product,round1,no
"Martell Medical Products, Inc.",MDM ARTERIAL BLOOD GAS KIT,US,US,Mchenry,A,,openfda_device_510k,CBT,https://www.accessdata.fda.gov/scripts/cdrh/cfdocs/cfpmn/pmn.cfm?id=K822786,2026-05-14,FDA 510(k) K822786; 1982-10-21; product code CBT,0.86,company_product_public,strong_official_product,round1,no
"Concord Laboratories, Inc.",ARTERIAL BLOOD SAMPLING KITS,US,US,Mchenry,A,,openfda_device_510k,CBT,https://www.accessdata.fda.gov/scripts/cdrh/cfdocs/cfpmn/pmn.cfm?id=K841486,2026-05-14,FDA 510(k) K841486; 1984-05-23; product code CBT,0.86,company_product_public,strong_official_product,round1,no
"Utah Medical Products, Inc.",ABC IN-LINE BLOOD SAMPLING KIT,US,US,Midvale,A,,openfda_device_510k,CBT,https://www.accessdata.fda.gov/scripts/cdrh/cfdocs/cfpmn/pmn.cfm?id=K955663,2026-05-14,FDA 510(k) K955663; 1997-03-17; product code CBT,0.86,company_product_public,strong_official_product,round1,no
"Mahana Therapeutics, Inc.",Mahana Parallel Digital Cognitive Behavioral Therapy (CBT) Mobile Application for Irritable Bowel Syndrome (IBS),US,US,San Francisco,A,samd; mental_health,openfda_device_510k,CBT,https://www.accessdata.fda.gov/scripts/cdrh/cfdocs/cfpmn/pmn.cfm?id=K211372,2026-05-14,FDA 510(k) K211372; 2021-06-02; product code QMY,0.86,company_product_public,strong_official_product,round1,no
Steven Frank Mercereau,VACVENT,US,US,Conyers,A,,openfda_device_510k,CBT,https://www.accessdata.fda.gov/scripts/cdrh/cfdocs/cfpmn/pmn.cfm?id=K931873,2026-05-14,FDA 510(k) K931873; 1993-12-30; product code CBT,0.86,company_product_public,strong_official_product,round1,no
"Marquest Medical Products, Inc.",AUTOSTIK,US,US,Englewood,A,,openfda_device_510k,CBT,https://www.accessdata.fda.gov/scripts/cdrh/cfdocs/cfpmn/pmn.cfm?id=K820875,2026-05-14,FDA 510(k) K820875; 1982-05-07; product code CBT,0.86,company_product_public,strong_official_product,round1,no
Transidyne General Corp.,MODEL 1050 - UMBILICAL CORD BLOOD SAMPLING KIT,US,US,Ann Arbor,A,,openfda_device_510k,CBT,https://www.accessdata.fda.gov/scripts/cdrh/cfdocs/cfpmn/pmn.cfm?id=K897133,2026-05-14,FDA 510(k) K897133; 1990-03-30; product code CBT,0.86,company_product_public,strong_official_product,round1,no
"Marquest Medical Products, Inc.",MARQUEST MICRO STIK 9000 SERIES,US,US,Englewood,A,,openfda_device_510k,CBT,https://www.accessdata.fda.gov/scripts/cdrh/cfdocs/cfpmn/pmn.cfm?id=K842008,2026-05-14,FDA 510(k) K842008; 1984-05-25; product code CBT,0.86,company_product_public,strong_official_product,round1,no
Jelco Laboratories,"TRAY, ARTERIAL BLOOD GAS SAMPLING",US,US,Mchenry,A,,openfda_device_510k,CBT,https://www.accessdata.fda.gov/scripts/cdrh/cfdocs/cfpmn/pmn.cfm?id=K781857,2026-05-14,FDA 510(k) K781857; 1978-12-11; product code CBT,0.86,company_product_public,strong_official_product,round1,no
"Analytical Products, Inc.",ARTAP ARTERIAL BLOOD SAMPLING DEVICE,US,US,Belmont,A,,openfda_device_510k,CBT,https://www.accessdata.fda.gov/scripts/cdrh/cfdocs/cfpmn/pmn.cfm?id=K843360,2026-05-14,FDA 510(k) K843360; 1984-10-31; product code CBT,0.86,company_product_public,strong_official_product,round1,no
"Devon Industries, Inc.",ABG POINT LOK NEEDLE PROTECTION DEVICE,US,US,Chatsworth,A,,openfda_device_510k,CBT,https://www.accessdata.fda.gov/scripts/cdrh/cfdocs/cfpmn/pmn.cfm?id=K954015,2026-05-14,FDA 510(k) K954015; 1995-11-20; product code CBT,0.86,company_product_public,strong_official_product,round1,no
Ge Medical Systems Information Technologies,UMBILICAL CORD BLOOD SAMPLING KIT,US,US,Wallingford,A,,openfda_device_510k,CBT,https://www.accessdata.fda.gov/scripts/cdrh/cfdocs/cfpmn/pmn.cfm?id=K900302,2026-05-14,FDA 510(k) K900302; 1990-04-10; product code CBT,0.86,company_product_public,strong_official_product,round1,no
Pharmaseal Laboratories,SAMPLING KIT,US,US,Mchenry,A,,openfda_device_510k,CBT,https://www.accessdata.fda.gov/scripts/cdrh/cfdocs/cfpmn/pmn.cfm?id=K801146,2026-05-14,FDA 510(k) K801146; 1980-06-04; product code CBT,0.86,company_product_public,strong_official_product,round1,no
"Lake Medical Products, Inc.",CORD-ASSURE UMBILICAL BLOOD GAS KIT,US,US,Maryland Heights,A,,openfda_device_510k,CBT,https://www.accessdata.fda.gov/scripts/cdrh/cfdocs/cfpmn/pmn.cfm?id=K872244,2026-05-14,FDA 510(k) K872244; 1987-07-21; product code CBT,0.86,company_product_public,strong_official_product,round1,no
U&I Corporation,CBT Screw Fixation System,,KR,Uijeongbu-Si,A,mental_health,openfda_device_510k,CBT,https://www.accessdata.fda.gov/scripts/cdrh/cfdocs/cfpmn/pmn.cfm?id=K181824,2026-05-14,FDA 510(k) K181824; 2018-12-13; product code NKB,0.86,company_product_public,strong_official_product,round1,no
"Akzona, Inc.",ORGANON ARTERIAL BLOOD SAMPLER,US,US,Mchenry,A,,openfda_device_510k,CBT,https://www.accessdata.fda.gov/scripts/cdrh/cfdocs/cfpmn/pmn.cfm?id=K801435,2026-05-14,FDA 510(k) K801435; 1980-07-18; product code CBT,0.86,company_product_public,strong_official_product,round1,no
American Pharmaseal Div. Ahsc,AIRLIFE ARTERIAL BLOOD GAS SAMPLING SYRINGE,US,US,Valencia,A,,openfda_device_510k,CBT,https://www.accessdata.fda.gov/scripts/cdrh/cfdocs/cfpmn/pmn.cfm?id=K870720,2026-05-14,FDA 510(k) K870720; 1987-03-17; product code CBT,0.86,company_product_public,strong_official_product,round1,no
"Hammer-Plane, Inc.",NEEDLE SAFETY COVER,US,US,Simi Valley,A,,openfda_device_510k,CBT,https://www.accessdata.fda.gov/scripts/cdrh/cfdocs/cfpmn/pmn.cfm?id=K950098,2026-05-14,FDA 510(k) K950098; 1995-08-11; product code CBT,0.86,company_product_public,strong_official_product,round1,no
"Marquest Medical Products, Inc.",OMNISTICK,US,US,Englewood,A,,openfda_device_510k,CBT,https://www.accessdata.fda.gov/scripts/cdrh/cfdocs/cfpmn/pmn.cfm?id=K830310,2026-05-14,FDA 510(k) K830310; 1983-05-25; product code CBT,0.86,company_product_public,strong_official_product,round1,no
Warner-Lambert Co.,DESERET ARTERIAL BLOOD SAMPLING KIT,US,US,Mchenry,A,,openfda_device_510k,CBT,https://www.accessdata.fda.gov/scripts/cdrh/cfdocs/cfpmn/pmn.cfm?id=K822248,2026-05-14,FDA 510(k) K822248; 1982-10-21; product code CBT,0.86,company_product_public,strong_official_product,round1,no
Sherwood Medical Co.,SHERWOOD MEDICAL ARTERIAL BLOOD GAS KIT I,US,US,St. Louis,A,,openfda_device_510k,CBT,https://www.accessdata.fda.gov/scripts/cdrh/cfdocs/cfpmn/pmn.cfm?id=K925453,2026-05-14,FDA 510(k) K925453; 1993-07-12; product code CBT,0.86,company_product_public,strong_official_product,round1,no
"Radiometer America, Inc.",QUALISTICK ARTERIAL BLOOD SAMPLER,US,US,Mentor,A,,openfda_device_510k,CBT,https://www.accessdata.fda.gov/scripts/cdrh/cfdocs/cfpmn/pmn.cfm?id=K831034,2026-05-14,FDA 510(k) K831034; 1983-05-18; product code CBT,0.86,company_product_public,strong_official_product,round1,no
"Angiosystems, Inc.",MEDICAL PROCEDURE KITS/ARTERIAL BLOOD SAMPLING,US,US,Great Neck,A,,openfda_device_510k,CBT,https://www.accessdata.fda.gov/scripts/cdrh/cfdocs/cfpmn/pmn.cfm?id=K905464,2026-05-14,FDA 510(k) K905464; 1991-05-31; product code CBT,0.86,company_product_public,strong_official_product,round1,no
Dhd Medical Products Div. Diemolding Corp.,ARTERIAL BLOOD SAMPLING KIT,US,US,Mchenry,A,,openfda_device_510k,CBT,https://www.accessdata.fda.gov/scripts/cdrh/cfdocs/cfpmn/pmn.cfm?id=K821406,2026-05-14,FDA 510(k) K821406; 1982-06-25; product code CBT,0.86,company_product_public,strong_official_product,round1,no
Emde Corp.,MOSQUITO,US,US,Mchenry,A,,openfda_device_510k,CBT,https://www.accessdata.fda.gov/scripts/cdrh/cfdocs/cfpmn/pmn.cfm?id=K771013,2026-05-14,FDA 510(k) K771013; 1977-07-01; product code CBT,0.86,company_product_public,strong_official_product,round1,no
"Respiratory Care, Inc.",ARTERIAL BLOOD SAMPLING TRAY,US,US,Mchenry,A,,openfda_device_510k,CBT,https://www.accessdata.fda.gov/scripts/cdrh/cfdocs/cfpmn/pmn.cfm?id=K771975,2026-05-14,FDA 510(k) K771975; 1977-10-28; product code CBT,0.86,company_product_public,strong_official_product,round1,no
"Smiths Medical Asd, Inc.",HEMODRAW ARTERIAL BLOOD SAMPLING SYSTEM,US,US,Dublin,A,,openfda_device_510k,CBT,https://www.accessdata.fda.gov/scripts/cdrh/cfdocs/cfpmn/pmn.cfm?id=K071269,2026-05-14,FDA 510(k) K071269; 2007-08-01; product code CBT,0.86,company_product_public,strong_official_product,round1,no
"Concord Laboratories, Inc.",VAPORIZED HEPARIN,US,US,Mchenry,A,,openfda_device_510k,CBT,https://www.accessdata.fda.gov/scripts/cdrh/cfdocs/cfpmn/pmn.cfm?id=K840987,2026-05-14,FDA 510(k) K840987; 1984-04-05; product code CBT,0.86,company_product_public,strong_official_product,round1,no
Kronner Medical,BLOOD GAS SAFETY SYRINGE,US,US,Roseburg,A,,openfda_device_510k,CBT,https://www.accessdata.fda.gov/scripts/cdrh/cfdocs/cfpmn/pmn.cfm?id=K895171,2026-05-14,FDA 510(k) K895171; 1989-11-07; product code CBT,0.86,company_product_public,strong_official_product,round1,no
Emde Corp.,MARZ-175,US,US,Mchenry,A,,openfda_device_510k,CBT,https://www.accessdata.fda.gov/scripts/cdrh/cfdocs/cfpmn/pmn.cfm?id=K811199,2026-05-14,FDA 510(k) K811199; 1981-05-21; product code CBT,0.86,company_product_public,strong_official_product,round1,no
Concord/Portex,ACCU-VENT(TM) WITH NEEDLE-PRO(TM),US,US,Keene,A,,openfda_device_510k,CBT,https://www.accessdata.fda.gov/scripts/cdrh/cfdocs/cfpmn/pmn.cfm?id=K912043,2026-05-14,FDA 510(k) K912043; 1991-07-05; product code CBT,0.86,company_product_public,strong_official_product,round1,no
"Martell Medical Products, Inc.",PISTON SYRINGE,US,US,Murrieta,A,,openfda_device_510k,CBT,https://www.accessdata.fda.gov/scripts/cdrh/cfdocs/cfpmn/pmn.cfm?id=K944941,2026-05-14,FDA 510(k) K944941; 1994-12-05; product code CBT,0.86,company_product_public,strong_official_product,round1,no
Sherwood Medical Co.,ASPIR-PULSE(TM) ARTERIAL BLOOD GAS (ABG) SYSTEM,US,US,St. Louis,A,,openfda_device_510k,CBT,https://www.accessdata.fda.gov/scripts/cdrh/cfdocs/cfpmn/pmn.cfm?id=K945719,2026-05-14,FDA 510(k) K945719; 1995-03-16; product code CBT,0.86,company_product_public,strong_official_product,round1,no
"Marquest Medical Products, Inc.","OMNISTIK, MQ 501GS",US,US,Englewood,A,,openfda_device_510k,CBT,https://www.accessdata.fda.gov/scripts/cdrh/cfdocs/cfpmn/pmn.cfm?id=K800860,2026-05-14,FDA 510(k) K800860; 1980-04-29; product code CBT,0.86,company_product_public,strong_official_product,round1,no
"Customed, Inc.",BLOOD GAS KIT (NON-STERILE) REORDER NO. 0560,US,US,Fajardo,A,,openfda_device_510k,CBT,https://www.accessdata.fda.gov/scripts/cdrh/cfdocs/cfpmn/pmn.cfm?id=K930986,2026-05-14,FDA 510(k) K930986; 1993-07-14; product code CBT,0.86,company_product_public,strong_official_product,round1,no
"Migada, Ltd.",LAB-SITE SAFETY NEEDLE,,IL,Israel,A,,openfda_device_510k,CBT,https://www.accessdata.fda.gov/scripts/cdrh/cfdocs/cfpmn/pmn.cfm?id=K902881,2026-05-14,FDA 510(k) K902881; 1990-09-26; product code CBT,0.86,company_product_public,strong_official_product,round1,no
Sherwood Medical Co.,ASPIR-PULSE(TM) SAF-T-VENT,US,US,St. Louis,A,,openfda_device_510k,CBT,https://www.accessdata.fda.gov/scripts/cdrh/cfdocs/cfpmn/pmn.cfm?id=K940575,2026-05-14,FDA 510(k) K940575; 1994-03-22; product code CBT,0.86,company_product_public,strong_official_product,round1,no
Chesebrough-Pond'S U.S.A. Co.,MARZ-175 ARTERIAL BLOOD GAS SYRINGE,US,US,Mchenry,A,,openfda_device_510k,CBT,https://www.accessdata.fda.gov/scripts/cdrh/cfdocs/cfpmn/pmn.cfm?id=K833923,2026-05-14,FDA 510(k) K833923; 1984-01-09; product code CBT,0.86,company_product_public,strong_official_product,round1,no
"Smiths Medical Asd, Inc.",SECURE ARTERIAL BLOOD SAMPLING SYSTEM,US,US,Dublin,A,,openfda_device_510k,CBT,https://www.accessdata.fda.gov/scripts/cdrh/cfdocs/cfpmn/pmn.cfm?id=K070340,2026-05-14,FDA 510(k) K070340; 2007-03-15; product code CBT,0.86,company_product_public,strong_official_product,round1,no
"Impact Applications, Inc.",ImPACT,US,US,San Diego,A,,openfda_device_510k,cognitive,https://www.accessdata.fda.gov/scripts/cdrh/cfdocs/cfpmn/pmn.cfm?id=K181223,2026-05-14,FDA 510(k) K181223; 2018-10-20; product code POM,0.86,company_product_public,strong_official_product,round1,no
"Cerebral Assessment Systems, Inc.",COGNIVUE,US,US,Pittsford,A,,openfda_device_510k,cognitive,https://www.accessdata.fda.gov/scripts/cdrh/cfdocs/cfpmn/pmn.cfm?id=DEN130033,2026-05-14,FDA 510(k) DEN130033; 2015-06-05; product code PKQ,0.86,company_product_public,strong_official_product,round1,no
"Impact Applications, Inc.",ImPACT Version 4,US,US,Coralville,A,,openfda_device_510k,cognitive,https://www.accessdata.fda.gov/scripts/cdrh/cfdocs/cfpmn/pmn.cfm?id=K231688,2026-05-14,FDA 510(k) K231688; 2023-09-16; product code POM,0.86,company_product_public,strong_official_product,round1,no
"Impact Applications, Inc.",ImPACT Quick Test,US,US,San Diego,A,,openfda_device_510k,cognitive,https://www.accessdata.fda.gov/scripts/cdrh/cfdocs/cfpmn/pmn.cfm?id=K170551,2026-05-14,FDA 510(k) K170551; 2017-06-21; product code POM,0.86,company_product_public,strong_official_product,round1,no
"Darmiyan, Inc.",BrainSee,US,US,Berkeley,A,,openfda_device_510k,cognitive,https://www.accessdata.fda.gov/scripts/cdrh/cfdocs/cfpmn/pmn.cfm?id=DEN220066,2026-05-14,FDA 510(k) DEN220066; 2024-01-11; product code QWT,0.86,company_product_public,strong_official_product,round1,no
"Impact Applications, Inc.",ImPACT Computerized Neurocognitive Concussion Management Aid,US,US,Pittsburgh,A,mental_health,openfda_device_510k,cognitive,https://www.accessdata.fda.gov/scripts/cdrh/cfdocs/cfpmn/pmn.cfm?id=DEN150037,2026-05-14,FDA 510(k) DEN150037; 2016-08-22; product code POM,0.86,company_product_public,strong_official_product,round1,no
"Impact Applications, Inc.",ImPACT Version 4,US,US,Coralville,A,,openfda_device_510k,cognitive,https://www.accessdata.fda.gov/scripts/cdrh/cfdocs/cfpmn/pmn.cfm?id=K202485,2026-05-14,FDA 510(k) K202485; 2020-12-25; product code POM,0.86,company_product_public,strong_official_product,round1,no
"Vista Lifesciences, Inc.",ANAM Test System: Military Battery,US,US,Parker,A,,openfda_device_510k,cognitive,https://www.accessdata.fda.gov/scripts/cdrh/cfdocs/cfpmn/pmn.cfm?id=K150154,2026-05-14,FDA 510(k) K150154; 2015-08-28; product code PKQ,0.86,company_product_public,strong_official_product,round1,no
"Vista Lifesciences, Inc.",ANAM Test System,US,US,Englewood,A,,openfda_device_510k,cognitive,https://www.accessdata.fda.gov/scripts/cdrh/cfdocs/cfpmn/pmn.cfm?id=K201376,2026-05-14,FDA 510(k) K201376; 2021-03-25; product code POM,0.86,company_product_public,strong_official_product,round1,no
"Argus Cognitive, Inc.",Argus Cognitive ReVISION Software,US,US,Lebanon,A,samd; mental_health,openfda_device_510k,cognitive,https://www.accessdata.fda.gov/scripts/cdrh/cfdocs/cfpmn/pmn.cfm?id=K223322,2026-05-14,FDA 510(k) K223322; 2023-07-24; product code LLZ,0.86,company_product_public,strong_official_product,round1,no
"Impact Applications, Inc.",ImPACT,US,US,San Diego,A,,openfda_device_510k,cognitive,https://www.accessdata.fda.gov/scripts/cdrh/cfdocs/cfpmn/pmn.cfm?id=K170209,2026-05-14,FDA 510(k) K170209; 2017-02-23; product code POM,0.86,company_product_public,strong_official_product,round1,no
"Cambridge Cognition , Ltd., US Agent: Clementi Associates , Ltd.",Cantab Mobile,Europe,GB,Bottisham,A,,openfda_device_510k,cognitive,https://www.accessdata.fda.gov/scripts/cdrh/cfdocs/cfpmn/pmn.cfm?id=K161328,2026-05-14,FDA 510(k) K161328; 2017-01-13; product code PKQ,0.86,company_product_public,strong_official_product,round1,no
"Sway Medical, Inc.",Sway System Sports Plus,US,US,Tulsa,A,,openfda_device_510k,cognitive,https://www.accessdata.fda.gov/scripts/cdrh/cfdocs/cfpmn/pmn.cfm?id=K241737,2026-05-14,FDA 510(k) K241737; 2025-02-15; product code POM,0.86,company_product_public,strong_official_product,round1,no
"Modern Rehabilitation Solutions Co., Ltd.","18 STANDARD WHEELCHAIR, MODEL MS005-4, 18 RECLINING WHEELCHAIR , MODEL MS008-1, 14 PEDIATRIC WHEELCHAIR",US,US,Greenwood Village,A,,openfda_device_510k,rehabilitation,https://www.accessdata.fda.gov/scripts/cdrh/cfdocs/cfpmn/pmn.cfm?id=K094047,2026-05-14,FDA 510(k) K094047; 2010-03-22; product code IOR,0.86,company_product_public,strong_official_product,round1,no
"Zhejiang Innuovo Rehabilitation Devices Co.,Ltd",Mobility Scooter (Models: W3431D),China,CN,Dongyang,A,,openfda_device_510k,rehabilitation,https://www.accessdata.fda.gov/scripts/cdrh/cfdocs/cfpmn/pmn.cfm?id=K231428,2026-05-14,FDA 510(k) K231428; 2023-07-14; product code INI,0.86,company_product_public,strong_official_product,round1,no
Mindmaze SA,MindMotion(TM) GO,Europe,CH,Lausanne,A,,openfda_device_510k,rehabilitation,https://www.accessdata.fda.gov/scripts/cdrh/cfdocs/cfpmn/pmn.cfm?id=K173931,2026-05-14,FDA 510(k) K173931; 2018-05-17; product code LXJ,0.86,company_product_public,strong_official_product,round1,no
"Barron Associates, Inc.",Virtual Occupational Therapy Application (VOTA),US,US,Charlottesville,A,samd,openfda_device_510k,rehabilitation,https://www.accessdata.fda.gov/scripts/cdrh/cfdocs/cfpmn/pmn.cfm?id=K163245,2026-05-14,FDA 510(k) K163245; 2017-02-28; product code LXJ,0.86,company_product_public,strong_official_product,round1,no
"Universal Gym Equipment, Inc.",MUSCULOSKELETAL EVALUATION REHABILITATION/CONDITIO,US,US,New York,A,rehabilitation,openfda_device_510k,rehabilitation,https://www.accessdata.fda.gov/scripts/cdrh/cfdocs/cfpmn/pmn.cfm?id=K873659,2026-05-14,FDA 510(k) K873659; 1988-04-21; product code IKK,0.86,company_product_public,strong_official_product,round1,no
"Cardon Rehabilitation Products, Inc.",CARDON PHYSICAL THERAPY TABLE MODEL:R40194,US,US,Niagara Falls,A,,openfda_device_510k,rehabilitation,https://www.accessdata.fda.gov/scripts/cdrh/cfdocs/cfpmn/pmn.cfm?id=K951955,2026-05-14,FDA 510(k) K951955; 1995-06-22; product code INQ,0.86,company_product_public,strong_official_product,round1,no
Kjaerulff Rehabilitation A/S,COMBI SELF PROPELLED SHOWER COMMODE,Europe,DK,Otterup,A,,openfda_device_510k,rehabilitation,https://www.accessdata.fda.gov/scripts/cdrh/cfdocs/cfpmn/pmn.cfm?id=K040677,2026-05-14,FDA 510(k) K040677; 2004-05-20; product code IOR,0.86,company_product_public,strong_official_product,round1,no
"Yurob Rehabilitation Medical Co., Ltd.","Electrically Power Wheelchairs (Models:YLB-W-0812-A01, YLB-W-0812-A02, YLB-W-0812-A03)",China,CN,Kunshan,A,,openfda_device_510k,rehabilitation,https://www.accessdata.fda.gov/scripts/cdrh/cfdocs/cfpmn/pmn.cfm?id=K232193,2026-05-14,FDA 510(k) K232193; 2023-09-22; product code ITI,0.86,company_product_public,strong_official_product,round1,no
"Cardon Rehabilitation Products, Inc.",CARDON PHYSICAL THERAPY TABLE MODEL: R27841,US,US,Niagara Falls,A,,openfda_device_510k,rehabilitation,https://www.accessdata.fda.gov/scripts/cdrh/cfdocs/cfpmn/pmn.cfm?id=K950872,2026-05-14,FDA 510(k) K950872; 1995-05-25; product code INQ,0.86,company_product_public,strong_official_product,round1,no
Pinsco Inc. Dba B & L Engineering,CODA MPX30 MOTION ANALYSIS SYSTEM,US,US,Tustin,A,,openfda_device_510k,rehabilitation,https://www.accessdata.fda.gov/scripts/cdrh/cfdocs/cfpmn/pmn.cfm?id=K982425,2026-05-14,FDA 510(k) K982425; 1998-10-07; product code LXJ,0.86,company_product_public,strong_official_product,round1,no
"Whiplash Analysis, Inc.",CERVICAL FUNCTION INDICATOR,US,US,Phoenix,A,,openfda_device_510k,rehabilitation,https://www.accessdata.fda.gov/scripts/cdrh/cfdocs/cfpmn/pmn.cfm?id=K943430,2026-05-14,FDA 510(k) K943430; 1995-03-13; product code LXJ,0.86,company_product_public,strong_official_product,round1,no
"Biogaming , Ltd.",YuGo System,,IL,Petach Tikva,A,,openfda_device_510k,rehabilitation,https://www.accessdata.fda.gov/scripts/cdrh/cfdocs/cfpmn/pmn.cfm?id=K151955,2026-05-14,FDA 510(k) K151955; 2016-02-05; product code LXJ,0.86,company_product_public,strong_official_product,round1,no
"Recovr,Inc",Recovr Rehabilitation System,US,US,Clemson,A,rehabilitation,openfda_device_510k,rehabilitation,https://www.accessdata.fda.gov/scripts/cdrh/cfdocs/cfpmn/pmn.cfm?id=K151446,2026-05-14,FDA 510(k) K151446; 2015-09-18; product code LXJ,0.86,company_product_public,strong_official_product,round1,no
"Kinetic Rehabilitation Instruments, Inc.",HELPING HAND,US,US,Washington,A,,openfda_device_510k,rehabilitation,https://www.accessdata.fda.gov/scripts/cdrh/cfdocs/cfpmn/pmn.cfm?id=K954427,2026-05-14,FDA 510(k) K954427; 1996-09-16; product code ITI,0.86,company_product_public,strong_official_product,round1,no
Ergoline GmbH,ers2 - ergoline Rehabilitation System,Europe,DE,Bitz,A,rehabilitation,openfda_device_510k,rehabilitation,https://www.accessdata.fda.gov/scripts/cdrh/cfdocs/cfpmn/pmn.cfm?id=K212883,2026-05-14,FDA 510(k) K212883; 2022-07-15; product code DRG,0.86,company_product_public,strong_official_product,round1,no
Motion Analysis Corp.,ORTHOTRAK,US,US,Santa Rosa,A,,openfda_device_510k,rehabilitation,https://www.accessdata.fda.gov/scripts/cdrh/cfdocs/cfpmn/pmn.cfm?id=K890076,2026-05-14,FDA 510(k) K890076; 1989-02-03; product code LXJ,0.86,company_product_public,strong_official_product,round1,no
"Cardon Rehabilitation Products, Inc.",CARDON PHYSICAL THERAPY TABLE MODEL R28598,US,US,Niagara Falls,A,,openfda_device_510k,rehabilitation,https://www.accessdata.fda.gov/scripts/cdrh/cfdocs/cfpmn/pmn.cfm?id=K960332,2026-05-14,FDA 510(k) K960332; 1996-02-13; product code INQ,0.86,company_product_public,strong_official_product,round1,no
"Medi-Man Rehabilitation Products, Inc.",MEDI-MAN WATER POWERED BATH LIFT & HYDRAULIC LIFT,,CA,Mississauga,A,,openfda_device_510k,rehabilitation,https://www.accessdata.fda.gov/scripts/cdrh/cfdocs/cfpmn/pmn.cfm?id=K844976,2026-05-14,FDA 510(k) K844976; 1985-04-01; product code FSA,0.86,company_product_public,strong_official_product,round1,no
The ScottCare Corporation,TeleRehab Aermos Cardiopulmonary Rehabilitation,US,US,Cleveland,A,rehabilitation,openfda_device_510k,rehabilitation,https://www.accessdata.fda.gov/scripts/cdrh/cfdocs/cfpmn/pmn.cfm?id=K250259,2026-05-14,FDA 510(k) K250259; 2025-06-04; product code DRG,0.86,company_product_public,strong_official_product,round1,no
"Zhejiang Innuovo Rehabilitation Devices Co.,Ltd",Mobility Scooter (W3331),China,CN,Dongyang,A,,openfda_device_510k,rehabilitation,https://www.accessdata.fda.gov/scripts/cdrh/cfdocs/cfpmn/pmn.cfm?id=K240008,2026-05-14,FDA 510(k) K240008; 2024-06-05; product code INI,0.86,company_product_public,strong_official_product,round1,no
"Jintronix, Inc.",Jintronix,US,US,Seattle,A,,openfda_device_510k,rehabilitation,https://www.accessdata.fda.gov/scripts/cdrh/cfdocs/cfpmn/pmn.cfm?id=K143034,2026-05-14,FDA 510(k) K143034; 2015-04-22; product code LXJ,0.86,company_product_public,strong_official_product,round1,no
Mindmaze SA,MindMotionPRO,Europe,CH,Lausanne,A,,openfda_device_510k,rehabilitation,https://www.accessdata.fda.gov/scripts/cdrh/cfdocs/cfpmn/pmn.cfm?id=K162748,2026-05-14,FDA 510(k) K162748; 2017-04-24; product code LXJ,0.86,company_product_public,strong_official_product,round1,no
"Cardon Rehabilitation Products, Inc.",CARDON PHYSICAL THERAPY TABLE R28575,US,US,Niagara Falls,A,,openfda_device_510k,rehabilitation,https://www.accessdata.fda.gov/scripts/cdrh/cfdocs/cfpmn/pmn.cfm?id=K950361,2026-05-14,FDA 510(k) K950361; 1995-02-10; product code INQ,0.86,company_product_public,strong_official_product,round1,no
"Peak Performance Technologies, Inc.",PEAK MOTUS,US,US,Centinnial,A,,openfda_device_510k,rehabilitation,https://www.accessdata.fda.gov/scripts/cdrh/cfdocs/cfpmn/pmn.cfm?id=K030714,2026-05-14,FDA 510(k) K030714; 2003-05-16; product code LXJ,0.86,company_product_public,strong_official_product,round1,no
"Zhejiang Innuovo Rehabilitation Devices Co.,Ltd",Mobility Scooter (N3473),China,CN,Dongyang,A,,openfda_device_510k,rehabilitation,https://www.accessdata.fda.gov/scripts/cdrh/cfdocs/cfpmn/pmn.cfm?id=K242387,2026-05-14,FDA 510(k) K242387; 2024-10-11; product code INI,0.86,company_product_public,strong_official_product,round1,no
"Zhejiang Innuovo Rehabilitation Devices Co.,Ltd","Mobility Scooter (Models: W3431Q, W3431R)",China,CN,Dongyang,A,,openfda_device_510k,rehabilitation,https://www.accessdata.fda.gov/scripts/cdrh/cfdocs/cfpmn/pmn.cfm?id=K222507,2026-05-14,FDA 510(k) K222507; 2023-02-28; product code INI,0.86,company_product_public,strong_official_product,round1,no
"Quinton, Inc.",MODEL 880 REHABILITATION TRAINER,US,US,Mchenry,A,rehabilitation,openfda_device_510k,rehabilitation,https://www.accessdata.fda.gov/scripts/cdrh/cfdocs/cfpmn/pmn.cfm?id=K770234,2026-05-14,FDA 510(k) K770234; 1977-02-14; product code ISD,0.86,company_product_public,strong_official_product,round1,no
"Cardon Rehabilitation Products, Inc.",CARDON PHYSICAL THERAPY TABLES MODELS: R27610,US,US,Niagara Falls,A,,openfda_device_510k,rehabilitation,https://www.accessdata.fda.gov/scripts/cdrh/cfdocs/cfpmn/pmn.cfm?id=K950874,2026-05-14,FDA 510(k) K950874; 1995-03-14; product code INQ,0.86,company_product_public,strong_official_product,round1,no
"Zhejiang Innuovo Rehabilitation Devices Co.,Ltd","Mobility Scooter, Model W3468",China,CN,Dongyang,A,,openfda_device_510k,rehabilitation,https://www.accessdata.fda.gov/scripts/cdrh/cfdocs/cfpmn/pmn.cfm?id=K220207,2026-05-14,FDA 510(k) K220207; 2022-03-24; product code INI,0.86,company_product_public,strong_official_product,round1,no
Cybex,CYBEX TORSO TESTING & REHABILITATION,US,US,Ronkonkoma,A,rehabilitation,openfda_device_510k,rehabilitation,https://www.accessdata.fda.gov/scripts/cdrh/cfdocs/cfpmn/pmn.cfm?id=K843739,2026-05-14,FDA 510(k) K843739; 1984-11-29; product code IKK,0.86,company_product_public,strong_official_product,round1,no
"Raye'S, Inc.",MULTI FUCTIONAL REHABILITATION CHAIR,US,US,Ellis,A,rehabilitation,openfda_device_510k,rehabilitation,https://www.accessdata.fda.gov/scripts/cdrh/cfdocs/cfpmn/pmn.cfm?id=K022407,2026-05-14,FDA 510(k) K022407; 2002-08-16; product code INO,0.86,company_product_public,strong_official_product,round1,no
"Quinton, Inc.","Q-TEL RMS (REHABILITATION MANAGEMENT SYSTEM), MODEL 000503",US,US,Bothell,A,rehabilitation,openfda_device_510k,rehabilitation,https://www.accessdata.fda.gov/scripts/cdrh/cfdocs/cfpmn/pmn.cfm?id=K003576,2026-05-14,FDA 510(k) K003576; 2001-01-25; product code DSI,0.86,company_product_public,strong_official_product,round1,no
"Cardon Rehabilitation Products, Inc.",CARDON PHYSICAL THERAPY TABLES R27635,US,US,Niagara Falls,A,,openfda_device_510k,rehabilitation,https://www.accessdata.fda.gov/scripts/cdrh/cfdocs/cfpmn/pmn.cfm?id=K950364,2026-05-14,FDA 510(k) K950364; 1995-02-10; product code INQ,0.86,company_product_public,strong_official_product,round1,no
"Bioness, Inc.",H200 WIRELESS HAND REHABILITATION SYSTEM WITH OPTIONAL INTELLI-CONNECT EARPIECE TRIGGERING DEVICE,US,US,Valencia,A,rehabilitation,openfda_device_510k,rehabilitation,https://www.accessdata.fda.gov/scripts/cdrh/cfdocs/cfpmn/pmn.cfm?id=K123636,2026-05-14,FDA 510(k) K123636; 2013-05-01; product code GZI,0.86,company_product_public,strong_official_product,round1,no
"Cardon Rehabilitation Products, Inc.",CARDON PHYSICAL THERAPY TABLE MODEL R28535,US,US,Niagara Falls,A,,openfda_device_510k,rehabilitation,https://www.accessdata.fda.gov/scripts/cdrh/cfdocs/cfpmn/pmn.cfm?id=K950360,2026-05-14,FDA 510(k) K950360; 1995-02-10; product code INQ,0.86,company_product_public,strong_official_product,round1,no
Huntsville Rehabilitation Foundation,"GOWN, OPERATING SURGICAL",US,US,Huntsville,A,,openfda_device_510k,rehabilitation,https://www.accessdata.fda.gov/scripts/cdrh/cfdocs/cfpmn/pmn.cfm?id=K911568,2026-05-14,FDA 510(k) K911568; 1991-04-22; product code FYA,0.86,company_product_public,strong_official_product,round1,no
"Zhejiang Innuovo Rehabilitation Devices Co.,Ltd",Power Wheelchair (W5538),China,CN,Dongyang,A,,openfda_device_510k,rehabilitation,https://www.accessdata.fda.gov/scripts/cdrh/cfdocs/cfpmn/pmn.cfm?id=K242471,2026-05-14,FDA 510(k) K242471; 2024-11-18; product code ITI,0.86,company_product_public,strong_official_product,round1,no
"Zhejiang Innuovo Rehabilitation Devices Co.,Ltd","Power Wheelchair, W5521",China,CN,Dongyang,A,,openfda_device_510k,rehabilitation,https://www.accessdata.fda.gov/scripts/cdrh/cfdocs/cfpmn/pmn.cfm?id=K231508,2026-05-14,FDA 510(k) K231508; 2023-11-09; product code ITI,0.86,company_product_public,strong_official_product,round1,no
"I-Rep, Inc.",PHYSICAL MEDICINE & REHABILITATION EQUIP,US,US,Mchenry,A,rehabilitation,openfda_device_510k,rehabilitation,https://www.accessdata.fda.gov/scripts/cdrh/cfdocs/cfpmn/pmn.cfm?id=K822906,2026-05-14,FDA 510(k) K822906; 1982-10-15; product code ION,0.86,company_product_public,strong_official_product,round1,no
Medicaa (Uruguay) S.A.,BALANCE REHABILITATION UNIT (BRU),US,US,Austin,A,rehabilitation,openfda_device_510k,rehabilitation,https://www.accessdata.fda.gov/scripts/cdrh/cfdocs/cfpmn/pmn.cfm?id=K070085,2026-05-14,FDA 510(k) K070085; 2007-02-26; product code LXV,0.86,company_product_public,strong_official_product,round1,no
"Cardon Rehabilitation Products, Inc.",CARDON PHYSICAL THERAPY TABLE R27114 AND R27642,US,US,Niagara Falls,A,,openfda_device_510k,rehabilitation,https://www.accessdata.fda.gov/scripts/cdrh/cfdocs/cfpmn/pmn.cfm?id=K950362,2026-05-14,FDA 510(k) K950362; 1995-02-10; product code INQ,0.86,company_product_public,strong_official_product,round1,no
"Nautilus Sports/Medical Industries, Inc.",NAUTILUS LEG EXTENSION TESTING & REHABILITATION,US,US,Deland,A,rehabilitation,openfda_device_510k,rehabilitation,https://www.accessdata.fda.gov/scripts/cdrh/cfdocs/cfpmn/pmn.cfm?id=K861206,2026-05-14,FDA 510(k) K861206; 1986-04-18; product code IKK,0.86,company_product_public,strong_official_product,round1,no
"Loredan Biomedical, Inc.",LIDO V-TAK,US,US,West Sacramento,A,,openfda_device_510k,rehabilitation,https://www.accessdata.fda.gov/scripts/cdrh/cfdocs/cfpmn/pmn.cfm?id=K924512,2026-05-14,FDA 510(k) K924512; 1993-05-12; product code LXJ,0.86,company_product_public,strong_official_product,round1,no
"Jintronix, Inc.",JINTRONIX REHABILITATION SYSTEM (JRS),,CA,"Milton, Ontario",A,rehabilitation,openfda_device_510k,rehabilitation,https://www.accessdata.fda.gov/scripts/cdrh/cfdocs/cfpmn/pmn.cfm?id=K130847,2026-05-14,FDA 510(k) K130847; 2014-02-28; product code LXJ,0.86,company_product_public,strong_official_product,round1,no
"Cardon Rehabilitation Products, Inc.",CARDON PHYSICAL THERAPY TABLES MODELS R28591 & R28592,US,US,Rockville,A,,openfda_device_510k,rehabilitation,https://www.accessdata.fda.gov/scripts/cdrh/cfdocs/cfpmn/pmn.cfm?id=K951906,2026-05-14,FDA 510(k) K951906; 1995-06-15; product code INQ,0.86,company_product_public,strong_official_product,round1,no
"Epm Information Systems, Inc.",THE TRACKER,US,US,Midlothian,A,,openfda_device_510k,rehabilitation,https://www.accessdata.fda.gov/scripts/cdrh/cfdocs/cfpmn/pmn.cfm?id=K923033,2026-05-14,FDA 510(k) K923033; 1993-06-01; product code LXJ,0.86,company_product_public,strong_official_product,round1,no
"Rehabilitation Institute,Loma Linda University Med",LOMA LINDA UNIVERSITY MEDICAL CENTER (LLUMC) CRANIAL REMOLDING HELMET,US,US,Chicago,A,,openfda_device_510k,rehabilitation,https://www.accessdata.fda.gov/scripts/cdrh/cfdocs/cfpmn/pmn.cfm?id=K023572,2026-05-14,FDA 510(k) K023572; 2003-01-13; product code MVA,0.86,company_product_public,strong_official_product,round1,no
Motion Analysis Corp.,FOOTTRAK,US,US,Santa Rosa,A,,openfda_device_510k,rehabilitation,https://www.accessdata.fda.gov/scripts/cdrh/cfdocs/cfpmn/pmn.cfm?id=K890075,2026-05-14,FDA 510(k) K890075; 1989-02-03; product code LXJ,0.86,company_product_public,strong_official_product,round1,no
"Charnwood Dynamics , Ltd.",CODA CX1 MOTION ANALYSIS SYSTEM,Europe,GB,"Rothley, Leicestershire",A,,openfda_device_510k,rehabilitation,https://www.accessdata.fda.gov/scripts/cdrh/cfdocs/cfpmn/pmn.cfm?id=K033514,2026-05-14,FDA 510(k) K033514; 2004-01-06; product code LXJ,0.86,company_product_public,strong_official_product,round1,no
"Facial Alveodental Implant Rehabilitation, Inc.",FLEXIROOT,US,US,Vallejo,A,,openfda_device_510k,rehabilitation,https://www.accessdata.fda.gov/scripts/cdrh/cfdocs/cfpmn/pmn.cfm?id=K852305,2026-05-14,FDA 510(k) K852305; 1985-10-16; product code DZE,0.86,company_product_public,strong_official_product,round1,no
"Cardiovascular Diagnostics, Inc.",THROMBOLYTIC ASSESSMENT SYSTEM LOW RANGE HEPARIN MANAGEMENT TEST CONTROLS,US,US,Raleigh,A,,openfda_device_510k,pain management,https://www.accessdata.fda.gov/scripts/cdrh/cfdocs/cfpmn/pmn.cfm?id=K981178,2026-05-14,FDA 510(k) K981178; 1998-04-27; product code GGN,0.86,company_product_public,strong_official_product,round1,no
"C.R. Bard, Inc.",BARD DIGNISHIELD STOOL MANAGEMENT SYSTEM,US,US,Covington,A,,openfda_device_510k,pain management,https://www.accessdata.fda.gov/scripts/cdrh/cfdocs/cfpmn/pmn.cfm?id=K133251,2026-05-14,FDA 510(k) K133251; 2014-05-09; product code KNT,0.86,company_product_public,strong_official_product,round1,no
"Selectivemed Components, Inc.",GUARDIAN DISPOSABLE TENS AND TENS/NMES ELECTRODES,US,US,Mt. Vernon,A,,openfda_device_510k,pain management,https://www.accessdata.fda.gov/scripts/cdrh/cfdocs/cfpmn/pmn.cfm?id=K945676,2026-05-14,FDA 510(k) K945676; 1995-01-30; product code GZJ,0.86,company_product_public,strong_official_product,round1,no
"Chattanooga Group, Inc.",INTELECT,US,US,Hixson,A,,openfda_device_510k,pain management,https://www.accessdata.fda.gov/scripts/cdrh/cfdocs/cfpmn/pmn.cfm?id=K974497,2026-05-14,FDA 510(k) K974497; 1998-01-23; product code GZJ,0.86,company_product_public,strong_official_product,round1,no
"Katecho, Inc.",K-DISPERSE,US,US,Des Moines,A,,openfda_device_510k,pain management,https://www.accessdata.fda.gov/scripts/cdrh/cfdocs/cfpmn/pmn.cfm?id=K921679,2026-05-14,FDA 510(k) K921679; 1992-10-06; product code GZJ,0.86,company_product_public,strong_official_product,round1,no
"Neuralace Medical, Inc.",Axon Therapy,US,US,San Diego,A,,openfda_device_510k,pain management,https://www.accessdata.fda.gov/scripts/cdrh/cfdocs/cfpmn/pmn.cfm?id=K233364,2026-05-14,FDA 510(k) K233364; 2024-01-10; product code QPL,0.86,company_product_public,strong_official_product,round1,no
"Transtimulation Research, Inc.",TEA Device,US,US,Oklahoma City,A,,openfda_device_510k,pain management,https://www.accessdata.fda.gov/scripts/cdrh/cfdocs/cfpmn/pmn.cfm?id=K230526,2026-05-14,FDA 510(k) K230526; 2023-09-14; product code QHH,0.86,company_product_public,strong_official_product,round1,no
"Neuromed, Inc.",NEUROMED OCTRODE MODEL MNR-88B/88C NEUROSTIM SYST,US,US,Ft. Lauderdale,A,,openfda_device_510k,pain management,https://www.accessdata.fda.gov/scripts/cdrh/cfdocs/cfpmn/pmn.cfm?id=K905596,2026-05-14,FDA 510(k) K905596; 1991-03-11; product code GZB,0.86,company_product_public,strong_official_product,round1,no
"Bioness, Inc.",StimRouter Neuromodulation System,US,US,Valencia,A,,openfda_device_510k,pain management,https://www.accessdata.fda.gov/scripts/cdrh/cfdocs/cfpmn/pmn.cfm?id=K200482,2026-05-14,FDA 510(k) K200482; 2020-03-27; product code GZF,0.86,company_product_public,strong_official_product,round1,no
"Gyrus Acmi, Inc.",DOLPHIN 3 FLUID MANAGEMENT SYSTEM,US,US,Southborough,A,,openfda_device_510k,pain management,https://www.accessdata.fda.gov/scripts/cdrh/cfdocs/cfpmn/pmn.cfm?id=K110852,2026-05-14,FDA 510(k) K110852; 2011-07-19; product code HIG,0.86,company_product_public,strong_official_product,round1,no
Monad Corp.,MENS-O-MATIC 2000,US,US,Pomona,A,,openfda_device_510k,pain management,https://www.accessdata.fda.gov/scripts/cdrh/cfdocs/cfpmn/pmn.cfm?id=K904235,2026-05-14,FDA 510(k) K904235; 1991-05-13; product code GZJ,0.86,company_product_public,strong_official_product,round1,no
Implant Management of America,VARIOUS DENTAL IMPLANTS WITH COVER SCREWS,US,US,Miami,A,,openfda_device_510k,pain management,https://www.accessdata.fda.gov/scripts/cdrh/cfdocs/cfpmn/pmn.cfm?id=K961861,2026-05-14,FDA 510(k) K961861; 1996-08-22; product code DZE,0.86,company_product_public,strong_official_product,round1,no
"Anulex Technologies, Inc.",FIXATE TISSUE BAND,US,US,Minnetonka,A,,openfda_device_510k,pain management,https://www.accessdata.fda.gov/scripts/cdrh/cfdocs/cfpmn/pmn.cfm?id=K112849,2026-05-14,FDA 510(k) K112849; 2011-10-27; product code GZB,0.86,company_product_public,strong_official_product,round1,no
M-Pact Worldwide Management Corp.,"IVALON PVA SURGICAL SPEAR, IVALON EYE DRAIN, 80CC, IVALON EYE DRAIN, 400CC, IVALON EYE WICK",US,US,Eudora,A,,openfda_device_510k,pain management,https://www.accessdata.fda.gov/scripts/cdrh/cfdocs/cfpmn/pmn.cfm?id=K971832,2026-05-14,FDA 510(k) K971832; 1997-07-31; product code HOZ,0.86,company_product_public,strong_official_product,round1,no
"U.S. Mfg. & Management, Inc.",CONTROLLED PASSIVE MOTION MACHINE,US,US,Bristol,A,,openfda_device_510k,pain management,https://www.accessdata.fda.gov/scripts/cdrh/cfdocs/cfpmn/pmn.cfm?id=K920860,2026-05-14,FDA 510(k) K920860; 1992-04-02; product code BXB,0.86,company_product_public,strong_official_product,round1,no
Apex Medical Corp.,"BIOSCOPE SD TENS, ARISTA SD PLUS, AP-102080T",,TW,"Shi-Chih, Taipei Hsien",A,,openfda_device_510k,pain management,https://www.accessdata.fda.gov/scripts/cdrh/cfdocs/cfpmn/pmn.cfm?id=K970429,2026-05-14,FDA 510(k) K970429; 1997-04-29; product code GZJ,0.86,company_product_public,strong_official_product,round1,no
"Intelligent Retinal Imaging Systems, LLC",IRIS INTELLIGENT RETINAL IMAGING SYSTEM,US,US,Andover,A,,openfda_device_510k,pain management,https://www.accessdata.fda.gov/scripts/cdrh/cfdocs/cfpmn/pmn.cfm?id=K141922,2026-05-14,FDA 510(k) K141922; 2015-02-27; product code NFJ,0.86,company_product_public,strong_official_product,round1,no
Micron Medical Corporation,"Stimulator, Stimulator Kit, External Transmitter, External Transmitter Kit",US,US,Boca Raton,A,,openfda_device_510k,pain management,https://www.accessdata.fda.gov/scripts/cdrh/cfdocs/cfpmn/pmn.cfm?id=K200848,2026-05-14,FDA 510(k) K200848; 2020-08-14; product code GZF,0.86,company_product_public,strong_official_product,round1,no
"Implantech Associates, Inc.",IMPLATECH RP MEDICAL GRADE SILICONE GEL SHEETING,US,US,Washington,A,,openfda_device_510k,pain management,https://www.accessdata.fda.gov/scripts/cdrh/cfdocs/cfpmn/pmn.cfm?id=K964846,2026-05-14,FDA 510(k) K964846; 1997-02-12; product code MDA,0.86,company_product_public,strong_official_product,round1,no
Grove Video Corp.,TP440 ORTHOPROBE,US,US,Mchenry,A,,openfda_device_510k,pain management,https://www.accessdata.fda.gov/scripts/cdrh/cfdocs/cfpmn/pmn.cfm?id=K821571,2026-05-14,FDA 510(k) K821571; 1982-07-21; product code GZJ,0.86,company_product_public,strong_official_product,round1,no
Apex Medical Corp.,MICRO II MICROCURRENT TENS,,TW,"Shi-Chih, Taipei Hsien",A,,openfda_device_510k,pain management,https://www.accessdata.fda.gov/scripts/cdrh/cfdocs/cfpmn/pmn.cfm?id=K973978,2026-05-14,FDA 510(k) K973978; 1998-07-29; product code GZJ,0.86,company_product_public,strong_official_product,round1,no
Insulet Corporation,"Omnipod® Insulin Management System, Omnipod DASH® Insulin Management System",US,US,Acton,A,,openfda_device_510k,pain management,https://www.accessdata.fda.gov/scripts/cdrh/cfdocs/cfpmn/pmn.cfm?id=K211575,2026-05-14,FDA 510(k) K211575; 2021-08-13; product code LZG,0.86,company_product_public,strong_official_product,round1,no
Pain Management Technologies,"JOINT STIM, MODEL 1000",US,US,Akron,A,,openfda_device_510k,pain management,https://www.accessdata.fda.gov/scripts/cdrh/cfdocs/cfpmn/pmn.cfm?id=K073386,2026-05-14,FDA 510(k) K073386; 2008-07-30; product code NYN,0.86,company_product_public,strong_official_product,round1,no
"Kung-Ho International, Inc.",HEALTH-UP,US,US,Mchenry,A,,openfda_device_510k,pain management,https://www.accessdata.fda.gov/scripts/cdrh/cfdocs/cfpmn/pmn.cfm?id=K840040,2026-05-14,FDA 510(k) K840040; 1984-02-10; product code GZJ,0.86,company_product_public,strong_official_product,round1,no
Medtronic Vascular,DUALSCREEN,US,US,Minneapolis,A,,openfda_device_510k,pain management,https://www.accessdata.fda.gov/scripts/cdrh/cfdocs/cfpmn/pmn.cfm?id=K955291,2026-05-14,FDA 510(k) K955291; 1996-05-17; product code GZB,0.86,company_product_public,strong_official_product,round1,no
"Uni-Patch, Inc.",TENS/FES/NMES ELECTRODES,US,US,Wabasha,A,,openfda_device_510k,pain management,https://www.accessdata.fda.gov/scripts/cdrh/cfdocs/cfpmn/pmn.cfm?id=K962332,2026-05-14,FDA 510(k) K962332; 1996-07-31; product code GZJ,0.86,company_product_public,strong_official_product,round1,no
"Gemore Technology Co, Ltd.",GEM-TWIN TENS/ MODELS GM3XY/Z,,TW,"Tan Shui, New Taipei City",A,,openfda_device_510k,pain management,https://www.accessdata.fda.gov/scripts/cdrh/cfdocs/cfpmn/pmn.cfm?id=K042559,2026-05-14,FDA 510(k) K042559; 2004-11-17; product code GZJ,0.86,company_product_public,strong_official_product,round1,no
Empi,"EMPI, MODEL 489, TENS",US,US,Arden Hills,A,,openfda_device_510k,pain management,https://www.accessdata.fda.gov/scripts/cdrh/cfdocs/cfpmn/pmn.cfm?id=K890604,2026-05-14,FDA 510(k) K890604; 1989-06-01; product code GZJ,0.86,company_product_public,strong_official_product,round1,no
Boehringer Mannheim Corp.,"ELECSYS PSA, MODEL 2010",US,US,Indianapolis,A,,openfda_device_510k,pain management,https://www.accessdata.fda.gov/scripts/cdrh/cfdocs/cfpmn/pmn.cfm?id=K982949,2026-05-14,FDA 510(k) K982949; 1998-10-27; product code LTJ,0.86,company_product_public,strong_official_product,round1,no
"Eyekor, LLC",EXCELSIOR,US,US,North Reading,A,,openfda_device_510k,pain management,https://www.accessdata.fda.gov/scripts/cdrh/cfdocs/cfpmn/pmn.cfm?id=K130453,2026-05-14,FDA 510(k) K130453; 2013-04-02; product code NFJ,0.86,company_product_public,strong_official_product,round1,no
"Atcor Medical Pty, Ltd.",SPHYGMOCOR CARDIOVASCULAR MANAGEMENT SYSTEM,US,US,"Washington, D.C.",A,,openfda_device_510k,pain management,https://www.accessdata.fda.gov/scripts/cdrh/cfdocs/cfpmn/pmn.cfm?id=K070795,2026-05-14,FDA 510(k) K070795; 2007-08-31; product code DSK,0.86,company_product_public,strong_official_product,round1,no
Monarch Medical Technologies,ENDO TOOL GLUCOSE MANAGEMENT SYSTEM (EGMS),US,US,Silver Spring,A,,openfda_device_510k,pain management,https://www.accessdata.fda.gov/scripts/cdrh/cfdocs/cfpmn/pmn.cfm?id=K132547,2026-05-14,FDA 510(k) K132547; 2014-04-17; product code NDC,0.86,company_product_public,strong_official_product,round1,no
"Kci USA, Inc.",PREVENA RESTOR(TM) Incision Management System,US,US,San Antonio,A,,openfda_device_510k,pain management,https://www.accessdata.fda.gov/scripts/cdrh/cfdocs/cfpmn/pmn.cfm?id=K181507,2026-05-14,FDA 510(k) K181507; 2019-02-15; product code OMP,0.86,company_product_public,strong_official_product,round1,no
"Bio-Research Associates, Inc.","QUADRATENS, MODEL QT-42",US,US,Brown Deer,A,,openfda_device_510k,pain management,https://www.accessdata.fda.gov/scripts/cdrh/cfdocs/cfpmn/pmn.cfm?id=K061799,2026-05-14,FDA 510(k) K061799; 2006-08-28; product code GZJ,0.86,company_product_public,strong_official_product,round1,no
"Technalithics Laboratories, Inc.",MODEL HS-2 TENS DEVICE,US,US,Waco,A,,openfda_device_510k,pain management,https://www.accessdata.fda.gov/scripts/cdrh/cfdocs/cfpmn/pmn.cfm?id=K962951,2026-05-14,FDA 510(k) K962951; 1997-08-06; product code GZJ,0.86,company_product_public,strong_official_product,round1,no
"Inner Mongolia Boming Medical Supplies Co., Ltd.",Disposable Nitrile Examination Glove,China,CN,Baotou,A,,openfda_device_510k,pain management,https://www.accessdata.fda.gov/scripts/cdrh/cfdocs/cfpmn/pmn.cfm?id=K212467,2026-05-14,FDA 510(k) K212467; 2021-11-04; product code LZA,0.86,company_product_public,strong_official_product,round1,no
"Varian Medical Systems, Inc.",ARIA Radiation Therapy Management,US,US,Palo Alto,A,,openfda_device_510k,pain management,https://www.accessdata.fda.gov/scripts/cdrh/cfdocs/cfpmn/pmn.cfm?id=K173838,2026-05-14,FDA 510(k) K173838; 2018-01-17; product code IYE,0.86,company_product_public,strong_official_product,round1,no
"Everyway Medical Instruments Co.,Ltd",EV-804 OTC Pain Relief TENS,,TW,New Taipei City,A,,openfda_device_510k,pain management,https://www.accessdata.fda.gov/scripts/cdrh/cfdocs/cfpmn/pmn.cfm?id=K172919,2026-05-14,FDA 510(k) K172919; 2018-04-19; product code NUH,0.86,company_product_public,strong_official_product,round1,no
"Guangzhou Xinbo Electronic Co., Ltd.","Pain Therapy Device (Model:  P.T.S-VI, P.T.S-VII)",China,CN,Guangzhou,A,,openfda_device_510k,pain management,https://www.accessdata.fda.gov/scripts/cdrh/cfdocs/cfpmn/pmn.cfm?id=K231789,2026-05-14,FDA 510(k) K231789; 2024-03-11; product code NGX,0.86,company_product_public,strong_official_product,round1,no
"Electromedical Products, Inc.",ALPHA-STIM 350,US,US,Hawthorne,A,,openfda_device_510k,pain management,https://www.accessdata.fda.gov/scripts/cdrh/cfdocs/cfpmn/pmn.cfm?id=K881753,2026-05-14,FDA 510(k) K881753; 1988-08-30; product code GZJ,0.86,company_product_public,strong_official_product,round1,no
Entra Health Systems,MYHEALTHPOINT TELEHEALTH MANAGER,US,US,San Diego,A,internet_healthcare,openfda_device_510k,telehealth,https://www.accessdata.fda.gov/scripts/cdrh/cfdocs/cfpmn/pmn.cfm?id=K132930,2026-05-14,FDA 510(k) K132930; 2014-04-14; product code DRG,0.86,company_product_public,strong_official_product,round1,no
"United Health Group, Inc.",Optum TeleHealth Application,US,US,Rye Brook,A,samd; internet_healthcare,openfda_device_510k,telehealth,https://www.accessdata.fda.gov/scripts/cdrh/cfdocs/cfpmn/pmn.cfm?id=K171406,2026-05-14,FDA 510(k) K171406; 2017-08-18; product code DRG,0.86,company_product_public,strong_official_product,round1,no
Taidoc Technology Corporation,FORA TELEHEALTH SYSTEM,,TW,Taipei County,A,internet_healthcare,openfda_device_510k,telehealth,https://www.accessdata.fda.gov/scripts/cdrh/cfdocs/cfpmn/pmn.cfm?id=K083046,2026-05-14,FDA 510(k) K083046; 2009-01-16; product code DRG,0.86,company_product_public,strong_official_product,round1,no
"Vignet, Inc.",VIGNET TELEHEALTH MANAGER,US,US,Pleasanton,A,internet_healthcare,openfda_device_510k,telehealth,https://www.accessdata.fda.gov/scripts/cdrh/cfdocs/cfpmn/pmn.cfm?id=K113446,2026-05-14,FDA 510(k) K113446; 2012-07-16; product code DRG,0.86,company_product_public,strong_official_product,round1,no
"Medaica, Inc.",Medaica M1 Telehealth Stethoscope,US,US,Henderson,A,internet_healthcare,openfda_device_510k,telehealth,https://www.accessdata.fda.gov/scripts/cdrh/cfdocs/cfpmn/pmn.cfm?id=K223166,2026-05-14,FDA 510(k) K223166; 2023-01-19; product code DQD,0.86,company_product_public,strong_official_product,round1,no
"Viterion Telehealthcare, LLC",VITERION 100 TELEHEALTH MONITOR,US,US,Tarrytown,A,internet_healthcare,openfda_device_510k,telehealth,https://www.accessdata.fda.gov/scripts/cdrh/cfdocs/cfpmn/pmn.cfm?id=K030419,2026-05-14,FDA 510(k) K030419; 2003-11-06; product code MWI,0.86,company_product_public,strong_official_product,round1,no
Taidoc Technology Corporation,FORA GW 9014 TELEHEALTH GATEWAY/TD-9014 TELEHEALTH GATEWAY,,TW,New Taipei City,A,internet_healthcare,openfda_device_510k,telehealth,https://www.accessdata.fda.gov/scripts/cdrh/cfdocs/cfpmn/pmn.cfm?id=K100427,2026-05-14,FDA 510(k) K100427; 2010-05-28; product code DRG,0.86,company_product_public,strong_official_product,round1,no
"Optumhealth Care Solutions, Inc.",OPTUM TELEHEALTH APPLICATION,,CA,Dundas,A,samd; internet_healthcare,openfda_device_510k,telehealth,https://www.accessdata.fda.gov/scripts/cdrh/cfdocs/cfpmn/pmn.cfm?id=K130971,2026-05-14,FDA 510(k) K130971; 2013-10-23; product code DRG,0.86,company_product_public,strong_official_product,round1,no
Rtx Healthcare A/S,RTX3320PSTN WIRELESS TELEHEALTH GATEWAY,Europe,DK,Noerresundby,A,internet_healthcare,openfda_device_510k,telehealth,https://www.accessdata.fda.gov/scripts/cdrh/cfdocs/cfpmn/pmn.cfm?id=K041816,2026-05-14,FDA 510(k) K041816; 2004-07-19; product code DRG,0.86,company_product_public,strong_official_product,round1,no
"Michigan Critical Care Consultants, Inc. (D.B.A Mc3 Inc.)",VitalFlow Console,US,US,Dexter,A,,openfda_device_510k,virtual care,https://www.accessdata.fda.gov/scripts/cdrh/cfdocs/cfpmn/pmn.cfm?id=K230364,2026-05-14,FDA 510(k) K230364; 2023-08-25; product code QNR,0.86,company_product_public,strong_official_product,round1,no
"Macneil Baby Care , Ltd.",SINGLE HANDED BREAST PUMP,US,US,Downers Grove,A,,openfda_device_510k,virtual care,https://www.accessdata.fda.gov/scripts/cdrh/cfdocs/cfpmn/pmn.cfm?id=K941112,2026-05-14,FDA 510(k) K941112; 1995-01-30; product code HGX,0.86,company_product_public,strong_official_product,round1,no
The Biomed Group,BIO CARE OXYGEN CONCENTRATOR,US,US,Mchenry,A,,openfda_device_510k,virtual care,https://www.accessdata.fda.gov/scripts/cdrh/cfdocs/cfpmn/pmn.cfm?id=K810272,2026-05-14,FDA 510(k) K810272; 1981-02-25; product code CAW,0.86,company_product_public,strong_official_product,round1,no
"3M Health Care, Sarns",FLEXIBLE ARTERIAL CANNULAE,US,US,Mchenry,A,,openfda_device_510k,virtual care,https://www.accessdata.fda.gov/scripts/cdrh/cfdocs/cfpmn/pmn.cfm?id=K771499,2026-05-14,FDA 510(k) K771499; 1977-08-16; product code DWF,0.86,company_product_public,strong_official_product,round1,no
The Skin Care Centre,THE DOCTOR'S CHOICE ELECTRODE,,CA,"Ontario, Canada",A,,openfda_device_510k,virtual care,https://www.accessdata.fda.gov/scripts/cdrh/cfdocs/cfpmn/pmn.cfm?id=K895737,2026-05-14,FDA 510(k) K895737; 1989-11-08; product code GEI,0.86,company_product_public,strong_official_product,round1,no
"Alert Care, Inc.",ELD-ARONDAK CHAIR,US,US,Borden,A,,openfda_device_510k,virtual care,https://www.accessdata.fda.gov/scripts/cdrh/cfdocs/cfpmn/pmn.cfm?id=K926053,2026-05-14,FDA 510(k) K926053; 1993-03-22; product code INM,0.86,company_product_public,strong_official_product,round1,no
"3M Health Care, Sarns",MODIFIED SARNS MEMBRANE OXYGENATOR,US,US,Ann Arbor,A,,openfda_device_510k,virtual care,https://www.accessdata.fda.gov/scripts/cdrh/cfdocs/cfpmn/pmn.cfm?id=K863902,2026-05-14,FDA 510(k) K863902; 1986-12-11; product code DTX,0.86,company_product_public,strong_official_product,round1,no
Mallinckrodt Critical Care,CHOLESTEROL REAGENT,US,US,Mchenry,A,,openfda_device_510k,virtual care,https://www.accessdata.fda.gov/scripts/cdrh/cfdocs/cfpmn/pmn.cfm?id=K771313,2026-05-14,FDA 510(k) K771313; 1977-08-03; product code CGO,0.86,company_product_public,strong_official_product,round1,no
"Hill-Rom, Inc.",CRITICAL CARE HOSPITAL BED (ICU/CCU),US,US,Batesville,A,,openfda_device_510k,virtual care,https://www.accessdata.fda.gov/scripts/cdrh/cfdocs/cfpmn/pmn.cfm?id=K915437,2026-05-14,FDA 510(k) K915437; 1992-06-11; product code FNL,0.86,company_product_public,strong_official_product,round1,no
Sherwood Medical Co.,ARGYLE VAC-U-CARE 100CC SUCT. RESERVOIR,US,US,Mchenry,A,,openfda_device_510k,virtual care,https://www.accessdata.fda.gov/scripts/cdrh/cfdocs/cfpmn/pmn.cfm?id=K801372,2026-05-14,FDA 510(k) K801372; 1980-06-26; product code GCY,0.86,company_product_public,strong_official_product,round1,no
"3M Health Care, Sarns",SARNS CARDIOPLEGIA CANNULAE (VAR. TYPES,US,US,Mchenry,A,,openfda_device_510k,virtual care,https://www.accessdata.fda.gov/scripts/cdrh/cfdocs/cfpmn/pmn.cfm?id=K822210,2026-05-14,FDA 510(k) K822210; 1982-08-24; product code DWF,0.86,company_product_public,strong_official_product,round1,no
Paragon Vision Sciences,PARAGON LENS CARE,US,US,Mesa,A,,openfda_device_510k,virtual care,https://www.accessdata.fda.gov/scripts/cdrh/cfdocs/cfpmn/pmn.cfm?id=K974635,2026-05-14,FDA 510(k) K974635; 1998-02-04; product code LRX,0.86,company_product_public,strong_official_product,round1,no
E.M. Adams,TRACHEOSTOMY CARE TRAY,US,US,Mchenry,A,,openfda_device_510k,virtual care,https://www.accessdata.fda.gov/scripts/cdrh/cfdocs/cfpmn/pmn.cfm?id=K813260,2026-05-14,FDA 510(k) K813260; 1981-12-31; product code LDQ,0.86,company_product_public,strong_official_product,round1,no
Betel Care Sdn. Bhd.,"BETEL POWDER FREE LATEX EXAM GLOVES, CHLORINATED, WITH PROTEIN LABELING CLAIM (50 MICROGRAMS OR LESS)",,MY,Selangor Darul Ehsan,A,,openfda_device_510k,virtual care,https://www.accessdata.fda.gov/scripts/cdrh/cfdocs/cfpmn/pmn.cfm?id=K000652,2026-05-14,FDA 510(k) K000652; 2000-04-10; product code LYY,0.86,company_product_public,strong_official_product,round1,no
Mallinckrodt Critical Care,RIA QUANT C-PEPTIDE KIT,US,US,Mchenry,A,,openfda_device_510k,virtual care,https://www.accessdata.fda.gov/scripts/cdrh/cfdocs/cfpmn/pmn.cfm?id=K812689,2026-05-14,FDA 510(k) K812689; 1981-10-06; product code JKD,0.86,company_product_public,strong_official_product,round1,no
"National Medical Care, Medical Products Div., Inc.",TWO TANK DISSOLUTION MODULE,US,US,Rockleigh,A,,openfda_device_510k,virtual care,https://www.accessdata.fda.gov/scripts/cdrh/cfdocs/cfpmn/pmn.cfm?id=K893612,2026-05-14,FDA 510(k) K893612; 1989-07-24; product code FKQ,0.86,company_product_public,strong_official_product,round1,no
Stryker Medical,STRYKER AGILITY INTENSIVE CARE BED,US,US,Kalamazoo,A,,openfda_device_510k,virtual care,https://www.accessdata.fda.gov/scripts/cdrh/cfdocs/cfpmn/pmn.cfm?id=K946149,2026-05-14,FDA 510(k) K946149; 1995-03-14; product code FNL,0.86,company_product_public,strong_official_product,round1,no
"National Medical Care, Medical Products Div., Inc.","DEXTROLYTE II, SINGLE USE Y SET NO. 48-6360-1",US,US,Rockleigh,A,,openfda_device_510k,virtual care,https://www.accessdata.fda.gov/scripts/cdrh/cfdocs/cfpmn/pmn.cfm?id=K896600,2026-05-14,FDA 510(k) K896600; 1990-03-22; product code KDJ,0.86,company_product_public,strong_official_product,round1,no
Fresenius Medical Care North America,"FRESENIUS COMBILLINES SINGLE NEEDLE BLOOD TUBING SET, CATALOG #03-2290",US,US,Lexington,A,,openfda_device_510k,virtual care,https://www.accessdata.fda.gov/scripts/cdrh/cfdocs/cfpmn/pmn.cfm?id=K000451,2026-05-14,FDA 510(k) K000451; 2000-05-09; product code FJK,0.86,company_product_public,strong_official_product,round1,no
"Customed, Inc.",TRACHEOSTOMY CARE KIT (STERILE),US,US,Fajardo,A,,openfda_device_510k,virtual care,https://www.accessdata.fda.gov/scripts/cdrh/cfdocs/cfpmn/pmn.cfm?id=K925020,2026-05-14,FDA 510(k) K925020; 1993-07-07; product code JOH,0.86,company_product_public,strong_official_product,round1,no
"Imd, Inc.",PROPHY CARE PASTE,US,US,Franklin Lakes,A,,openfda_device_510k,virtual care,https://www.accessdata.fda.gov/scripts/cdrh/cfdocs/cfpmn/pmn.cfm?id=K863133,2026-05-14,FDA 510(k) K863133; 1986-09-25; product code EJR,0.86,company_product_public,strong_official_product,round1,no
The Clell Corp.,THE CELL CARE SYSTEM,US,US,Arlington,A,,openfda_device_510k,virtual care,https://www.accessdata.fda.gov/scripts/cdrh/cfdocs/cfpmn/pmn.cfm?id=K860537,2026-05-14,FDA 510(k) K860537; 1986-04-17; product code KMI,0.86,company_product_public,strong_official_product,round1,no
"Pride Health Care, Inc.",PRIDE SPIRIT,US,US,Pittston,A,,openfda_device_510k,virtual care,https://www.accessdata.fda.gov/scripts/cdrh/cfdocs/cfpmn/pmn.cfm?id=K905271,2026-05-14,FDA 510(k) K905271; 1990-12-31; product code INI,0.86,company_product_public,strong_official_product,round1,no
"Indiba USA, Inc.",Indiba Diathermia Radiofrequency Device - Activ; Indiba Diathermia Radiofrequency Device - Deep Care,US,US,Palo Alto,A,,openfda_device_510k,virtual care,https://www.accessdata.fda.gov/scripts/cdrh/cfdocs/cfpmn/pmn.cfm?id=K161458,2026-05-14,FDA 510(k) K161458; 2016-10-03; product code PBX,0.86,company_product_public,strong_official_product,round1,no
"Fresenius Medical Care Renal Therapies Group, LLC","CombiSet SMARTECH Hemodialysis Blood Tubing Set with attached Priming Set and Integrated Crit-Line Technology, CombiSet SMARTECH Hemodialysis Blood Tubing Set with attached Priming Set and Intergrated Crit-Line Technology, no Heparin Line",US,US,Waltham,A,,openfda_device_510k,virtual care,https://www.accessdata.fda.gov/scripts/cdrh/cfdocs/cfpmn/pmn.cfm?id=K201207,2026-05-14,FDA 510(k) K201207; 2020-09-18; product code KOC,0.86,company_product_public,strong_official_product,round1,no
"Broncus Technologies, Inc.",LUNGPOINT VIRTUAL BRONCHOSCOPIC NAVIGATION VBN SYSTEM,US,US,Mountain View,A,,openfda_device_510k,virtual care,https://www.accessdata.fda.gov/scripts/cdrh/cfdocs/cfpmn/pmn.cfm?id=K090095,2026-05-14,FDA 510(k) K090095; 2009-03-13; product code LLZ,0.86,company_product_public,strong_official_product,round1,no
"Den Tek Oral Care, Inc.",CUSTOM COMFORT NIGHTGUARD,US,US,Washington,A,,openfda_device_510k,virtual care,https://www.accessdata.fda.gov/scripts/cdrh/cfdocs/cfpmn/pmn.cfm?id=K083400,2026-05-14,FDA 510(k) K083400; 2008-12-11; product code OBR,0.86,company_product_public,strong_official_product,round1,no
Baxter Healthcare Corp,STERILE SALINE FOR CATHETER CARE,US,US,Round Lake,A,,openfda_device_510k,virtual care,https://www.accessdata.fda.gov/scripts/cdrh/cfdocs/cfpmn/pmn.cfm?id=K974397,2026-05-14,FDA 510(k) K974397; 1998-02-10; product code JOL,0.86,company_product_public,strong_official_product,round1,no
GE Medical Systems Ultrasound and Primary Care Diagnostics,LOGIQ Totus,US,US,Wauwatosa,A,,openfda_device_510k,virtual care,https://www.accessdata.fda.gov/scripts/cdrh/cfdocs/cfpmn/pmn.cfm?id=K232381,2026-05-14,FDA 510(k) K232381; 2023-12-07; product code IYN,0.86,company_product_public,strong_official_product,round1,no
"Surgikos, Inc.",HEALTH CARE EYE PROTECTION,US,US,Arlington,A,,openfda_device_510k,virtual care,https://www.accessdata.fda.gov/scripts/cdrh/cfdocs/cfpmn/pmn.cfm?id=K875107,2026-05-14,FDA 510(k) K875107; 1988-03-21; product code HOY,0.86,company_product_public,strong_official_product,round1,no
"Care Products, Inc.",COLONCARE,US,US,Waterbury,A,,openfda_device_510k,virtual care,https://www.accessdata.fda.gov/scripts/cdrh/cfdocs/cfpmn/pmn.cfm?id=K030216,2026-05-14,FDA 510(k) K030216; 2003-04-02; product code KHE,0.86,company_product_public,strong_official_product,round1,no
"Aqueduct Critical Care, Inc.",Smart External Drain (SED) System,US,US,Bothell,A,,openfda_device_510k,virtual care,https://www.accessdata.fda.gov/scripts/cdrh/cfdocs/cfpmn/pmn.cfm?id=K181301,2026-05-14,FDA 510(k) K181301; 2018-06-14; product code JXG,0.86,company_product_public,strong_official_product,round1,no
Ciba Vision Corporation,SOLO-CARE BRAND HARD SOLUTION,US,US,Duluth,A,,openfda_device_510k,virtual care,https://www.accessdata.fda.gov/scripts/cdrh/cfdocs/cfpmn/pmn.cfm?id=K993949,2026-05-14,FDA 510(k) K993949; 2000-01-05; product code MRC,0.86,company_product_public,strong_official_product,round1,no
Care Wise Medical Products Corp.,ONCOPROBE SYSTEM,US,US,Morgan Hill,A,,openfda_device_510k,virtual care,https://www.accessdata.fda.gov/scripts/cdrh/cfdocs/cfpmn/pmn.cfm?id=K884770,2026-05-14,FDA 510(k) K884770; 1989-01-04; product code IZD,0.86,company_product_public,strong_official_product,round1,no
Codonics.Incorporated,"Codonics Safe Labeling System-Point of Care Station (PCS) (SLS-700i and related 610i, 620i, 630i series enabled to retrofit RFID features); Codonics Safe Labeling System-Point of Care Station (PCS) (SLS-1, SLS XXX, Multiple Models Pending Configuration)",US,US,Middleburg Heights,A,,openfda_device_510k,virtual care,https://www.accessdata.fda.gov/scripts/cdrh/cfdocs/cfpmn/pmn.cfm?id=K251352,2026-05-14,FDA 510(k) K251352; 2025-07-11; product code BSZ,0.86,company_product_public,strong_official_product,round1,no
"Menlo Care, Inc.",VERSACATH(TM) MULTILUMEN SYSTEM,US,US,Menlo Park,A,,openfda_device_510k,virtual care,https://www.accessdata.fda.gov/scripts/cdrh/cfdocs/cfpmn/pmn.cfm?id=K910566,2026-05-14,FDA 510(k) K910566; 1991-06-03; product code FOZ,0.86,company_product_public,strong_official_product,round1,no
"Orex Computed Radiography, Ltd.","KODAK POINT OF CARE CR 120, KODAK POINT OF CARE  CR 140, KODAK POINT OF CARE CR 260",,IL,Yoqneam,A,,openfda_device_510k,virtual care,https://www.accessdata.fda.gov/scripts/cdrh/cfdocs/cfpmn/pmn.cfm?id=K073670,2026-05-14,FDA 510(k) K073670; 2008-01-25; product code MQB,0.86,company_product_public,strong_official_product,round1,no
"Fresenius Medical Care Renal Therapies Group, LLC",Bicarby Dialysate RFP-404 (RFP-404-W); Bicarby Dialysate RFP-403 (RFP-403-W); Bicarby Dialysate RFP-403 (RFP-403-G); Bicarby Dialysate RFP-453 (RFP-453-W); Bicarby Dialysate RFP-453 (RFP-453-G); Bicarby Dialysate RFP-454 (RFP-454-W); Bicarby Dialysate RFP-454 (RFP-454-G); Bicarby Dialysate RFP-456 (RFP-456-W),US,US,Waltham,A,,openfda_device_510k,virtual care,https://www.accessdata.fda.gov/scripts/cdrh/cfdocs/cfpmn/pmn.cfm?id=K252180,2026-05-14,FDA 510(k) K252180; 2025-09-09; product code KPO,0.86,company_product_public,strong_official_product,round1,no
"Ge Medical Systems, LLC",Critical Care Suite with Endotracheal Tube Positing AI algorithm,US,US,Waukesha,A,,openfda_device_510k,virtual care,https://www.accessdata.fda.gov/scripts/cdrh/cfdocs/cfpmn/pmn.cfm?id=K211161,2026-05-14,FDA 510(k) K211161; 2021-10-29; product code QIH,0.86,company_product_public,strong_official_product,round1,no
"Marquette Electronics, Inc.",EAGLE 4000 PATIENT MONITOR,US,US,Milwaukee,A,,openfda_device_510k,patient engagement,https://www.accessdata.fda.gov/scripts/cdrh/cfdocs/cfpmn/pmn.cfm?id=K964750,2026-05-14,FDA 510(k) K964750; 1997-02-21; product code LOS,0.86,company_product_public,strong_official_product,round1,no
"Wuxi Shenzhou Plastic Products Co., Ltd.",POWDER-FREE VINYL PATIENT EXAMINATION GLOVES,China,CN,"Haidian District, Beijing",A,,openfda_device_510k,patient engagement,https://www.accessdata.fda.gov/scripts/cdrh/cfdocs/cfpmn/pmn.cfm?id=K070149,2026-05-14,FDA 510(k) K070149; 2007-02-23; product code LYZ,0.86,company_product_public,strong_official_product,round1,no
"Hebei Handform Plastic Products Co., Ltd.","POWDERED VINYL PATIENT EXAMINATION GLOVES, CLEAR (NON-COLORED)",China,CN,Zhong Road; Beijing,A,,openfda_device_510k,patient engagement,https://www.accessdata.fda.gov/scripts/cdrh/cfdocs/cfpmn/pmn.cfm?id=K082691,2026-05-14,FDA 510(k) K082691; 2009-02-04; product code LYZ,0.86,company_product_public,strong_official_product,round1,no
"Ali-Oop Co., Inc.",DEVICE FOR REPOSITIONING A BET PATIENT,US,US,Mchenry,A,,openfda_device_510k,patient engagement,https://www.accessdata.fda.gov/scripts/cdrh/cfdocs/cfpmn/pmn.cfm?id=K813356,2026-05-14,FDA 510(k) K813356; 1982-02-10; product code FNJ,0.86,company_product_public,strong_official_product,round1,no
"Zdi, Solutions, LLC","Z-Box/Z-Tilt Breast and Thoracic Positioning Device, Z-Square Indexing System, Z-Foam, Z-Bar Index Bar, Z-Pulls Patient Hand Grip Overlay",US,US,Knoxville,A,,openfda_device_510k,patient engagement,https://www.accessdata.fda.gov/scripts/cdrh/cfdocs/cfpmn/pmn.cfm?id=K162002,2026-05-14,FDA 510(k) K162002; 2016-11-01; product code IYE,0.86,company_product_public,strong_official_product,round1,no
"Fujian Yuanxin Safety Protection Technology Co., Ltd.",Disposable Nitrile Examination gloves,China,CN,Ningde,A,,openfda_device_510k,patient engagement,https://www.accessdata.fda.gov/scripts/cdrh/cfdocs/cfpmn/pmn.cfm?id=K212485,2026-05-14,FDA 510(k) K212485; 2021-11-05; product code LZA,0.86,company_product_public,strong_official_product,round1,no
"Basic Medical Technology, Inc.","Nitrile Powder-Free Exam Gloves 2.8, Tested for Use with Chemotherapy Drugs, Opioid Fentanyl Citrate, Simulated Gastric Acid (light blue, dark blue)",US,US,Ontario,A,,openfda_device_510k,patient engagement,https://www.accessdata.fda.gov/scripts/cdrh/cfdocs/cfpmn/pmn.cfm?id=K250193,2026-05-14,FDA 510(k) K250193; 2025-07-09; product code LZA,0.86,company_product_public,strong_official_product,round1,no
Shangdong Zibo Shanchuan Medical Instruments Co.,"POWDER-FREE, YELLOW VINYL PATIENT EXAMINATION GLOVES",US,US,Chino,A,,openfda_device_510k,patient engagement,https://www.accessdata.fda.gov/scripts/cdrh/cfdocs/cfpmn/pmn.cfm?id=K092000,2026-05-14,FDA 510(k) K092000; 2009-09-18; product code LYZ,0.86,company_product_public,strong_official_product,round1,no
Wrp Specialty Products Sdn. Bhd.,"DERMAGRIP AND MULTIPLE POWDER FREE PURPLE NITRILE EXAMINATION GLOVES, NON-STERILE",,MY,"Sepang, Selangor",A,,openfda_device_510k,patient engagement,https://www.accessdata.fda.gov/scripts/cdrh/cfdocs/cfpmn/pmn.cfm?id=K021396,2026-05-14,FDA 510(k) K021396; 2002-05-16; product code LZA,0.86,company_product_public,strong_official_product,round1,no
"Clinical Information Systems, Inc.",MODEL IDS640 PATIENT DATA DISPLAY & STORAGE MONIT.,US,US,Ann Arbor,A,,openfda_device_510k,patient engagement,https://www.accessdata.fda.gov/scripts/cdrh/cfdocs/cfpmn/pmn.cfm?id=K882352,2026-05-14,FDA 510(k) K882352; 1988-11-02; product code CCL,0.86,company_product_public,strong_official_product,round1,no
深圳星康医疗科技有限公司,动态心电分析软件,China,CN,深圳,A,samd; remote_patient_monitoring,nmpa_udi,软件,https://udi.nmpa.gov.cn/showDetailCX.html?deviceRecordKey=0697521590151720260512042339217,2026-05-14,NMPA UDI 06975215901517; GS1; aECGMap,0.84,company_product_public,strong_official_product,round1,no
广州安必平医药科技股份有限公司,宫颈细胞数字病理图像辅助诊断软件,China,CN,广州,A,samd; clinical_workflow,nmpa_udi,软件,https://udi.nmpa.gov.cn/showDetailCX.html?deviceRecordKey=0694850093468220260509111140206,2026-05-14,NMPA UDI 06948500934682; GS1; LBP-PIAS,0.84,company_product_public,strong_official_product,round1,no
深圳麦科田生物医疗技术股份有限公司,中央监护系统软件,China,CN,深圳,A,samd,nmpa_udi,软件,https://udi.nmpa.gov.cn/showDetailCX.html?deviceRecordKey=0692680261465520260509060024941,2026-05-14,NMPA UDI 06926802614655; GS1; iCMS PRO,0.84,company_product_public,strong_official_product,round1,no
深圳麦科田生物医疗技术股份有限公司,中央监护系统软件,China,CN,深圳,A,samd,nmpa_udi,软件,https://udi.nmpa.gov.cn/showDetailCX.html?deviceRecordKey=0692680261464820260509055950241,2026-05-14,NMPA UDI 06926802614648; GS1; iCMS,0.84,company_product_public,strong_official_product,round1,no
深圳麦科田生物医疗技术股份有限公司,中央监护系统软件,China,CN,深圳,A,samd,nmpa_udi,软件,https://udi.nmpa.gov.cn/showDetailCX.html?deviceRecordKey=0692680261463120260509055903124,2026-05-14,NMPA UDI 06926802614631; GS1; iCMS T,0.84,company_product_public,strong_official_product,round1,no
深圳麦科田生物医疗技术股份有限公司,中央监护系统软件,China,CN,深圳,A,samd,nmpa_udi,软件,https://udi.nmpa.gov.cn/showDetailCX.html?deviceRecordKey=0692680261460020260509055741246,2026-05-14,NMPA UDI 06926802614600; GS1; iCMS Ex,0.84,company_product_public,strong_official_product,round1,no
执鼎医疗科技有限公司,眼科影像存储与传输软件,China,CN,,A,samd,nmpa_udi,软件,https://udi.nmpa.gov.cn/showDetailCX.html?deviceRecordKey=0697304719107620260508030807326,2026-05-14,NMPA UDI 06973047191076; GS1; IMAGES-EYE,0.84,company_product_public,strong_official_product,round1,no
长沙爱孕记医疗科技有限公司,产前超声影像传输处理软件,China,CN,,A,samd,nmpa_udi,软件,https://udi.nmpa.gov.cn/showDetailCX.html?deviceRecordKey=273c8003f6164690916f8a3fdc31996c,2026-05-14,NMPA UDI 06980090580177; GS1; AiriScan Cloud V6,0.84,company_product_public,strong_official_product,round1,no
长沙爱孕记医疗科技有限公司,产前超声影像传输处理软件,China,CN,,A,samd,nmpa_udi,软件,https://udi.nmpa.gov.cn/showDetailCX.html?deviceRecordKey=aca22e4b290d4bc6beb18a4f6809902f,2026-05-14,NMPA UDI 06980090580184; GS1; AiriScan Cloud V8,0.84,company_product_public,strong_official_product,round1,no
长沙爱孕记医疗科技有限公司,产前超声影像传输处理软件,China,CN,,A,samd,nmpa_udi,软件,https://udi.nmpa.gov.cn/showDetailCX.html?deviceRecordKey=cacdbf8172a447d59acf6e9879dfee62,2026-05-14,NMPA UDI 06980090580191; GS1; AiriScan Cloud V10,0.84,company_product_public,strong_official_product,round1,no
麦康迪（绍兴）科技有限公司,骨骼肌指数 CT 影像处理软件,China,CN,,A,samd,nmpa_udi,软件,https://udi.nmpa.gov.cn/showDetailCX.html?deviceRecordKey=6479ba87437042aeb1168a1c055b35ca,2026-05-14,NMPA UDI 06978305450100; GS1; MKD-Sa,0.84,company_product_public,strong_official_product,round1,no
北京品驰医疗设备股份有限公司,远程程控通信软件,China,CN,北京,A,samd; remote_patient_monitoring,nmpa_udi,软件,https://udi.nmpa.gov.cn/showDetailCX.html?deviceRecordKey=0695980960560920250409110149243,2026-05-14,NMPA UDI 06959809605609; GS1; S503-02,0.84,company_product_public,strong_official_product,round1,no
北京品驰医疗设备股份有限公司,远程程控通信软件,China,CN,北京,A,samd; remote_patient_monitoring,nmpa_udi,软件,https://udi.nmpa.gov.cn/showDetailCX.html?deviceRecordKey=0695980960559320250409110357560,2026-05-14,NMPA UDI 06959809605593; GS1; S503-04-01,0.84,company_product_public,strong_official_product,round1,no
北京品驰医疗设备股份有限公司,远程程控通信软件,China,CN,北京,A,samd; remote_patient_monitoring,nmpa_udi,软件,https://udi.nmpa.gov.cn/showDetailCX.html?deviceRecordKey=0695980960576020250409110753218,2026-05-14,NMPA UDI 06959809605760; GS1; S503-04-02,0.84,company_product_public,strong_official_product,round1,no
上海导向医疗系统有限公司,医学图像处理软件,China,CN,上海,A,samd,nmpa_udi,软件,https://udi.nmpa.gov.cn/showDetailCX.html?deviceRecordKey=0694933910336220260506035412241,2026-05-14,NMPA UDI 06949339103362; GS1; AT-AP-CTPS,0.84,company_product_public,strong_official_product,round1,no
语坤（北京）网络科技有限公司,医学图像处理软件,China,CN,北京,A,samd,nmpa_udi,软件,https://udi.nmpa.gov.cn/showDetailCX.html?deviceRecordKey=0697418338085020260506052020828,2026-05-14,NMPA UDI 06974183380850; GS1; SK-Workstation，发布版本：1,0.84,company_product_public,strong_official_product,round1,no
上海镜影信息科技有限公司,电子支气管镜影像辅助质控软件,China,CN,上海,A,samd,nmpa_udi,软件,https://udi.nmpa.gov.cn/showDetailCX.html?deviceRecordKey=0697755044001020260417012010264,2026-05-14,NMPA UDI 06977550440010; GS1; EV BRO-100,0.84,company_product_public,strong_official_product,round1,no
上海镜影信息科技有限公司,电子鼻咽喉镜影像辅助质控软件,China,CN,上海,A,samd,nmpa_udi,软件,https://udi.nmpa.gov.cn/showDetailCX.html?deviceRecordKey=0697755044000320260416053639337,2026-05-14,NMPA UDI 06977550440003; GS1; EV ENT-100,0.84,company_product_public,strong_official_product,round1,no
上海联影智能科技股份有限公司,肺炎CT影像辅助分诊与评估软件,China,CN,上海,A,samd,nmpa_udi,软件,https://udi.nmpa.gov.cn/showDetailCX.html?deviceRecordKey=0697419760002920220614032338768,2026-05-14,NMPA UDI 06974197600029; GS1; uAI-Discover-NCP，发布版本R001,0.84,company_product_public,strong_official_product,round1,no
上海联影智能科技股份有限公司,放射治疗轮廓勾画软件,China,CN,上海,A,samd,nmpa_udi,软件,https://udi.nmpa.gov.cn/showDetailCX.html?deviceRecordKey=0697419760000520220614030658366,2026-05-14,NMPA UDI 06974197600005; GS1; uAI-Coutour，发布版本R001,0.84,company_product_public,strong_official_product,round1,no
上海联影智能科技股份有限公司,肺栓塞CT血管造影图像辅助分诊软件,China,CN,上海,A,samd,nmpa_udi,软件,https://udi.nmpa.gov.cn/showDetailCX.html?deviceRecordKey=0697419760030220240927040446847,2026-05-14,NMPA UDI 06974197600302; GS1; uAI-PulmonaryEmbolism，发布版本1.0,0.84,company_product_public,strong_official_product,round1,no
上海联影智能科技股份有限公司,颅内动脉瘤CT血管造影图像辅助检测软件,China,CN,上海,A,samd,nmpa_udi,软件,https://udi.nmpa.gov.cn/showDetailCX.html?deviceRecordKey=0697419760058620241008035234980,2026-05-14,NMPA UDI 06974197600586; GS1; uAI-CTA-HeadNeckVessels，发布版本2.2,0.84,company_product_public,strong_official_product,round1,no
上海联影智能科技股份有限公司,乳腺X射线图像辅助检测软件,China,CN,上海,A,samd,nmpa_udi,软件,https://udi.nmpa.gov.cn/showDetailCX.html?deviceRecordKey=0697419760060920241028111026135,2026-05-14,NMPA UDI 06974197600609; GS1; uAI-MammoCare，发布版本1.1,0.84,company_product_public,strong_official_product,round1,no
上海联影智能科技股份有限公司,主动脉夹层CT血管造影图像辅助分诊软件,China,CN,上海,A,samd,nmpa_udi,软件,https://udi.nmpa.gov.cn/showDetailCX.html?deviceRecordKey=0697419760033320241126113220827,2026-05-14,NMPA UDI 06974197600333; GS1; uAI-AorticDissection，发布版本：1.0,0.84,company_product_public,strong_official_product,round1,no
上海联影智能科技股份有限公司,脑缺血CT灌注图像辅助评估软件,China,CN,上海,A,samd,nmpa_udi,软件,https://udi.nmpa.gov.cn/showDetailCX.html?deviceRecordKey=0697419760065420250709110549577,2026-05-14,NMPA UDI 06974197600654; GS1; uAI–CT_CerebralPerfusion，发布版本1.1,0.84,company_product_public,strong_official_product,round1,no
上海联影智能科技股份有限公司,前列腺癌MRI图像轮廓勾画软件,China,CN,上海,A,samd,nmpa_udi,软件,https://udi.nmpa.gov.cn/showDetailCX.html?deviceRecordKey=0697419760035720250819103137751,2026-05-14,NMPA UDI 06974197600357; GS1; uAI-ProstateMR，发布版本1.0,0.84,company_product_public,strong_official_product,round1,no
上海联影智能科技股份有限公司,缺血性卒中CT图像辅助评估软件,China,CN,上海,A,samd,nmpa_udi,软件,https://udi.nmpa.gov.cn/showDetailCX.html?deviceRecordKey=0697419760041820250826044449746,2026-05-14,NMPA UDI 06974197600418; GS1; uAI-IschemicStroke，发布版本1.0,0.84,company_product_public,strong_official_product,round1,no
上海联影智能科技股份有限公司,肺结节CT影像辅助检测软件,China,CN,上海,A,samd,nmpa_udi,软件,https://udi.nmpa.gov.cn/showDetailCX.html?deviceRecordKey=0697419760001220220614031516122,2026-05-14,NMPA UDI 06974197600012; GS1; uAI-ChestCare，发布版本R001,0.84,company_product_public,strong_official_product,round1,no
上海联影智能科技股份有限公司,骨折CT影像辅助检测软件,China,CN,上海,A,samd,nmpa_udi,软件,https://udi.nmpa.gov.cn/showDetailCX.html?deviceRecordKey=0697419760003620220614031938232,2026-05-14,NMPA UDI 06974197600036; GS1; uAI-BoneCare，发布版本R001,0.84,company_product_public,strong_official_product,round1,no
上海联影智能科技股份有限公司,颅内出血CT影像辅助分诊软件,China,CN,上海,A,samd,nmpa_udi,软件,https://udi.nmpa.gov.cn/showDetailCX.html?deviceRecordKey=0697419760015920220614032656358,2026-05-14,NMPA UDI 06974197600159; GS1; uAI-HematomaCare，发布版本：R002,0.84,company_product_public,strong_official_product,round1,no
上海联影智能科技股份有限公司,冠状动脉CT造影图像血管狭窄辅助评估软件,China,CN,上海,A,samd,nmpa_udi,软件,https://udi.nmpa.gov.cn/showDetailCX.html?deviceRecordKey=0697419760028920230824020708139,2026-05-14,NMPA UDI 06974197600289; GS1; uAI-CoronaryCTA，发布版本：3.0,0.84,company_product_public,strong_official_product,round1,no
上海联影智能科技股份有限公司,肺结节CT图像辅助检测软件,China,CN,上海,A,samd,nmpa_udi,软件,https://udi.nmpa.gov.cn/showDetailCX.html?deviceRecordKey=0697419760036420231106092432531,2026-05-14,NMPA UDI 06974197600364; GS1; uAI-PioneerChest，发布版本1.1,0.84,company_product_public,strong_official_product,round1,no
上海联影智能科技股份有限公司,冠状动脉CT血流储备分数计算软件,China,CN,上海,A,samd,nmpa_udi,软件,https://udi.nmpa.gov.cn/showDetailCX.html?deviceRecordKey=0697419760019720240429052949398,2026-05-14,NMPA UDI 06974197600197; GS1; uAI-FFRCT，发布版本1. 0,0.84,company_product_public,strong_official_product,round1,no
桂林优利特医疗电子有限公司,血糖数据管理软件,China,CN,,A,samd,nmpa_udi,软件,https://udi.nmpa.gov.cn/showDetailCX.html?deviceRecordKey=06935740735889202604101007341,2026-05-14,NMPA UDI 06935740735889; GS1; RM-01,0.84,company_product_public,strong_official_product,round1,no
广西医准智能科技有限公司,颈动脉超声影像处理软件,China,CN,,A,samd,nmpa_udi,软件,https://udi.nmpa.gov.cn/showDetailCX.html?deviceRecordKey=0697549183016720260204040539443,2026-05-14,NMPA UDI 06975491830167; GS1; Yizhun CUIPS ，发布版本1,0.84,company_product_public,strong_official_product,round1,no
广西医准智能科技有限公司,产前超声影像处理软件,China,CN,,A,samd,nmpa_udi,软件,https://udi.nmpa.gov.cn/showDetailCX.html?deviceRecordKey=0697549183017420260424101604462,2026-05-14,NMPA UDI 06975491830174; GS1; Yizhun PUIPS,0.84,company_product_public,strong_official_product,round1,no
嘉兴允英医学检验有限公司,非小细胞肺癌（EGFR/ALK）基因突变分析软件,China,CN,,A,samd,nmpa_udi,软件,https://udi.nmpa.gov.cn/showDetailCX.html?deviceRecordKey=0697545115090820260424110259267,2026-05-14,NMPA UDI 06975451150908; GS1; YY001,0.84,company_product_public,strong_official_product,round1,no
纳龙健康科技股份有限公司,影像档案传输处理系统软件,China,CN,,A,samd,nmpa_udi,软件,https://udi.nmpa.gov.cn/showDetailCX.html?deviceRecordKey=0697614113017020260424042209895,2026-05-14,NMPA UDI 06976141130170; GS1; Medview,0.84,company_product_public,strong_official_product,round1,no
纳龙健康科技股份有限公司,心电及电生理网络系统软件,China,CN,,A,samd; remote_patient_monitoring,nmpa_udi,软件,https://udi.nmpa.gov.cn/showDetailCX.html?deviceRecordKey=0697614113018720260424042645920,2026-05-14,NMPA UDI 06976141130187; GS1; aECG-Platform,0.84,company_product_public,strong_official_product,round1,no
纳龙健康科技股份有限公司,心电及电生理网络系统软件,China,CN,,A,samd; remote_patient_monitoring,nmpa_udi,软件,https://udi.nmpa.gov.cn/showDetailCX.html?deviceRecordKey=0697614113019420260424043412942,2026-05-14,NMPA UDI 06976141130194; GS1; aECG-Cloud,0.84,company_product_public,strong_official_product,round1,no
纳龙健康科技股份有限公司,动态心电分析软件,China,CN,,A,samd; remote_patient_monitoring,nmpa_udi,软件,https://udi.nmpa.gov.cn/showDetailCX.html?deviceRecordKey=0697614113020020260424043920916,2026-05-14,NMPA UDI 06976141130200; GS1; CardioCare Master,0.84,company_product_public,strong_official_product,round1,no
纳龙健康科技股份有限公司,中央监护系统软件,China,CN,,A,samd,nmpa_udi,软件,https://udi.nmpa.gov.cn/showDetailCX.html?deviceRecordKey=0697614113021720260424044847289,2026-05-14,NMPA UDI 06976141130217; GS1; MonitorCare,0.84,company_product_public,strong_official_product,round1,no
纳龙健康科技股份有限公司,心电分析软件,China,CN,,A,samd; remote_patient_monitoring,nmpa_udi,软件,https://udi.nmpa.gov.cn/showDetailCX.html?deviceRecordKey=0697614113000220260402114634810,2026-05-14,NMPA UDI 06976141130002; GS1; Cardio AI,0.84,company_product_public,strong_official_product,round1,no
环科医学影像公司,心血管图像处理软件Cardiovascular image processing software,China,CN,,A,samd,nmpa_udi,软件,https://udi.nmpa.gov.cn/showDetailCX.html?deviceRecordKey=0088291600001120260415110044685,2026-05-14,"NMPA UDI 00882916000011; GS1; CVI42,发布版本5.11",0.84,company_product_public,strong_official_product,round1,no
ADAS3D医疗有限公司,心血管图像处理软件Medical device imaging software in the clinical domain of cardiology,China,CN,,A,samd,nmpa_udi,软件,https://udi.nmpa.gov.cn/showDetailCX.html?deviceRecordKey=0843702172204820260416013910405,2026-05-14,NMPA UDI 08437021722048; GS1; ADAS 3D，发布版本2.6,0.84,company_product_public,strong_official_product,round1,no
武汉楚精灵医疗科技有限公司,胃部病变电子内窥镜图像辅助分诊软件,China,CN,,A,samd,nmpa_udi,软件,https://udi.nmpa.gov.cn/showDetailCX.html?deviceRecordKey=0697460473102520260419033246769,2026-05-14,NMPA UDI 06974604731025; GS1; EA PC-UGI，发布版本V1,0.84,company_product_public,strong_official_product,round1,no
苏州塞伯坦医疗科技有限公司,医学影像处理软件,China,CN,,A,samd,nmpa_udi,软件,https://udi.nmpa.gov.cn/showDetailCX.html?deviceRecordKey=0697783813001520260410042043412,2026-05-14,NMPA UDI 06977838130015; GS1; SBT-OSPS,0.84,company_product_public,strong_official_product,round1,no
日本尼德克株式会社,影像存档软件,China,CN,,A,samd,nmpa_udi,软件,https://udi.nmpa.gov.cn/showDetailCX.html?deviceRecordKey=0498766910164320260403013305251,2026-05-14,NMPA UDI 04987669101643; GS1; NAVIS-EX,0.84,company_product_public,strong_official_product,round1,no
深圳市资福医疗技术有限公司,图像分析软件,China,CN,深圳,A,samd,nmpa_udi,软件,https://udi.nmpa.gov.cn/showDetailCX.html?deviceRecordKey=0697169084049520260414040017392,2026-05-14,NMPA UDI 06971690840495; GS1; DSV-117,0.84,company_product_public,strong_official_product,round1,no
上海联影智能科技股份有限公司,肺结节CT图像辅助诊断软件,China,CN,上海,A,samd; clinical_workflow,nmpa_udi,软件,https://udi.nmpa.gov.cn/showDetailCX.html?deviceRecordKey=0697419760073920260413112825851,2026-05-14,NMPA UDI 06974197600739; GS1; uAI-PulmonaryNodules，发布版本1.1,0.84,company_product_public,strong_official_product,round1,no
美敦力导航股份有限公司,移动式O形臂X射线机,China,CN,,A,,nmpa_udi,移动,https://udi.nmpa.gov.cn/showDetailCX.html?deviceRecordKey=d224c319c6044a5a8d3eb3ec41dee51a,2026-05-14,NMPA UDI 00763000959517; GS1; O2,0.84,company_product_public,strong_official_product,round1,no
美敦力导航股份有限公司,移动式O形臂X射线机,China,CN,,A,samd,nmpa_udi,移动,https://udi.nmpa.gov.cn/showDetailCX.html?deviceRecordKey=958548c565ea4318808e2b899bb1fca7,2026-05-14,NMPA UDI 00763000987701; GS1; O2 （软件发布版本4.2）,0.84,company_product_public,strong_official_product,round1,no
安徽爱视睿医疗科技有限公司,移动式C形臂X射线机,China,CN,,A,,nmpa_udi,移动,https://udi.nmpa.gov.cn/showDetailCX.html?deviceRecordKey=0697892077001020260513021547627,2026-05-14,NMPA UDI 06978920770010; GS1; AiSR-C3101,0.84,company_product_public,strong_official_product,round1,no
安徽爱视睿医疗科技有限公司,移动式C形臂X射线机,China,CN,,A,,nmpa_udi,移动,https://udi.nmpa.gov.cn/showDetailCX.html?deviceRecordKey=0697892077002720260513024353248,2026-05-14,NMPA UDI 06978920770027; GS1; AiSR-C3102,0.84,company_product_public,strong_official_product,round1,no
安徽爱视睿医疗科技有限公司,移动式C形臂X射线机,China,CN,,A,,nmpa_udi,移动,https://udi.nmpa.gov.cn/showDetailCX.html?deviceRecordKey=0697892077003420260513024927349,2026-05-14,NMPA UDI 06978920770034; GS1; AiSR-C3103,0.84,company_product_public,strong_official_product,round1,no
安徽爱视睿医疗科技有限公司,移动式C形臂X射线机,China,CN,,A,,nmpa_udi,移动,https://udi.nmpa.gov.cn/showDetailCX.html?deviceRecordKey=0697892077004120260513025153630,2026-05-14,NMPA UDI 06978920770041; GS1; AiSR-C3104,0.84,company_product_public,strong_official_product,round1,no
艾科托迈德有限公司 AKTORmed GmbH,腹腔内窥镜夹持及移动控制装置,China,CN,,A,,nmpa_udi,移动,https://udi.nmpa.gov.cn/showDetailCX.html?deviceRecordKey=372e067a0d814590bc697daa059f7d30,2026-05-14,NMPA UDI 04260463840919; GS1; SOLOASSIST II、SOLOASSIST IIS,0.84,company_product_public,strong_official_product,round1,no
艾科托迈德有限公司 AKTORmed GmbH,腹腔内窥镜夹持及移动控制装置,China,CN,,A,,nmpa_udi,移动,https://udi.nmpa.gov.cn/showDetailCX.html?deviceRecordKey=9eb0a0a45574458db5e35749f19185c4,2026-05-14,NMPA UDI 04260463843620; GS1; SOLOASSIST II、SOLOASSIST IIS,0.84,company_product_public,strong_official_product,round1,no
艾科托迈德有限公司 AKTORmed GmbH,腹腔内窥镜夹持及移动控制装置,China,CN,,A,,nmpa_udi,移动,https://udi.nmpa.gov.cn/showDetailCX.html?deviceRecordKey=58195411190f4100959ce3dbe3194d59,2026-05-14,NMPA UDI 04260463841985; GS1; SOLOASSIST II、SOLOASSIST IIS,0.84,company_product_public,strong_official_product,round1,no
艾科托迈德有限公司 AKTORmed GmbH,腹腔内窥镜夹持及移动控制装置,China,CN,,A,,nmpa_udi,移动,https://udi.nmpa.gov.cn/showDetailCX.html?deviceRecordKey=2afc9c7825e7426e9e031a4472b6ece8,2026-05-14,NMPA UDI 04260463845105; GS1; SOLOASSIST II、SOLOASSIST IIS,0.84,company_product_public,strong_official_product,round1,no
艾科托迈德有限公司 AKTORmed GmbH,腹腔内窥镜夹持及移动控制装置,China,CN,,A,,nmpa_udi,移动,https://udi.nmpa.gov.cn/showDetailCX.html?deviceRecordKey=d4317192280443acb23c4efc985f2fc0,2026-05-14,NMPA UDI 04260463846966; GS1; SOLOASSIST II、SOLOASSIST IIS,0.84,company_product_public,strong_official_product,round1,no
艾科托迈德有限公司 AKTORmed GmbH,腹腔内窥镜夹持及移动控制装置,China,CN,,A,,nmpa_udi,移动,https://udi.nmpa.gov.cn/showDetailCX.html?deviceRecordKey=3acbf680445a440183faa80956f065c7,2026-05-14,NMPA UDI 04260463846959; GS1; SOLOASSIST II、SOLOASSIST IIS,0.84,company_product_public,strong_official_product,round1,no
苏州歌锐医疗科技有限公司,移动式C形臂X射线机,China,CN,,A,,nmpa_udi,移动,https://udi.nmpa.gov.cn/showDetailCX.html?deviceRecordKey=0697549601006920260429074128451,2026-05-14,NMPA UDI 06975496010069; GS1; NewDawn 3D Hybrid,0.84,company_product_public,strong_official_product,round1,no
苏州歌锐医疗科技有限公司,移动式C形臂X射线机,China,CN,,A,,nmpa_udi,移动,https://udi.nmpa.gov.cn/showDetailCX.html?deviceRecordKey=0697549601005220260429075046422,2026-05-14,NMPA UDI 06975496010052; GS1; NewDawn 3D Elite,0.84,company_product_public,strong_official_product,round1,no
苏州歌锐医疗科技有限公司,移动式C形臂X射线机,China,CN,,A,,nmpa_udi,移动,https://udi.nmpa.gov.cn/showDetailCX.html?deviceRecordKey=0697549601007620260429075518592,2026-05-14,NMPA UDI 06975496010076; GS1; NewDawn 3D Lite,0.84,company_product_public,strong_official_product,round1,no
艾科托迈德有限公司 AKTORmed GmbH,腹腔内窥镜夹持及移动控制装置,China,CN,,A,,nmpa_udi,移动,https://udi.nmpa.gov.cn/showDetailCX.html?deviceRecordKey=036dddb744e34291baa64b5cf4d07633,2026-05-14,NMPA UDI 04260463843644; GS1; SOLOASSIST II,0.84,company_product_public,strong_official_product,round1,no
艾科托迈德有限公司 AKTORmed GmbH,腹腔内窥镜夹持及移动控制装置,China,CN,,A,,nmpa_udi,移动,https://udi.nmpa.gov.cn/showDetailCX.html?deviceRecordKey=9b9b3048d1e746e3b82d2e8697804a09,2026-05-14,NMPA UDI 04260463842203; GS1; SOLOASSIST IIS,0.84,company_product_public,strong_official_product,round1,no
深圳市资福医疗技术有限公司,移动式姿态控制器,China,CN,深圳,A,,nmpa_udi,移动,https://udi.nmpa.gov.cn/showDetailCX.html?deviceRecordKey=0697169084037220260414033247708,2026-05-14,NMPA UDI 06971690840372; GS1; MCE-117B,0.84,company_product_public,strong_official_product,round1,no
深圳市资福医疗技术有限公司,移动式姿态控制器,China,CN,深圳,A,,nmpa_udi,移动,https://udi.nmpa.gov.cn/showDetailCX.html?deviceRecordKey=0697169084036520260410053044422,2026-05-14,NMPA UDI 06971690840365; GS1; MCE-117W,0.84,company_product_public,strong_official_product,round1,no
深圳市宝润科技有限公司,移动式C形臂X射线机,China,CN,深圳,A,,nmpa_udi,移动,https://udi.nmpa.gov.cn/showDetailCX.html?deviceRecordKey=0697442622248020260318030714128,2026-05-14,NMPA UDI 06974426222480; GS1; CompaX 560A,0.84,company_product_public,strong_official_product,round1,no
深圳市宝润科技有限公司,移动式C形臂X射线机,China,CN,深圳,A,,nmpa_udi,移动,https://udi.nmpa.gov.cn/showDetailCX.html?deviceRecordKey=0697442622249720260318030935367,2026-05-14,NMPA UDI 06974426222497; GS1; CompaX 560B,0.84,company_product_public,strong_official_product,round1,no
深圳市宝润科技有限公司,移动式C形臂X射线机,China,CN,深圳,A,,nmpa_udi,移动,https://udi.nmpa.gov.cn/showDetailCX.html?deviceRecordKey=0697442622250320260318031054926,2026-05-14,NMPA UDI 06974426222503; GS1; CompaX 560C,0.84,company_product_public,strong_official_product,round1,no
深圳市宝润科技有限公司,移动式C形臂X射线机,China,CN,深圳,A,,nmpa_udi,移动,https://udi.nmpa.gov.cn/showDetailCX.html?deviceRecordKey=0697442622251020260318033301868,2026-05-14,NMPA UDI 06974426222510; GS1; CompaX 560E,0.84,company_product_public,strong_official_product,round1,no
深圳市宝润科技有限公司,移动式C形臂X射线机,China,CN,深圳,A,,nmpa_udi,移动,https://udi.nmpa.gov.cn/showDetailCX.html?deviceRecordKey=0697442622252720260318033748815,2026-05-14,NMPA UDI 06974426222527; GS1; CompaX 560F,0.84,company_product_public,strong_official_product,round1,no
深圳市宝润科技有限公司,移动式C形臂X射线机,China,CN,深圳,A,,nmpa_udi,移动,https://udi.nmpa.gov.cn/showDetailCX.html?deviceRecordKey=0697442622253420260318033853109,2026-05-14,NMPA UDI 06974426222534; GS1; CompaX 560G,0.84,company_product_public,strong_official_product,round1,no
深圳市宝润科技有限公司,移动式C形臂X射线机,China,CN,深圳,A,,nmpa_udi,移动,https://udi.nmpa.gov.cn/showDetailCX.html?deviceRecordKey=0697442622254120260318033934881,2026-05-14,NMPA UDI 06974426222541; GS1; CompaX 560H,0.84,company_product_public,strong_official_product,round1,no
深圳市宝润科技有限公司,移动式C形臂X射线机,China,CN,深圳,A,,nmpa_udi,移动,https://udi.nmpa.gov.cn/showDetailCX.html?deviceRecordKey=0697442622255820260318034017046,2026-05-14,NMPA UDI 06974426222558; GS1; CompaX 560I,0.84,company_product_public,strong_official_product,round1,no
上海卓昕医疗科技有限公司,移动式C形臂X射线机,China,CN,上海,A,,nmpa_udi,移动,https://udi.nmpa.gov.cn/showDetailCX.html?deviceRecordKey=0697526051015320260310102355590,2026-05-14,NMPA UDI 06975260510153; GS1; DSI-CP,0.84,company_product_public,strong_official_product,round1,no
上海卓昕医疗科技有限公司,移动式C形臂X射线机,China,CN,上海,A,,nmpa_udi,移动,https://udi.nmpa.gov.cn/showDetailCX.html?deviceRecordKey=0697526051016020260310102633864,2026-05-14,NMPA UDI 06975260510160; GS1; DSI-CS,0.84,company_product_public,strong_official_product,round1,no
上海卓昕医疗科技有限公司,移动式C形臂X射线机,China,CN,上海,A,,nmpa_udi,移动,https://udi.nmpa.gov.cn/showDetailCX.html?deviceRecordKey=0697526051005420250714040147634,2026-05-14,NMPA UDI 06975260510054; GS1; DSI-CTT,0.84,company_product_public,strong_official_product,round1,no
苏州一目万相科技有限公司,移动式C形臂X射线机,China,CN,,A,,nmpa_udi,移动,https://udi.nmpa.gov.cn/showDetailCX.html?deviceRecordKey=0697633057002220260305085826347,2026-05-14,NMPA UDI 06976330570022; GS1; WIL UniLite,0.84,company_product_public,strong_official_product,round1,no
苏州一目万相科技有限公司,移动式C形臂X射线机,China,CN,,A,,nmpa_udi,移动,https://udi.nmpa.gov.cn/showDetailCX.html?deviceRecordKey=0697633057003920260305085934779,2026-05-14,NMPA UDI 06976330570039; GS1; WIL SYSPro,0.84,company_product_public,strong_official_product,round1,no
安健科技（重庆）有限公司,移动式数字化医用X射线摄影系统,China,CN,,A,,nmpa_udi,移动,https://udi.nmpa.gov.cn/showDetailCX.html?deviceRecordKey=957b2adce4cc4ca29f70ba4d4ff07b57,2026-05-14,NMPA UDI 06979338930003; GS1; M32,0.84,company_product_public,strong_official_product,round1,no
深圳迈瑞生物医疗电子股份有限公司,移动式X射线机,China,CN,深圳,A,,nmpa_udi,移动,https://udi.nmpa.gov.cn/showDetailCX.html?deviceRecordKey=069030530816962026011502474526,2026-05-14,NMPA UDI 06903053081696; GS1; MobiEye 730,0.84,company_product_public,strong_official_product,round1,no
深圳迈瑞生物医疗电子股份有限公司,移动式X射线机,China,CN,深圳,A,,nmpa_udi,移动,https://udi.nmpa.gov.cn/showDetailCX.html?deviceRecordKey=069030530119832026011502474527,2026-05-14,NMPA UDI 06903053011983; GS1; MobiEye 800A,0.84,company_product_public,strong_official_product,round1,no
深圳迈瑞生物医疗电子股份有限公司,移动式X射线机,China,CN,深圳,A,,nmpa_udi,移动,https://udi.nmpa.gov.cn/showDetailCX.html?deviceRecordKey=069030530817192026011502474528,2026-05-14,NMPA UDI 06903053081719; GS1; MobiEye 820,0.84,company_product_public,strong_official_product,round1,no
深圳迈瑞生物医疗电子股份有限公司,移动式X射线机,China,CN,深圳,A,,nmpa_udi,移动,https://udi.nmpa.gov.cn/showDetailCX.html?deviceRecordKey=069030530817022026011502474529,2026-05-14,NMPA UDI 06903053081702; GS1; MobiEye 710,0.84,company_product_public,strong_official_product,round1,no
深圳迈瑞生物医疗电子股份有限公司,移动式X射线机,China,CN,深圳,A,,nmpa_udi,移动,https://udi.nmpa.gov.cn/showDetailCX.html?deviceRecordKey=069030530816892026011502474530,2026-05-14,NMPA UDI 06903053081689; GS1; MobiEye 780,0.84,company_product_public,strong_official_product,round1,no
深圳迈瑞生物医疗电子股份有限公司,移动式X射线机,China,CN,深圳,A,,nmpa_udi,移动,https://udi.nmpa.gov.cn/showDetailCX.html?deviceRecordKey=069030530817332026011502474531,2026-05-14,NMPA UDI 06903053081733; GS1; MobiEye 790,0.84,company_product_public,strong_official_product,round1,no
深圳迈瑞生物医疗电子股份有限公司,移动式X射线机,China,CN,深圳,A,,nmpa_udi,移动,https://udi.nmpa.gov.cn/showDetailCX.html?deviceRecordKey=069030530119452026011502474532,2026-05-14,NMPA UDI 06903053011945; GS1; MobiEye 750A,0.84,company_product_public,strong_official_product,round1,no
深圳迈瑞生物医疗电子股份有限公司,移动式X射线机,China,CN,深圳,A,,nmpa_udi,移动,https://udi.nmpa.gov.cn/showDetailCX.html?deviceRecordKey=069030530817262026011502474533,2026-05-14,NMPA UDI 06903053081726; GS1; MobiEye 760,0.84,company_product_public,strong_official_product,round1,no
深圳迈瑞生物医疗电子股份有限公司,移动式X射线机,China,CN,深圳,A,,nmpa_udi,移动,https://udi.nmpa.gov.cn/showDetailCX.html?deviceRecordKey=069030530119692026011502474534,2026-05-14,NMPA UDI 06903053011969; GS1; MobiEye 750T,0.84,company_product_public,strong_official_product,round1,no
深圳迈瑞生物医疗电子股份有限公司,移动式X射线机,China,CN,深圳,A,,nmpa_udi,移动,https://udi.nmpa.gov.cn/showDetailCX.html?deviceRecordKey=069030530120032026011502474535,2026-05-14,NMPA UDI 06903053012003; GS1; MobiEye 800T,0.84,company_product_public,strong_official_product,round1,no
深圳迈瑞生物医疗电子股份有限公司,移动式X射线机,China,CN,深圳,A,,nmpa_udi,移动,https://udi.nmpa.gov.cn/showDetailCX.html?deviceRecordKey=069030530816722026011502474536,2026-05-14,NMPA UDI 06903053081672; GS1; MobiEye 720,0.84,company_product_public,strong_official_product,round1,no
深圳迈瑞生物医疗电子股份有限公司,移动式X射线机,China,CN,深圳,A,,nmpa_udi,移动,https://udi.nmpa.gov.cn/showDetailCX.html?deviceRecordKey=069030530119902026011502474537,2026-05-14,NMPA UDI 06903053011990; GS1; MobiEye 800P,0.84,company_product_public,strong_official_product,round1,no
深圳迈瑞生物医疗电子股份有限公司,移动式X射线机,China,CN,深圳,A,,nmpa_udi,移动,https://udi.nmpa.gov.cn/showDetailCX.html?deviceRecordKey=069030530119762026011502474538,2026-05-14,NMPA UDI 06903053011976; GS1; MobiEye 800,0.84,company_product_public,strong_official_product,round1,no
深圳迈瑞生物医疗电子股份有限公司,移动式X射线机,China,CN,深圳,A,,nmpa_udi,移动,https://udi.nmpa.gov.cn/showDetailCX.html?deviceRecordKey=069030530119522026011502474539,2026-05-14,NMPA UDI 06903053011952; GS1; MobiEye 750P,0.84,company_product_public,strong_official_product,round1,no
深圳迈瑞生物医疗电子股份有限公司,移动式X射线机,China,CN,深圳,A,,nmpa_udi,移动,https://udi.nmpa.gov.cn/showDetailCX.html?deviceRecordKey=069030530119382026011502474540,2026-05-14,NMPA UDI 06903053011938; GS1; MobiEye 750,0.84,company_product_public,strong_official_product,round1,no
深圳迈瑞生物医疗电子股份有限公司,移动式X射线机,China,CN,深圳,A,,nmpa_udi,移动,https://udi.nmpa.gov.cn/showDetailCX.html?deviceRecordKey=069030530817402026011502474541,2026-05-14,NMPA UDI 06903053081740; GS1; MobiEye 810,0.84,company_product_public,strong_official_product,round1,no
南京普爱医疗设备股份有限公司,高频移动式手术X射线机,China,CN,,A,,nmpa_udi,移动,https://udi.nmpa.gov.cn/showDetailCX.html?deviceRecordKey=0697387682150220260119103155945,2026-05-14,NMPA UDI 06973876821502; GS1; PLX C1112A,0.84,company_product_public,strong_official_product,round1,no
北京至真互联网技术有限公司,糖尿病视网膜病变眼底图像辅助诊断软件,China,CN,北京,A,samd; chronic_disease_management; clinical_workflow,nmpa_udi,互联网,https://udi.nmpa.gov.cn/showDetailCX.html?deviceRecordKey=0697508757001920221110021746316,2026-05-14,NMPA UDI 06975087570019; GS1; ZZ-EYE-CDS,0.84,company_product_public,strong_official_product,round1,no
深圳市埃微医疗信息技术有限公司,远程动态心电记录仪-穿戴式心电传感器,China,CN,深圳,A,remote_patient_monitoring,nmpa_udi,远程,https://udi.nmpa.gov.cn/showDetailCX.html?deviceRecordKey=0697996622005720260407052252779,2026-05-14,NMPA UDI 06979966220057; GS1; DL-00B2,0.84,company_product_public,strong_official_product,round1,no
深圳市埃微医疗信息技术有限公司,远程动态心电记录仪-穿戴式心电传感器,China,CN,深圳,A,remote_patient_monitoring,nmpa_udi,远程,https://udi.nmpa.gov.cn/showDetailCX.html?deviceRecordKey=0697996622004020260407051922060,2026-05-14,NMPA UDI 06979966220040; GS1; DL-00B1,0.84,company_product_public,strong_official_product,round1,no
深圳市埃微医疗信息技术有限公司,远程动态心电记录仪,China,CN,深圳,A,remote_patient_monitoring,nmpa_udi,远程,https://udi.nmpa.gov.cn/showDetailCX.html?deviceRecordKey=0697996622003320260407051218149,2026-05-14,NMPA UDI 06979966220033; GS1; R-103A3,0.84,company_product_public,strong_official_product,round1,no
深圳市埃微医疗信息技术有限公司,远程动态心电记录仪,China,CN,深圳,A,remote_patient_monitoring,nmpa_udi,远程,https://udi.nmpa.gov.cn/showDetailCX.html?deviceRecordKey=0697996622002620260407050911285,2026-05-14,NMPA UDI 06979966220026; GS1; R-103A2,0.84,company_product_public,strong_official_product,round1,no
深圳市埃微医疗信息技术有限公司,远程动态心电记录仪,China,CN,深圳,A,remote_patient_monitoring,nmpa_udi,远程,https://udi.nmpa.gov.cn/showDetailCX.html?deviceRecordKey=0697996622001920260407050539667,2026-05-14,NMPA UDI 06979966220019; GS1; R-103A1,0.84,company_product_public,strong_official_product,round1,no
深圳市埃微医疗信息技术有限公司,远程动态心电记录仪,China,CN,深圳,A,remote_patient_monitoring,nmpa_udi,远程,https://udi.nmpa.gov.cn/showDetailCX.html?deviceRecordKey=0697996622000220260407050204997,2026-05-14,NMPA UDI 06979966220002; GS1; R-103A,0.84,company_product_public,strong_official_product,round1,no
维斯安（北京）医疗器械有限公司,远程扩展器,China,CN,北京,A,remote_patient_monitoring,nmpa_udi,远程,https://udi.nmpa.gov.cn/showDetailCX.html?deviceRecordKey=3adb79ab002c4672af6070c9f3c1cf7b,2026-05-14,NMPA UDI 06977645670131; GS1; REX,0.84,company_product_public,strong_official_product,round1,no
上海远心医疗科技有限公司,远程遥测心电分析软件,China,CN,上海,A,samd; remote_patient_monitoring,nmpa_udi,远程,https://udi.nmpa.gov.cn/showDetailCX.html?deviceRecordKey=0697830410015020251126054846763,2026-05-14,NMPA UDI 06978304100150; GS1; EPAY-EWS-1A,0.84,company_product_public,strong_official_product,round1,no
辽宁迪浩生物科技有限公司,远程医疗系统,China,CN,,A,remote_patient_monitoring,nmpa_udi,远程,https://udi.nmpa.gov.cn/showDetailCX.html?deviceRecordKey=a66841e0-6ec2-410b-aeec-aa0aea963e57,2026-05-14,NMPA UDI MA.156.M0.100236.0MSVZ940; MA码（IDcode）; FRMS,0.84,company_product_public,strong_official_product,round1,no
景昱医疗科技（苏州）股份有限公司,远程程控问诊软件,China,CN,,A,samd; remote_patient_monitoring; online_consultation,nmpa_udi,远程,https://udi.nmpa.gov.cn/showDetailCX.html?deviceRecordKey=0697037781066020250718070235628,2026-05-14,NMPA UDI 06970377810660; GS1; SR1633（软件发布版本:1）,0.84,company_product_public,strong_official_product,round1,no
上海微创医疗机器人（集团）股份有限公司,远程通讯工作站,China,CN,上海,A,remote_patient_monitoring,nmpa_udi,远程,https://udi.nmpa.gov.cn/showDetailCX.html?deviceRecordKey=0697162154189720250714111901457,2026-05-14,NMPA UDI 06971621541897; GS1; TSA8C0,0.84,company_product_public,strong_official_product,round1,no
武汉兰丁智能医学股份有限公司,全自动数字远程病理细胞分析仪,China,CN,,A,remote_patient_monitoring,nmpa_udi,远程,https://udi.nmpa.gov.cn/showDetailCX.html?deviceRecordKey=06975866142710202507090242481,2026-05-14,NMPA UDI 06975866142710; GS1; LD DNA-ICM I,0.84,company_product_public,strong_official_product,round1,no
武汉兰丁智能医学股份有限公司,全自动数字远程病理细胞分析仪,China,CN,,A,remote_patient_monitoring,nmpa_udi,远程,https://udi.nmpa.gov.cn/showDetailCX.html?deviceRecordKey=06975866142727202507090242482,2026-05-14,NMPA UDI 06975866142727; GS1; LD DNA-ICM II,0.84,company_product_public,strong_official_product,round1,no
武汉兰丁智能医学股份有限公司,全自动数字远程病理细胞分析仪,China,CN,,A,remote_patient_monitoring,nmpa_udi,远程,https://udi.nmpa.gov.cn/showDetailCX.html?deviceRecordKey=06975866142819202507090242483,2026-05-14,NMPA UDI 06975866142819; GS1; LD DNA-ICM III,0.84,company_product_public,strong_official_product,round1,no
武汉兰丁智能医学股份有限公司,全自动数字远程病理细胞分析仪,China,CN,,A,remote_patient_monitoring,nmpa_udi,远程,https://udi.nmpa.gov.cn/showDetailCX.html?deviceRecordKey=06975866142826202507090242484,2026-05-14,NMPA UDI 06975866142826; GS1; LD DNA-ICM IV,0.84,company_product_public,strong_official_product,round1,no
深圳市理邦精密仪器股份有限公司,远程实时动态心电记录仪,China,CN,深圳,A,remote_patient_monitoring,nmpa_udi,远程,https://udi.nmpa.gov.cn/showDetailCX.html?deviceRecordKey=069444138319332023122702190811,2026-05-14,NMPA UDI 06944413831933; GS1; DX22,0.84,company_product_public,strong_official_product,round1,no
深圳市理邦精密仪器股份有限公司,远程实时动态心电记录仪,China,CN,深圳,A,remote_patient_monitoring,nmpa_udi,远程,https://udi.nmpa.gov.cn/showDetailCX.html?deviceRecordKey=069444138319402023122702190812,2026-05-14,NMPA UDI 06944413831940; GS1; DX12+,0.84,company_product_public,strong_official_product,round1,no
深圳市理邦精密仪器股份有限公司,远程实时动态心电记录仪,China,CN,深圳,A,remote_patient_monitoring,nmpa_udi,远程,https://udi.nmpa.gov.cn/showDetailCX.html?deviceRecordKey=06944413831834202312270219081,2026-05-14,NMPA UDI 06944413831834; GS1; SE-3012,0.84,company_product_public,strong_official_product,round1,no
深圳市理邦精密仪器股份有限公司,远程实时动态心电记录仪,China,CN,深圳,A,remote_patient_monitoring,nmpa_udi,远程,https://udi.nmpa.gov.cn/showDetailCX.html?deviceRecordKey=06944413831841202312270219082,2026-05-14,NMPA UDI 06944413831841; GS1; SE-3006,0.84,company_product_public,strong_official_product,round1,no
深圳市理邦精密仪器股份有限公司,远程实时动态心电记录仪,China,CN,深圳,A,remote_patient_monitoring,nmpa_udi,远程,https://udi.nmpa.gov.cn/showDetailCX.html?deviceRecordKey=06944413831858202312270219083,2026-05-14,NMPA UDI 06944413831858; GS1; SE-3008,0.84,company_product_public,strong_official_product,round1,no
深圳市理邦精密仪器股份有限公司,远程实时动态心电记录仪,China,CN,深圳,A,remote_patient_monitoring,nmpa_udi,远程,https://udi.nmpa.gov.cn/showDetailCX.html?deviceRecordKey=06944413831865202312270219084,2026-05-14,NMPA UDI 06944413831865; GS1; SE-3005,0.84,company_product_public,strong_official_product,round1,no
深圳市理邦精密仪器股份有限公司,远程实时动态心电记录仪,China,CN,深圳,A,remote_patient_monitoring,nmpa_udi,远程,https://udi.nmpa.gov.cn/showDetailCX.html?deviceRecordKey=06944413831872202312270219085,2026-05-14,NMPA UDI 06944413831872; GS1; SE-3009,0.84,company_product_public,strong_official_product,round1,no
深圳市理邦精密仪器股份有限公司,远程实时动态心电记录仪,China,CN,深圳,A,remote_patient_monitoring,nmpa_udi,远程,https://udi.nmpa.gov.cn/showDetailCX.html?deviceRecordKey=06944413831889202312270219086,2026-05-14,NMPA UDI 06944413831889; GS1; iSE-3012,0.84,company_product_public,strong_official_product,round1,no
深圳市理邦精密仪器股份有限公司,远程实时动态心电记录仪,China,CN,深圳,A,remote_patient_monitoring,nmpa_udi,远程,https://udi.nmpa.gov.cn/showDetailCX.html?deviceRecordKey=06944413831896202312270219087,2026-05-14,NMPA UDI 06944413831896; GS1; iSE-3006,0.84,company_product_public,strong_official_product,round1,no
深圳市理邦精密仪器股份有限公司,远程实时动态心电记录仪,China,CN,深圳,A,remote_patient_monitoring,nmpa_udi,远程,https://udi.nmpa.gov.cn/showDetailCX.html?deviceRecordKey=06944413831902202312270219088,2026-05-14,NMPA UDI 06944413831902; GS1; iSE-3008,0.84,company_product_public,strong_official_product,round1,no
深圳市理邦精密仪器股份有限公司,远程实时动态心电记录仪,China,CN,深圳,A,remote_patient_monitoring,nmpa_udi,远程,https://udi.nmpa.gov.cn/showDetailCX.html?deviceRecordKey=06944413831919202312270219089,2026-05-14,NMPA UDI 06944413831919; GS1; iSE-3005,0.84,company_product_public,strong_official_product,round1,no
深圳市理邦精密仪器股份有限公司,远程实时动态心电记录仪,China,CN,深圳,A,remote_patient_monitoring,nmpa_udi,远程,https://udi.nmpa.gov.cn/showDetailCX.html?deviceRecordKey=069444138319262023122702190810,2026-05-14,NMPA UDI 06944413831926; GS1; iSE-3009,0.84,company_product_public,strong_official_product,round1,no
北京新网医讯技术有限公司,远程医学影像传输处理软件,China,CN,北京,A,samd; remote_patient_monitoring,nmpa_udi,远程,https://udi.nmpa.gov.cn/showDetailCX.html?deviceRecordKey=06975940490058202301090405080,2026-05-14,NMPA UDI 06975940490058; GS1; Smit-Cloud,0.84,company_product_public,strong_official_product,round1,no
山东正心医疗科技有限公司,远程动态心电记录仪,China,CN,,A,remote_patient_monitoring,nmpa_udi,远程,https://udi.nmpa.gov.cn/showDetailCX.html?deviceRecordKey=0697246767051220240530041724743,2026-05-14,NMPA UDI 06972467670512; GS1; WECG-SN2-LR/1台（盒）,0.84,company_product_public,strong_official_product,round1,no
山东正心医疗科技有限公司,远程动态心电记录仪,China,CN,,A,remote_patient_monitoring,nmpa_udi,远程,https://udi.nmpa.gov.cn/showDetailCX.html?deviceRecordKey=0697246767050520240530041825702,2026-05-14,NMPA UDI 06972467670505; GS1; WECG-SN2-SR/1台（盒）,0.84,company_product_public,strong_official_product,round1,no
山东正心医疗科技有限公司,远程动态心电记录仪,China,CN,,A,remote_patient_monitoring,nmpa_udi,远程,https://udi.nmpa.gov.cn/showDetailCX.html?deviceRecordKey=0697246767049920240530041941105,2026-05-14,NMPA UDI 06972467670499; GS1; WECG-SN2-LE/1台（盒）,0.84,company_product_public,strong_official_product,round1,no
山东正心医疗科技有限公司,远程动态心电记录仪,China,CN,,A,remote_patient_monitoring,nmpa_udi,远程,https://udi.nmpa.gov.cn/showDetailCX.html?deviceRecordKey=0697246767045120240529014242369,2026-05-14,NMPA UDI 06972467670451; GS1; WECG-MN2-LE/1台（盒）,0.84,company_product_public,strong_official_product,round1,no
山东正心医疗科技有限公司,远程动态心电记录仪,China,CN,,A,remote_patient_monitoring,nmpa_udi,远程,https://udi.nmpa.gov.cn/showDetailCX.html?deviceRecordKey=0697246767010920240529020102272,2026-05-14,NMPA UDI 06972467670109; GS1; WECG-SN2-SE/1台（盒）,0.84,company_product_public,strong_official_product,round1,no
山东正心医疗科技有限公司,远程动态心电记录仪,China,CN,,A,remote_patient_monitoring,nmpa_udi,远程,https://udi.nmpa.gov.cn/showDetailCX.html?deviceRecordKey=0697246767002420240529014739721,2026-05-14,NMPA UDI 06972467670024; GS1; WECG-MN2-SE/1台（盒）,0.84,company_product_public,strong_official_product,round1,no
山东正心医疗科技有限公司,远程动态心电记录仪,China,CN,,A,remote_patient_monitoring,nmpa_udi,远程,https://udi.nmpa.gov.cn/showDetailCX.html?deviceRecordKey=0697246767042020240529014541164,2026-05-14,NMPA UDI 06972467670420; GS1; WECG-MN2-SR/1台（盒）,0.84,company_product_public,strong_official_product,round1,no
山东正心医疗科技有限公司,远程动态心电记录仪,China,CN,,A,remote_patient_monitoring,nmpa_udi,远程,https://udi.nmpa.gov.cn/showDetailCX.html?deviceRecordKey=0697246767043720240529014446854,2026-05-14,NMPA UDI 06972467670437; GS1; WECG-MN2-SB/1台（盒）,0.84,company_product_public,strong_official_product,round1,no
山东正心医疗科技有限公司,远程动态心电记录仪,China,CN,,A,remote_patient_monitoring,nmpa_udi,远程,https://udi.nmpa.gov.cn/showDetailCX.html?deviceRecordKey=0697246767044420240529014353984,2026-05-14,NMPA UDI 06972467670444; GS1; WECG-MN2-LB/1台（盒）,0.84,company_product_public,strong_official_product,round1,no
山东正心医疗科技有限公司,远程动态心电记录仪,China,CN,,A,remote_patient_monitoring,nmpa_udi,远程,https://udi.nmpa.gov.cn/showDetailCX.html?deviceRecordKey=0697246767048220240529012523501,2026-05-14,NMPA UDI 06972467670482; GS1; WECG-MN2-LW/1台（盒）,0.84,company_product_public,strong_official_product,round1,no
山东正心医疗科技有限公司,远程动态心电记录仪,China,CN,,A,remote_patient_monitoring,nmpa_udi,远程,https://udi.nmpa.gov.cn/showDetailCX.html?deviceRecordKey=0697246767047520240529013549963,2026-05-14,NMPA UDI 06972467670475; GS1; WECG-MN2-SW/1台（盒）,0.84,company_product_public,strong_official_product,round1,no
山东正心医疗科技有限公司,远程动态心电记录仪,China,CN,,A,remote_patient_monitoring,nmpa_udi,远程,https://udi.nmpa.gov.cn/showDetailCX.html?deviceRecordKey=0697246767046820240529014117857,2026-05-14,NMPA UDI 06972467670468; GS1; WECG-MN2-LR/1台（盒）,0.84,company_product_public,strong_official_product,round1,no
合肥合滨智能机器人有限公司,超声探头夹持及远程控制系统,China,CN,,A,remote_patient_monitoring,nmpa_udi,远程,https://udi.nmpa.gov.cn/showDetailCX.html?deviceRecordKey=0697545144001620240327110556534,2026-05-14,NMPA UDI 06975451440016; GS1; HEBIN-RUS-T7,0.84,company_product_public,strong_official_product,round1,no
湖南朗开医疗科技有限公司,肺部远程医疗会诊系统,China,CN,,A,remote_patient_monitoring,nmpa_udi,远程,https://udi.nmpa.gov.cn/showDetailCX.html?deviceRecordKey=1697725918018420240314040805176,2026-05-14,NMPA UDI 16977259180184; GS1; LK-YC-RJ,0.84,company_product_public,strong_official_product,round1,no
青岛远程科技有限公司,医用防护口罩,China,CN,,A,remote_patient_monitoring,nmpa_udi,远程,https://udi.nmpa.gov.cn/showDetailCX.html?deviceRecordKey=0697510300027820231010040328484,2026-05-14,NMPA UDI 06975103000278; GS1; 折叠型-耳挂式B 非无菌型,0.84,company_product_public,strong_official_product,round1,no
青岛远程科技有限公司,医用防护口罩,China,CN,,A,remote_patient_monitoring,nmpa_udi,远程,https://udi.nmpa.gov.cn/showDetailCX.html?deviceRecordKey=0697510300026120231010040113123,2026-05-14,NMPA UDI 06975103000261; GS1; 折叠型-耳挂式B 无菌型,0.84,company_product_public,strong_official_product,round1,no
青岛远程科技有限公司,医用防护口罩,China,CN,,A,remote_patient_monitoring,nmpa_udi,远程,https://udi.nmpa.gov.cn/showDetailCX.html?deviceRecordKey=0697510300042120231010034544286,2026-05-14,NMPA UDI 06975103000421; GS1; 折叠型-耳挂式A 无菌型,0.84,company_product_public,strong_official_product,round1,no
青岛远程科技有限公司,医用防护口罩,China,CN,,A,remote_patient_monitoring,nmpa_udi,远程,https://udi.nmpa.gov.cn/showDetailCX.html?deviceRecordKey=0697510300041420231010034407559,2026-05-14,NMPA UDI 06975103000414; GS1; 折叠型-耳挂式A 非无菌型,0.84,company_product_public,strong_official_product,round1,no
青岛远程科技有限公司,医用防护口罩,China,CN,,A,remote_patient_monitoring,nmpa_udi,远程,https://udi.nmpa.gov.cn/showDetailCX.html?deviceRecordKey=0697510300040720231010033936711,2026-05-14,NMPA UDI 06975103000407; GS1; 折叠型-头戴式 无菌型,0.84,company_product_public,strong_official_product,round1,no
腾讯医疗健康（深圳）有限公司,慢性青光眼样视神经病变眼底图像辅助诊断软件,China,CN,深圳,A,samd; clinical_workflow,nmpa_udi,慢病,https://udi.nmpa.gov.cn/showDetailCX.html?deviceRecordKey=0697541034009820250217120028629,2026-05-14,NMPA UDI 06975410340098; GS1; MY-YD-02，发布版本：V1,0.84,company_product_public,strong_official_product,round1,no
深圳市绘云生物科技有限公司,慢性肝病风险计算软件,China,CN,深圳,A,samd,nmpa_udi,慢病,https://udi.nmpa.gov.cn/showDetailCX.html?deviceRecordKey=06975754180022202304110424121,2026-05-14,NMPA UDI 06975754180022; GS1; LiveBoost PC,0.84,company_product_public,strong_official_product,round1,no
绍兴金箓生物技术有限公司,慢性淋巴细胞白血病染色体及基因异常检测试剂盒（荧光原位杂交法）,China,CN,,A,,nmpa_udi,慢病,https://udi.nmpa.gov.cn/showDetailCX.html?deviceRecordKey=0697532900221620240626030509298,2026-05-14,NMPA UDI 06975329002216; GS1; 20人份/盒,0.84,company_product_public,strong_official_product,round1,no
绍兴金箓生物技术有限公司,慢性淋巴细胞白血病染色体及基因异常检测试剂盒（荧光原位杂交法）,China,CN,,A,,nmpa_udi,慢病,https://udi.nmpa.gov.cn/showDetailCX.html?deviceRecordKey=0697532900220920240626030119368,2026-05-14,NMPA UDI 06975329002209; GS1; 10人份/盒,0.84,company_product_public,strong_official_product,round1,no
绍兴金箓生物技术有限公司,慢性淋巴细胞白血病染色体及基因异常检测试剂盒（荧光原位杂交法）,China,CN,,A,,nmpa_udi,慢病,https://udi.nmpa.gov.cn/showDetailCX.html?deviceRecordKey=0697532900219320240626021306072,2026-05-14,NMPA UDI 06975329002193; GS1; 5人份/盒,0.84,company_product_public,strong_official_product,round1,no
腾讯医疗健康（深圳）有限公司,慢性青光眼样视神经病变眼底图像辅助诊断软件,China,CN,深圳,A,samd; clinical_workflow,nmpa_udi,慢病,https://udi.nmpa.gov.cn/showDetailCX.html?deviceRecordKey=06975410340067202305080350303,2026-05-14,NMPA UDI 06975410340067; GS1; MY-YD-01,0.84,company_product_public,strong_official_product,round1,no
天津致远慧图科技有限公司,慢病数据管理软件,China,CN,,A,samd; chronic_disease_management,nmpa_udi,慢病,https://udi.nmpa.gov.cn/showDetailCX.html?deviceRecordKey=0697549021014420230320104547712,2026-05-14,NMPA UDI 06975490210144; GS1; DMSCloud,0.84,company_product_public,strong_official_product,round1,no
天津致远慧图科技有限公司,慢病数据管理软件,China,CN,,A,samd; chronic_disease_management,nmpa_udi,慢病,https://udi.nmpa.gov.cn/showDetailCX.html?deviceRecordKey=0697549021015120230320104943530,2026-05-14,NMPA UDI 06975490210151; GS1; DMSLocal,0.84,company_product_public,strong_official_product,round1,no
医伟司安股份有限公司,外周血管慢性闭塞病变导管,China,CN,,A,,nmpa_udi,慢病,https://udi.nmpa.gov.cn/showDetailCX.html?deviceRecordKey=bc1fbf9e-231d-497f-a295-00f33b8d39cd,2026-05-14,NMPA UDI 00821684052723; GS1; VNC-SD-150,0.84,company_product_public,strong_official_product,round1,no
医伟司安股份有限公司,外周血管慢性闭塞病变导管,China,CN,,A,,nmpa_udi,慢病,https://udi.nmpa.gov.cn/showDetailCX.html?deviceRecordKey=89da9d2d-88df-4b62-8ad2-1d7a9e80bf18,2026-05-14,NMPA UDI 00821684073742; GS1; VNC-FX-150,0.84,company_product_public,strong_official_product,round1,no
医伟司安股份有限公司,外周血管慢性闭塞病变导管,China,CN,,A,,nmpa_udi,慢病,https://udi.nmpa.gov.cn/showDetailCX.html?deviceRecordKey=c860aa99-8a9a-4411-a9f8-a1a6d3891313,2026-05-14,NMPA UDI 00821684073759; GS1; VNC-SD-150,0.84,company_product_public,strong_official_product,round1,no
广州安必平医药科技股份有限公司,慢性淋巴细胞白血病染色体及基因异常探针试剂（原位杂交法）,China,CN,广州,A,,nmpa_udi,慢病,https://udi.nmpa.gov.cn/showDetailCX.html?deviceRecordKey=6558657301A45FE7403F711B542256B7,2026-05-14,NMPA UDI 06948500906863; GS1; 5人份/盒,0.84,company_product_public,strong_official_product,round1,no
武汉康录生物技术股份有限公司,慢性淋巴细胞白血病染色体及基因异常探针检测试剂盒（原位杂交法）,China,CN,,A,,nmpa_udi,慢病,https://udi.nmpa.gov.cn/showDetailCX.html?deviceRecordKey=2d77c6be-9155-4945-b0c5-22e9056a52ac,2026-05-14,NMPA UDI 06971808250727; GS1; 5人份/盒,0.84,company_product_public,strong_official_product,round1,no
武汉康录生物技术股份有限公司,慢性淋巴细胞白血病染色体及基因异常探针检测试剂盒（原位杂交法）,China,CN,,A,,nmpa_udi,慢病,https://udi.nmpa.gov.cn/showDetailCX.html?deviceRecordKey=f8db9997-b33d-45e7-91e7-e24f5f46beb1,2026-05-14,NMPA UDI 06971808251144; GS1; 10人份/盒,0.84,company_product_public,strong_official_product,round1,no
武汉康录生物技术股份有限公司,慢性淋巴细胞白血病染色体及基因异常探针检测试剂盒（原位杂交法）,China,CN,,A,,nmpa_udi,慢病,https://udi.nmpa.gov.cn/showDetailCX.html?deviceRecordKey=68003e91-3af7-451c-b54a-20531e53ee54,2026-05-14,NMPA UDI 06971808250741; GS1; 20人份/盒,0.84,company_product_public,strong_official_product,round1,no
广州安必平医药科技股份有限公司,慢性淋巴细胞白血病染色体及基因异常检测试剂盒（原位杂交法）,China,CN,广州,A,,nmpa_udi,慢病,https://udi.nmpa.gov.cn/showDetailCX.html?deviceRecordKey=E81B9B9654066CCE632B38DD691D1997,2026-05-14,NMPA UDI 06948500972110; GS1; 5人份/盒,0.84,company_product_public,strong_official_product,round1,no
深圳京柏医疗科技股份有限公司,盆底康复治疗仪,China,CN,深圳,A,rehabilitation,nmpa_udi,康复,https://udi.nmpa.gov.cn/showDetailCX.html?deviceRecordKey=0695174055061120260430020307433,2026-05-14,NMPA UDI 06951740550611; GS1; BFC10系列,0.84,company_product_public,strong_official_product,round1,no
深圳京柏医疗科技股份有限公司,盆底康复治疗仪,China,CN,深圳,A,rehabilitation,nmpa_udi,康复,https://udi.nmpa.gov.cn/showDetailCX.html?deviceRecordKey=0695174055062820260430021227521,2026-05-14,NMPA UDI 06951740550628; GS1; BFD10系列,0.84,company_product_public,strong_official_product,round1,no
深圳京柏医疗科技股份有限公司,盆底康复治疗仪,China,CN,深圳,A,rehabilitation,nmpa_udi,康复,https://udi.nmpa.gov.cn/showDetailCX.html?deviceRecordKey=0695174055063520260430021753276,2026-05-14,NMPA UDI 06951740550635; GS1; BFE10系列,0.84,company_product_public,strong_official_product,round1,no
亳州融健医疗用品有限公司,盆底康复治疗仪,China,CN,,A,rehabilitation,nmpa_udi,康复,https://udi.nmpa.gov.cn/showDetailCX.html?deviceRecordKey=06973774191615202604020500141,2026-05-14,NMPA UDI 06973774191615; GS1; RJPFRA-1,0.84,company_product_public,strong_official_product,round1,no
武汉市九头鸟医疗仪器开发有限公司,男性性功能康复治疗仪,China,CN,,A,rehabilitation,nmpa_udi,康复,https://udi.nmpa.gov.cn/showDetailCX.html?deviceRecordKey=0697548329202720260418110923009,2026-05-14,NMPA UDI 06975483292027; GS1; JTN-2001BL2,0.84,company_product_public,strong_official_product,round1,no
武汉市九头鸟医疗仪器开发有限公司,男性性功能康复治疗仪,China,CN,,A,rehabilitation,nmpa_udi,康复,https://udi.nmpa.gov.cn/showDetailCX.html?deviceRecordKey=0697548329203420260418111121270,2026-05-14,NMPA UDI 06975483292034; GS1; JTN-2001BL3,0.84,company_product_public,strong_official_product,round1,no
瑞海胜（厦门）康复用品有限公司,手动轮椅车,China,CN,,A,rehabilitation,nmpa_udi,康复,https://udi.nmpa.gov.cn/showDetailCX.html?deviceRecordKey=06975872081720202603040234192,2026-05-14,NMPA UDI 06975872081720; GS1; SY1IV100-ICON60/WBDE-F40R11,0.84,company_product_public,strong_official_product,round1,no
瑞海胜（厦门）康复用品有限公司,手动轮椅车,China,CN,,A,rehabilitation,nmpa_udi,康复,https://udi.nmpa.gov.cn/showDetailCX.html?deviceRecordKey=06975872081737202603040234193,2026-05-14,NMPA UDI 06975872081737; GS1; SY1IV100-ICON60/WBDF-F40R11,0.84,company_product_public,strong_official_product,round1,no
瑞海胜（厦门）康复用品有限公司,手动轮椅车,China,CN,,A,rehabilitation,nmpa_udi,康复,https://udi.nmpa.gov.cn/showDetailCX.html?deviceRecordKey=06975872081744202603040234194,2026-05-14,NMPA UDI 06975872081744; GS1; SY1IV100-ICON60/WBDG-F40R11,0.84,company_product_public,strong_official_product,round1,no
瑞海胜（厦门）康复用品有限公司,手动轮椅车,China,CN,,A,rehabilitation,nmpa_udi,康复,https://udi.nmpa.gov.cn/showDetailCX.html?deviceRecordKey=06975872081751202603040234195,2026-05-14,NMPA UDI 06975872081751; GS1; SY1IV100-ICON60/WBDH-F40R11,0.84,company_product_public,strong_official_product,round1,no
瑞海胜（厦门）康复用品有限公司,手动轮椅车,China,CN,,A,rehabilitation,nmpa_udi,康复,https://udi.nmpa.gov.cn/showDetailCX.html?deviceRecordKey=06975872081768202603040234196,2026-05-14,NMPA UDI 06975872081768; GS1; SY1IV100-ICON60/WBDI-F40R11,0.84,company_product_public,strong_official_product,round1,no
瑞海胜（厦门）康复用品有限公司,手动轮椅车,China,CN,,A,rehabilitation,nmpa_udi,康复,https://udi.nmpa.gov.cn/showDetailCX.html?deviceRecordKey=06975872081775202603040234197,2026-05-14,NMPA UDI 06975872081775; GS1; SY1IV100-ICON60/WCDD-F40R11,0.84,company_product_public,strong_official_product,round1,no
瑞海胜（厦门）康复用品有限公司,手动轮椅车,China,CN,,A,rehabilitation,nmpa_udi,康复,https://udi.nmpa.gov.cn/showDetailCX.html?deviceRecordKey=06975872081782202603040234198,2026-05-14,NMPA UDI 06975872081782; GS1; SY1IV100-ICON60/WCDE-F40R11,0.84,company_product_public,strong_official_product,round1,no
瑞海胜（厦门）康复用品有限公司,手动轮椅车,China,CN,,A,rehabilitation,nmpa_udi,康复,https://udi.nmpa.gov.cn/showDetailCX.html?deviceRecordKey=06975872081799202603040234199,2026-05-14,NMPA UDI 06975872081799; GS1; SY1IV100-ICON60/WCDF-F40R11,0.84,company_product_public,strong_official_product,round1,no
瑞海胜（厦门）康复用品有限公司,手动轮椅车,China,CN,,A,rehabilitation,nmpa_udi,康复,https://udi.nmpa.gov.cn/showDetailCX.html?deviceRecordKey=069758720818052026030402341910,2026-05-14,NMPA UDI 06975872081805; GS1; SY1IV100-ICON60/WCDG-F40R11,0.84,company_product_public,strong_official_product,round1,no
瑞海胜（厦门）康复用品有限公司,手动轮椅车,China,CN,,A,rehabilitation,nmpa_udi,康复,https://udi.nmpa.gov.cn/showDetailCX.html?deviceRecordKey=069758720818122026030402341911,2026-05-14,NMPA UDI 06975872081812; GS1; SY1IV100-ICON60/WCDH-F40R11,0.84,company_product_public,strong_official_product,round1,no
瑞海胜（厦门）康复用品有限公司,手动轮椅车,China,CN,,A,rehabilitation,nmpa_udi,康复,https://udi.nmpa.gov.cn/showDetailCX.html?deviceRecordKey=069758720818292026030402341912,2026-05-14,NMPA UDI 06975872081829; GS1; SY1IV100-ICON60/WCDI-F40R11,0.84,company_product_public,strong_official_product,round1,no
瑞海胜（厦门）康复用品有限公司,手动轮椅车,China,CN,,A,rehabilitation,nmpa_udi,康复,https://udi.nmpa.gov.cn/showDetailCX.html?deviceRecordKey=069758720818362026030402341913,2026-05-14,NMPA UDI 06975872081836; GS1; SY1IV100-ICON60/WDDD-F40R11,0.84,company_product_public,strong_official_product,round1,no
瑞海胜（厦门）康复用品有限公司,手动轮椅车,China,CN,,A,rehabilitation,nmpa_udi,康复,https://udi.nmpa.gov.cn/showDetailCX.html?deviceRecordKey=069758720818432026030402341914,2026-05-14,NMPA UDI 06975872081843; GS1; SY1IV100-ICON60/WDDE-F40R11,0.84,company_product_public,strong_official_product,round1,no
瑞海胜（厦门）康复用品有限公司,手动轮椅车,China,CN,,A,rehabilitation,nmpa_udi,康复,https://udi.nmpa.gov.cn/showDetailCX.html?deviceRecordKey=069758720818502026030402341915,2026-05-14,NMPA UDI 06975872081850; GS1; SY1IV100-ICON60/WDDF-F40R11,0.84,company_product_public,strong_official_product,round1,no
瑞海胜（厦门）康复用品有限公司,手动轮椅车,China,CN,,A,rehabilitation,nmpa_udi,康复,https://udi.nmpa.gov.cn/showDetailCX.html?deviceRecordKey=069758720818672026030402341916,2026-05-14,NMPA UDI 06975872081867; GS1; SY1IV100-ICON60/WDDG-F40R11,0.84,company_product_public,strong_official_product,round1,no
瑞海胜（厦门）康复用品有限公司,手动轮椅车,China,CN,,A,rehabilitation,nmpa_udi,康复,https://udi.nmpa.gov.cn/showDetailCX.html?deviceRecordKey=069758720818742026030402341917,2026-05-14,NMPA UDI 06975872081874; GS1; SY1IV100-ICON60/WDDH-F40R11,0.84,company_product_public,strong_official_product,round1,no
瑞海胜（厦门）康复用品有限公司,手动轮椅车,China,CN,,A,rehabilitation,nmpa_udi,康复,https://udi.nmpa.gov.cn/showDetailCX.html?deviceRecordKey=069758720818812026030402341918,2026-05-14,NMPA UDI 06975872081881; GS1; SY1IV100-ICON60/WDDI-F40R11,0.84,company_product_public,strong_official_product,round1,no
瑞海胜（厦门）康复用品有限公司,手动轮椅车,China,CN,,A,rehabilitation,nmpa_udi,康复,https://udi.nmpa.gov.cn/showDetailCX.html?deviceRecordKey=069758720818982026030402341919,2026-05-14,NMPA UDI 06975872081898; GS1; SY1IV100-ICON60/WEDD-F40R11,0.84,company_product_public,strong_official_product,round1,no
瑞海胜（厦门）康复用品有限公司,手动轮椅车,China,CN,,A,rehabilitation,nmpa_udi,康复,https://udi.nmpa.gov.cn/showDetailCX.html?deviceRecordKey=069758720819042026030402341920,2026-05-14,NMPA UDI 06975872081904; GS1; SY1IV100-ICON60/WEDE-F40R11,0.84,company_product_public,strong_official_product,round1,no
瑞海胜（厦门）康复用品有限公司,手动轮椅车,China,CN,,A,rehabilitation,nmpa_udi,康复,https://udi.nmpa.gov.cn/showDetailCX.html?deviceRecordKey=069758720819112026030402341921,2026-05-14,NMPA UDI 06975872081911; GS1; SY1IV100-ICON60/WEDF-F40R11,0.84,company_product_public,strong_official_product,round1,no
瑞海胜（厦门）康复用品有限公司,手动轮椅车,China,CN,,A,rehabilitation,nmpa_udi,康复,https://udi.nmpa.gov.cn/showDetailCX.html?deviceRecordKey=069758720819282026030402341922,2026-05-14,NMPA UDI 06975872081928; GS1; SY1IV100-ICON60/WEDG-F40R11,0.84,company_product_public,strong_official_product,round1,no
瑞海胜（厦门）康复用品有限公司,手动轮椅车,China,CN,,A,rehabilitation,nmpa_udi,康复,https://udi.nmpa.gov.cn/showDetailCX.html?deviceRecordKey=069758720819352026030402341923,2026-05-14,NMPA UDI 06975872081935; GS1; SY1IV100-ICON60/WEDH-F40R11,0.84,company_product_public,strong_official_product,round1,no
瑞海胜（厦门）康复用品有限公司,手动轮椅车,China,CN,,A,rehabilitation,nmpa_udi,康复,https://udi.nmpa.gov.cn/showDetailCX.html?deviceRecordKey=069758720819422026030402341924,2026-05-14,NMPA UDI 06975872081942; GS1; SY1IV100-ICON60/WEDI-F40R11,0.84,company_product_public,strong_official_product,round1,no
瑞海胜（厦门）康复用品有限公司,手动轮椅车,China,CN,,A,rehabilitation,nmpa_udi,康复,https://udi.nmpa.gov.cn/showDetailCX.html?deviceRecordKey=069758720819592026030402341925,2026-05-14,NMPA UDI 06975872081959; GS1; SY1IV100-ICON60/WFDD-F40R11,0.84,company_product_public,strong_official_product,round1,no
瑞海胜（厦门）康复用品有限公司,手动轮椅车,China,CN,,A,rehabilitation,nmpa_udi,康复,https://udi.nmpa.gov.cn/showDetailCX.html?deviceRecordKey=069758720819662026030402341926,2026-05-14,NMPA UDI 06975872081966; GS1; SY1IV100-ICON60/WFDE-F40R11,0.84,company_product_public,strong_official_product,round1,no
瑞海胜（厦门）康复用品有限公司,手动轮椅车,China,CN,,A,rehabilitation,nmpa_udi,康复,https://udi.nmpa.gov.cn/showDetailCX.html?deviceRecordKey=069758720819732026030402341927,2026-05-14,NMPA UDI 06975872081973; GS1; SY1IV100-ICON60/WFDF-F40R11,0.84,company_product_public,strong_official_product,round1,no
瑞海胜（厦门）康复用品有限公司,手动轮椅车,China,CN,,A,rehabilitation,nmpa_udi,康复,https://udi.nmpa.gov.cn/showDetailCX.html?deviceRecordKey=069758720819802026030402341928,2026-05-14,NMPA UDI 06975872081980; GS1; SY1IV100-ICON60/WFDG-F40R11,0.84,company_product_public,strong_official_product,round1,no
瑞海胜（厦门）康复用品有限公司,手动轮椅车,China,CN,,A,rehabilitation,nmpa_udi,康复,https://udi.nmpa.gov.cn/showDetailCX.html?deviceRecordKey=069758720819972026030402341929,2026-05-14,NMPA UDI 06975872081997; GS1; SY1IV100-ICON60/WFDH-F40R11,0.84,company_product_public,strong_official_product,round1,no
瑞海胜（厦门）康复用品有限公司,手动轮椅车,China,CN,,A,rehabilitation,nmpa_udi,康复,https://udi.nmpa.gov.cn/showDetailCX.html?deviceRecordKey=069758720820002026030402341930,2026-05-14,NMPA UDI 06975872082000; GS1; SY1IV100-ICON60/WFDI-F40R11,0.84,company_product_public,strong_official_product,round1,no
瑞海胜（厦门）康复用品有限公司,手动轮椅车,China,CN,,A,rehabilitation,nmpa_udi,康复,https://udi.nmpa.gov.cn/showDetailCX.html?deviceRecordKey=069758720820172026030402341931,2026-05-14,NMPA UDI 06975872082017; GS1; SY1IV100-ICON60/WGDD-F40R11,0.84,company_product_public,strong_official_product,round1,no
瑞海胜（厦门）康复用品有限公司,手动轮椅车,China,CN,,A,rehabilitation,nmpa_udi,康复,https://udi.nmpa.gov.cn/showDetailCX.html?deviceRecordKey=069758720820242026030402341932,2026-05-14,NMPA UDI 06975872082024; GS1; SY1IV100-ICON60/WGDE-F40R11,0.84,company_product_public,strong_official_product,round1,no
瑞海胜（厦门）康复用品有限公司,手动轮椅车,China,CN,,A,rehabilitation,nmpa_udi,康复,https://udi.nmpa.gov.cn/showDetailCX.html?deviceRecordKey=069758720820312026030402341933,2026-05-14,NMPA UDI 06975872082031; GS1; SY1IV100-ICON60/WGDF-F40R11,0.84,company_product_public,strong_official_product,round1,no
瑞海胜（厦门）康复用品有限公司,手动轮椅车,China,CN,,A,rehabilitation,nmpa_udi,康复,https://udi.nmpa.gov.cn/showDetailCX.html?deviceRecordKey=069758720820482026030402341934,2026-05-14,NMPA UDI 06975872082048; GS1; SY1IV100-ICON60/WGDG-F40R11,0.84,company_product_public,strong_official_product,round1,no
瑞海胜（厦门）康复用品有限公司,手动轮椅车,China,CN,,A,rehabilitation,nmpa_udi,康复,https://udi.nmpa.gov.cn/showDetailCX.html?deviceRecordKey=069758720820552026030402341935,2026-05-14,NMPA UDI 06975872082055; GS1; SY1IV100-ICON60/WGDH-F40R11,0.84,company_product_public,strong_official_product,round1,no
瑞海胜（厦门）康复用品有限公司,手动轮椅车,China,CN,,A,rehabilitation,nmpa_udi,康复,https://udi.nmpa.gov.cn/showDetailCX.html?deviceRecordKey=069758720820622026030402341936,2026-05-14,NMPA UDI 06975872082062; GS1; SY1IV100-ICON60/WGDI-F40R11,0.84,company_product_public,strong_official_product,round1,no
瑞海胜（厦门）康复用品有限公司,手动轮椅车,China,CN,,A,rehabilitation,nmpa_udi,康复,https://udi.nmpa.gov.cn/showDetailCX.html?deviceRecordKey=069758720820792026030402341937,2026-05-14,NMPA UDI 06975872082079; GS1; SY1IV100-ICON60/WHDD-F40R11,0.84,company_product_public,strong_official_product,round1,no
瑞海胜（厦门）康复用品有限公司,手动轮椅车,China,CN,,A,rehabilitation,nmpa_udi,康复,https://udi.nmpa.gov.cn/showDetailCX.html?deviceRecordKey=069758720820862026030402341938,2026-05-14,NMPA UDI 06975872082086; GS1; SY1IV100-ICON60/WHDE-F40R11,0.84,company_product_public,strong_official_product,round1,no
瑞海胜（厦门）康复用品有限公司,手动轮椅车,China,CN,,A,rehabilitation,nmpa_udi,康复,https://udi.nmpa.gov.cn/showDetailCX.html?deviceRecordKey=069758720820932026030402341939,2026-05-14,NMPA UDI 06975872082093; GS1; SY1IV100-ICON60/WHDF-F40R11,0.84,company_product_public,strong_official_product,round1,no
瑞海胜（厦门）康复用品有限公司,手动轮椅车,China,CN,,A,rehabilitation,nmpa_udi,康复,https://udi.nmpa.gov.cn/showDetailCX.html?deviceRecordKey=069758720821092026030402341940,2026-05-14,NMPA UDI 06975872082109; GS1; SY1IV100-ICON60/WHDG-F40R11,0.84,company_product_public,strong_official_product,round1,no
瑞海胜（厦门）康复用品有限公司,手动轮椅车,China,CN,,A,rehabilitation,nmpa_udi,康复,https://udi.nmpa.gov.cn/showDetailCX.html?deviceRecordKey=069758720821162026030402341941,2026-05-14,NMPA UDI 06975872082116; GS1; SY1IV100-ICON60/WHDH-F40R11,0.84,company_product_public,strong_official_product,round1,no
瑞海胜（厦门）康复用品有限公司,手动轮椅车,China,CN,,A,rehabilitation,nmpa_udi,康复,https://udi.nmpa.gov.cn/showDetailCX.html?deviceRecordKey=069758720821232026030402341942,2026-05-14,NMPA UDI 06975872082123; GS1; SY1IV100-ICON60/WHDI-F40R11,0.84,company_product_public,strong_official_product,round1,no
瑞海胜（厦门）康复用品有限公司,手动轮椅车,China,CN,,A,rehabilitation,nmpa_udi,康复,https://udi.nmpa.gov.cn/showDetailCX.html?deviceRecordKey=069758720821302026030402341943,2026-05-14,NMPA UDI 06975872082130; GS1; SY1IV100-ICON60/WBDD-F50R11,0.84,company_product_public,strong_official_product,round1,no
瑞海胜（厦门）康复用品有限公司,手动轮椅车,China,CN,,A,rehabilitation,nmpa_udi,康复,https://udi.nmpa.gov.cn/showDetailCX.html?deviceRecordKey=069758720821472026030402341944,2026-05-14,NMPA UDI 06975872082147; GS1; SY1IV100-ICON60/WBDE-F50R11,0.84,company_product_public,strong_official_product,round1,no
瑞海胜（厦门）康复用品有限公司,手动轮椅车,China,CN,,A,rehabilitation,nmpa_udi,康复,https://udi.nmpa.gov.cn/showDetailCX.html?deviceRecordKey=069758720821542026030402341945,2026-05-14,NMPA UDI 06975872082154; GS1; SY1IV100-ICON60/WBDF-F50R11,0.84,company_product_public,strong_official_product,round1,no
江西思维智光医疗科技有限公司,认知障碍评估训练与脑电刺激治疗系统,China,CN,,A,mental_health,nmpa_udi,认知,https://udi.nmpa.gov.cn/showDetailCX.html?deviceRecordKey=069799554101862026041703374918,2026-05-14,NMPA UDI 06979955410186; GS1; EI-RtES Ⅰ-30,0.84,company_product_public,strong_official_product,round1,no
江西思维智光医疗科技有限公司,认知障碍评估训练与脑电刺激治疗系统,China,CN,,A,mental_health,nmpa_udi,认知,https://udi.nmpa.gov.cn/showDetailCX.html?deviceRecordKey=069799554101932026041703374919,2026-05-14,NMPA UDI 06979955410193; GS1; EI-RtES Ⅰ-26,0.84,company_product_public,strong_official_product,round1,no
江西思维智光医疗科技有限公司,认知障碍评估训练与脑电刺激治疗系统,China,CN,,A,mental_health,nmpa_udi,认知,https://udi.nmpa.gov.cn/showDetailCX.html?deviceRecordKey=069799554102092026041703374920,2026-05-14,NMPA UDI 06979955410209; GS1; EI-RtES Ⅰ-20,0.84,company_product_public,strong_official_product,round1,no
江西思维智光医疗科技有限公司,认知障碍评估训练与脑电刺激治疗系统,China,CN,,A,mental_health,nmpa_udi,认知,https://udi.nmpa.gov.cn/showDetailCX.html?deviceRecordKey=069799554102162026041703374921,2026-05-14,NMPA UDI 06979955410216; GS1; EI-RtES Ⅰ-16,0.84,company_product_public,strong_official_product,round1,no
江西思维智光医疗科技有限公司,认知障碍评估训练与脑电刺激治疗系统,China,CN,,A,mental_health,nmpa_udi,认知,https://udi.nmpa.gov.cn/showDetailCX.html?deviceRecordKey=069799554102232026041703374922,2026-05-14,NMPA UDI 06979955410223; GS1; EI-RtES Ⅰ-10,0.84,company_product_public,strong_official_product,round1,no
江西思维智光医疗科技有限公司,认知障碍评估训练与脑电刺激治疗系统,China,CN,,A,mental_health,nmpa_udi,认知,https://udi.nmpa.gov.cn/showDetailCX.html?deviceRecordKey=069799554102302026041703374923,2026-05-14,NMPA UDI 06979955410230; GS1; EI-RtES Ⅰ-8,0.84,company_product_public,strong_official_product,round1,no
江西思维智光医疗科技有限公司,认知障碍评估训练与脑电刺激治疗系统,China,CN,,A,mental_health,nmpa_udi,认知,https://udi.nmpa.gov.cn/showDetailCX.html?deviceRecordKey=069799554102472026041703374924,2026-05-14,NMPA UDI 06979955410247; GS1; EI-RtES Ⅰ-6,0.84,company_product_public,strong_official_product,round1,no
江西思维智光医疗科技有限公司,认知障碍评估训练与脑电刺激治疗系统,China,CN,,A,mental_health,nmpa_udi,认知,https://udi.nmpa.gov.cn/showDetailCX.html?deviceRecordKey=069799554102542026041703374925,2026-05-14,NMPA UDI 06979955410254; GS1; EI-RtES Ⅰ-4,0.84,company_product_public,strong_official_product,round1,no
江西思维智光医疗科技有限公司,认知障碍评估训练与脑电刺激治疗系统,China,CN,,A,mental_health,nmpa_udi,认知,https://udi.nmpa.gov.cn/showDetailCX.html?deviceRecordKey=069799554102612026041703374926,2026-05-14,NMPA UDI 06979955410261; GS1; EI-RtES Ⅰ-2,0.84,company_product_public,strong_official_product,round1,no
江西思维智光医疗科技有限公司,认知障碍评估训练与脑电刺激治疗系统,China,CN,,A,mental_health,nmpa_udi,认知,https://udi.nmpa.gov.cn/showDetailCX.html?deviceRecordKey=069799554102782026041703374927,2026-05-14,NMPA UDI 06979955410278; GS1; EI-RtES Ⅰ-1,0.84,company_product_public,strong_official_product,round1,no
江西思维智光医疗科技有限公司,认知障碍评估训练与脑电刺激治疗系统,China,CN,,A,mental_health,nmpa_udi,认知,https://udi.nmpa.gov.cn/showDetailCX.html?deviceRecordKey=069799554102852026041703374928,2026-05-14,NMPA UDI 06979955410285; GS1; EI-CCRT Ⅰ-30,0.84,company_product_public,strong_official_product,round1,no
江西思维智光医疗科技有限公司,认知障碍评估训练与脑电刺激治疗系统,China,CN,,A,mental_health,nmpa_udi,认知,https://udi.nmpa.gov.cn/showDetailCX.html?deviceRecordKey=069799554102922026041703374929,2026-05-14,NMPA UDI 06979955410292; GS1; EI-CCRT Ⅰ-26,0.84,company_product_public,strong_official_product,round1,no
江西思维智光医疗科技有限公司,认知障碍评估训练与脑电刺激治疗系统,China,CN,,A,mental_health,nmpa_udi,认知,https://udi.nmpa.gov.cn/showDetailCX.html?deviceRecordKey=069799554103082026041703374930,2026-05-14,NMPA UDI 06979955410308; GS1; EI-CCRT Ⅰ-20,0.84,company_product_public,strong_official_product,round1,no
江西思维智光医疗科技有限公司,认知障碍评估训练与脑电刺激治疗系统,China,CN,,A,mental_health,nmpa_udi,认知,https://udi.nmpa.gov.cn/showDetailCX.html?deviceRecordKey=069799554103152026041703374931,2026-05-14,NMPA UDI 06979955410315; GS1; EI-CCRT Ⅰ-16,0.84,company_product_public,strong_official_product,round1,no
江西思维智光医疗科技有限公司,认知障碍评估训练与脑电刺激治疗系统,China,CN,,A,mental_health,nmpa_udi,认知,https://udi.nmpa.gov.cn/showDetailCX.html?deviceRecordKey=069799554103222026041703374932,2026-05-14,NMPA UDI 06979955410322; GS1; EI-CCRT Ⅰ-10,0.84,company_product_public,strong_official_product,round1,no
江西思维智光医疗科技有限公司,认知障碍评估训练与脑电刺激治疗系统,China,CN,,A,mental_health,nmpa_udi,认知,https://udi.nmpa.gov.cn/showDetailCX.html?deviceRecordKey=069799554103392026041703374933,2026-05-14,NMPA UDI 06979955410339; GS1; EI-CCRT Ⅰ-8,0.84,company_product_public,strong_official_product,round1,no
江西思维智光医疗科技有限公司,认知障碍评估训练与脑电刺激治疗系统,China,CN,,A,mental_health,nmpa_udi,认知,https://udi.nmpa.gov.cn/showDetailCX.html?deviceRecordKey=069799554103462026041703374934,2026-05-14,NMPA UDI 06979955410346; GS1; EI-CCRT Ⅰ-6,0.84,company_product_public,strong_official_product,round1,no
江西思维智光医疗科技有限公司,认知障碍评估训练与脑电刺激治疗系统,China,CN,,A,mental_health,nmpa_udi,认知,https://udi.nmpa.gov.cn/showDetailCX.html?deviceRecordKey=069799554103532026041703374935,2026-05-14,NMPA UDI 06979955410353; GS1; EI-CCRT Ⅰ-4,0.84,company_product_public,strong_official_product,round1,no
江西思维智光医疗科技有限公司,认知障碍评估训练与脑电刺激治疗系统,China,CN,,A,mental_health,nmpa_udi,认知,https://udi.nmpa.gov.cn/showDetailCX.html?deviceRecordKey=069799554103602026041703374936,2026-05-14,NMPA UDI 06979955410360; GS1; EI-CCRT Ⅰ-2,0.84,company_product_public,strong_official_product,round1,no
江西思维智光医疗科技有限公司,认知障碍评估训练与脑电刺激治疗系统,China,CN,,A,mental_health,nmpa_udi,认知,https://udi.nmpa.gov.cn/showDetailCX.html?deviceRecordKey=069799554103772026041703374937,2026-05-14,NMPA UDI 06979955410377; GS1; EI-CCRT Ⅰ-1,0.84,company_product_public,strong_official_product,round1,no
江西思维智光医疗科技有限公司,认知障碍评估训练与脑电刺激治疗系统,China,CN,,A,mental_health,nmpa_udi,认知,https://udi.nmpa.gov.cn/showDetailCX.html?deviceRecordKey=069799554103842026041703374938,2026-05-14,NMPA UDI 06979955410384; GS1; A620 Ⅰ-30（经颅电刺激仪）,0.84,company_product_public,strong_official_product,round1,no
江西思维智光医疗科技有限公司,认知障碍评估训练与脑电刺激治疗系统,China,CN,,A,mental_health,nmpa_udi,认知,https://udi.nmpa.gov.cn/showDetailCX.html?deviceRecordKey=069799554103912026041703374939,2026-05-14,NMPA UDI 06979955410391; GS1; A620 Ⅰ-26（经颅电刺激仪）,0.84,company_product_public,strong_official_product,round1,no
江西思维智光医疗科技有限公司,认知障碍评估训练与脑电刺激治疗系统,China,CN,,A,mental_health,nmpa_udi,认知,https://udi.nmpa.gov.cn/showDetailCX.html?deviceRecordKey=069799554104072026041703374940,2026-05-14,NMPA UDI 06979955410407; GS1; A620 Ⅰ-20（经颅电刺激仪）,0.84,company_product_public,strong_official_product,round1,no
江西思维智光医疗科技有限公司,认知障碍评估训练与脑电刺激治疗系统,China,CN,,A,mental_health,nmpa_udi,认知,https://udi.nmpa.gov.cn/showDetailCX.html?deviceRecordKey=069799554104142026041703374941,2026-05-14,NMPA UDI 06979955410414; GS1; A620 Ⅰ-16（经颅电刺激仪）,0.84,company_product_public,strong_official_product,round1,no
江西思维智光医疗科技有限公司,认知障碍评估训练与脑电刺激治疗系统,China,CN,,A,mental_health,nmpa_udi,认知,https://udi.nmpa.gov.cn/showDetailCX.html?deviceRecordKey=069799554104212026041703374942,2026-05-14,NMPA UDI 06979955410421; GS1; A620 Ⅰ-10（经颅电刺激仪）,0.84,company_product_public,strong_official_product,round1,no
江西思维智光医疗科技有限公司,认知障碍评估训练与脑电刺激治疗系统,China,CN,,A,mental_health,nmpa_udi,认知,https://udi.nmpa.gov.cn/showDetailCX.html?deviceRecordKey=069799554104382026041703374943,2026-05-14,NMPA UDI 06979955410438; GS1; A620 Ⅰ-8（经颅电刺激仪）,0.84,company_product_public,strong_official_product,round1,no
江西思维智光医疗科技有限公司,认知障碍评估训练与脑电刺激治疗系统,China,CN,,A,mental_health,nmpa_udi,认知,https://udi.nmpa.gov.cn/showDetailCX.html?deviceRecordKey=069799554104452026041703374944,2026-05-14,NMPA UDI 06979955410445; GS1; A620 Ⅰ-6（经颅电刺激仪）,0.84,company_product_public,strong_official_product,round1,no
江西思维智光医疗科技有限公司,认知障碍评估训练与脑电刺激治疗系统,China,CN,,A,mental_health,nmpa_udi,认知,https://udi.nmpa.gov.cn/showDetailCX.html?deviceRecordKey=069799554104522026041703374945,2026-05-14,NMPA UDI 06979955410452; GS1; A620 Ⅰ-4（经颅电刺激仪）,0.84,company_product_public,strong_official_product,round1,no
江西思维智光医疗科技有限公司,认知障碍评估训练与脑电刺激治疗系统,China,CN,,A,mental_health,nmpa_udi,认知,https://udi.nmpa.gov.cn/showDetailCX.html?deviceRecordKey=069799554104692026041703374946,2026-05-14,NMPA UDI 06979955410469; GS1; A620 Ⅰ-2（经颅电刺激仪）,0.84,company_product_public,strong_official_product,round1,no
江西思维智光医疗科技有限公司,认知障碍评估训练与脑电刺激治疗系统,China,CN,,A,mental_health,nmpa_udi,认知,https://udi.nmpa.gov.cn/showDetailCX.html?deviceRecordKey=069799554104762026041703374947,2026-05-14,NMPA UDI 06979955410476; GS1; A620 Ⅰ-1（经颅电刺激仪）,0.84,company_product_public,strong_official_product,round1,no
江西思维智光医疗科技有限公司,认知障碍评估训练与脑电刺激治疗系统,China,CN,,A,mental_health,nmpa_udi,认知,https://udi.nmpa.gov.cn/showDetailCX.html?deviceRecordKey=069799554104832026041703374948,2026-05-14,NMPA UDI 06979955410483; GS1; EIPD-Ⅰ（便携款经颅电刺激仪）,0.84,company_product_public,strong_official_product,round1,no
深圳市艾利特医疗科技有限公司,认知能力测试与训练系统,China,CN,深圳,A,mental_health,nmpa_udi,认知,https://udi.nmpa.gov.cn/showDetailCX.html?deviceRecordKey=0697070604106220250928113343202,2026-05-14,NMPA UDI 06970706041062; GS1; E-Brn01,0.84,company_product_public,strong_official_product,round1,no
深圳市艾利特医疗科技有限公司,认知能力测试与训练系统,China,CN,深圳,A,mental_health,nmpa_udi,认知,https://udi.nmpa.gov.cn/showDetailCX.html?deviceRecordKey=0697070604107920250928113516165,2026-05-14,NMPA UDI 06970706041079; GS1; E-Brn02,0.84,company_product_public,strong_official_product,round1,no
腾讯医疗健康（深圳）有限公司,认知功能训练软件,China,CN,深圳,A,samd; mental_health,nmpa_udi,认知,https://udi.nmpa.gov.cn/showDetailCX.html?deviceRecordKey=0697541034010420250630105300770,2026-05-14,NMPA UDI 06975410340104; GS1; YF-MCI-01，软件发布版本1,0.84,company_product_public,strong_official_product,round1,no
海南齐佳智能科技有限公司,认知功能障碍康复训练软件,China,CN,,A,samd; mental_health; rehabilitation,nmpa_udi,认知,https://udi.nmpa.gov.cn/showDetailCX.html?deviceRecordKey=895bdefe706046a3bb310582ade31a21,2026-05-14,NMPA UDI 06976033530330; GS1; KF-100QJ,0.84,company_product_public,strong_official_product,round1,no
海南齐佳智能科技有限公司,认知功能障碍康复训练软件,China,CN,,A,samd; mental_health; rehabilitation,nmpa_udi,认知,https://udi.nmpa.gov.cn/showDetailCX.html?deviceRecordKey=e0e536cc095f4a87b44131369b77362c,2026-05-14,NMPA UDI 06976033530347; GS1; KF-200QJ,0.84,company_product_public,strong_official_product,round1,no
云智康医疗科技（内蒙古）有限公司,睡眠呼吸监测仪,China,CN,,A,remote_patient_monitoring; sleep_health,nmpa_udi,睡眠,https://udi.nmpa.gov.cn/showDetailCX.html?deviceRecordKey=13ff18ac57eb4e89a3dee8cc6d094806,2026-05-14,NMPA UDI 06979289920009; GS1; YZK-RW01,0.84,company_product_public,strong_official_product,round1,no
思澜科技（成都）有限公司,便携式睡眠呼吸监测仪,China,CN,成都,A,remote_patient_monitoring; sleep_health,nmpa_udi,睡眠,https://udi.nmpa.gov.cn/showDetailCX.html?deviceRecordKey=4425365e8e2f450280940b64ac1c59dc,2026-05-14,NMPA UDI 06975263610003; GS1; PSM 100A,0.84,company_product_public,strong_official_product,round1,no
思澜科技（成都）有限公司,便携式睡眠呼吸监测仪,China,CN,成都,A,remote_patient_monitoring; sleep_health,nmpa_udi,睡眠,https://udi.nmpa.gov.cn/showDetailCX.html?deviceRecordKey=aada7ead2f6f45a1a3006824a7cc57df,2026-05-14,NMPA UDI 06975263610010; GS1; PSM 100B,0.84,company_product_public,strong_official_product,round1,no
北京航天卡迪技术开发研究所,睡眠监测电极包及附件,China,CN,北京,A,remote_patient_monitoring; sleep_health,nmpa_udi,睡眠,https://udi.nmpa.gov.cn/showDetailCX.html?deviceRecordKey=0692066571720120251017011019242,2026-05-14,NMPA UDI 06920665717201; GS1; HK-HCB-00-02-02-B,0.84,company_product_public,strong_official_product,round1,no
海口安至科技有限公司,睡眠呼吸记录仪,China,CN,,A,sleep_health,nmpa_udi,睡眠,https://udi.nmpa.gov.cn/showDetailCX.html?deviceRecordKey=0697723824006220250623012627084,2026-05-14,NMPA UDI 06977238240062; GS1; SA-05,0.84,company_product_public,strong_official_product,round1,no
河北深灵医疗科技有限公司,额贴式睡眠记录仪,China,CN,,A,sleep_health,nmpa_udi,睡眠,https://udi.nmpa.gov.cn/showDetailCX.html?deviceRecordKey=0697758417001320250519034302079,2026-05-14,NMPA UDI 06977584170013; GS1; S1、E1,0.84,company_product_public,strong_official_product,round1,no
天津怡和嘉业医疗科技有限公司,单水平睡眠呼吸机,China,CN,,A,sleep_health,nmpa_udi,睡眠,https://udi.nmpa.gov.cn/showDetailCX.html?deviceRecordKey=5D6A46D9CFDD2650AD9CA4CBBD7F6D20,2026-05-14,NMPA UDI 06970067453016; GS1; E-20A-H-O,0.84,company_product_public,strong_official_product,round1,no
天津怡和嘉业医疗科技有限公司,单水平睡眠呼吸机,China,CN,,A,sleep_health,nmpa_udi,睡眠,https://udi.nmpa.gov.cn/showDetailCX.html?deviceRecordKey=6D87460732B3EA14B5542F7EC8F7D698,2026-05-14,NMPA UDI 06970067453023; GS1; E-20AJ-H-O,0.84,company_product_public,strong_official_product,round1,no
天津怡和嘉业医疗科技有限公司,单水平睡眠呼吸机,China,CN,,A,sleep_health,nmpa_udi,睡眠,https://udi.nmpa.gov.cn/showDetailCX.html?deviceRecordKey=7076EE54F064FB9A997A5C9D2CA17BC1,2026-05-14,NMPA UDI 06970067453009; GS1; E-20C-H-O,0.84,company_product_public,strong_official_product,round1,no
天津怡和嘉业医疗科技有限公司,单水平睡眠呼吸机,China,CN,,A,sleep_health,nmpa_udi,睡眠,https://udi.nmpa.gov.cn/showDetailCX.html?deviceRecordKey=0697006745307820230329020153324,2026-05-14,NMPA UDI 06970067453078; GS1; G2S A20,0.84,company_product_public,strong_official_product,round1,no
天津怡和嘉业医疗科技有限公司,单水平睡眠呼吸机,China,CN,,A,sleep_health,nmpa_udi,睡眠,https://udi.nmpa.gov.cn/showDetailCX.html?deviceRecordKey=0697006745306120230329020017491,2026-05-14,NMPA UDI 06970067453061; GS1; G2S C20,0.84,company_product_public,strong_official_product,round1,no
天津怡和嘉业医疗科技有限公司,单水平睡眠呼吸机,China,CN,,A,sleep_health,nmpa_udi,睡眠,https://udi.nmpa.gov.cn/showDetailCX.html?deviceRecordKey=435503567E1DF1025C551D6B8E067796,2026-05-14,NMPA UDI 06970067453030; GS1; G3 A20,0.84,company_product_public,strong_official_product,round1,no
天津怡和嘉业医疗科技有限公司,单水平睡眠呼吸机,China,CN,,A,sleep_health,nmpa_udi,睡眠,https://udi.nmpa.gov.cn/showDetailCX.html?deviceRecordKey=4F463B64969E247F63A84C56FDEB5789,2026-05-14,NMPA UDI 06970067453047; GS1; G3 C20,0.84,company_product_public,strong_official_product,round1,no
天津怡和嘉业医疗科技有限公司,单水平睡眠呼吸机,China,CN,,A,sleep_health,nmpa_udi,睡眠,https://udi.nmpa.gov.cn/showDetailCX.html?deviceRecordKey=73B5D1A8B401B95E9661F6682442DD9C,2026-05-14,NMPA UDI 06970067453054; GS1; M1 Mini,0.84,company_product_public,strong_official_product,round1,no
天津怡和嘉业医疗科技有限公司,睡眠呼吸机,China,CN,,A,sleep_health,nmpa_udi,睡眠,https://udi.nmpa.gov.cn/showDetailCX.html?deviceRecordKey=0697006745314620250424061917189,2026-05-14,NMPA UDI 06970067453146; GS1; P5 A20 Plus,0.84,company_product_public,strong_official_product,round1,no
天津怡和嘉业医疗科技有限公司,睡眠呼吸机,China,CN,,A,sleep_health,nmpa_udi,睡眠,https://udi.nmpa.gov.cn/showDetailCX.html?deviceRecordKey=0697006745315320250424062010394,2026-05-14,NMPA UDI 06970067453153; GS1; E5 A20 Plus,0.84,company_product_public,strong_official_product,round1,no
天津怡和嘉业医疗科技有限公司,睡眠呼吸机,China,CN,,A,sleep_health,nmpa_udi,睡眠,https://udi.nmpa.gov.cn/showDetailCX.html?deviceRecordKey=0697006745312220240903081202453,2026-05-14,NMPA UDI 06970067453122; GS1; P5 C20,0.84,company_product_public,strong_official_product,round1,no
天津怡和嘉业医疗科技有限公司,睡眠呼吸机,China,CN,,A,sleep_health,nmpa_udi,睡眠,https://udi.nmpa.gov.cn/showDetailCX.html?deviceRecordKey=0697006745313920240903081305401,2026-05-14,NMPA UDI 06970067453139; GS1; P5 A20,0.84,company_product_public,strong_official_product,round1,no
天津怡和嘉业医疗科技有限公司,睡眠呼吸机,China,CN,,A,sleep_health,nmpa_udi,睡眠,https://udi.nmpa.gov.cn/showDetailCX.html?deviceRecordKey=0697006745589820240903081344440,2026-05-14,NMPA UDI 06970067455898; GS1; P5 B20S,0.84,company_product_public,strong_official_product,round1,no
天津怡和嘉业医疗科技有限公司,睡眠呼吸机,China,CN,,A,sleep_health,nmpa_udi,睡眠,https://udi.nmpa.gov.cn/showDetailCX.html?deviceRecordKey=0697006745590420240903081504450,2026-05-14,NMPA UDI 06970067455904; GS1; P5 B25S,0.84,company_product_public,strong_official_product,round1,no
天津怡和嘉业医疗科技有限公司,睡眠呼吸机,China,CN,,A,sleep_health,nmpa_udi,睡眠,https://udi.nmpa.gov.cn/showDetailCX.html?deviceRecordKey=0697006745591120240903081539614,2026-05-14,NMPA UDI 06970067455911; GS1; P5 B20A,0.84,company_product_public,strong_official_product,round1,no
天津怡和嘉业医疗科技有限公司,睡眠呼吸机,China,CN,,A,sleep_health,nmpa_udi,睡眠,https://udi.nmpa.gov.cn/showDetailCX.html?deviceRecordKey=0697006745592820240903081614501,2026-05-14,NMPA UDI 06970067455928; GS1; P5 B25A,0.84,company_product_public,strong_official_product,round1,no
天津怡和嘉业医疗科技有限公司,睡眠呼吸机,China,CN,,A,sleep_health,nmpa_udi,睡眠,https://udi.nmpa.gov.cn/showDetailCX.html?deviceRecordKey=0697006745593520240903081708989,2026-05-14,NMPA UDI 06970067455935; GS1; P5 B20A Plus,0.84,company_product_public,strong_official_product,round1,no
天津怡和嘉业医疗科技有限公司,睡眠呼吸机,China,CN,,A,sleep_health,nmpa_udi,睡眠,https://udi.nmpa.gov.cn/showDetailCX.html?deviceRecordKey=0697006745594220240903081738680,2026-05-14,NMPA UDI 06970067455942; GS1; P5 B25A Plus,0.84,company_product_public,strong_official_product,round1,no
天津怡和嘉业医疗科技有限公司,单水平睡眠呼吸机,China,CN,,A,sleep_health,nmpa_udi,睡眠,https://udi.nmpa.gov.cn/showDetailCX.html?deviceRecordKey=930DF2C5ED224C63994E8A7D357555DB,2026-05-14,NMPA UDI 06970067455249; GS1; G2S A20,0.84,company_product_public,strong_official_product,round1,no
天津怡和嘉业医疗科技有限公司,单水平睡眠呼吸机,China,CN,,A,sleep_health,nmpa_udi,睡眠,https://udi.nmpa.gov.cn/showDetailCX.html?deviceRecordKey=84E0A97940F139DFB5F7197FAC5AD6B0,2026-05-14,NMPA UDI 06970067455232; GS1; G2S C20,0.84,company_product_public,strong_official_product,round1,no
成都云卫康医疗科技有限公司,睡眠监测数据分析软件,China,CN,成都,A,samd; remote_patient_monitoring; sleep_health,nmpa_udi,睡眠,https://udi.nmpa.gov.cn/showDetailCX.html?deviceRecordKey=MA.156.M0.101195.0YWK0033202403220556523,2026-05-14,NMPA UDI MA.156.M0.101195.0YWK0033; MA码（IDcode）; SRM-MC100,0.84,company_product_public,strong_official_product,round1,no
成都云卫康医疗科技有限公司,睡眠监测数据分析软件,China,CN,成都,A,samd; remote_patient_monitoring; sleep_health,nmpa_udi,睡眠,https://udi.nmpa.gov.cn/showDetailCX.html?deviceRecordKey=MA.156.M0.101195.0YWK0042202403220556524,2026-05-14,NMPA UDI MA.156.M0.101195.0YWK0042; MA码（IDcode）; SRM-MC500,0.84,company_product_public,strong_official_product,round1,no
成都云卫康医疗科技有限公司,睡眠监测数据分析软件,China,CN,成都,A,samd; remote_patient_monitoring; sleep_health,nmpa_udi,睡眠,https://udi.nmpa.gov.cn/showDetailCX.html?deviceRecordKey=MA.156.M0.101195.0YWK0051202403220556525,2026-05-14,NMPA UDI MA.156.M0.101195.0YWK0051; MA码（IDcode）; SRM-MC1000,0.84,company_product_public,strong_official_product,round1,no
成都云卫康医疗科技有限公司,睡眠监测数据分析软件,China,CN,成都,A,samd; remote_patient_monitoring; sleep_health,nmpa_udi,睡眠,https://udi.nmpa.gov.cn/showDetailCX.html?deviceRecordKey=MA.156.M0.101195.0YWK0060202403220556526,2026-05-14,NMPA UDI MA.156.M0.101195.0YWK0060; MA码（IDcode）; SRM-SC100,0.84,company_product_public,strong_official_product,round1,no
成都云卫康医疗科技有限公司,睡眠监测数据分析软件,China,CN,成都,A,samd; remote_patient_monitoring; sleep_health,nmpa_udi,睡眠,https://udi.nmpa.gov.cn/showDetailCX.html?deviceRecordKey=MA.156.M0.101195.0YWK0079202403220556527,2026-05-14,NMPA UDI MA.156.M0.101195.0YWK0079; MA码（IDcode）; SRM-SC500,0.84,company_product_public,strong_official_product,round1,no
成都云卫康医疗科技有限公司,睡眠监测数据分析软件,China,CN,成都,A,samd; remote_patient_monitoring; sleep_health,nmpa_udi,睡眠,https://udi.nmpa.gov.cn/showDetailCX.html?deviceRecordKey=MA.156.M0.101195.0YWK0088202403220556528,2026-05-14,NMPA UDI MA.156.M0.101195.0YWK0088; MA码（IDcode）; SRM-SC1000,0.84,company_product_public,strong_official_product,round1,no
天津怡和嘉业医疗科技有限公司,睡眠呼吸机,China,CN,,A,sleep_health,nmpa_udi,睡眠,https://udi.nmpa.gov.cn/showDetailCX.html?deviceRecordKey=0697006745308520240201014722053,2026-05-14,NMPA UDI 06970067453085; GS1; E5 C20 SE,0.84,company_product_public,strong_official_product,round1,no
天津怡和嘉业医疗科技有限公司,睡眠呼吸机,China,CN,,A,sleep_health,nmpa_udi,睡眠,https://udi.nmpa.gov.cn/showDetailCX.html?deviceRecordKey=0697006745309220240201015004282,2026-05-14,NMPA UDI 06970067453092; GS1; E5 A20 SE,0.84,company_product_public,strong_official_product,round1,no
天津怡和嘉业医疗科技有限公司,睡眠呼吸机,China,CN,,A,sleep_health,nmpa_udi,睡眠,https://udi.nmpa.gov.cn/showDetailCX.html?deviceRecordKey=0697006745310820240201015203081,2026-05-14,NMPA UDI 06970067453108; GS1; E5 C20,0.84,company_product_public,strong_official_product,round1,no
天津怡和嘉业医疗科技有限公司,睡眠呼吸机,China,CN,,A,sleep_health,nmpa_udi,睡眠,https://udi.nmpa.gov.cn/showDetailCX.html?deviceRecordKey=0697006745311520240201015241426,2026-05-14,NMPA UDI 06970067453115; GS1; E5 A20,0.84,company_product_public,strong_official_product,round1,no
天津怡和嘉业医疗科技有限公司,睡眠呼吸机,China,CN,,A,sleep_health,nmpa_udi,睡眠,https://udi.nmpa.gov.cn/showDetailCX.html?deviceRecordKey=0697006745566920240201015320412,2026-05-14,NMPA UDI 06970067455669; GS1; E5 B20S,0.84,company_product_public,strong_official_product,round1,no
天津怡和嘉业医疗科技有限公司,睡眠呼吸机,China,CN,,A,sleep_health,nmpa_udi,睡眠,https://udi.nmpa.gov.cn/showDetailCX.html?deviceRecordKey=0697006745567620240201015612019,2026-05-14,NMPA UDI 06970067455676; GS1; E5 B25S,0.84,company_product_public,strong_official_product,round1,no
天津怡和嘉业医疗科技有限公司,睡眠呼吸机,China,CN,,A,sleep_health,nmpa_udi,睡眠,https://udi.nmpa.gov.cn/showDetailCX.html?deviceRecordKey=0697006745568320240201015644901,2026-05-14,NMPA UDI 06970067455683; GS1; E5 B20A,0.84,company_product_public,strong_official_product,round1,no
天津怡和嘉业医疗科技有限公司,睡眠呼吸机,China,CN,,A,sleep_health,nmpa_udi,睡眠,https://udi.nmpa.gov.cn/showDetailCX.html?deviceRecordKey=0697006745569020240201015726410,2026-05-14,NMPA UDI 06970067455690; GS1; E5 B25A,0.84,company_product_public,strong_official_product,round1,no
天津怡和嘉业医疗科技有限公司,睡眠呼吸机,China,CN,,A,sleep_health,nmpa_udi,睡眠,https://udi.nmpa.gov.cn/showDetailCX.html?deviceRecordKey=0697006745570620240201015758624,2026-05-14,NMPA UDI 06970067455706; GS1; E5 B20A Plus,0.84,company_product_public,strong_official_product,round1,no
天津怡和嘉业医疗科技有限公司,睡眠呼吸机,China,CN,,A,sleep_health,nmpa_udi,睡眠,https://udi.nmpa.gov.cn/showDetailCX.html?deviceRecordKey=0697006745571320240201015918919,2026-05-14,NMPA UDI 06970067455713; GS1; E5 B25A Plus,0.84,company_product_public,strong_official_product,round1,no
天津怡和嘉业医疗科技有限公司,睡眠呼吸机,China,CN,,A,sleep_health,nmpa_udi,睡眠,https://udi.nmpa.gov.cn/showDetailCX.html?deviceRecordKey=0697006745572020240201015953889,2026-05-14,NMPA UDI 06970067455720; GS1; E5 LAB,0.84,company_product_public,strong_official_product,round1,no
天津怡和嘉业医疗科技有限公司,睡眠呼吸机,China,CN,,A,sleep_health,nmpa_udi,睡眠,https://udi.nmpa.gov.cn/showDetailCX.html?deviceRecordKey=0697006745565220231201033101107,2026-05-14,NMPA UDI 06970067455652; GS1; E3 LAB,0.84,company_product_public,strong_official_product,round1,no
北京新兴阳升科技有限公司,床垫式睡眠呼吸监测系统,China,CN,北京,A,remote_patient_monitoring; sleep_health,nmpa_udi,睡眠,https://udi.nmpa.gov.cn/showDetailCX.html?deviceRecordKey=0697568534000720230304082002422,2026-05-14,NMPA UDI 06975685340007; GS1; RS-611,0.84,company_product_public,strong_official_product,round1,no
河南华南医电科技有限公司,睡眠呼吸监测仪,China,CN,,A,remote_patient_monitoring; sleep_health,nmpa_udi,睡眠,https://udi.nmpa.gov.cn/showDetailCX.html?deviceRecordKey=0697456412010520230131012921496,2026-05-14,NMPA UDI 06974564120105; GS1; GY-6620,0.84,company_product_public,strong_official_product,round1,no
内特斯医疗系统DBA艾泰克有限公司,多导睡眠脑电记录仪,China,CN,,A,sleep_health,nmpa_udi,睡眠,https://udi.nmpa.gov.cn/showDetailCX.html?deviceRecordKey=00382830027298202208310434215,2026-05-14,NMPA UDI 00382830027298; GS1; TREX HD,0.84,company_product_public,strong_official_product,round1,no
内特斯医疗系统DBA艾泰克有限公司,多导睡眠脑电记录仪,China,CN,,A,sleep_health,nmpa_udi,睡眠,https://udi.nmpa.gov.cn/showDetailCX.html?deviceRecordKey=00382830015639202208310434212,2026-05-14,NMPA UDI 00382830015639; GS1; TREX HD,0.84,company_product_public,strong_official_product,round1,no
内特斯医疗系统DBA艾泰克有限公司,多导睡眠脑电记录仪,China,CN,,A,sleep_health,nmpa_udi,睡眠,https://udi.nmpa.gov.cn/showDetailCX.html?deviceRecordKey=00382830009331202208310434214,2026-05-14,NMPA UDI 00382830009331; GS1; TREX HD,0.84,company_product_public,strong_official_product,round1,no
内特斯医疗系统DBA艾泰克有限公司,多导睡眠脑电记录仪,China,CN,,A,sleep_health,nmpa_udi,睡眠,https://udi.nmpa.gov.cn/showDetailCX.html?deviceRecordKey=00382830015950202208310434216,2026-05-14,NMPA UDI 00382830015950; GS1; TREX HD,0.84,company_product_public,strong_official_product,round1,no
中山瑞福医疗器械科技有限公司,自身免疫性糖尿病抗体谱检测试剂盒（免疫印迹法）,China,CN,,A,chronic_disease_management,nmpa_udi,糖尿病,https://udi.nmpa.gov.cn/showDetailCX.html?deviceRecordKey=ca378ffe533249bca57eb24c4317f7e3,2026-05-14,NMPA UDI 06949841903047; GS1; 16人份/盒,0.84,company_product_public,strong_official_product,round1,no
中山瑞福医疗器械科技有限公司,自身免疫性糖尿病抗体谱检测试剂盒（免疫印迹法）,China,CN,,A,chronic_disease_management,nmpa_udi,糖尿病,https://udi.nmpa.gov.cn/showDetailCX.html?deviceRecordKey=7f47d18306a74c61a574c0ecc566ac5c,2026-05-14,NMPA UDI 06949841903030; GS1; 32人份/盒,0.84,company_product_public,strong_official_product,round1,no
中山瑞福医疗器械科技有限公司,自身免疫性糖尿病抗体谱检测试剂盒（免疫印迹法）,China,CN,,A,chronic_disease_management,nmpa_udi,糖尿病,https://udi.nmpa.gov.cn/showDetailCX.html?deviceRecordKey=57440e50329f41f8aa96dbec574cee87,2026-05-14,NMPA UDI 06949841903023; GS1; 30人份/盒,0.84,company_product_public,strong_official_product,round1,no
中山瑞福医疗器械科技有限公司,自身免疫性糖尿病抗体谱检测试剂盒（免疫印迹法）,China,CN,,A,chronic_disease_management,nmpa_udi,糖尿病,https://udi.nmpa.gov.cn/showDetailCX.html?deviceRecordKey=1affbed612da4da09939f6811a3e9c45,2026-05-14,NMPA UDI 06949841903085; GS1; 16人份/盒,0.84,company_product_public,strong_official_product,round1,no
中山瑞福医疗器械科技有限公司,自身免疫性糖尿病抗体谱检测试剂盒（免疫印迹法）,China,CN,,A,chronic_disease_management,nmpa_udi,糖尿病,https://udi.nmpa.gov.cn/showDetailCX.html?deviceRecordKey=4e9fffbc02d14fc1b1eaabc21a3786db,2026-05-14,NMPA UDI 06949841903016; GS1; 64人份/盒,0.84,company_product_public,strong_official_product,round1,no
中山瑞福医疗器械科技有限公司,自身免疫性糖尿病抗体谱检测试剂盒（免疫印迹法）,China,CN,,A,chronic_disease_management,nmpa_udi,糖尿病,https://udi.nmpa.gov.cn/showDetailCX.html?deviceRecordKey=9149e696753c4b50865b9c168170ae3f,2026-05-14,NMPA UDI 06949841903078; GS1; 32人份/盒,0.84,company_product_public,strong_official_product,round1,no
中山瑞福医疗器械科技有限公司,自身免疫性糖尿病抗体谱检测试剂盒（免疫印迹法）,China,CN,,A,chronic_disease_management,nmpa_udi,糖尿病,https://udi.nmpa.gov.cn/showDetailCX.html?deviceRecordKey=bf8922dd068e4a7db79d4f50830bd46b,2026-05-14,NMPA UDI 06949841903061; GS1; 30人份/盒,0.84,company_product_public,strong_official_product,round1,no
中山瑞福医疗器械科技有限公司,自身免疫性糖尿病抗体谱检测试剂盒（免疫印迹法）,China,CN,,A,chronic_disease_management,nmpa_udi,糖尿病,https://udi.nmpa.gov.cn/showDetailCX.html?deviceRecordKey=b4b22c8208a441498d7ad05afe460f2c,2026-05-14,NMPA UDI 06949841903054; GS1; 64人份/盒,0.84,company_product_public,strong_official_product,round1,no
深圳市伯劳特生物制品有限公司,糖尿病自身抗体免疫印迹试剂盒（免疫印迹法）,China,CN,深圳,A,chronic_disease_management,nmpa_udi,糖尿病,https://udi.nmpa.gov.cn/showDetailCX.html?deviceRecordKey=0694076750016720240529031730243,2026-05-14,NMPA UDI 06940767500167; GS1; 40人份/盒（20人份/管X2管）,0.84,company_product_public,strong_official_product,round1,no
深圳市伯劳特生物制品有限公司,糖尿病自身抗体免疫印迹试剂盒（免疫印迹法）,China,CN,深圳,A,chronic_disease_management,nmpa_udi,糖尿病,https://udi.nmpa.gov.cn/showDetailCX.html?deviceRecordKey=0694076750005120240529030448829,2026-05-14,NMPA UDI 06940767500051; GS1; 40人份/盒（8条/板X5板）,0.84,company_product_public,strong_official_product,round1,no
英国雅培糖尿病护理公司,持续葡萄糖监测系统,China,CN,,A,remote_patient_monitoring; chronic_disease_management,nmpa_udi,糖尿病,https://udi.nmpa.gov.cn/showDetailCX.html?deviceRecordKey=0502179100284920241010051926155,2026-05-14,NMPA UDI 05021791002849; GS1; FreeStyle Libre 2,0.84,company_product_public,strong_official_product,round1,no
英国雅培糖尿病护理公司,持续葡萄糖监测系统,China,CN,,A,remote_patient_monitoring; chronic_disease_management,nmpa_udi,糖尿病,https://udi.nmpa.gov.cn/showDetailCX.html?deviceRecordKey=0502179100832220250227101240063,2026-05-14,NMPA UDI 05021791008322; GS1; FreeStyle Libre 2,0.84,company_product_public,strong_official_product,round1,no
英国雅培糖尿病护理公司,持续葡萄糖监测系统,China,CN,,A,remote_patient_monitoring; chronic_disease_management,nmpa_udi,糖尿病,https://udi.nmpa.gov.cn/showDetailCX.html?deviceRecordKey=0502179100285620241010052516471,2026-05-14,NMPA UDI 05021791002856; GS1; FreeStyle Libre 2,0.84,company_product_public,strong_official_product,round1,no
深圳市伯劳特生物制品有限公司,糖尿病自身抗体检测试剂盒（斑点印迹法）,China,CN,深圳,A,chronic_disease_management,nmpa_udi,糖尿病,https://udi.nmpa.gov.cn/showDetailCX.html?deviceRecordKey=0694076750006820240529040030744,2026-05-14,NMPA UDI 06940767500068; GS1; 40人份/盒（8条/板X5板）,0.84,company_product_public,strong_official_product,round1,no
深圳市伯劳特生物制品有限公司,糖尿病自身抗体检测试剂盒（斑点印迹法）,China,CN,深圳,A,chronic_disease_management,nmpa_udi,糖尿病,https://udi.nmpa.gov.cn/showDetailCX.html?deviceRecordKey=0694076750017420240529041546642,2026-05-14,NMPA UDI 06940767500174; GS1; 40人份/盒（40人份/管）,0.84,company_product_public,strong_official_product,round1,no
英国雅培糖尿病护理公司,持续葡萄糖监测系统,China,CN,,A,remote_patient_monitoring; chronic_disease_management,nmpa_udi,糖尿病,https://udi.nmpa.gov.cn/showDetailCX.html?deviceRecordKey=05021791715916202205200721431,2026-05-14,NMPA UDI 05021791715916; GS1; FreeStyle Libre H,0.84,company_product_public,strong_official_product,round1,no
英国雅培糖尿病护理公司,持续葡萄糖监测系统,China,CN,,A,remote_patient_monitoring; chronic_disease_management,nmpa_udi,糖尿病,https://udi.nmpa.gov.cn/showDetailCX.html?deviceRecordKey=05021791715930202205200721433,2026-05-14,NMPA UDI 05021791715930; GS1; FreeStyle Libre H,0.84,company_product_public,strong_official_product,round1,no
深圳市昭蓝生物科技有限公司,糖尿病相关自身抗体复合质控品,China,CN,深圳,A,chronic_disease_management,nmpa_udi,糖尿病,https://udi.nmpa.gov.cn/showDetailCX.html?deviceRecordKey=06973880810523202310110930463,2026-05-14,NMPA UDI 06973880810523; GS1; 阴性：2×2.0 mL，阳性：2×2.0 mL。,0.84,company_product_public,strong_official_product,round1,no
英国雅培糖尿病护理公司Abbott Diabetes Care Ltd.,血糖血酮仪FreeStyle Optium Neo H Blood Glucose and Ketone Monitoring System,China,CN,,A,remote_patient_monitoring; chronic_disease_management,nmpa_udi,糖尿病,https://udi.nmpa.gov.cn/showDetailCX.html?deviceRecordKey=00093815713579202205260441100,2026-05-14,NMPA UDI 00093815713579; GS1; FreeStyle Optium Neo H,0.84,company_product_public,strong_official_product,round1,no
英国雅培糖尿病护理公司,血糖血酮仪,China,CN,,A,chronic_disease_management,nmpa_udi,糖尿病,https://udi.nmpa.gov.cn/showDetailCX.html?deviceRecordKey=0009381571394420220526074424458,2026-05-14,NMPA UDI 00093815713944; GS1; FreeStyle Optium Neo,0.84,company_product_public,strong_official_product,round1,no
英国雅培糖尿病护理公司,血糖试纸（葡萄糖脱氢酶法）,China,CN,,A,chronic_disease_management,nmpa_udi,糖尿病,https://udi.nmpa.gov.cn/showDetailCX.html?deviceRecordKey=0009381571319720220526070938306,2026-05-14,NMPA UDI 00093815713197; GS1; 50片/盒，25片/盒，10片/盒,0.84,company_product_public,strong_official_product,round1,no
英国雅培糖尿病护理公司,血糖试纸（葡萄糖脱氢酶法）,China,CN,,A,chronic_disease_management,nmpa_udi,糖尿病,https://udi.nmpa.gov.cn/showDetailCX.html?deviceRecordKey=0009381571310420220526060921849,2026-05-14,NMPA UDI 00093815713104; GS1; 50片/盒,0.84,company_product_public,strong_official_product,round1,no
英国雅培糖尿病护理公司,β-羟丁酸试纸（电化学法）,China,CN,,A,chronic_disease_management,nmpa_udi,糖尿病,https://udi.nmpa.gov.cn/showDetailCX.html?deviceRecordKey=0009381571127820220526054128188,2026-05-14,NMPA UDI 00093815711278; GS1; 10片/盒,0.84,company_product_public,strong_official_product,round1,no
英国雅培糖尿病护理公司,β-羟丁酸试纸（电化学法）,China,CN,,A,chronic_disease_management,nmpa_udi,糖尿病,https://udi.nmpa.gov.cn/showDetailCX.html?deviceRecordKey=0009381599113720220526072012590,2026-05-14,NMPA UDI 00093815991137; GS1; 10片/盒,0.84,company_product_public,strong_official_product,round1,no
英国雅培糖尿病护理公司,血糖/血酮质控液,China,CN,,A,chronic_disease_management,nmpa_udi,糖尿病,https://udi.nmpa.gov.cn/showDetailCX.html?deviceRecordKey=0502179199938520220526072540275,2026-05-14,NMPA UDI 05021791999385; GS1; 低值质控液：4mL/瓶，高值质控液：4mL/瓶,0.84,company_product_public,strong_official_product,round1,no
长沙奥科维电子有限公司,糖尿病治疗仪,China,CN,,A,chronic_disease_management,nmpa_udi,糖尿病,https://udi.nmpa.gov.cn/showDetailCX.html?deviceRecordKey=0697621210001920230423020207567,2026-05-14,NMPA UDI 06976212100019; GS1; AK-CN-01,0.84,company_product_public,strong_official_product,round1,no
长沙奥科维电子有限公司,糖尿病治疗仪,China,CN,,A,chronic_disease_management,nmpa_udi,糖尿病,https://udi.nmpa.gov.cn/showDetailCX.html?deviceRecordKey=0697621210002620230423020039264,2026-05-14,NMPA UDI 06976212100026; GS1; AK-CN-02,0.84,company_product_public,strong_official_product,round1,no
美敦力糖尿病科技（成都）有限公司,发送器套装,China,CN,成都,A,chronic_disease_management,nmpa_udi,糖尿病,https://udi.nmpa.gov.cn/showDetailCX.html?deviceRecordKey=0076300063270020230207115542933,2026-05-14,NMPA UDI 00763000632700; GS1; MMT-7911CH/MMT-7910CH2,0.84,company_product_public,strong_official_product,round1,no
美敦力糖尿病科技（成都）有限公司,发送器套装,China,CN,成都,A,chronic_disease_management,nmpa_udi,糖尿病,https://udi.nmpa.gov.cn/showDetailCX.html?deviceRecordKey=0076300068916220230203042957663,2026-05-14,NMPA UDI 00763000689162; GS1; MMT-7911CH/MMT-7910CH3,0.84,company_product_public,strong_official_product,round1,no
美敦力糖尿病科技（成都）有限公司,一次性使用葡萄糖传感器,China,CN,成都,A,chronic_disease_management,nmpa_udi,糖尿病,https://udi.nmpa.gov.cn/showDetailCX.html?deviceRecordKey=2076300042310420230130113906621,2026-05-14,NMPA UDI 20763000423104; GS1; MMT-7020LZH/MMT-7020CH2,0.84,company_product_public,strong_official_product,round1,no
美敦力糖尿病科技（成都）有限公司,胰岛素泵,China,CN,成都,A,chronic_disease_management,nmpa_udi,糖尿病,https://udi.nmpa.gov.cn/showDetailCX.html?deviceRecordKey=0076300063801620230130102256142,2026-05-14,NMPA UDI 00763000638016; GS1; MMT-1817/MMT-1867,0.84,company_product_public,strong_official_product,round1,no
苏州体素信息科技有限公司,糖尿病视网膜病变眼底图像辅助诊断软件,China,CN,,A,samd; chronic_disease_management; clinical_workflow,nmpa_udi,糖尿病,https://udi.nmpa.gov.cn/showDetailCX.html?deviceRecordKey=0697517062001020221026035231561,2026-05-14,"NMPA UDI 06975170620010; GS1; VoxelCloud Retina, 软件版本号2",0.84,company_product_public,strong_official_product,round1,no
深圳硅基智能科技有限公司,糖尿病视网膜病变眼底图像辅助诊断软件,China,CN,深圳,A,samd; chronic_disease_management; clinical_workflow,nmpa_udi,糖尿病,https://udi.nmpa.gov.cn/showDetailCX.html?deviceRecordKey=0697524021000420220706052022106,2026-05-14,NMPA UDI 06975240210004; GS1; AIDRscreening(版本号V01）,0.84,company_product_public,strong_official_product,round1,no
赛尔生物,糖尿病自身抗体联检试剂盒（玻片法）,China,CN,,A,chronic_disease_management,nmpa_udi,糖尿病,https://udi.nmpa.gov.cn/showDetailCX.html?deviceRecordKey=06975491760105202206230544050,2026-05-14,NMPA UDI 06975491760105; GS1; 20人份/盒,0.84,company_product_public,strong_official_product,round1,no
徐州市科健高新技术有限公司,糖尿病治疗仪,China,CN,,A,chronic_disease_management,nmpa_udi,糖尿病,https://udi.nmpa.gov.cn/showDetailCX.html?deviceRecordKey=06975283415138202205101045050,2026-05-14,NMPA UDI 06975283415138; GS1; KJ-5000,0.84,company_product_public,strong_official_product,round1,no
美敦力糖尿病科技（成都）有限公司,胰岛素泵,China,CN,成都,A,chronic_disease_management,nmpa_udi,糖尿病,https://udi.nmpa.gov.cn/showDetailCX.html?deviceRecordKey=0076300056168020211025031037132,2026-05-14,NMPA UDI 00763000561680; GS1; MMT-1805,0.84,company_product_public,strong_official_product,round1,no
英国雅培糖尿病护理公司,扫描式葡萄糖监测系统,China,CN,,A,remote_patient_monitoring; chronic_disease_management,nmpa_udi,糖尿病,https://udi.nmpa.gov.cn/showDetailCX.html?deviceRecordKey=05021791000289202205200721432,2026-05-14,NMPA UDI 05021791000289; GS1; FreeStyle Libre,0.84,company_product_public,strong_official_product,round1,no
英国雅培糖尿病护理公司,扫描式葡萄糖监测系统,China,CN,,A,remote_patient_monitoring; chronic_disease_management,nmpa_udi,糖尿病,https://udi.nmpa.gov.cn/showDetailCX.html?deviceRecordKey=0502179100003620220520072107062,2026-05-14,NMPA UDI 05021791000036; GS1; FreeStyle Libre,0.84,company_product_public,strong_official_product,round1,no
北京致远慧图科技有限公司,糖尿病视网膜病变眼底图像辅助诊断软件,China,CN,北京,A,samd; chronic_disease_management; clinical_workflow,nmpa_udi,糖尿病,https://udi.nmpa.gov.cn/showDetailCX.html?deviceRecordKey=0697516973001020220120030704594,2026-05-14,NMPA UDI 06975169730010; GS1; EyeWisdom，发布版本V1,0.84,company_product_public,strong_official_product,round1,no
上海鹰瞳医疗科技有限公司,糖尿病视网膜病变眼底图像辅助诊断软件,China,CN,上海,A,samd; chronic_disease_management; clinical_workflow,nmpa_udi,糖尿病,https://udi.nmpa.gov.cn/showDetailCX.html?deviceRecordKey=0697492288000920211219105757265,2026-05-14,NMPA UDI 06974922880009; GS1; Airdoc-AIFUNDUS，发布版本V1.0。,0.84,company_product_public,strong_official_product,round1,no
深圳市亚辉龙生物科技股份有限公司,自身免疫性糖尿病抗体谱检测试剂盒（免疫印迹法）,China,CN,深圳,A,chronic_disease_management,nmpa_udi,糖尿病,https://udi.nmpa.gov.cn/showDetailCX.html?deviceRecordKey=1f59cb8b-b489-41ac-8ddf-c5f2d5198b24,2026-05-14,NMPA UDI 06925912703280; GS1; 型号：4S-24T；规格：24人份/盒,0.84,company_product_public,strong_official_product,round1,no
深圳市亚辉龙生物科技股份有限公司,自身免疫性糖尿病抗体谱检测试剂盒（免疫印迹法）,China,CN,深圳,A,chronic_disease_management,nmpa_udi,糖尿病,https://udi.nmpa.gov.cn/showDetailCX.html?deviceRecordKey=21f144be-e93a-432b-bc05-03bfcaa9d6e4,2026-05-14,NMPA UDI 06925912703259; GS1; 型号：5S-24T；规格：24人份/盒,0.84,company_product_public,strong_official_product,round1,no
深圳市亚辉龙生物科技股份有限公司,自身免疫性糖尿病抗体谱检测试剂盒（免疫印迹法）,China,CN,深圳,A,chronic_disease_management,nmpa_udi,糖尿病,https://udi.nmpa.gov.cn/showDetailCX.html?deviceRecordKey=26aa01f0-0595-4238-bf08-8c2c6eb4b632,2026-05-14,NMPA UDI 06925912703273; GS1; 型号：5S-24T；规格：24人份/盒,0.84,company_product_public,strong_official_product,round1,no
深圳市亚辉龙生物科技股份有限公司,自身免疫性糖尿病抗体谱检测试剂盒（免疫印迹法）,China,CN,深圳,A,chronic_disease_management,nmpa_udi,糖尿病,https://udi.nmpa.gov.cn/showDetailCX.html?deviceRecordKey=a20e27d9-1d6e-4992-a0bd-18c9a3a58c14,2026-05-14,NMPA UDI 06925912703266; GS1; 型号：4S-24T；规格：24人份/盒,0.84,company_product_public,strong_official_product,round1,no
广西雅斯生物科技有限公司,血压/血糖/尿酸/血酮测试仪,China,CN,,A,remote_patient_monitoring,nmpa_udi,血压,https://udi.nmpa.gov.cn/showDetailCX.html?deviceRecordKey=16bcea9cc731422194ffa7c765da0323,2026-05-14,NMPA UDI 06977563190001; GS1; YS-917D,0.84,company_product_public,strong_official_product,round1,no
深圳市美连医疗电子股份有限公司,血压袖带,China,CN,深圳,A,remote_patient_monitoring,nmpa_udi,血压,https://udi.nmpa.gov.cn/showDetailCX.html?deviceRecordKey=1694441404251920260511110759856,2026-05-14,NMPA UDI 16944414042519; GS1; Y000C1,0.84,company_product_public,strong_official_product,round1,no
伯乐实验有限公司,高血压标志物质控物,China,CN,,A,remote_patient_monitoring; chronic_disease_management,nmpa_udi,血压,https://udi.nmpa.gov.cn/showDetailCX.html?deviceRecordKey=036105223607342025092803570325,2026-05-14,NMPA UDI 03610522360734; GS1; 三水平混合包装 6×2mL（每个水平2瓶）,0.84,company_product_public,strong_official_product,round1,no
深圳市安普康科技有限公司,血压袖套,China,CN,深圳,A,remote_patient_monitoring,nmpa_udi,血压,https://udi.nmpa.gov.cn/showDetailCX.html?deviceRecordKey=0694672552335320260512092607521,2026-05-14,NMPA UDI 06946725523353; GS1; A-XT-03,0.84,company_product_public,strong_official_product,round1,no
深圳市安普康科技有限公司,血压袖套,China,CN,深圳,A,remote_patient_monitoring,nmpa_udi,血压,https://udi.nmpa.gov.cn/showDetailCX.html?deviceRecordKey=0694672552334620260512092354286,2026-05-14,NMPA UDI 06946725523346; GS1; A-XT-02,0.84,company_product_public,strong_official_product,round1,no
深圳市安普康科技有限公司,血压袖套,China,CN,深圳,A,remote_patient_monitoring,nmpa_udi,血压,https://udi.nmpa.gov.cn/showDetailCX.html?deviceRecordKey=0694672552336020260512092938677,2026-05-14,NMPA UDI 06946725523360; GS1; A-XT-04,0.84,company_product_public,strong_official_product,round1,no
深圳市安普康科技有限公司,血压袖套,China,CN,深圳,A,remote_patient_monitoring,nmpa_udi,血压,https://udi.nmpa.gov.cn/showDetailCX.html?deviceRecordKey=0694672552337720260512093057307,2026-05-14,NMPA UDI 06946725523377; GS1; A-XT-05,0.84,company_product_public,strong_official_product,round1,no
深圳市安普康科技有限公司,血压袖套,China,CN,深圳,A,remote_patient_monitoring,nmpa_udi,血压,https://udi.nmpa.gov.cn/showDetailCX.html?deviceRecordKey=0694672552338420260512093310352,2026-05-14,NMPA UDI 06946725523384; GS1; A-XT-06,0.84,company_product_public,strong_official_product,round1,no
深圳市安普康科技有限公司,血压袖套,China,CN,深圳,A,remote_patient_monitoring,nmpa_udi,血压,https://udi.nmpa.gov.cn/showDetailCX.html?deviceRecordKey=0694672552672920260512093552641,2026-05-14,NMPA UDI 06946725526729; GS1; A-XT-07,0.84,company_product_public,strong_official_product,round1,no
深圳市安普康科技有限公司,血压袖套,China,CN,深圳,A,remote_patient_monitoring,nmpa_udi,血压,https://udi.nmpa.gov.cn/showDetailCX.html?deviceRecordKey=0694672552673620260512093650901,2026-05-14,NMPA UDI 06946725526736; GS1; A-XT-08,0.84,company_product_public,strong_official_product,round1,no
深圳市安普康科技有限公司,血压袖套,China,CN,深圳,A,remote_patient_monitoring,nmpa_udi,血压,https://udi.nmpa.gov.cn/showDetailCX.html?deviceRecordKey=0694672552674320260512093834600,2026-05-14,NMPA UDI 06946725526743; GS1; A-XT-09,0.84,company_product_public,strong_official_product,round1,no
深圳市安普康科技有限公司,血压袖套,China,CN,深圳,A,remote_patient_monitoring,nmpa_udi,血压,https://udi.nmpa.gov.cn/showDetailCX.html?deviceRecordKey=0694672552675020260512094246703,2026-05-14,NMPA UDI 06946725526750; GS1; A-XT-10,0.84,company_product_public,strong_official_product,round1,no
深圳市安普康科技有限公司,血压袖套,China,CN,深圳,A,remote_patient_monitoring,nmpa_udi,血压,https://udi.nmpa.gov.cn/showDetailCX.html?deviceRecordKey=0694672552676720260512094421360,2026-05-14,NMPA UDI 06946725526767; GS1; A-XT-11,0.84,company_product_public,strong_official_product,round1,no
深圳市安普康科技有限公司,血压袖套,China,CN,深圳,A,remote_patient_monitoring,nmpa_udi,血压,https://udi.nmpa.gov.cn/showDetailCX.html?deviceRecordKey=0694672552677420260512094527135,2026-05-14,NMPA UDI 06946725526774; GS1; A-XT-12,0.84,company_product_public,strong_official_product,round1,no
深圳市安普康科技有限公司,血压袖套,China,CN,深圳,A,remote_patient_monitoring,nmpa_udi,血压,https://udi.nmpa.gov.cn/showDetailCX.html?deviceRecordKey=0694672552339120260512094904048,2026-05-14,NMPA UDI 06946725523391; GS1; A-XT-01W(11),0.84,company_product_public,strong_official_product,round1,no
深圳市安普康科技有限公司,血压袖套,China,CN,深圳,A,remote_patient_monitoring,nmpa_udi,血压,https://udi.nmpa.gov.cn/showDetailCX.html?deviceRecordKey=0694672559417920260512094939965,2026-05-14,NMPA UDI 06946725594179; GS1; A-XT-13,0.84,company_product_public,strong_official_product,round1,no
深圳市保身欣科技电子有限公司,臂式电子血压计,China,CN,深圳,A,remote_patient_monitoring,nmpa_udi,血压,https://udi.nmpa.gov.cn/showDetailCX.html?deviceRecordKey=0692048530807820260512095841386,2026-05-14,NMPA UDI 06920485308078; GS1; S22,0.84,company_product_public,strong_official_product,round1,no
深圳市安普康科技有限公司,血压袖套,China,CN,深圳,A,remote_patient_monitoring,nmpa_udi,血压,https://udi.nmpa.gov.cn/showDetailCX.html?deviceRecordKey=0694672552340720260512095901463,2026-05-14,NMPA UDI 06946725523407; GS1; A-XT-02W(10),0.84,company_product_public,strong_official_product,round1,no
深圳市保身欣科技电子有限公司,臂式电子血压计,China,CN,深圳,A,remote_patient_monitoring,nmpa_udi,血压,https://udi.nmpa.gov.cn/showDetailCX.html?deviceRecordKey=0692048530808520260512095711453,2026-05-14,NMPA UDI 06920485308085; GS1; S22 Air,0.84,company_product_public,strong_official_product,round1,no
深圳市安普康科技有限公司,血压袖套,China,CN,深圳,A,remote_patient_monitoring,nmpa_udi,血压,https://udi.nmpa.gov.cn/showDetailCX.html?deviceRecordKey=0694672552341420260512095958165,2026-05-14,NMPA UDI 06946725523414; GS1; A-XT-02W(9),0.84,company_product_public,strong_official_product,round1,no
深圳市保身欣科技电子有限公司,臂式电子血压计,China,CN,深圳,A,remote_patient_monitoring,nmpa_udi,血压,https://udi.nmpa.gov.cn/showDetailCX.html?deviceRecordKey=0692048530806120260512100049355,2026-05-14,NMPA UDI 06920485308061; GS1; S21 Air,0.84,company_product_public,strong_official_product,round1,no
深圳市安普康科技有限公司,血压袖套,China,CN,深圳,A,remote_patient_monitoring,nmpa_udi,血压,https://udi.nmpa.gov.cn/showDetailCX.html?deviceRecordKey=0694672552342120260512100117161,2026-05-14,NMPA UDI 06946725523421; GS1; A-XT-03W(8),0.84,company_product_public,strong_official_product,round1,no
深圳市保身欣科技电子有限公司,臂式电子血压计,China,CN,深圳,A,remote_patient_monitoring,nmpa_udi,血压,https://udi.nmpa.gov.cn/showDetailCX.html?deviceRecordKey=0692048530804720260512100129225,2026-05-14,NMPA UDI 06920485308047; GS1; S21,0.84,company_product_public,strong_official_product,round1,no
深圳市安普康科技有限公司,血压袖套,China,CN,深圳,A,remote_patient_monitoring,nmpa_udi,血压,https://udi.nmpa.gov.cn/showDetailCX.html?deviceRecordKey=0694672552343820260512100151533,2026-05-14,NMPA UDI 06946725523438; GS1; A-XT-04W(1),0.84,company_product_public,strong_official_product,round1,no
深圳市安普康科技有限公司,血压袖套,China,CN,深圳,A,remote_patient_monitoring,nmpa_udi,血压,https://udi.nmpa.gov.cn/showDetailCX.html?deviceRecordKey=0694672552344520260512100234389,2026-05-14,NMPA UDI 06946725523445; GS1; A-XT-04W(2),0.84,company_product_public,strong_official_product,round1,no
深圳市安普康科技有限公司,血压袖套,China,CN,深圳,A,remote_patient_monitoring,nmpa_udi,血压,https://udi.nmpa.gov.cn/showDetailCX.html?deviceRecordKey=0694672552345220260512100307534,2026-05-14,NMPA UDI 06946725523452; GS1; A-XT-04W(3),0.84,company_product_public,strong_official_product,round1,no
深圳市安普康科技有限公司,血压袖套,China,CN,深圳,A,remote_patient_monitoring,nmpa_udi,血压,https://udi.nmpa.gov.cn/showDetailCX.html?deviceRecordKey=0694672552346920260512100420123,2026-05-14,NMPA UDI 06946725523469; GS1; A-XT-04W(4),0.84,company_product_public,strong_official_product,round1,no
深圳市安普康科技有限公司,血压袖套,China,CN,深圳,A,remote_patient_monitoring,nmpa_udi,血压,https://udi.nmpa.gov.cn/showDetailCX.html?deviceRecordKey=0694672552347620260512100528432,2026-05-14,NMPA UDI 06946725523476; GS1; A-XT-04W(5),0.84,company_product_public,strong_official_product,round1,no
深圳市安普康科技有限公司,血压袖套,China,CN,深圳,A,remote_patient_monitoring,nmpa_udi,血压,https://udi.nmpa.gov.cn/showDetailCX.html?deviceRecordKey=0694672552348320260512100601661,2026-05-14,NMPA UDI 06946725523483; GS1; A-XT-04W(7),0.84,company_product_public,strong_official_product,round1,no
深圳市安普康科技有限公司,血压袖套,China,CN,深圳,A,remote_patient_monitoring,nmpa_udi,血压,https://udi.nmpa.gov.cn/showDetailCX.html?deviceRecordKey=0694672552349020260512100642366,2026-05-14,NMPA UDI 06946725523490; GS1; A-XT-05W(12),0.84,company_product_public,strong_official_product,round1,no
深圳市安普康科技有限公司,血压袖套,China,CN,深圳,A,remote_patient_monitoring,nmpa_udi,血压,https://udi.nmpa.gov.cn/showDetailCX.html?deviceRecordKey=0694672552350620260512100737612,2026-05-14,NMPA UDI 06946725523506; GS1; A-XT-06W(13),0.84,company_product_public,strong_official_product,round1,no
深圳市安普康科技有限公司,血压袖套,China,CN,深圳,A,remote_patient_monitoring,nmpa_udi,血压,https://udi.nmpa.gov.cn/showDetailCX.html?deviceRecordKey=0694672552678120260512100838321,2026-05-14,NMPA UDI 06946725526781; GS1; A-XT-07W(11）,0.84,company_product_public,strong_official_product,round1,no
深圳市安普康科技有限公司,血压袖套,China,CN,深圳,A,remote_patient_monitoring,nmpa_udi,血压,https://udi.nmpa.gov.cn/showDetailCX.html?deviceRecordKey=0694672552679820260512100928416,2026-05-14,NMPA UDI 06946725526798; GS1; A-XT-08W(10),0.84,company_product_public,strong_official_product,round1,no
深圳市安普康科技有限公司,血压袖套,China,CN,深圳,A,remote_patient_monitoring,nmpa_udi,血压,https://udi.nmpa.gov.cn/showDetailCX.html?deviceRecordKey=0694672552680420260512101147635,2026-05-14,NMPA UDI 06946725526804; GS1; A-XT-08W(9),0.84,company_product_public,strong_official_product,round1,no
深圳市安普康科技有限公司,血压袖套,China,CN,深圳,A,remote_patient_monitoring,nmpa_udi,血压,https://udi.nmpa.gov.cn/showDetailCX.html?deviceRecordKey=0694672552681120260512101241751,2026-05-14,NMPA UDI 06946725526811; GS1; A-XT-09W(8),0.84,company_product_public,strong_official_product,round1,no
深圳市安普康科技有限公司,血压袖套,China,CN,深圳,A,remote_patient_monitoring,nmpa_udi,血压,https://udi.nmpa.gov.cn/showDetailCX.html?deviceRecordKey=0694672552682820260512101411807,2026-05-14,NMPA UDI 06946725526828; GS1; A-XT-10W(12),0.84,company_product_public,strong_official_product,round1,no
深圳市安普康科技有限公司,血压袖套,China,CN,深圳,A,remote_patient_monitoring,nmpa_udi,血压,https://udi.nmpa.gov.cn/showDetailCX.html?deviceRecordKey=0694672552683520260512101630984,2026-05-14,NMPA UDI 06946725526835; GS1; A-XT-11W(13),0.84,company_product_public,strong_official_product,round1,no
深圳市安普康科技有限公司,血压袖套,China,CN,深圳,A,remote_patient_monitoring,nmpa_udi,血压,https://udi.nmpa.gov.cn/showDetailCX.html?deviceRecordKey=0694672552684220260512103651296,2026-05-14,NMPA UDI 06946725526842; GS1; A-XT-12W(1),0.84,company_product_public,strong_official_product,round1,no
深圳市安普康科技有限公司,血压袖套,China,CN,深圳,A,remote_patient_monitoring,nmpa_udi,血压,https://udi.nmpa.gov.cn/showDetailCX.html?deviceRecordKey=0694672552685920260512104127313,2026-05-14,NMPA UDI 06946725526859; GS1; A-XT-12W(2),0.84,company_product_public,strong_official_product,round1,no
深圳市安普康科技有限公司,血压袖套,China,CN,深圳,A,remote_patient_monitoring,nmpa_udi,血压,https://udi.nmpa.gov.cn/showDetailCX.html?deviceRecordKey=0694672552686620260512104637517,2026-05-14,NMPA UDI 06946725526866; GS1; A-XT-12W(3),0.84,company_product_public,strong_official_product,round1,no
深圳市安普康科技有限公司,血压袖套,China,CN,深圳,A,remote_patient_monitoring,nmpa_udi,血压,https://udi.nmpa.gov.cn/showDetailCX.html?deviceRecordKey=0694672552687320260512105256594,2026-05-14,NMPA UDI 06946725526873; GS1; A-XT-12W(4),0.84,company_product_public,strong_official_product,round1,no
深圳市安普康科技有限公司,血压袖套,China,CN,深圳,A,remote_patient_monitoring,nmpa_udi,血压,https://udi.nmpa.gov.cn/showDetailCX.html?deviceRecordKey=0694672552688020260512105637865,2026-05-14,NMPA UDI 06946725526880; GS1; A-XT-12W(5),0.84,company_product_public,strong_official_product,round1,no
深圳市安普康科技有限公司,血压袖套,China,CN,深圳,A,remote_patient_monitoring,nmpa_udi,血压,https://udi.nmpa.gov.cn/showDetailCX.html?deviceRecordKey=0694672552689720260512105745637,2026-05-14,NMPA UDI 06946725526897; GS1; A-XT-12W(7),0.84,company_product_public,strong_official_product,round1,no
深圳市安普康科技有限公司,血压袖套,China,CN,深圳,A,remote_patient_monitoring,nmpa_udi,血压,https://udi.nmpa.gov.cn/showDetailCX.html?deviceRecordKey=0694672556839220260512110218955,2026-05-14,NMPA UDI 06946725568392; GS1; A-XT-02D(9),0.84,company_product_public,strong_official_product,round1,no
深圳市安普康科技有限公司,血压袖套,China,CN,深圳,A,remote_patient_monitoring,nmpa_udi,血压,https://udi.nmpa.gov.cn/showDetailCX.html?deviceRecordKey=0694672552352020260512110325970,2026-05-14,NMPA UDI 06946725523520; GS1; A-XT-02D(10),0.84,company_product_public,strong_official_product,round1,no
深圳市安普康科技有限公司,血压袖套,China,CN,深圳,A,remote_patient_monitoring,nmpa_udi,血压,https://udi.nmpa.gov.cn/showDetailCX.html?deviceRecordKey=0694672552354420260512110458730,2026-05-14,NMPA UDI 06946725523544; GS1; A-XT-03D(8),0.84,company_product_public,strong_official_product,round1,no
深圳市安普康科技有限公司,血压袖套,China,CN,深圳,A,remote_patient_monitoring,nmpa_udi,血压,https://udi.nmpa.gov.cn/showDetailCX.html?deviceRecordKey=0694672552355120260512110710909,2026-05-14,NMPA UDI 06946725523551; GS1; A-XT-04D(1),0.84,company_product_public,strong_official_product,round1,no
深圳市安普康科技有限公司,血压袖套,China,CN,深圳,A,remote_patient_monitoring,nmpa_udi,血压,https://udi.nmpa.gov.cn/showDetailCX.html?deviceRecordKey=0694672552356820260512110756302,2026-05-14,NMPA UDI 06946725523568; GS1; A-XT-04D(2),0.84,company_product_public,strong_official_product,round1,no
深圳市安普康科技有限公司,血压袖套,China,CN,深圳,A,remote_patient_monitoring,nmpa_udi,血压,https://udi.nmpa.gov.cn/showDetailCX.html?deviceRecordKey=0694672552357520260512110908603,2026-05-14,NMPA UDI 06946725523575; GS1; A-XT-04D(3),0.84,company_product_public,strong_official_product,round1,no
深圳市安普康科技有限公司,血压袖套,China,CN,深圳,A,remote_patient_monitoring,nmpa_udi,血压,https://udi.nmpa.gov.cn/showDetailCX.html?deviceRecordKey=0694672552358220260512111552214,2026-05-14,NMPA UDI 06946725523582; GS1; A-XT-04D(4),0.84,company_product_public,strong_official_product,round1,no
深圳市安普康科技有限公司,心电导联线,China,CN,深圳,A,remote_patient_monitoring,nmpa_udi,心电,https://udi.nmpa.gov.cn/showDetailCX.html?deviceRecordKey=0694672553729920260513090518523,2026-05-14,NMPA UDI 06946725537299; GS1; A1003-EE0,0.84,company_product_public,strong_official_product,round1,no
深圳市安普康科技有限公司,心电导联线,China,CN,深圳,A,remote_patient_monitoring,nmpa_udi,心电,https://udi.nmpa.gov.cn/showDetailCX.html?deviceRecordKey=0694672553730520260513090603248,2026-05-14,NMPA UDI 06946725537305; GS1; A4017-EE0,0.84,company_product_public,strong_official_product,round1,no
深圳市安普康科技有限公司,心电导联线,China,CN,深圳,A,remote_patient_monitoring,nmpa_udi,心电,https://udi.nmpa.gov.cn/showDetailCX.html?deviceRecordKey=0694672553748020260513092714089,2026-05-14,NMPA UDI 06946725537480; GS1; A1020-EE0,0.84,company_product_public,strong_official_product,round1,no
深圳市安普康科技有限公司,心电导联线,China,CN,深圳,A,remote_patient_monitoring,nmpa_udi,心电,https://udi.nmpa.gov.cn/showDetailCX.html?deviceRecordKey=0694672553749720260513092756596,2026-05-14,NMPA UDI 06946725537497; GS1; A2020-EE0,0.84,company_product_public,strong_official_product,round1,no
深圳市安普康科技有限公司,心电导联线,China,CN,深圳,A,remote_patient_monitoring,nmpa_udi,心电,https://udi.nmpa.gov.cn/showDetailCX.html?deviceRecordKey=0694672550985220260513093325229,2026-05-14,NMPA UDI 06946725509852; GS1; A2020-EE1,0.84,company_product_public,strong_official_product,round1,no
深圳市安普康科技有限公司,心电导联线,China,CN,深圳,A,remote_patient_monitoring,nmpa_udi,心电,https://udi.nmpa.gov.cn/showDetailCX.html?deviceRecordKey=0694672550986920260513093427648,2026-05-14,NMPA UDI 06946725509869; GS1; A3020-EE0,0.84,company_product_public,strong_official_product,round1,no
深圳市安普康科技有限公司,心电导联线,China,CN,深圳,A,remote_patient_monitoring,nmpa_udi,心电,https://udi.nmpa.gov.cn/showDetailCX.html?deviceRecordKey=0694672550987620260513093552701,2026-05-14,NMPA UDI 06946725509876; GS1; A3020-EE1,0.84,company_product_public,strong_official_product,round1,no
深圳市安普康科技有限公司,心电导联线,China,CN,深圳,A,remote_patient_monitoring,nmpa_udi,心电,https://udi.nmpa.gov.cn/showDetailCX.html?deviceRecordKey=0694672553811120260513093846450,2026-05-14,NMPA UDI 06946725538111; GS1; A1003-EE1,0.84,company_product_public,strong_official_product,round1,no
深圳市安普康科技有限公司,心电导联线,China,CN,深圳,A,remote_patient_monitoring,nmpa_udi,心电,https://udi.nmpa.gov.cn/showDetailCX.html?deviceRecordKey=0694672553831920260513094049938,2026-05-14,NMPA UDI 06946725538319; GS1; A2012-EE1,0.84,company_product_public,strong_official_product,round1,no
深圳市安普康科技有限公司,心电导联线,China,CN,深圳,A,remote_patient_monitoring,nmpa_udi,心电,https://udi.nmpa.gov.cn/showDetailCX.html?deviceRecordKey=0694672554033620260513094228021,2026-05-14,NMPA UDI 06946725540336; GS1; A2008-EE0,0.84,company_product_public,strong_official_product,round1,no
深圳市安普康科技有限公司,心电导联线,China,CN,深圳,A,remote_patient_monitoring,nmpa_udi,心电,https://udi.nmpa.gov.cn/showDetailCX.html?deviceRecordKey=0694672554571320260513094256388,2026-05-14,NMPA UDI 06946725545713; GS1; A2029-EE1,0.84,company_product_public,strong_official_product,round1,no
深圳市安普康科技有限公司,心电导联线,China,CN,深圳,A,remote_patient_monitoring,nmpa_udi,心电,https://udi.nmpa.gov.cn/showDetailCX.html?deviceRecordKey=0694672554620820260513094601594,2026-05-14,NMPA UDI 06946725546208; GS1; A3016-EE1,0.84,company_product_public,strong_official_product,round1,no
深圳市安普康科技有限公司,心电导联线,China,CN,深圳,A,remote_patient_monitoring,nmpa_udi,心电,https://udi.nmpa.gov.cn/showDetailCX.html?deviceRecordKey=0694672550995120260513094921154,2026-05-14,NMPA UDI 06946725509951; GS1; A3010-EE0,0.84,company_product_public,strong_official_product,round1,no
深圳市安普康科技有限公司,心电导联线,China,CN,深圳,A,remote_patient_monitoring,nmpa_udi,心电,https://udi.nmpa.gov.cn/showDetailCX.html?deviceRecordKey=0694672550996820260513095058885,2026-05-14,NMPA UDI 06946725509968; GS1; A3010-EE1,0.84,company_product_public,strong_official_product,round1,no
深圳市安普康科技有限公司,心电导联线,China,CN,深圳,A,remote_patient_monitoring,nmpa_udi,心电,https://udi.nmpa.gov.cn/showDetailCX.html?deviceRecordKey=0694672550997520260513095312262,2026-05-14,NMPA UDI 06946725509975; GS1; A2010-EE0,0.84,company_product_public,strong_official_product,round1,no
深圳市安普康科技有限公司,心电导联线,China,CN,深圳,A,remote_patient_monitoring,nmpa_udi,心电,https://udi.nmpa.gov.cn/showDetailCX.html?deviceRecordKey=0694672550998220260513095407504,2026-05-14,NMPA UDI 06946725509982; GS1; A2010-EE1,0.84,company_product_public,strong_official_product,round1,no
深圳市安普康科技有限公司,心电导联线,China,CN,深圳,A,remote_patient_monitoring,nmpa_udi,心电,https://udi.nmpa.gov.cn/showDetailCX.html?deviceRecordKey=0694672550999920260513095451414,2026-05-14,NMPA UDI 06946725509999; GS1; A1006-EE0,0.84,company_product_public,strong_official_product,round1,no
深圳市安普康科技有限公司,心电导联线,China,CN,深圳,A,remote_patient_monitoring,nmpa_udi,心电,https://udi.nmpa.gov.cn/showDetailCX.html?deviceRecordKey=0694672551000120260513095524508,2026-05-14,NMPA UDI 06946725510001; GS1; A1006-EE1,0.84,company_product_public,strong_official_product,round1,no
深圳市安普康科技有限公司,心电导联线,China,CN,深圳,A,remote_patient_monitoring,nmpa_udi,心电,https://udi.nmpa.gov.cn/showDetailCX.html?deviceRecordKey=0694672551001820260513095553848,2026-05-14,NMPA UDI 06946725510018; GS1; A3030-EE0,0.84,company_product_public,strong_official_product,round1,no
深圳市安普康科技有限公司,心电导联线,China,CN,深圳,A,remote_patient_monitoring,nmpa_udi,心电,https://udi.nmpa.gov.cn/showDetailCX.html?deviceRecordKey=0694672551003220260513095622318,2026-05-14,NMPA UDI 06946725510032; GS1; A2015-EE0,0.84,company_product_public,strong_official_product,round1,no
深圳市安普康科技有限公司,心电导联线,China,CN,深圳,A,remote_patient_monitoring,nmpa_udi,心电,https://udi.nmpa.gov.cn/showDetailCX.html?deviceRecordKey=0694672551004920260513095647360,2026-05-14,NMPA UDI 06946725510049; GS1; A1024-EE0,0.84,company_product_public,strong_official_product,round1,no
深圳市安普康科技有限公司,心电导联线,China,CN,深圳,A,remote_patient_monitoring,nmpa_udi,心电,https://udi.nmpa.gov.cn/showDetailCX.html?deviceRecordKey=0694672551005620260513095706049,2026-05-14,NMPA UDI 06946725510056; GS1; A1024-EE1,0.84,company_product_public,strong_official_product,round1,no
深圳市安普康科技有限公司,心电导联线,China,CN,深圳,A,remote_patient_monitoring,nmpa_udi,心电,https://udi.nmpa.gov.cn/showDetailCX.html?deviceRecordKey=0694672551006320260513095732230,2026-05-14,NMPA UDI 06946725510063; GS1; A1027-EE1,0.84,company_product_public,strong_official_product,round1,no
深圳市安普康科技有限公司,心电导联线,China,CN,深圳,A,remote_patient_monitoring,nmpa_udi,心电,https://udi.nmpa.gov.cn/showDetailCX.html?deviceRecordKey=0694672550915920260513100932530,2026-05-14,NMPA UDI 06946725509159; GS1; A1017-EE0,0.84,company_product_public,strong_official_product,round1,no
深圳市安普康科技有限公司,心电导联线,China,CN,深圳,A,remote_patient_monitoring,nmpa_udi,心电,https://udi.nmpa.gov.cn/showDetailCX.html?deviceRecordKey=0694672550916620260513101132879,2026-05-14,NMPA UDI 06946725509166; GS1; A1017-EE1,0.84,company_product_public,strong_official_product,round1,no
深圳市安普康科技有限公司,心电导联线,China,CN,深圳,A,remote_patient_monitoring,nmpa_udi,心电,https://udi.nmpa.gov.cn/showDetailCX.html?deviceRecordKey=0694672551014820260513101158758,2026-05-14,NMPA UDI 06946725510148; GS1; A1001-EE1,0.84,company_product_public,strong_official_product,round1,no
深圳市安普康科技有限公司,心电导联线,China,CN,深圳,A,remote_patient_monitoring,nmpa_udi,心电,https://udi.nmpa.gov.cn/showDetailCX.html?deviceRecordKey=0694672551041420260513101230625,2026-05-14,NMPA UDI 06946725510414; GS1; A1010-EE0,0.84,company_product_public,strong_official_product,round1,no
深圳市安普康科技有限公司,心电导联线,China,CN,深圳,A,remote_patient_monitoring,nmpa_udi,心电,https://udi.nmpa.gov.cn/showDetailCX.html?deviceRecordKey=0694672551042120260513101251518,2026-05-14,NMPA UDI 06946725510421; GS1; A1010-EE1,0.84,company_product_public,strong_official_product,round1,no
深圳市安普康科技有限公司,心电导联线,China,CN,深圳,A,remote_patient_monitoring,nmpa_udi,心电,https://udi.nmpa.gov.cn/showDetailCX.html?deviceRecordKey=0694672551043820260513101323343,2026-05-14,NMPA UDI 06946725510438; GS1; A2006-EE0,0.84,company_product_public,strong_official_product,round1,no
深圳市安普康科技有限公司,心电导联线,China,CN,深圳,A,remote_patient_monitoring,nmpa_udi,心电,https://udi.nmpa.gov.cn/showDetailCX.html?deviceRecordKey=0694672551044520260513101551580,2026-05-14,NMPA UDI 06946725510445; GS1; A2006-EE1,0.84,company_product_public,strong_official_product,round1,no
深圳市安普康科技有限公司,心电导联线,China,CN,深圳,A,remote_patient_monitoring,nmpa_udi,心电,https://udi.nmpa.gov.cn/showDetailCX.html?deviceRecordKey=0694672551045220260513101759867,2026-05-14,NMPA UDI 06946725510452; GS1; A1009-EE0,0.84,company_product_public,strong_official_product,round1,no
深圳市安普康科技有限公司,心电导联线,China,CN,深圳,A,remote_patient_monitoring,nmpa_udi,心电,https://udi.nmpa.gov.cn/showDetailCX.html?deviceRecordKey=0694672551046920260513101852551,2026-05-14,NMPA UDI 06946725510469; GS1; A1009-EE1,0.84,company_product_public,strong_official_product,round1,no
深圳市安普康科技有限公司,心电导联线,China,CN,深圳,A,remote_patient_monitoring,nmpa_udi,心电,https://udi.nmpa.gov.cn/showDetailCX.html?deviceRecordKey=0694672551047620260513102947307,2026-05-14,NMPA UDI 06946725510476; GS1; A2009-EE0,0.84,company_product_public,strong_official_product,round1,no
深圳市安普康科技有限公司,心电导联线,China,CN,深圳,A,remote_patient_monitoring,nmpa_udi,心电,https://udi.nmpa.gov.cn/showDetailCX.html?deviceRecordKey=0694672551048320260513103015237,2026-05-14,NMPA UDI 06946725510483; GS1; A2009-EE1,0.84,company_product_public,strong_official_product,round1,no
深圳市安普康科技有限公司,心电导联线,China,CN,深圳,A,remote_patient_monitoring,nmpa_udi,心电,https://udi.nmpa.gov.cn/showDetailCX.html?deviceRecordKey=0694672551049020260513103042228,2026-05-14,NMPA UDI 06946725510490; GS1; A3009-EE0,0.84,company_product_public,strong_official_product,round1,no
深圳市安普康科技有限公司,心电导联线,China,CN,深圳,A,remote_patient_monitoring,nmpa_udi,心电,https://udi.nmpa.gov.cn/showDetailCX.html?deviceRecordKey=0694672551050620260513103200170,2026-05-14,NMPA UDI 06946725510506; GS1; A3009-EE1,0.84,company_product_public,strong_official_product,round1,no
深圳市安普康科技有限公司,心电导联线,China,CN,深圳,A,remote_patient_monitoring,nmpa_udi,心电,https://udi.nmpa.gov.cn/showDetailCX.html?deviceRecordKey=0694672551051320260513103226040,2026-05-14,NMPA UDI 06946725510513; GS1; A1011-EE0,0.84,company_product_public,strong_official_product,round1,no
深圳市安普康科技有限公司,心电导联线,China,CN,深圳,A,remote_patient_monitoring,nmpa_udi,心电,https://udi.nmpa.gov.cn/showDetailCX.html?deviceRecordKey=0694672551052020260513103322733,2026-05-14,NMPA UDI 06946725510520; GS1; A1011-EE1,0.84,company_product_public,strong_official_product,round1,no
深圳市安普康科技有限公司,心电导联线,China,CN,深圳,A,remote_patient_monitoring,nmpa_udi,心电,https://udi.nmpa.gov.cn/showDetailCX.html?deviceRecordKey=0694672551053720260513103351213,2026-05-14,NMPA UDI 06946725510537; GS1; A2011-EE0,0.84,company_product_public,strong_official_product,round1,no
深圳市安普康科技有限公司,心电导联线,China,CN,深圳,A,remote_patient_monitoring,nmpa_udi,心电,https://udi.nmpa.gov.cn/showDetailCX.html?deviceRecordKey=0694672551054420260513103417657,2026-05-14,NMPA UDI 06946725510544; GS1; A2011-EE1,0.84,company_product_public,strong_official_product,round1,no
深圳市安普康科技有限公司,心电导联线,China,CN,深圳,A,remote_patient_monitoring,nmpa_udi,心电,https://udi.nmpa.gov.cn/showDetailCX.html?deviceRecordKey=0694672551055120260513103453135,2026-05-14,NMPA UDI 06946725510551; GS1; A3011-EE0,0.84,company_product_public,strong_official_product,round1,no
深圳市安普康科技有限公司,心电导联线,China,CN,深圳,A,remote_patient_monitoring,nmpa_udi,心电,https://udi.nmpa.gov.cn/showDetailCX.html?deviceRecordKey=0694672551056820260513103636151,2026-05-14,NMPA UDI 06946725510568; GS1; A3011-EE1,0.84,company_product_public,strong_official_product,round1,no
深圳市安普康科技有限公司,心电导联线,China,CN,深圳,A,remote_patient_monitoring,nmpa_udi,心电,https://udi.nmpa.gov.cn/showDetailCX.html?deviceRecordKey=0694672551057520260513103659910,2026-05-14,NMPA UDI 06946725510575; GS1; A1016-EE0,0.84,company_product_public,strong_official_product,round1,no
深圳市安普康科技有限公司,心电导联线,China,CN,深圳,A,remote_patient_monitoring,nmpa_udi,心电,https://udi.nmpa.gov.cn/showDetailCX.html?deviceRecordKey=0694672551058220260513103723835,2026-05-14,NMPA UDI 06946725510582; GS1; A1016-EE1,0.84,company_product_public,strong_official_product,round1,no
深圳市安普康科技有限公司,心电导联线,China,CN,深圳,A,remote_patient_monitoring,nmpa_udi,心电,https://udi.nmpa.gov.cn/showDetailCX.html?deviceRecordKey=0694672551059920260513103751384,2026-05-14,NMPA UDI 06946725510599; GS1; A2016-EE0,0.84,company_product_public,strong_official_product,round1,no
深圳市安普康科技有限公司,心电导联线,China,CN,深圳,A,remote_patient_monitoring,nmpa_udi,心电,https://udi.nmpa.gov.cn/showDetailCX.html?deviceRecordKey=0694672551060520260513103819562,2026-05-14,NMPA UDI 06946725510605; GS1; A2016-EE1,0.84,company_product_public,strong_official_product,round1,no
深圳市安普康科技有限公司,心电导联线,China,CN,深圳,A,remote_patient_monitoring,nmpa_udi,心电,https://udi.nmpa.gov.cn/showDetailCX.html?deviceRecordKey=0694672551061220260513103840172,2026-05-14,NMPA UDI 06946725510612; GS1; A3017-EE0,0.84,company_product_public,strong_official_product,round1,no
深圳市安普康科技有限公司,心电导联线,China,CN,深圳,A,remote_patient_monitoring,nmpa_udi,心电,https://udi.nmpa.gov.cn/showDetailCX.html?deviceRecordKey=0694672551062920260513103859133,2026-05-14,NMPA UDI 06946725510629; GS1; A3017-EE1,0.84,company_product_public,strong_official_product,round1,no
深圳市安普康科技有限公司,心电导联线,China,CN,深圳,A,remote_patient_monitoring,nmpa_udi,心电,https://udi.nmpa.gov.cn/showDetailCX.html?deviceRecordKey=0694672551063620260513103931255,2026-05-14,NMPA UDI 06946725510636; GS1; A1018-EE0,0.84,company_product_public,strong_official_product,round1,no
深圳市安普康科技有限公司,心电导联线,China,CN,深圳,A,remote_patient_monitoring,nmpa_udi,心电,https://udi.nmpa.gov.cn/showDetailCX.html?deviceRecordKey=0694672551064320260513103955778,2026-05-14,NMPA UDI 06946725510643; GS1; A2018-EE0,0.84,company_product_public,strong_official_product,round1,no
华思（天津）医疗健康管理有限公司,运动心肺/代谢测试系统,China,CN,,A,health_management_platform,nmpa_udi,健康管理,https://udi.nmpa.gov.cn/showDetailCX.html?deviceRecordKey=0697452953104520250828052918072,2026-05-14,NMPA UDI 06974529531045; GS1; HS-Meta Lite,0.84,company_product_public,strong_official_product,round1,no
华思（天津）医疗健康管理有限公司,负荷运动训练测试系统,China,CN,,A,health_management_platform,nmpa_udi,健康管理,https://udi.nmpa.gov.cn/showDetailCX.html?deviceRecordKey=0697452953203520260106060637132,2026-05-14,NMPA UDI 06974529532035; GS1; 华思 S100,0.84,company_product_public,strong_official_product,round1,no
华思（天津）医疗健康管理有限公司,腕式脉搏血氧仪,China,CN,,A,health_management_platform,nmpa_udi,健康管理,https://udi.nmpa.gov.cn/showDetailCX.html?deviceRecordKey=0697452953801320240724094208253,2026-05-14,NMPA UDI 06974529538013; GS1; HS01,0.84,company_product_public,strong_official_product,round1,no
华思（天津）医疗健康管理有限公司,腕式脉搏血氧仪,China,CN,,A,health_management_platform,nmpa_udi,健康管理,https://udi.nmpa.gov.cn/showDetailCX.html?deviceRecordKey=0697452953802020240724105957364,2026-05-14,NMPA UDI 06974529538020; GS1; HS10,0.84,company_product_public,strong_official_product,round1,no
华思（天津）医疗健康管理有限公司,腕式脉搏血氧仪,China,CN,,A,health_management_platform,nmpa_udi,健康管理,https://udi.nmpa.gov.cn/showDetailCX.html?deviceRecordKey=0697452953803720240724110714879,2026-05-14,NMPA UDI 06974529538037; GS1; HS20,0.84,company_product_public,strong_official_product,round1,no
华思（天津）医疗健康管理有限公司,指夹式脉搏血氧仪,China,CN,,A,health_management_platform,nmpa_udi,健康管理,https://udi.nmpa.gov.cn/showDetailCX.html?deviceRecordKey=0697452953804420240724111701364,2026-05-14,NMPA UDI 06974529538044; GS1; H10,0.84,company_product_public,strong_official_product,round1,no
华思（天津）医疗健康管理有限公司,指夹式脉搏血氧仪,China,CN,,A,health_management_platform,nmpa_udi,健康管理,https://udi.nmpa.gov.cn/showDetailCX.html?deviceRecordKey=0697452953805120240724112002618,2026-05-14,NMPA UDI 06974529538051; GS1; H11,0.84,company_product_public,strong_official_product,round1,no
华思（天津）医疗健康管理有限公司,指夹式脉搏血氧仪,China,CN,,A,health_management_platform,nmpa_udi,健康管理,https://udi.nmpa.gov.cn/showDetailCX.html?deviceRecordKey=0697452953806820240724112507997,2026-05-14,NMPA UDI 06974529538068; GS1; H20,0.84,company_product_public,strong_official_product,round1,no
华思（天津）医疗健康管理有限公司,指夹式脉搏血氧仪,China,CN,,A,health_management_platform,nmpa_udi,健康管理,https://udi.nmpa.gov.cn/showDetailCX.html?deviceRecordKey=0697452953807520240724112759660,2026-05-14,NMPA UDI 06974529538075; GS1; H21,0.84,company_product_public,strong_official_product,round1,no
卓越星河健康管理（南京）有限公司,牙周用透明质酸溶液,China,CN,,A,health_management_platform,nmpa_udi,健康管理,https://udi.nmpa.gov.cn/showDetailCX.html?deviceRecordKey=b3f48fe79015490d99c46888a74af1fc,2026-05-14,NMPA UDI 08033087660029; GS1; GENGIGEL MOUTHRINSE 150ml,0.84,company_product_public,strong_official_product,round1,no
卓越星河健康管理（南京）有限公司,牙周用透明质酸凝胶,China,CN,,A,health_management_platform,nmpa_udi,健康管理,https://udi.nmpa.gov.cn/showDetailCX.html?deviceRecordKey=f2e611e507d74fe69f35c0dca18622b4,2026-05-14,NMPA UDI 08033087660012; GS1; Gengigel Gel 20ml,0.84,company_product_public,strong_official_product,round1,no
华思（天津）医疗健康管理有限公司,负荷运动训练测试系统,China,CN,,A,health_management_platform,nmpa_udi,健康管理,https://udi.nmpa.gov.cn/showDetailCX.html?deviceRecordKey=0697452953207320251103030218867,2026-05-14,NMPA UDI 06974529532073; GS1; 华思 S100,0.84,company_product_public,strong_official_product,round1,no
华思（天津）医疗健康管理有限公司,负荷运动训练测试系统,China,CN,,A,health_management_platform,nmpa_udi,健康管理,https://udi.nmpa.gov.cn/showDetailCX.html?deviceRecordKey=0697452953217220251102082336739,2026-05-14,NMPA UDI 06974529532172; GS1; 华思 S200,0.84,company_product_public,strong_official_product,round1,no
华思（天津）医疗健康管理有限公司,运动心肺/代谢测试系统,China,CN,,A,health_management_platform,nmpa_udi,健康管理,https://udi.nmpa.gov.cn/showDetailCX.html?deviceRecordKey=0697452953103820250707032157203,2026-05-14,NMPA UDI 06974529531038; GS1; HS-CPET-X7,0.84,company_product_public,strong_official_product,round1,no
华思（天津）医疗健康管理有限公司,心肺数据管理软件,China,CN,,A,samd; health_management_platform,nmpa_udi,健康管理,https://udi.nmpa.gov.cn/showDetailCX.html?deviceRecordKey=0697452953602620241218023219173,2026-05-14,NMPA UDI 06974529536026; GS1; SEMA-CN,0.84,company_product_public,strong_official_product,round1,no
华思（天津）医疗健康管理有限公司,单导联动态心电记录仪,China,CN,,A,remote_patient_monitoring; health_management_platform,nmpa_udi,健康管理,https://udi.nmpa.gov.cn/showDetailCX.html?deviceRecordKey=0697452953302520241218013534343,2026-05-14,NMPA UDI 06974529533025; GS1; ECG-1,0.84,company_product_public,strong_official_product,round1,no
华思（天津）医疗健康管理有限公司,运动心肺/代谢测试系统,China,CN,,A,health_management_platform,nmpa_udi,健康管理,https://udi.nmpa.gov.cn/showDetailCX.html?deviceRecordKey=0697452953102120241115114235894,2026-05-14,NMPA UDI 06974529531021; GS1; HS-MetaX,0.84,company_product_public,strong_official_product,round1,no
华思（天津）医疗健康管理有限公司,运动心肺/代谢测试系统,China,CN,,A,health_management_platform,nmpa_udi,健康管理,https://udi.nmpa.gov.cn/showDetailCX.html?deviceRecordKey=0697452953101420241115113723770,2026-05-14,NMPA UDI 06974529531014; GS1; HS-CPET-X6,0.84,company_product_public,strong_official_product,round1,no
 江西维德医疗健康管理有限公司,医用防护口罩,China,CN,,A,health_management_platform,nmpa_udi,健康管理,https://udi.nmpa.gov.cn/showDetailCX.html?deviceRecordKey=06970360996036202404121206310,2026-05-14,NMPA UDI 06970360996036; GS1; Ⅱ型 蝶形耳挂式（不带鼻垫），规格：12.8cm×13.5cm,0.84,company_product_public,strong_official_product,round1,no
 江西维德医疗健康管理有限公司,一次性医用防护服,China,CN,,A,health_management_platform,nmpa_udi,健康管理,https://udi.nmpa.gov.cn/showDetailCX.html?deviceRecordKey=06970360995510202404121206390,2026-05-14,NMPA UDI 06970360995510; GS1; 规格：180（XXL）,0.84,company_product_public,strong_official_product,round1,no
华思（天津）医疗健康管理有限公司,心电网络数据管理软件,China,CN,,A,samd; remote_patient_monitoring; health_management_platform,nmpa_udi,健康管理,https://udi.nmpa.gov.cn/showDetailCX.html?deviceRecordKey=0697452953305620230828120148244,2026-05-14,NMPA UDI 06974529533056; GS1; SEMA-E,0.84,company_product_public,strong_official_product,round1,no
华思（天津）医疗健康管理有限公司,负荷运动训练测试系统,China,CN,,A,health_management_platform,nmpa_udi,健康管理,https://udi.nmpa.gov.cn/showDetailCX.html?deviceRecordKey=0697452953201120230412101919315,2026-05-14,NMPA UDI 06974529532011; GS1; 华思 S100,0.84,company_product_public,strong_official_product,round1,no
济民健康管理股份有限公司,血液透析浓缩液,China,CN,,A,health_management_platform,nmpa_udi,健康管理,https://udi.nmpa.gov.cn/showDetailCX.html?deviceRecordKey=1f088f9d-ff2a-495e-b20b-6004c2213d40,2026-05-14,NMPA UDI 06972137490235; GS1; JM201402B(12L),0.84,company_product_public,strong_official_product,round1,no
济民健康管理股份有限公司,血液透析浓缩液,China,CN,,A,health_management_platform,nmpa_udi,健康管理,https://udi.nmpa.gov.cn/showDetailCX.html?deviceRecordKey=13762f50-3526-4193-a68e-d59e7eaf846f,2026-05-14,NMPA UDI 06972137490013; GS1; JM201401A(5L),0.84,company_product_public,strong_official_product,round1,no
济民健康管理股份有限公司,血液透析浓缩液,China,CN,,A,health_management_platform,nmpa_udi,健康管理,https://udi.nmpa.gov.cn/showDetailCX.html?deviceRecordKey=5766bb42-6fbf-4252-b655-7ebe9a273716,2026-05-14,NMPA UDI 06972137490037; GS1; JM201401A(10L),0.84,company_product_public,strong_official_product,round1,no
济民健康管理股份有限公司,血液透析浓缩液,China,CN,,A,health_management_platform,nmpa_udi,健康管理,https://udi.nmpa.gov.cn/showDetailCX.html?deviceRecordKey=be97e3bd-69a6-4f7e-9b54-3a21e78326b7,2026-05-14,NMPA UDI 06972137490051; GS1; JM201401B(6L),0.84,company_product_public,strong_official_product,round1,no
济民健康管理股份有限公司,血液透析浓缩液,China,CN,,A,health_management_platform,nmpa_udi,健康管理,https://udi.nmpa.gov.cn/showDetailCX.html?deviceRecordKey=df8a7ce3-93a2-4804-873a-31fe0eebc17c,2026-05-14,NMPA UDI 06972137490075; GS1; JM201401B(9L),0.84,company_product_public,strong_official_product,round1,no
济民健康管理股份有限公司,血液透析浓缩液,China,CN,,A,health_management_platform,nmpa_udi,健康管理,https://udi.nmpa.gov.cn/showDetailCX.html?deviceRecordKey=76c1515f-b5ae-4c1f-a2b9-d508d66922ad,2026-05-14,NMPA UDI 06972137490099; GS1; JM201401B(10L),0.84,company_product_public,strong_official_product,round1,no
济民健康管理股份有限公司,血液透析浓缩液,China,CN,,A,health_management_platform,nmpa_udi,健康管理,https://udi.nmpa.gov.cn/showDetailCX.html?deviceRecordKey=51b42893-ae70-4d49-b9e0-7efae3c882fe,2026-05-14,NMPA UDI 06972137490112; GS1; JM201401B(12L),0.84,company_product_public,strong_official_product,round1,no
济民健康管理股份有限公司,血液透析浓缩液,China,CN,,A,health_management_platform,nmpa_udi,健康管理,https://udi.nmpa.gov.cn/showDetailCX.html?deviceRecordKey=4fc2abce-48d5-4a21-9a85-511cc0503447,2026-05-14,NMPA UDI 06972137490136; GS1; JM201402A(5L),0.84,company_product_public,strong_official_product,round1,no
济民健康管理股份有限公司,血液透析浓缩液,China,CN,,A,health_management_platform,nmpa_udi,健康管理,https://udi.nmpa.gov.cn/showDetailCX.html?deviceRecordKey=70ccb72c-9042-4fd4-b63b-99895b973a95,2026-05-14,NMPA UDI 06972137490150; GS1; JM201402A(10L),0.84,company_product_public,strong_official_product,round1,no
济民健康管理股份有限公司,血液透析浓缩液,China,CN,,A,health_management_platform,nmpa_udi,健康管理,https://udi.nmpa.gov.cn/showDetailCX.html?deviceRecordKey=cab332d2-3976-48f0-b53c-4653d5624176,2026-05-14,NMPA UDI 06972137490174; GS1; JM201402B(6L),0.84,company_product_public,strong_official_product,round1,no
济民健康管理股份有限公司,血液透析浓缩液,China,CN,,A,health_management_platform,nmpa_udi,健康管理,https://udi.nmpa.gov.cn/showDetailCX.html?deviceRecordKey=d2504167-52e9-4da5-9901-4405ce76e565,2026-05-14,NMPA UDI 06972137490198; GS1; JM201402B(9L),0.84,company_product_public,strong_official_product,round1,no
济民健康管理股份有限公司,血液透析浓缩液,China,CN,,A,health_management_platform,nmpa_udi,健康管理,https://udi.nmpa.gov.cn/showDetailCX.html?deviceRecordKey=0aed2f55-f51a-490b-bc5c-32abdcce84ac,2026-05-14,NMPA UDI 06972137490211; GS1; JM201402B(10L),0.84,company_product_public,strong_official_product,round1,no
济民健康管理股份有限公司,预充式导管冲洗器,China,CN,,A,health_management_platform,nmpa_udi,健康管理,https://udi.nmpa.gov.cn/showDetailCX.html?deviceRecordKey=0697213749104120220415105508034,2026-05-14,NMPA UDI 06972137491041; GS1; 3ml,0.84,company_product_public,strong_official_product,round1,no
济民健康管理股份有限公司,预充式导管冲洗器,China,CN,,A,health_management_platform,nmpa_udi,健康管理,https://udi.nmpa.gov.cn/showDetailCX.html?deviceRecordKey=0697213749105820220415105813032,2026-05-14,NMPA UDI 06972137491058; GS1; 5ml,0.84,company_product_public,strong_official_product,round1,no
济民健康管理股份有限公司,预充式导管冲洗器,China,CN,,A,health_management_platform,nmpa_udi,健康管理,https://udi.nmpa.gov.cn/showDetailCX.html?deviceRecordKey=0697213749106520220415110053364,2026-05-14,NMPA UDI 06972137491065; GS1; 10ml,0.84,company_product_public,strong_official_product,round1,no
华思（天津）医疗健康管理有限公司,心电记录仪,China,CN,,A,remote_patient_monitoring; health_management_platform,nmpa_udi,健康管理,https://udi.nmpa.gov.cn/showDetailCX.html?deviceRecordKey=0697452953301820211129045233470,2026-05-14,NMPA UDI 06974529533018; GS1; ECG-12,0.84,company_product_public,strong_official_product,round1,no
广州视景医疗软件有限公司,视觉功能训练治疗软件,China,CN,广州,A,digital_therapeutics; samd,nmpa_udi,医疗软件,https://udi.nmpa.gov.cn/showDetailCX.html?deviceRecordKey=0697104746013020260330021851550,2026-05-14,NMPA UDI 06971047460130; GS1; SJ-MRS2016,0.84,company_product_public,strong_official_product,round1,no
广州视景医疗软件有限公司,视觉功能训练治疗软件,China,CN,广州,A,digital_therapeutics; samd,nmpa_udi,医疗软件,https://udi.nmpa.gov.cn/showDetailCX.html?deviceRecordKey=0697104746015420260330022516896,2026-05-14,NMPA UDI 06971047460154; GS1; SJ-MPRS2020,0.84,company_product_public,strong_official_product,round1,no
广州视景医疗软件有限公司,视觉功能训练治疗软件,China,CN,广州,A,digital_therapeutics; samd,nmpa_udi,医疗软件,https://udi.nmpa.gov.cn/showDetailCX.html?deviceRecordKey=0697104746016120260330022655847,2026-05-14,NMPA UDI 06971047460161; GS1; SJ-WRS2016,0.84,company_product_public,strong_official_product,round1,no
广州视景医疗软件有限公司,视觉功能训练治疗软件,China,CN,广州,A,digital_therapeutics; samd,nmpa_udi,医疗软件,https://udi.nmpa.gov.cn/showDetailCX.html?deviceRecordKey=0697104746014720260330022313332,2026-05-14,NMPA UDI 06971047460147; GS1; SJ-RS-WL2015,0.84,company_product_public,strong_official_product,round1,no
广州视景医疗软件有限公司,视觉功能训练治疗软件,China,CN,广州,A,digital_therapeutics; samd,nmpa_udi,医疗软件,https://udi.nmpa.gov.cn/showDetailCX.html?deviceRecordKey=0697104746017820260330023033072,2026-05-14,NMPA UDI 06971047460178; GS1; SJ-HRS2020,0.84,company_product_public,strong_official_product,round1,no
广州视景医疗软件有限公司,视觉功能训练治疗软件,China,CN,广州,A,digital_therapeutics; samd,nmpa_udi,医疗软件,https://udi.nmpa.gov.cn/showDetailCX.html?deviceRecordKey=0697104746018520260330023251946,2026-05-14,NMPA UDI 06971047460185; GS1; SJ-JRS2021,0.84,company_product_public,strong_official_product,round1,no
广州视景医疗软件有限公司,视觉功能训练治疗软件,China,CN,广州,A,digital_therapeutics; samd,nmpa_udi,医疗软件,https://udi.nmpa.gov.cn/showDetailCX.html?deviceRecordKey=0697104746019220260330023517651,2026-05-14,NMPA UDI 06971047460192; GS1; SJ-HRS2022,0.84,company_product_public,strong_official_product,round1,no
广州视景医疗软件有限公司,视觉功能训练治疗软件,China,CN,广州,A,digital_therapeutics; samd,nmpa_udi,医疗软件,https://udi.nmpa.gov.cn/showDetailCX.html?deviceRecordKey=0697104746020820260330023741972,2026-05-14,NMPA UDI 06971047460208; GS1; SJ-JRS2023,0.84,company_product_public,strong_official_product,round1,no
广州视景医疗软件有限公司,视觉功能训练治疗软件,China,CN,广州,A,digital_therapeutics; samd,nmpa_udi,医疗软件,https://udi.nmpa.gov.cn/showDetailCX.html?deviceRecordKey=0697104746021520260330023935953,2026-05-14,NMPA UDI 06971047460215; GS1; SJ-NRS2023,0.84,company_product_public,strong_official_product,round1,no
广州视景医疗软件有限公司,视觉功能训练治疗软件,China,CN,广州,A,digital_therapeutics; samd,nmpa_udi,医疗软件,https://udi.nmpa.gov.cn/showDetailCX.html?deviceRecordKey=0697104746022220260330024121658,2026-05-14,NMPA UDI 06971047460222; GS1; SJ-PRS2018,0.84,company_product_public,strong_official_product,round1,no
广州视景医疗软件有限公司,视觉功能训练治疗软件,China,CN,广州,A,digital_therapeutics; samd,nmpa_udi,医疗软件,https://udi.nmpa.gov.cn/showDetailCX.html?deviceRecordKey=0697104746012320260330020926099,2026-05-14,NMPA UDI 06971047460123; GS1; SJ-RS-GP2008,0.84,company_product_public,strong_official_product,round1,no
北京锐视康科技发展有限公司,远程医疗会诊系统软件,China,CN,北京,A,samd; remote_patient_monitoring,nmpa_udi,医疗软件,https://udi.nmpa.gov.cn/showDetailCX.html?deviceRecordKey=0697399055003620220429111501082,2026-05-14,NMPA UDI 06973990550036; GS1; CS+,0.84,company_product_public,strong_official_product,round1,no
爱乔（上海）医疗科技有限公司,爱乔医疗交互软件,China,CN,上海,A,samd,nmpa_udi,医疗软件,https://udi.nmpa.gov.cn/showDetailCX.html?deviceRecordKey=0697153589112520220518112542940,2026-05-14,NMPA UDI 06971535891125; GS1; AQS02,0.84,company_product_public,strong_official_product,round1,no
爱乔（上海）医疗科技有限公司,爱乔医疗交互软件,China,CN,上海,A,samd,nmpa_udi,医疗软件,https://udi.nmpa.gov.cn/showDetailCX.html?deviceRecordKey=0697153589102620211215105645730,2026-05-14,NMPA UDI 06971535891026; GS1; AQS01,0.84,company_product_public,strong_official_product,round1,no
深圳星康医疗科技有限公司,动态心电分析软件,China,CN,深圳,A,samd; remote_patient_monitoring; clinical_workflow,nmpa_udi_detail,0697521590151720260512042339217,https://udi.nmpa.gov.cn/showDetailCX.html?deviceRecordKey=0697521590151720260512042339217,2026-05-14,粤械注准20202211234; 适用于动态心电图数据的分析，分析的结果将用于协助医务人员进行临床分析和诊断。,0.88,company_product_public,strong_official_product,round1,no
广州安必平医药科技股份有限公司,宫颈细胞数字病理图像辅助诊断软件,China,CN,广州,A,samd; clinical_workflow,nmpa_udi_detail,0694850093468220260509111140206,https://udi.nmpa.gov.cn/showDetailCX.html?deviceRecordKey=0694850093468220260509111140206,2026-05-14,国械注准20263210644; 数字病理图像(采用病理切片扫描仪对采用膜式液基薄层细胞学(膜式法)和沉降式液基薄层细胞学(沉降式法)制备方法制备的宫颈细胞学涂片进行扫描，形成宫颈细胞学数字病理图像)进行全片分析，对疑似病变细胞进行自动识别和标记并给出诊断提示，其结果供执业细胞学病理医师参考，阅片病理医生不应仅针对提示的疑似病变细胞进行审查，还应针对全部数字图片进行审查。该软件作为执业细胞学病理医师进行宫颈细胞学检查时的辅助诊断工具，其提示的诊断结果和标记的疑似病变细胞不能作为临床诊断决策的唯一依据，不适用于宫颈癌筛查。本产品适用于采用液基薄层细胞学技术进行宫颈细胞学检查的人群(经历过放疗治疗患者和经历过宫颈全切手术治疗患者除外)。预期使用者/目标用户为经过培训的执业细胞学病理医师。,0.88,company_product_public,strong_official_product,round1,no
深圳麦科田生物医疗技术股份有限公司,中央监护系统软件,China,CN,深圳,A,samd,nmpa_udi_detail,0692680261465520260509060024941,https://udi.nmpa.gov.cn/showDetailCX.html?deviceRecordKey=0692680261465520260509060024941,2026-05-14,粤械注准20212211668; 通过有线或无线网络获取监护设备的生命体征信息、输注设备的输注信息，供医疗机构对患者的生命体征、输注信息进行集中监护和管理。,0.88,company_product_public,strong_official_product,round1,no
深圳麦科田生物医疗技术股份有限公司,中央监护系统软件,China,CN,深圳,A,samd,nmpa_udi_detail,0692680261464820260509055950241,https://udi.nmpa.gov.cn/showDetailCX.html?deviceRecordKey=0692680261464820260509055950241,2026-05-14,粤械注准20212211668; 通过有线或无线网络获取监护设备的生命体征信息、输注设备的输注信息，供医疗机构对患者的生命体征、输注信息进行集中监护和管理。,0.88,company_product_public,strong_official_product,round1,no
深圳麦科田生物医疗技术股份有限公司,中央监护系统软件,China,CN,深圳,A,samd,nmpa_udi_detail,0692680261463120260509055903124,https://udi.nmpa.gov.cn/showDetailCX.html?deviceRecordKey=0692680261463120260509055903124,2026-05-14,粤械注准20212211668; 通过有线或无线网络获取监护设备的生命体征信息、输注设备的输注信息，供医疗机构对患者的生命体征、输注信息进行集中监护和管理。,0.88,company_product_public,strong_official_product,round1,no
深圳麦科田生物医疗技术股份有限公司,中央监护系统软件,China,CN,深圳,A,samd,nmpa_udi_detail,0692680261460020260509055741246,https://udi.nmpa.gov.cn/showDetailCX.html?deviceRecordKey=0692680261460020260509055741246,2026-05-14,粤械注准20212211668; 通过有线或无线网络获取监护设备的生命体征信息、输注设备的输注信息，供医疗机构对患者的生命体征、输注信息进行集中监护和管理。,0.88,company_product_public,strong_official_product,round1,no
执鼎医疗科技有限公司,眼科影像存储与传输软件,China,CN,,A,samd,nmpa_udi_detail,0697304719107620260508030807326,https://udi.nmpa.gov.cn/showDetailCX.html?deviceRecordKey=0697304719107620260508030807326,2026-05-14,浙械注准20202210906; 眼科影像存储与传输软件是一个WEB应用软件，技术架构为BS架构。该软件用于对患者信息、患者的检查信息和影像信息进行管理。客户通过PC端的WEB浏览器进行操作。,0.88,company_product_public,strong_official_product,round1,no
长沙爱孕记医疗科技有限公司,产前超声影像传输处理软件,China,CN,,A,samd; remote_patient_monitoring,nmpa_udi_detail,273c8003f6164690916f8a3fdc31996c,https://udi.nmpa.gov.cn/showDetailCX.html?deviceRecordKey=273c8003f6164690916f8a3fdc31996c,2026-05-14,湘械注准20252210246; 适用于产前超声影像的显示、传输与存储，用于远程会诊。不具有自动识别病变部位或自动判定病变性质的功能。,0.88,company_product_public,strong_official_product,round1,no
长沙爱孕记医疗科技有限公司,产前超声影像传输处理软件,China,CN,,A,samd; remote_patient_monitoring,nmpa_udi_detail,aca22e4b290d4bc6beb18a4f6809902f,https://udi.nmpa.gov.cn/showDetailCX.html?deviceRecordKey=aca22e4b290d4bc6beb18a4f6809902f,2026-05-14,湘械注准20252210246; 适用于产前超声影像的显示、传输与存储，用于远程会诊。不具有自动识别病变部位或自动判定病变性质的功能。,0.88,company_product_public,strong_official_product,round1,no
长沙爱孕记医疗科技有限公司,产前超声影像传输处理软件,China,CN,,A,samd; remote_patient_monitoring,nmpa_udi_detail,cacdbf8172a447d59acf6e9879dfee62,https://udi.nmpa.gov.cn/showDetailCX.html?deviceRecordKey=cacdbf8172a447d59acf6e9879dfee62,2026-05-14,湘械注准20252210246; 适用于产前超声影像的显示、传输与存储，用于远程会诊。不具有自动识别病变部位或自动判定病变性质的功能。,0.88,company_product_public,strong_official_product,round1,no
麦康迪（绍兴）科技有限公司,骨骼肌指数 CT 影像处理软件,China,CN,,A,samd; clinical_workflow,nmpa_udi_detail,6479ba87437042aeb1168a1c055b35ca,https://udi.nmpa.gov.cn/showDetailCX.html?deviceRecordKey=6479ba87437042aeb1168a1c055b35ca,2026-05-14,浙械注准20252212016; 产品适用于医疗机构对符合 DICOM 标准的终末期肝病或肝移植患者的 L3 腰椎影像进行图像导入、处理、显示和保存，不包括自动诊断功能。,0.88,company_product_public,strong_official_product,round1,no
北京品驰医疗设备股份有限公司,远程程控通信软件,China,CN,北京,A,samd; remote_patient_monitoring; clinical_workflow,nmpa_udi_detail,0695980960560920250409110149243,https://udi.nmpa.gov.cn/showDetailCX.html?deviceRecordKey=0695980960560920250409110149243,2026-05-14,京械注准20252210036; 医生客户端软件 发布版本4.5,0.88,company_product_public,strong_official_product,round1,no
北京品驰医疗设备股份有限公司,远程程控通信软件,China,CN,北京,A,samd; remote_patient_monitoring,nmpa_udi_detail,0695980960559320250409110357560,https://udi.nmpa.gov.cn/showDetailCX.html?deviceRecordKey=0695980960559320250409110357560,2026-05-14,京械注准20252210036; 患者客户端软件，Android版，发布版本1.6,0.88,company_product_public,strong_official_product,round1,no
北京品驰医疗设备股份有限公司,远程程控通信软件,China,CN,北京,A,samd; remote_patient_monitoring,nmpa_udi_detail,0695980960576020250409110753218,https://udi.nmpa.gov.cn/showDetailCX.html?deviceRecordKey=0695980960576020250409110753218,2026-05-14,京械注准20252210036; 患者客户端软件，iOS版，发布版本1.6,0.88,company_product_public,strong_official_product,round1,no
上海导向医疗系统有限公司,医学图像处理软件,China,CN,上海,A,samd,nmpa_udi_detail,0694933910336220260506035412241,https://udi.nmpa.gov.cn/showDetailCX.html?deviceRecordKey=0694933910336220260506035412241,2026-05-14,沪械注准20262210178; 产品为 C/S 架构，通过 U 盘交付，软件功能模块包括患者数据管理、感兴趣区勾画、几何图形融合、图像序列比较、打印报告。,0.88,company_product_public,strong_official_product,round1,no
语坤（北京）网络科技有限公司,医学图像处理软件,China,CN,北京,A,samd,nmpa_udi_detail,0697418338085020260506052020828,https://udi.nmpa.gov.cn/showDetailCX.html?deviceRecordKey=0697418338085020260506052020828,2026-05-14,京械注准20262210158; 本产品为 B/S 架构，由软件安装程序组成，模块功能包括用户登录、影像列表、DR 工作站、CT 工作站、血管 CTA、MR工作站、骨 3D、管理配置、平台管理、传输队列。,0.88,company_product_public,strong_official_product,round1,no
上海镜影信息科技有限公司,电子支气管镜影像辅助质控软件,China,CN,上海,A,samd; remote_patient_monitoring; clinical_workflow,nmpa_udi_detail,0697755044001020260417012010264,https://udi.nmpa.gov.cn/showDetailCX.html?deviceRecordKey=0697755044001020260417012010264,2026-05-14,沪械注准20262210045; 结构组成：产品基于C/S架构，单机部署，由USB闪存盘和随机文件组成。产品功能模块包括：用户登录模块、电子支气管镜影像监测模块（基于深度学习）、系统管理模块、软件退出模块。 适用范围：产品与内窥镜设备联合使用，用于内窥镜操作时进行电子支气管镜影像监测（包括支气管镜检查的共31个正常位点的识别）。仅用于辅助监测，不能代替医生诊断。,0.88,company_product_public,strong_official_product,round1,no
上海镜影信息科技有限公司,电子鼻咽喉镜影像辅助质控软件,China,CN,上海,A,samd; remote_patient_monitoring; clinical_workflow,nmpa_udi_detail,0697755044000320260416053639337,https://udi.nmpa.gov.cn/showDetailCX.html?deviceRecordKey=0697755044000320260416053639337,2026-05-14,沪械注准20262210043; 结构组成：本产品基于C/S架构，单机部署。产品由USB闪盘和随机文件组成，功能模块包括：用户登录模块、电子鼻咽喉镜影像监测模块（基于深度学习）、系统管理模块和软件退出模块。 预期用途：本产品与内窥镜设备联合使用，用于电子鼻咽喉镜检查操作过程中实时进行鼻咽喉部位内镜影像处理（包括鼻咽喉检查的11个正常位点的识别）。仅用于辅助医生检查，不能代替医生诊断。不具有自动识别病变的功能。,0.88,company_product_public,strong_official_product,round1,no
上海联影智能科技股份有限公司,肺炎CT影像辅助分诊与评估软件,China,CN,上海,A,samd; health_management_platform; patient_engagement,nmpa_udi_detail,0697419760002920220614032338768,https://udi.nmpa.gov.cn/showDetailCX.html?deviceRecordKey=0697419760002920220614032338768,2026-05-14,国械注准20213210607; 本软件由服务器端及浏览器端构成。浏览器端由患者管理模块、图像处理模块和服务模块组成，服务器端由数据访问和存储模块、数据同步模块和基于深度学习算法的图像处理模块组成。软件通过FTP下载的方式交付。,0.88,company_product_public,strong_official_product,round1,no
上海联影智能科技股份有限公司,放射治疗轮廓勾画软件,China,CN,上海,A,samd,nmpa_udi_detail,0697419760000520220614030658366,https://udi.nmpa.gov.cn/showDetailCX.html?deviceRecordKey=0697419760000520220614030658366,2026-05-14,国械注准20193211035; 通过FTP下载方式交付，功能模块包括：患者数据管理模块、轮廓勾画模块、服务模块。,0.88,company_product_public,strong_official_product,round1,no
上海联影智能科技股份有限公司,肺栓塞CT血管造影图像辅助分诊软件,China,CN,上海,A,samd; health_management_platform; patient_engagement,nmpa_udi_detail,0697419760030220240927040446847,https://udi.nmpa.gov.cn/showDetailCX.html?deviceRecordKey=0697419760030220240927040446847,2026-05-14,国械注准20243211866; 由软件安装程序和授权文件组成，功能模块包括浏览器端和服务器端，其中浏览器端由登录、患者管理、图像处理与显示（深度学习）、服务模块组成，服务器端由算法服务（深度学习）、数 据同步服务、数据访问和存储、胶片打印服务、图像归档服务模块组成。发布版本1.0。,0.88,company_product_public,strong_official_product,round1,no
上海联影智能科技股份有限公司,颅内动脉瘤CT血管造影图像辅助检测软件,China,CN,上海,A,samd; health_management_platform; patient_engagement,nmpa_udi_detail,0697419760058620241008035234980,https://udi.nmpa.gov.cn/showDetailCX.html?deviceRecordKey=0697419760058620241008035234980,2026-05-14,国械注准20243211923; 由软件安装程序和授权文件组成，功能模块包括浏览器端、服务器端，其中浏览器端由登录、患者管理、头颈血管分割与动脉瘤辅助检测（深度学习）、图像归档、胶片打印、服务模块组成，服务器端由算法服务（深度学习）、数据同步服务、数据访问和存储模块组成。发布版本2.2,0.88,company_product_public,strong_official_product,round1,no
上海联影智能科技股份有限公司,乳腺X射线图像辅助检测软件,China,CN,上海,A,samd,nmpa_udi_detail,0697419760060920241028111026135,https://udi.nmpa.gov.cn/showDetailCX.html?deviceRecordKey=0697419760060920241028111026135,2026-05-14,国械注准20243212113; 本产品由软件安装程序组成。浏览器端由登录、图像浏览web 服务和配置服务模块组成。服务器端由数据访问和存储、数据同步服务和基于深度学习的算法服务模块组成。发布版本1.1。,0.88,company_product_public,strong_official_product,round1,no
上海联影智能科技股份有限公司,主动脉夹层CT血管造影图像辅助分诊软件,China,CN,上海,A,samd; health_management_platform; patient_engagement,nmpa_udi_detail,0697419760033320241126113220827,https://udi.nmpa.gov.cn/showDetailCX.html?deviceRecordKey=0697419760033320241126113220827,2026-05-14,国械注准20243212363; 本产品由软件安装程序、授权文件组成，功能模块包括服务器端和浏览器端，浏览器端含登录、患者管理、图像处理与显示、服务模块，服务器端含数据访问和存储、数据同步服务、算法服务（深度学习）、胶片打印服务、图像归档服务模块。发布版本：1.0。,0.88,company_product_public,strong_official_product,round1,no
上海联影智能科技股份有限公司,脑缺血CT灌注图像辅助评估软件,China,CN,上海,A,samd; health_management_platform; patient_engagement,nmpa_udi_detail,0697419760065420250709110549577,https://udi.nmpa.gov.cn/showDetailCX.html?deviceRecordKey=0697419760065420250709110549577,2026-05-14,国械注准20253211313; 由软件安装程序和授权文件组成，功能模块包括浏览器端、服务器端，其中浏览器端由登录、患者管理、图像浏览与处理、服务模块组成，服务器端由算法服务（深度学习）、数据同步服务、数据访问和存储模块组成。 用于脑灌注CT图像的显示、处理和测量，可辅助评估缺血性卒中成人患者梗死区、缺血半暗带的体积，供经培训合格的医师临床使用，不能单独作为临床决策的依据。,0.88,company_product_public,strong_official_product,round1,no
上海联影智能科技股份有限公司,前列腺癌MRI图像轮廓勾画软件,China,CN,上海,A,samd; health_management_platform; patient_engagement,nmpa_udi_detail,0697419760035720250819103137751,https://udi.nmpa.gov.cn/showDetailCX.html?deviceRecordKey=0697419760035720250819103137751,2026-05-14,国械注准20253211569; 由软件安装程序组成，功能模块包括服务器端和浏览器端。其中，浏览器端含登录、患者管理、前列腺癌辅助检测（深度学习）、图像归档、报告、服务模块，服务器端含数据访问和存储、数据同步服务、算法服务（深度学习）模块。,0.88,company_product_public,strong_official_product,round1,no
上海联影智能科技股份有限公司,缺血性卒中CT图像辅助评估软件,China,CN,上海,A,samd; health_management_platform; patient_engagement,nmpa_udi_detail,0697419760041820250826044449746,https://udi.nmpa.gov.cn/showDetailCX.html?deviceRecordKey=0697419760041820250826044449746,2026-05-14,国械注准20253211716; 本产品由软件安装程序和授权文件组成，包括服务器端及浏览器端。浏览器端由登录、患者管理、图像处理与分析（含基于深度学习的ASPECTS评分分析）、服务模块组成。服务器端由数据访问和存储、数据同步服务、算法服务模块（深度学习）、自动归档模块组成。,0.88,company_product_public,strong_official_product,round1,no
上海联影智能科技股份有限公司,肺结节CT影像辅助检测软件,China,CN,上海,A,samd; health_management_platform; patient_engagement,nmpa_udi_detail,0697419760001220220614031516122,https://udi.nmpa.gov.cn/showDetailCX.html?deviceRecordKey=0697419760001220220614031516122,2026-05-14,国械注准20213210471; 由服务器端、浏览器端组成，通过FTP下载方式交付。其中，浏览器端含患者管理模块、图像处理模块、服务模块，服务器端含数据访问和存储模块、数据同步模块、深度学习算法模块。,0.88,company_product_public,strong_official_product,round1,no
上海联影智能科技股份有限公司,骨折CT影像辅助检测软件,China,CN,上海,A,samd; health_management_platform; patient_engagement,nmpa_udi_detail,0697419760003620220614031938232,https://udi.nmpa.gov.cn/showDetailCX.html?deviceRecordKey=0697419760003620220614031938232,2026-05-14,国械注准20203210862; 本软件功能模块包括:基于深度学习的CT肋骨骨折辅助检测、患者管理、图像处理和服务模块。软件通过FTP下载的方式交付。,0.88,company_product_public,strong_official_product,round1,no
上海联影智能科技股份有限公司,颅内出血CT影像辅助分诊软件,China,CN,上海,A,samd; health_management_platform; patient_engagement,nmpa_udi_detail,0697419760015920220614032656358,https://udi.nmpa.gov.cn/showDetailCX.html?deviceRecordKey=0697419760015920220614032656358,2026-05-14,国械注准20223210309; 本软件由服务器端及浏览器端构成。浏览器端由患者管理模块、结果显示和编辑模块 、服务模块组成，服务器端由数据访问和存储模块、数据同步模块和基于深度学习算法的图像处理模块组成。软件通过FTP下载的方式交付。,0.88,company_product_public,strong_official_product,round1,no
上海联影智能科技股份有限公司,冠状动脉CT造影图像血管狭窄辅助评估软件,China,CN,上海,A,samd,nmpa_udi_detail,0697419760028920230824020708139,https://udi.nmpa.gov.cn/showDetailCX.html?deviceRecordKey=0697419760028920230824020708139,2026-05-14,国械注准20233211066; 用于冠状动脉CT血管造影图像的显示、处理、分析，可对冠状动脉血管是否存在50%及以上狭窄进行辅助分诊评估，供经培训合格的医师使用，不能单独用作临床诊疗决策依据。不适用于急性冠脉综合征（ACS）等急性胸痛患者。,0.88,company_product_public,strong_official_product,round1,no
上海联影智能科技股份有限公司,肺结节CT图像辅助检测软件,China,CN,上海,A,samd,nmpa_udi_detail,0697419760036420231106092432531,https://udi.nmpa.gov.cn/showDetailCX.html?deviceRecordKey=0697419760036420231106092432531,2026-05-14,国械注准20233211594; 由软件安装程序和授权文件组成，功能模块包括客户端、服务器端。其中，客户端含登录管理、肺结节CT影像辅助检测、三维重建、数据管理保存与导出和服务模块，服务器端含业务层、数据访问和存储层，业务层包含接口服务、数据导入服务、数据解析服务、基于深度学习的算法服务和报告服务，数据访问和存储层包含数据库和文件服务。,0.88,company_product_public,strong_official_product,round1,no
上海联影智能科技股份有限公司,冠状动脉CT血流储备分数计算软件,China,CN,上海,A,samd; clinical_workflow,nmpa_udi_detail,0697419760019720240429052949398,https://udi.nmpa.gov.cn/showDetailCX.html?deviceRecordKey=0697419760019720240429052949398,2026-05-14,"国械注准20243210771; 本产品基于冠脉CT 血管影像计算获得 CT 血流储备分数 , 在进行冠脉血管造影检查之前 , 辅助培训合格的医技人员评估稳定性冠心病 (SCAD)患者的功能性心肌缺血症状。临床医生还应结合患者的病史、症状以及相关诊断结果进行综合评判。本产品不适用于急性冠脉综合征 (ACS) 等急性胸痛患者。",0.88,company_product_public,strong_official_product,round1,no
桂林优利特医疗电子有限公司,血糖数据管理软件,China,CN,,A,samd,nmpa_udi_detail,06935740735889202604101007341,https://udi.nmpa.gov.cn/showDetailCX.html?deviceRecordKey=06935740735889202604101007341,2026-05-14,桂械注准20252210493; 中文 RM-01 血糖数据管理软件,0.88,company_product_public,strong_official_product,round1,no
广西医准智能科技有限公司,颈动脉超声影像处理软件,China,CN,,A,samd; clinical_workflow,nmpa_udi_detail,0697549183016720260204040539443,https://udi.nmpa.gov.cn/showDetailCX.html?deviceRecordKey=0697549183016720260204040539443,2026-05-14,桂械注准20262210022; 结构及组成 1. 物理结构组成:由安装光盘、产品说明书和用户文档集组成。逻辑结构组成:为C/S架构，服务端与客户端部署在同一台设备上。其中包括登录管理模块、检查管理模块、影像管理模块、病例管理模块、报告管理模块、用户管理模块和系统设置模块。 2.适用范围：供医疗机构使用，适用于实时颈动脉超声影像的接收、显示以及异常部位标记和处理，为临床医生提供影像处理结果，不包括自动诊断。,0.88,company_product_public,strong_official_product,round1,no
广西医准智能科技有限公司,产前超声影像处理软件,China,CN,,A,samd; clinical_workflow,nmpa_udi_detail,0697549183017420260424101604462,https://udi.nmpa.gov.cn/showDetailCX.html?deviceRecordKey=0697549183017420260424101604462,2026-05-14,桂械注准20262210090; 发布版本1 物理结构组成:由安装光盘、产品说明书和用户文档集组成。 逻辑结构组成:基于C/S架构，服务端与客户端部署在同一台设备上。其中包括登录管理模块、检查管理模块、影像管理模块(基于深度学习)、病例管理模块、报告管理模块、用户管理模块和系统设置模块。 适用范围：供医疗机构使用，适用于实现产前超声影像接收、显示、处理、流程优化(图像质控和生物参数测量)、存储以及检索，为临床医生提供影像处理结果，软件不包含自动诊断功能。,0.88,company_product_public,strong_official_product,round1,no
嘉兴允英医学检验有限公司,非小细胞肺癌（EGFR/ALK）基因突变分析软件,China,CN,,A,samd,nmpa_udi_detail,0697545115090820260424110259267,https://udi.nmpa.gov.cn/showDetailCX.html?deviceRecordKey=0697545115090820260424110259267,2026-05-14,浙械注准20262210195; 产品在临床上用于对来源于人类非小细胞肺癌（NSCLC）患者经中性福尔马林固定的石蜡包埋（FFPE）的组织样本中EGFR/ALK基因测序数据进行对比、计算，通过与参考基因组进行对比给出EGFR基因19外显子缺失、L858R突变、T790M突变的突变频率、位点总深度、突变深度、ALK 融合基因和内参基因的reads信息，最终根据阳性判断值给出EGFR基因19外显子缺失、L858R、T790M和ALK基因融合的变异检测结果。,0.88,company_product_public,strong_official_product,round1,no
纳龙健康科技股份有限公司,影像档案传输处理系统软件,China,CN,,A,samd,nmpa_udi_detail,0697614113017020260424042209895,https://udi.nmpa.gov.cn/showDetailCX.html?deviceRecordKey=0697614113017020260424042209895,2026-05-14,闽械注准20182210079; 影像档案传输处理系统软件,0.88,company_product_public,strong_official_product,round1,no
纳龙健康科技股份有限公司,心电及电生理网络系统软件,China,CN,,A,samd; remote_patient_monitoring,nmpa_udi_detail,0697614113018720260424042645920,https://udi.nmpa.gov.cn/showDetailCX.html?deviceRecordKey=0697614113018720260424042645920,2026-05-14,闽械注准20162210104; 心电及电生理网络系统软件,0.88,company_product_public,strong_official_product,round1,no
纳龙健康科技股份有限公司,心电及电生理网络系统软件,China,CN,,A,samd; remote_patient_monitoring,nmpa_udi_detail,0697614113019420260424043412942,https://udi.nmpa.gov.cn/showDetailCX.html?deviceRecordKey=0697614113019420260424043412942,2026-05-14,闽械注准20162210104; 心电及电生理网络系统软件,0.88,company_product_public,strong_official_product,round1,no
纳龙健康科技股份有限公司,动态心电分析软件,China,CN,,A,samd; remote_patient_monitoring,nmpa_udi_detail,0697614113020020260424043920916,https://udi.nmpa.gov.cn/showDetailCX.html?deviceRecordKey=0697614113020020260424043920916,2026-05-14,闽械注准20212210156; 动态心电分析软件,0.88,company_product_public,strong_official_product,round1,no
纳龙健康科技股份有限公司,中央监护系统软件,China,CN,,A,samd,nmpa_udi_detail,0697614113021720260424044847289,https://udi.nmpa.gov.cn/showDetailCX.html?deviceRecordKey=0697614113021720260424044847289,2026-05-14,闽械注准20262210028; 中央监护系统软件,0.88,company_product_public,strong_official_product,round1,no
纳龙健康科技股份有限公司,心电分析软件,China,CN,,A,samd; remote_patient_monitoring,nmpa_udi_detail,0697614113000220260402114634810,https://udi.nmpa.gov.cn/showDetailCX.html?deviceRecordKey=0697614113000220260402114634810,2026-05-14,国械注准20223211426; 心电分析软件,0.88,company_product_public,strong_official_product,round1,no
环科医学影像公司,心血管图像处理软件Cardiovascular image processing software,China,CN,,A,samd,nmpa_udi_detail,0088291600001120260415110044685,https://udi.nmpa.gov.cn/showDetailCX.html?deviceRecordKey=0088291600001120260415110044685,2026-05-14,国械注进20172215228; 由软件安装光盘组成，组成模块包括：查看、轮廓绘制标签和测量工具、工作空间、患者数据、报告模块、序列概览、病例查看器模块、多平面重建、4D查看器、血流模块、左心室/右心室功能模块、T2*模块、T2映射、T1映射、首过灌注模块、血管模块、4D血流、冠状动脉模块、钙化积分、主动脉瓣模块、股动脉模块、二尖瓣模块、穿房间隔模块。发布版本5.11,0.88,company_product_public,strong_official_product,round1,no
ADAS3D医疗有限公司,心血管图像处理软件Medical device imaging software in the clinical domain of cardiology,China,CN,,A,samd,nmpa_udi_detail,0843702172204820260416013910405,https://udi.nmpa.gov.cn/showDetailCX.html?deviceRecordKey=0843702172204820260416013910405,2026-05-14,国械注进20232210618; 该产品由软件安装文件和授权文件组成，功能模块包括左心室增强分析模块、右心室厚度分析模块、左心房增强分析模块、心脏解剖信息提取分析模块、影像配准多模态工具模块、对照3D多模态工具模块、增强量化工具（左心室和左心房）模块和病例研究存储数据库模块。发布版本2.6,0.88,company_product_public,strong_official_product,round1,no
武汉楚精灵医疗科技有限公司,胃部病变电子内窥镜图像辅助分诊软件,China,CN,,A,samd,nmpa_udi_detail,0697460473102520260419033246769,https://udi.nmpa.gov.cn/showDetailCX.html?deviceRecordKey=0697460473102520260419033246769,2026-05-14,国械注准20263210316; 本产品在医疗机构使用，用于胃部电子内窥镜图像的显示处理分析。经临床医 生判断存在胃部局灶性病变需进一步使用电子染色放大观察时，可用于对冻结 图像中是否存在高级别上皮内瘤变及以上病变的图像特征进行分诊提示，供经 培训合格的医师临床使用，不能单独作为临床诊疗决策的依据。产品仅适用于 指定型号的电子内窥镜及图像处理器，在白色光源（普通光）模式和指定的染 色放大模式下使用。,0.88,company_product_public,strong_official_product,round1,no
苏州塞伯坦医疗科技有限公司,医学影像处理软件,China,CN,,A,samd; clinical_workflow,nmpa_udi_detail,0697783813001520260410042043412,https://udi.nmpa.gov.cn/showDetailCX.html?deviceRecordKey=0697783813001520260410042043412,2026-05-14,苏械注准20252212402; 医学影像处理软件是专为辅助耳科医生进行中内耳手术提供图像处理功能。产品通过打开符合 DICOM3.0 格式的 CT 图像；在二维视图窗口利用图像分割技术选择需要设计的区域；上下滑动二维视窗的滑块以调整合适的图层来显示需要绘制的解剖结构；在解剖结构上设置标记点，软件根据已设置的标记点，自动增长生成需要的解剖结构，同时进行三维重建，并在软件的三维视窗中显示已绘制的解剖结构。,0.88,company_product_public,strong_official_product,round1,no
日本尼德克株式会社,影像存档软件,China,CN,,A,samd,nmpa_udi_detail,0498766910164320260403013305251,https://udi.nmpa.gov.cn/showDetailCX.html?deviceRecordKey=0498766910164320260403013305251,2026-05-14,"国械注进20213160291,国械注进20182162019,国械注进20172166681,国械注进20172162324,国械注进20172162256; NAVIS-EX 影像存档软件是一款能从以下NIDEK 眼底摄影设备中获取数据，并对其存档供轻易传输至外部系统中的软件。",0.88,company_product_public,strong_official_product,round1,no
深圳市资福医疗技术有限公司,图像分析软件,China,CN,深圳,A,samd,nmpa_udi_detail,0697169084049520260414040017392,https://udi.nmpa.gov.cn/showDetailCX.html?deviceRecordKey=0697169084049520260414040017392,2026-05-14,国械注准20263060447; 图像分析软件，发布版本：V1,0.88,company_product_public,strong_official_product,round1,no
上海联影智能科技股份有限公司,肺结节CT图像辅助诊断软件,China,CN,上海,A,samd; health_management_platform; clinical_workflow; patient_engagement,nmpa_udi_detail,0697419760073920260413112825851,https://udi.nmpa.gov.cn/showDetailCX.html?deviceRecordKey=0697419760073920260413112825851,2026-05-14,国械注准20263210668; 由软件安装程序和授权文件组成，功能模块包含浏览器端和服务器端，其中浏览器端包含表示层，包括登录管理、肺结节CT图像辅助诊断、患者管理和服务模块。服务端包含业务层、数据访问和存储层。业务层包含算法服务（基于深度学习）、图像归档/打印服务和数据同步服务。数据访问和存储层包含数据库和文件服务。,0.88,company_product_public,strong_official_product,round1,no
美敦力导航股份有限公司,移动式O形臂X射线机,China,CN,,A,samd,nmpa_udi_detail,d224c319c6044a5a8d3eb3ec41dee51a,https://udi.nmpa.gov.cn/showDetailCX.html?deviceRecordKey=d224c319c6044a5a8d3eb3ec41dee51a,2026-05-14,国械注进20183060139; O2 部件号:软件发布版本4.3 软件发布版本 附带软件版本 4.3,0.88,company_product_public,strong_official_product,round1,no
美敦力导航股份有限公司,移动式O形臂X射线机,China,CN,,A,samd,nmpa_udi_detail,958548c565ea4318808e2b899bb1fca7,https://udi.nmpa.gov.cn/showDetailCX.html?deviceRecordKey=958548c565ea4318808e2b899bb1fca7,2026-05-14,国械注进20183060139; O2 （软件发布版本4.2） 移动式O形臂X射线机 附带软件版本 4.2,0.88,company_product_public,strong_official_product,round1,no
安徽爱视睿医疗科技有限公司,移动式C形臂X射线机,China,CN,,A,clinical_workflow,nmpa_udi_detail,0697892077001020260513021547627,https://udi.nmpa.gov.cn/showDetailCX.html?deviceRecordKey=0697892077001020260513021547627,2026-05-14,皖械注准20262060065; 由X射线发生装置(包括高压发生器、X射线管组件、限束器)、X射线影像系统(包括滤线栅、结构及组成平板探测器、图像采集处理工作站、显示器、打印机(选配))、移动式C形臂支架(包括C形臂机架、可视化操作面板)和控制装置(遥控器、脚踏开关、无线脚踏开关(选配))组成，适用范围用于外科手术透视及摄影，获得影像供临床诊断用,0.88,company_product_public,strong_official_product,round1,no
安徽爱视睿医疗科技有限公司,移动式C形臂X射线机,China,CN,,A,clinical_workflow,nmpa_udi_detail,0697892077002720260513024353248,https://udi.nmpa.gov.cn/showDetailCX.html?deviceRecordKey=0697892077002720260513024353248,2026-05-14,皖械注准20262060065; 由X射线发生装置(包括高压发生器、X射线管组件、限束器)、X射线影像系统(包括滤线栅、结构及组成平板探测器、图像采集处理工作站、显示器、打印机(选配))、移动式C形臂支架(包括C形臂机架、可视化操作面板)和控制装置(遥控器、脚踏开关、无线脚踏开关(选配))组成，适用范围用于外科手术透视及摄影，获得影像供临床诊断用,0.88,company_product_public,strong_official_product,round1,no
安徽爱视睿医疗科技有限公司,移动式C形臂X射线机,China,CN,,A,clinical_workflow,nmpa_udi_detail,0697892077003420260513024927349,https://udi.nmpa.gov.cn/showDetailCX.html?deviceRecordKey=0697892077003420260513024927349,2026-05-14,皖械注准20262060065; 由X射线发生装置(包括高压发生器、X射线管组件、限束器)、X射线影像系统(包括滤线栅、结构及组成平板探测器、图像采集处理工作站、显示器、打印机(选配))、移动式C形臂支架(包括C形臂机架、可视化操作面板)和控制装置(遥控器、脚踏开关、无线脚踏开关(选配))组成，适用范围用于外科手术透视及摄影，获得影像供临床诊断用,0.88,company_product_public,strong_official_product,round1,no
安徽爱视睿医疗科技有限公司,移动式C形臂X射线机,China,CN,,A,clinical_workflow,nmpa_udi_detail,0697892077004120260513025153630,https://udi.nmpa.gov.cn/showDetailCX.html?deviceRecordKey=0697892077004120260513025153630,2026-05-14,"皖械注准20262060065; 由X射线发生装置(包括高压发生器、X射线管组件、限束器)、X射线影像系统(包括滤线栅、结构及组成平板探测器、图像采集处理工作站、显示器、打印机(选配))、移动式C形臂支架(包括C形臂机架、可视化操作面板)和控制装置(遥控器、脚踏开关、无线脚踏开关(选配))组成,适用范围用于外科手术透视及摄影，获得影像供临床诊断用",0.88,company_product_public,strong_official_product,round1,no
艾科托迈德有限公司 AKTORmed GmbH,腹腔内窥镜夹持及移动控制装置,China,CN,,A,,nmpa_udi_detail,372e067a0d814590bc697daa059f7d30,https://udi.nmpa.gov.cn/showDetailCX.html?deviceRecordKey=372e067a0d814590bc697daa059f7d30,2026-05-14,国械注进20262010045; 本产品由机械臂组件、夹持组件（包含重复使用夹持组件和一次性使用夹持组件）、操纵杆组件和遥控器组件、台车组成。,0.88,company_product_public,strong_official_product,round1,no
艾科托迈德有限公司 AKTORmed GmbH,腹腔内窥镜夹持及移动控制装置,China,CN,,A,,nmpa_udi_detail,9eb0a0a45574458db5e35749f19185c4,https://udi.nmpa.gov.cn/showDetailCX.html?deviceRecordKey=9eb0a0a45574458db5e35749f19185c4,2026-05-14,国械注进20262010045; 本产品由机械臂组件、夹持组件（包含重复使用夹持组件和一次性使用夹持组件）、操纵杆组件和遥控器组件、台车组成。,0.88,company_product_public,strong_official_product,round1,no
艾科托迈德有限公司 AKTORmed GmbH,腹腔内窥镜夹持及移动控制装置,China,CN,,A,,nmpa_udi_detail,58195411190f4100959ce3dbe3194d59,https://udi.nmpa.gov.cn/showDetailCX.html?deviceRecordKey=58195411190f4100959ce3dbe3194d59,2026-05-14,国械注进20262010045; 本产品由机械臂组件、夹持组件（包含重复使用夹持组件和一次性使用夹持组件）、操纵杆组件和遥控器组件、台车组成。,0.88,company_product_public,strong_official_product,round1,no
艾科托迈德有限公司 AKTORmed GmbH,腹腔内窥镜夹持及移动控制装置,China,CN,,A,,nmpa_udi_detail,2afc9c7825e7426e9e031a4472b6ece8,https://udi.nmpa.gov.cn/showDetailCX.html?deviceRecordKey=2afc9c7825e7426e9e031a4472b6ece8,2026-05-14,国械注进20262010045; 本产品由机械臂组件、夹持组件(包含重复使用夹持组件和一次性使用夹持组件)、操纵杆组件和遥控器组件、台车组成。,0.88,company_product_public,strong_official_product,round1,no
艾科托迈德有限公司 AKTORmed GmbH,腹腔内窥镜夹持及移动控制装置,China,CN,,A,,nmpa_udi_detail,d4317192280443acb23c4efc985f2fc0,https://udi.nmpa.gov.cn/showDetailCX.html?deviceRecordKey=d4317192280443acb23c4efc985f2fc0,2026-05-14,国械注进20262010045; 本产品由机械臂组件、夹持组件(包含重复使用夹持组件和一次性使用夹持组件)、操纵杆组件和遥控器组件、台车组成。,0.88,company_product_public,strong_official_product,round1,no
艾科托迈德有限公司 AKTORmed GmbH,腹腔内窥镜夹持及移动控制装置,China,CN,,A,,nmpa_udi_detail,3acbf680445a440183faa80956f065c7,https://udi.nmpa.gov.cn/showDetailCX.html?deviceRecordKey=3acbf680445a440183faa80956f065c7,2026-05-14,国械注进20262010045; 本产品由机械臂组件、夹持组件(包含重复使用夹持组件和一次性使用夹持组件)、操纵杆组件和遥控器组件、台车组成。,0.88,company_product_public,strong_official_product,round1,no
苏州歌锐医疗科技有限公司,移动式C形臂X射线机,China,CN,,A,,nmpa_udi_detail,0697549601006920260429074128451,https://udi.nmpa.gov.cn/showDetailCX.html?deviceRecordKey=0697549601006920260429074128451,2026-05-14,国械注准20263060243; 移动式C形臂X射线机，用于在外科手术时提供X射线透视、摄影、血管减影和体层图像。,0.88,company_product_public,strong_official_product,round1,no
苏州歌锐医疗科技有限公司,移动式C形臂X射线机,China,CN,,A,,nmpa_udi_detail,0697549601005220260429075046422,https://udi.nmpa.gov.cn/showDetailCX.html?deviceRecordKey=0697549601005220260429075046422,2026-05-14,国械注准20263060243; 用于在外科手术时提供X射线透视、摄影、血管减影和体层图像,0.88,company_product_public,strong_official_product,round1,no
苏州歌锐医疗科技有限公司,移动式C形臂X射线机,China,CN,,A,,nmpa_udi_detail,0697549601007620260429075518592,https://udi.nmpa.gov.cn/showDetailCX.html?deviceRecordKey=0697549601007620260429075518592,2026-05-14,国械注准20263060243; 移动式C形臂X射线机，用于在外科手术时提供X射线透视、摄影、血管减影和体层图像。,0.88,company_product_public,strong_official_product,round1,no
艾科托迈德有限公司 AKTORmed GmbH,腹腔内窥镜夹持及移动控制装置,China,CN,,A,,nmpa_udi_detail,036dddb744e34291baa64b5cf4d07633,https://udi.nmpa.gov.cn/showDetailCX.html?deviceRecordKey=036dddb744e34291baa64b5cf4d07633,2026-05-14,国械注进20262010045; 本产品由机械臂组件、夹持组件（包含重复使用夹持组件和一次性使用夹持组件）、操纵杆组件和遥控器组件、台车组成。,0.88,company_product_public,strong_official_product,round1,no
艾科托迈德有限公司 AKTORmed GmbH,腹腔内窥镜夹持及移动控制装置,China,CN,,A,,nmpa_udi_detail,9b9b3048d1e746e3b82d2e8697804a09,https://udi.nmpa.gov.cn/showDetailCX.html?deviceRecordKey=9b9b3048d1e746e3b82d2e8697804a09,2026-05-14,国械注进20262010045; 本产品由机械臂组件、夹持组件(包含重复使用夹持组件和一次性使用夹持组件)、操纵杆组件和遥控器组件、台车组成。,0.88,company_product_public,strong_official_product,round1,no
深圳市资福医疗技术有限公司,移动式姿态控制器,China,CN,深圳,A,,nmpa_udi_detail,0697169084037220260414033247708,https://udi.nmpa.gov.cn/showDetailCX.html?deviceRecordKey=0697169084037220260414033247708,2026-05-14,国械注准20263060447; 底盘≤φ1100mm、高≤1500mm，臂展≥700mm；蓝色,0.88,company_product_public,strong_official_product,round1,no
深圳市资福医疗技术有限公司,移动式姿态控制器,China,CN,深圳,A,,nmpa_udi_detail,0697169084036520260410053044422,https://udi.nmpa.gov.cn/showDetailCX.html?deviceRecordKey=0697169084036520260410053044422,2026-05-14,国械注准20263060447; 底盘≤φ1100mm、高≤1500mm，臂展≥700mm；白色,0.88,company_product_public,strong_official_product,round1,no
深圳市宝润科技有限公司,移动式C形臂X射线机,China,CN,深圳,A,samd,nmpa_udi_detail,0697442622248020260318030714128,https://udi.nmpa.gov.cn/showDetailCX.html?deviceRecordKey=0697442622248020260318030714128,2026-05-14,粤械注准20262060267; 产品主要由X射线发生装置（组合机头）（BWG-25-2AS-PR-D）、限束器（BRC-11或BRC-12，选配）、平板探测器（BRF 2121B-3或BRF 3040B-3或BRF 2121C-5或BRF 3030C-3）、图像处理软件（DMOC(V02)，选配）、移动C形臂机架（MC-02）、移动工作站小车（MWC-02）、滤线栅（BWG-006或BWG-007或BWG-008，选配）、图像采集工作站（BWS-350）组成。,0.88,company_product_public,strong_official_product,round1,no
深圳市宝润科技有限公司,移动式C形臂X射线机,China,CN,深圳,A,samd,nmpa_udi_detail,0697442622249720260318030935367,https://udi.nmpa.gov.cn/showDetailCX.html?deviceRecordKey=0697442622249720260318030935367,2026-05-14,粤械注准20262060267; 产品主要由X射线发生装置（组合机头）（BWG-25-2AS-PR-D）、限束器（BRC-11或BRC-12，选配）、平板探测器（BRF 2121B-3或BRF 3040B-3或BRF 2121C-5或BRF 3030C-3）、图像处理软件（DMOC(V02)，选配）、移动C形臂机架（MC-02）、移动工作站小车（MWC-02）、滤线栅（BWG-006或BWG-007或BWG-008，选配）、图像采集工作站（BWS-350）组成。,0.88,company_product_public,strong_official_product,round1,no
深圳市宝润科技有限公司,移动式C形臂X射线机,China,CN,深圳,A,samd,nmpa_udi_detail,0697442622250320260318031054926,https://udi.nmpa.gov.cn/showDetailCX.html?deviceRecordKey=0697442622250320260318031054926,2026-05-14,粤械注准20262060267; 产品主要由X射线发生装置（组合机头）（BWG-25-2AS-PR-D）、限束器（BRC-11或BRC-12，选配）、平板探测器（BRF 2121B-3或BRF 3040B-3或BRF 2121C-5或BRF 3030C-3）、图像处理软件（DMOC(V02)，选配）、移动C形臂机架（MC-02）、移动工作站小车（MWC-02）、滤线栅（BWG-006或BWG-007或BWG-008，选配）、图像采集工作站（BWS-350）组成。,0.88,company_product_public,strong_official_product,round1,no
深圳市宝润科技有限公司,移动式C形臂X射线机,China,CN,深圳,A,samd,nmpa_udi_detail,0697442622251020260318033301868,https://udi.nmpa.gov.cn/showDetailCX.html?deviceRecordKey=0697442622251020260318033301868,2026-05-14,粤械注准20262060267; 产品主要由X射线发生装置（组合机头）（BWG-25-2AS-PR-D）、限束器（BRC-11或BRC-12，选配）、平板探测器（BRF 2121B-3或BRF 3040B-3或BRF 2121C-5或BRF 3030C-3）、图像处理软件（DMOC(V02)，选配）、移动C形臂机架（MC-02）、移动工作站小车（MWC-02）、滤线栅（BWG-006或BWG-007或BWG-008，选配）、图像采集工作站（BWS-350）组成。,0.88,company_product_public,strong_official_product,round1,no
深圳市宝润科技有限公司,移动式C形臂X射线机,China,CN,深圳,A,samd,nmpa_udi_detail,0697442622252720260318033748815,https://udi.nmpa.gov.cn/showDetailCX.html?deviceRecordKey=0697442622252720260318033748815,2026-05-14,粤械注准20262060267; 产品主要由X射线发生装置（组合机头）（BWG-25-2AS-PR-D）、限束器（BRC-11或BRC-12，选配）、平板探测器（BRF 2121B-3或BRF 3040B-3或BRF 2121C-5或BRF 3030C-3）、图像处理软件（DMOC(V02)，选配）、移动C形臂机架（MC-02）、移动工作站小车（MWC-02）、滤线栅（BWG-006或BWG-007或BWG-008，选配）、图像采集工作站（BWS-350）组成。,0.88,company_product_public,strong_official_product,round1,no
深圳市宝润科技有限公司,移动式C形臂X射线机,China,CN,深圳,A,samd,nmpa_udi_detail,0697442622253420260318033853109,https://udi.nmpa.gov.cn/showDetailCX.html?deviceRecordKey=0697442622253420260318033853109,2026-05-14,粤械注准20262060267; 产品主要由X射线发生装置（组合机头）（BWG-25-2AS-PR-D）、限束器（BRC-11或BRC-12，选配）、平板探测器（BRF 2121B-3或BRF 3040B-3或BRF 2121C-5或BRF 3030C-3）、图像处理软件（DMOC(V02)，选配）、移动C形臂机架（MC-02）、移动工作站小车（MWC-02）、滤线栅（BWG-006或BWG-007或BWG-008，选配）、图像采集工作站（BWS-350）组成。,0.88,company_product_public,strong_official_product,round1,no
深圳市宝润科技有限公司,移动式C形臂X射线机,China,CN,深圳,A,samd,nmpa_udi_detail,0697442622254120260318033934881,https://udi.nmpa.gov.cn/showDetailCX.html?deviceRecordKey=0697442622254120260318033934881,2026-05-14,粤械注准20262060267; 产品主要由X射线发生装置（组合机头）（BWG-25-2AS-PR-D）、限束器（BRC-11或BRC-12，选配）、平板探测器（BRF 2121B-3或BRF 3040B-3或BRF 2121C-5或BRF 3030C-3）、图像处理软件（DMOC(V02)，选配）、移动C形臂机架（MC-02）、移动工作站小车（MWC-02）、滤线栅（BWG-006或BWG-007或BWG-008，选配）、图像采集工作站（BWS-350）组成。,0.88,company_product_public,strong_official_product,round1,no
深圳市宝润科技有限公司,移动式C形臂X射线机,China,CN,深圳,A,samd,nmpa_udi_detail,0697442622255820260318034017046,https://udi.nmpa.gov.cn/showDetailCX.html?deviceRecordKey=0697442622255820260318034017046,2026-05-14,粤械注准20262060267; 产品主要由X射线发生装置（组合机头）（BWG-25-2AS-PR-D）、限束器（BRC-11或BRC-12，选配）、平板探测器（BRF 2121B-3或BRF 3040B-3或BRF 2121C-5或BRF 3030C-3）、图像处理软件（DMOC(V02)，选配）、移动C形臂机架（MC-02）、移动工作站小车（MWC-02）、滤线栅（BWG-006或BWG-007或BWG-008，选配）、图像采集工作站（BWS-350）组成。,0.88,company_product_public,strong_official_product,round1,no
上海卓昕医疗科技有限公司,移动式C形臂X射线机,China,CN,上海,A,,nmpa_udi_detail,0697526051015320260310102355590,https://udi.nmpa.gov.cn/showDetailCX.html?deviceRecordKey=0697526051015320260310102355590,2026-05-14,国械注准20263060212; 该产品临床适用于在外科手术时提供成人X射线透视、摄影和体层图像。,0.88,company_product_public,strong_official_product,round1,no
上海卓昕医疗科技有限公司,移动式C形臂X射线机,China,CN,上海,A,,nmpa_udi_detail,0697526051016020260310102633864,https://udi.nmpa.gov.cn/showDetailCX.html?deviceRecordKey=0697526051016020260310102633864,2026-05-14,国械注准20263060212; 该产品临床适用于在外科手术时提供成人X射线透视、摄影和体层图像。,0.88,company_product_public,strong_official_product,round1,no
上海卓昕医疗科技有限公司,移动式C形臂X射线机,China,CN,上海,A,,nmpa_udi_detail,0697526051005420250714040147634,https://udi.nmpa.gov.cn/showDetailCX.html?deviceRecordKey=0697526051005420250714040147634,2026-05-14,国械注准20243062360; 产品临床适用于在外科手术时提供X射线透视、摄影及体层图像。,0.88,company_product_public,strong_official_product,round1,no
苏州一目万相科技有限公司,移动式C形臂X射线机,China,CN,,A,,nmpa_udi_detail,0697633057002220260305085826347,https://udi.nmpa.gov.cn/showDetailCX.html?deviceRecordKey=0697633057002220260305085826347,2026-05-14,国械注准20243062126; 由移动式C形臂机架、X射线发生装置、平板探测器、监视器、限束器以及选配件组成。,0.88,company_product_public,strong_official_product,round1,no
苏州一目万相科技有限公司,移动式C形臂X射线机,China,CN,,A,,nmpa_udi_detail,0697633057003920260305085934779,https://udi.nmpa.gov.cn/showDetailCX.html?deviceRecordKey=0697633057003920260305085934779,2026-05-14,国械注准20243062126; 由移动式C形臂机架、X射线发生装置、平板探测器、监视器、限束器以及选配件组成。,0.88,company_product_public,strong_official_product,round1,no
安健科技（重庆）有限公司,移动式数字化医用X射线摄影系统,China,CN,,A,clinical_workflow,nmpa_udi_detail,957b2adce4cc4ca29f70ba4d4ff07b57,https://udi.nmpa.gov.cn/showDetailCX.html?deviceRecordKey=957b2adce4cc4ca29f70ba4d4ff07b57,2026-05-14,渝械注准20192060148; 用于对患者的常规摄影，获得单幅影像供临床诊断用。,0.88,company_product_public,strong_official_product,round1,no
深圳迈瑞生物医疗电子股份有限公司,移动式X射线机,China,CN,深圳,A,,nmpa_udi_detail,069030530816962026011502474526,https://udi.nmpa.gov.cn/showDetailCX.html?deviceRecordKey=069030530816962026011502474526,2026-05-14,粤械注准20152061096; 移动式X射线机,0.88,company_product_public,strong_official_product,round1,no
深圳迈瑞生物医疗电子股份有限公司,移动式X射线机,China,CN,深圳,A,,nmpa_udi_detail,069030530119832026011502474527,https://udi.nmpa.gov.cn/showDetailCX.html?deviceRecordKey=069030530119832026011502474527,2026-05-14,粤械注准20152061096; 移动式X射线机,0.88,company_product_public,strong_official_product,round1,no
深圳迈瑞生物医疗电子股份有限公司,移动式X射线机,China,CN,深圳,A,,nmpa_udi_detail,069030530817192026011502474528,https://udi.nmpa.gov.cn/showDetailCX.html?deviceRecordKey=069030530817192026011502474528,2026-05-14,粤械注准20152061096; 移动式X射线机,0.88,company_product_public,strong_official_product,round1,no
深圳迈瑞生物医疗电子股份有限公司,移动式X射线机,China,CN,深圳,A,,nmpa_udi_detail,069030530817022026011502474529,https://udi.nmpa.gov.cn/showDetailCX.html?deviceRecordKey=069030530817022026011502474529,2026-05-14,粤械注准20152061096; 移动式X射线机,0.88,company_product_public,strong_official_product,round1,no
深圳迈瑞生物医疗电子股份有限公司,移动式X射线机,China,CN,深圳,A,,nmpa_udi_detail,069030530816892026011502474530,https://udi.nmpa.gov.cn/showDetailCX.html?deviceRecordKey=069030530816892026011502474530,2026-05-14,粤械注准20152061096; 移动式X射线机,0.88,company_product_public,strong_official_product,round1,no
深圳迈瑞生物医疗电子股份有限公司,移动式X射线机,China,CN,深圳,A,,nmpa_udi_detail,069030530817332026011502474531,https://udi.nmpa.gov.cn/showDetailCX.html?deviceRecordKey=069030530817332026011502474531,2026-05-14,粤械注准20152061096; 移动式X射线机,0.88,company_product_public,strong_official_product,round1,no
深圳迈瑞生物医疗电子股份有限公司,移动式X射线机,China,CN,深圳,A,,nmpa_udi_detail,069030530119452026011502474532,https://udi.nmpa.gov.cn/showDetailCX.html?deviceRecordKey=069030530119452026011502474532,2026-05-14,粤械注准20152061096; 移动式X射线机,0.88,company_product_public,strong_official_product,round1,no
深圳迈瑞生物医疗电子股份有限公司,移动式X射线机,China,CN,深圳,A,,nmpa_udi_detail,069030530817262026011502474533,https://udi.nmpa.gov.cn/showDetailCX.html?deviceRecordKey=069030530817262026011502474533,2026-05-14,粤械注准20152061096; 移动式X射线机,0.88,company_product_public,strong_official_product,round1,no
深圳迈瑞生物医疗电子股份有限公司,移动式X射线机,China,CN,深圳,A,,nmpa_udi_detail,069030530119692026011502474534,https://udi.nmpa.gov.cn/showDetailCX.html?deviceRecordKey=069030530119692026011502474534,2026-05-14,粤械注准20152061096; 移动式X射线机,0.88,company_product_public,strong_official_product,round1,no
深圳迈瑞生物医疗电子股份有限公司,移动式X射线机,China,CN,深圳,A,,nmpa_udi_detail,069030530120032026011502474535,https://udi.nmpa.gov.cn/showDetailCX.html?deviceRecordKey=069030530120032026011502474535,2026-05-14,粤械注准20152061096; 移动式X射线机,0.88,company_product_public,strong_official_product,round1,no
深圳迈瑞生物医疗电子股份有限公司,移动式X射线机,China,CN,深圳,A,,nmpa_udi_detail,069030530816722026011502474536,https://udi.nmpa.gov.cn/showDetailCX.html?deviceRecordKey=069030530816722026011502474536,2026-05-14,粤械注准20152061096; 移动式X射线机,0.88,company_product_public,strong_official_product,round1,no
深圳迈瑞生物医疗电子股份有限公司,移动式X射线机,China,CN,深圳,A,,nmpa_udi_detail,069030530119902026011502474537,https://udi.nmpa.gov.cn/showDetailCX.html?deviceRecordKey=069030530119902026011502474537,2026-05-14,粤械注准20152061096; 移动式X射线机,0.88,company_product_public,strong_official_product,round1,no
深圳迈瑞生物医疗电子股份有限公司,移动式X射线机,China,CN,深圳,A,,nmpa_udi_detail,069030530119762026011502474538,https://udi.nmpa.gov.cn/showDetailCX.html?deviceRecordKey=069030530119762026011502474538,2026-05-14,粤械注准20152061096; 移动式X射线机,0.88,company_product_public,strong_official_product,round1,no
深圳迈瑞生物医疗电子股份有限公司,移动式X射线机,China,CN,深圳,A,,nmpa_udi_detail,069030530119522026011502474539,https://udi.nmpa.gov.cn/showDetailCX.html?deviceRecordKey=069030530119522026011502474539,2026-05-14,粤械注准20152061096; 移动式X射线机,0.88,company_product_public,strong_official_product,round1,no
深圳迈瑞生物医疗电子股份有限公司,移动式X射线机,China,CN,深圳,A,,nmpa_udi_detail,069030530119382026011502474540,https://udi.nmpa.gov.cn/showDetailCX.html?deviceRecordKey=069030530119382026011502474540,2026-05-14,粤械注准20152061096; 移动式X射线机,0.88,company_product_public,strong_official_product,round1,no
深圳迈瑞生物医疗电子股份有限公司,移动式X射线机,China,CN,深圳,A,,nmpa_udi_detail,069030530817402026011502474541,https://udi.nmpa.gov.cn/showDetailCX.html?deviceRecordKey=069030530817402026011502474541,2026-05-14,粤械注准20152061096; 移动式X射线机,0.88,company_product_public,strong_official_product,round1,no
南京普爱医疗设备股份有限公司,高频移动式手术X射线机,China,CN,,A,clinical_workflow,nmpa_udi_detail,0697387682150220260119103155945,https://udi.nmpa.gov.cn/showDetailCX.html?deviceRecordKey=0697387682150220260119103155945,2026-05-14,苏械注准20172061756; 产品由 X射线源组件（组合式）、医用诊断 X 射线影像增强器、C 形臂及可移动机架、图像处理工作站或图像处理系统组成。,0.88,company_product_public,strong_official_product,round1,no
北京至真互联网技术有限公司,糖尿病视网膜病变眼底图像辅助诊断软件,China,CN,北京,A,samd; chronic_disease_management; clinical_workflow,nmpa_udi_detail,0697508757001920221110021746316,https://udi.nmpa.gov.cn/showDetailCX.html?deviceRecordKey=0697508757001920221110021746316,2026-05-14,国械注准20223211102; 本产品在医疗机构使用，对成年糖尿病患者的双眼免散瞳眼底图像（经自动图像质量判定合格）进行分析，为执业医师提供是否发现中度非增殖性（含）以上糖尿病视网膜病变，以及进一步就医检查的辅助诊断建议，不能仅凭本产品结果进行临床决策。眼底图像应由指定型号的眼底照相机拍摄，并经培训合格的执业医师对图像质量进行评价认可。,0.88,company_product_public,strong_official_product,round1,no
深圳市埃微医疗信息技术有限公司,远程动态心电记录仪-穿戴式心电传感器,China,CN,深圳,A,remote_patient_monitoring,nmpa_udi_detail,0697996622005720260407052252779,https://udi.nmpa.gov.cn/showDetailCX.html?deviceRecordKey=0697996622005720260407052252779,2026-05-14,粤械注准20262070254; 穿戴式心电传感器,0.88,company_product_public,strong_official_product,round1,no
深圳市埃微医疗信息技术有限公司,远程动态心电记录仪-穿戴式心电传感器,China,CN,深圳,A,remote_patient_monitoring,nmpa_udi_detail,0697996622004020260407051922060,https://udi.nmpa.gov.cn/showDetailCX.html?deviceRecordKey=0697996622004020260407051922060,2026-05-14,粤械注准20262070254; 穿戴式心电传感器,0.88,company_product_public,strong_official_product,round1,no
深圳市埃微医疗信息技术有限公司,远程动态心电记录仪,China,CN,深圳,A,samd; remote_patient_monitoring,nmpa_udi_detail,0697996622003320260407051218149,https://udi.nmpa.gov.cn/showDetailCX.html?deviceRecordKey=0697996622003320260407051218149,2026-05-14,粤械注准20262070254; 由主机、穿戴式心电传感器、导联线、充电线和移动端软件组成。,0.88,company_product_public,strong_official_product,round1,no
深圳市埃微医疗信息技术有限公司,远程动态心电记录仪,China,CN,深圳,A,samd; remote_patient_monitoring,nmpa_udi_detail,0697996622002620260407050911285,https://udi.nmpa.gov.cn/showDetailCX.html?deviceRecordKey=0697996622002620260407050911285,2026-05-14,粤械注准20262070254; 由主机、穿戴式心电传感器、导联线、充电线和移动端软件组成。,0.88,company_product_public,strong_official_product,round1,no
深圳市埃微医疗信息技术有限公司,远程动态心电记录仪,China,CN,深圳,A,samd; remote_patient_monitoring,nmpa_udi_detail,0697996622001920260407050539667,https://udi.nmpa.gov.cn/showDetailCX.html?deviceRecordKey=0697996622001920260407050539667,2026-05-14,粤械注准20262070254; 由主机、穿戴式心电传感器、导联线、充电线和移动端软件组成。,0.88,company_product_public,strong_official_product,round1,no
深圳市埃微医疗信息技术有限公司,远程动态心电记录仪,China,CN,深圳,A,remote_patient_monitoring; clinical_workflow,nmpa_udi_detail,0697996622000220260407050204997,https://udi.nmpa.gov.cn/showDetailCX.html?deviceRecordKey=0697996622000220260407050204997,2026-05-14,粤械注准20262070254; 供人体24小时或72小时动态心电监测用，不包括自动分析诊断功能。,0.88,company_product_public,strong_official_product,round1,no
维斯安（北京）医疗器械有限公司,远程扩展器,China,CN,北京,A,remote_patient_monitoring,nmpa_udi_detail,3adb79ab002c4672af6070c9f3c1cf7b,https://udi.nmpa.gov.cn/showDetailCX.html?deviceRecordKey=3adb79ab002c4672af6070c9f3c1cf7b,2026-05-14,国械注准20253050348; 远程扩展器usb信号扩展,0.88,company_product_public,strong_official_product,round1,no
上海远心医疗科技有限公司,远程遥测心电分析软件,China,CN,上海,A,samd; remote_patient_monitoring,nmpa_udi_detail,0697830410015020251126054846763,https://udi.nmpa.gov.cn/showDetailCX.html?deviceRecordKey=0697830410015020251126054846763,2026-05-14,沪械注准20232210173; 远程遥测心电分析软件,0.88,company_product_public,strong_official_product,round1,no
辽宁迪浩生物科技有限公司,远程医疗系统,China,CN,,A,remote_patient_monitoring,nmpa_udi_detail,a66841e0-6ec2-410b-aeec-aa0aea963e57,https://udi.nmpa.gov.cn/showDetailCX.html?deviceRecordKey=a66841e0-6ec2-410b-aeec-aa0aea963e57,2026-05-14,辽械注准20202210373; 远程会诊,0.88,company_product_public,strong_official_product,round1,no
景昱医疗科技（苏州）股份有限公司,远程程控问诊软件,China,CN,,A,samd; remote_patient_monitoring; online_consultation; clinical_workflow,nmpa_udi_detail,0697037781066020250718070235628,https://udi.nmpa.gov.cn/showDetailCX.html?deviceRecordKey=0697037781066020250718070235628,2026-05-14,苏械注准20252211065; 由U 盘（选配）、随机文件、远程程控问诊医生端、远程程控问诊患者端组成。,0.88,company_product_public,strong_official_product,round1,no
上海微创医疗机器人（集团）股份有限公司,远程通讯工作站,China,CN,上海,A,remote_patient_monitoring,nmpa_udi_detail,0697162154189720250714111901457,https://udi.nmpa.gov.cn/showDetailCX.html?deviceRecordKey=0697162154189720250714111901457,2026-05-14,国械注准20223010108; 远程通讯工作站,0.88,company_product_public,strong_official_product,round1,no
武汉兰丁智能医学股份有限公司,全自动数字远程病理细胞分析仪,China,CN,,A,samd; remote_patient_monitoring; clinical_workflow,nmpa_udi_detail,06975866142710202507090242481,https://udi.nmpa.gov.cn/showDetailCX.html?deviceRecordKey=06975866142710202507090242481,2026-05-14,鄂械注准20122221170; 由硬件和软件（分析软件发布版本 V1.2，报告软件发布版本 V1.0）两部分组成。硬件由光学显微镜、显微电动 XY 平台、工业相机（Ⅰ型包括黑白工业相机一台）、计算机组成。软件由三维自动定位调焦功能模块、图像采集与存储功能模块、图像处理功能模块、图像分析功能模块、诊断报告输出功能及远程会诊功能模块组成。,0.88,company_product_public,strong_official_product,round1,no
武汉兰丁智能医学股份有限公司,全自动数字远程病理细胞分析仪,China,CN,,A,samd; remote_patient_monitoring; clinical_workflow,nmpa_udi_detail,06975866142727202507090242482,https://udi.nmpa.gov.cn/showDetailCX.html?deviceRecordKey=06975866142727202507090242482,2026-05-14,鄂械注准20122221170; 由硬件和软件（分析软件发布版本 V1.2，报告软件发布版本 V1.0）两部分组成。硬件由光学显微镜、显微电动 XY 平台、工业相机（Ⅱ型包括黑白和彩色工业相机各一台）、计算机组成。软件由三维自动定位调焦功能模块、图像采集与存储功能模块、图像处理功能模块、图像分析功能模块、诊断报告输出功能及远程会诊功能模块组成。,0.88,company_product_public,strong_official_product,round1,no
武汉兰丁智能医学股份有限公司,全自动数字远程病理细胞分析仪,China,CN,,A,samd; remote_patient_monitoring; clinical_workflow,nmpa_udi_detail,06975866142819202507090242483,https://udi.nmpa.gov.cn/showDetailCX.html?deviceRecordKey=06975866142819202507090242483,2026-05-14,鄂械注准20122221170; 由硬件和软件（分析软件 Auto20 发布版本 V1.0，报告软件发布版本 V1.0）两部分组成。硬件由光学显微镜、自动平台、工业相机、计算机及计算机外设组成。软件由三维自动定位调焦功能模块、图像采集与存储功能模块、图像处理功能模块、图像分析功能模块、诊断报告输出功能及远程会诊功能模块组成。,0.88,company_product_public,strong_official_product,round1,no
武汉兰丁智能医学股份有限公司,全自动数字远程病理细胞分析仪,China,CN,,A,samd; remote_patient_monitoring; clinical_workflow,nmpa_udi_detail,06975866142826202507090242484,https://udi.nmpa.gov.cn/showDetailCX.html?deviceRecordKey=06975866142826202507090242484,2026-05-14,鄂械注准20122221170; 由硬件和软件（分析软件 Auto20 发布版本 V1.0，报告软件发布版本 V1.0）两部分组成。硬件由光学显微镜、自动平台、工业相机、计算机及计算机外设组成。软件由三维自动定位调焦功能模块、图像采集与存储功能模块、图像处理功能模块、图像分析功能模块、诊断报告输出功能及远程会诊功能模块组成。,0.88,company_product_public,strong_official_product,round1,no
深圳市理邦精密仪器股份有限公司,远程实时动态心电记录仪,China,CN,深圳,A,samd; remote_patient_monitoring; clinical_workflow,nmpa_udi_detail,069444138319332023122702190811,https://udi.nmpa.gov.cn/showDetailCX.html?deviceRecordKey=069444138319332023122702190811,2026-05-14,粤械注准20232072162; 产品注册证结构组成：由记录仪(含主机、嵌入式软件和可充电电池)、USB数据线、心电导联线、中央充电站 (含电源线)、蓝牙接收盒 (只适用于静态心电和运动心电采集)组成。 产品注册证适用范围：与心电工作站、动态心电图工作站、心电网络数据管理软件配套，供医疗机构对受检者进行心电图信息采集、浏览、存储，可用于动态心电检测、心电远程监测、静态心电采集、运动心电试验。本产品不具备分析诊断功能。,0.88,company_product_public,strong_official_product,round1,no
深圳市理邦精密仪器股份有限公司,远程实时动态心电记录仪,China,CN,深圳,A,samd; remote_patient_monitoring; clinical_workflow,nmpa_udi_detail,069444138319402023122702190812,https://udi.nmpa.gov.cn/showDetailCX.html?deviceRecordKey=069444138319402023122702190812,2026-05-14,粤械注准20232072162; 产品注册证结构组成：由记录仪(含主机、嵌入式软件和可充电电池)、USB数据线、心电导联线、中央充电站 (含电源线)、蓝牙接收盒 (只适用于静态心电和运动心电采集)组成。 产品注册证适用范围：与心电工作站、动态心电图工作站、心电网络数据管理软件配套，供医疗机构对受检者进行心电图信息采集、浏览、存储，可用于动态心电检测、心电远程监测、静态心电采集、运动心电试验。本产品不具备分析诊断功能。,0.88,company_product_public,strong_official_product,round1,no
深圳市理邦精密仪器股份有限公司,远程实时动态心电记录仪,China,CN,深圳,A,samd; remote_patient_monitoring; clinical_workflow,nmpa_udi_detail,06944413831834202312270219081,https://udi.nmpa.gov.cn/showDetailCX.html?deviceRecordKey=06944413831834202312270219081,2026-05-14,粤械注准20232072162; 产品注册证结构组成：由记录仪(含主机、嵌入式软件和可充电电池)、USB数据线、心电导联线、中央充电站 (含电源线)、蓝牙接收盒 (只适用于静态心电和运动心电采集)组成。 产品注册证适用范围：与心电工作站、动态心电图工作站、心电网络数据管理软件配套，供医疗机构对受检者进行心电图信息采集、浏览、存储，可用于动态心电检测、心电远程监测、静态心电采集、运动心电试验。本产品不具备分析诊断功能。,0.88,company_product_public,strong_official_product,round1,no
深圳市理邦精密仪器股份有限公司,远程实时动态心电记录仪,China,CN,深圳,A,samd; remote_patient_monitoring; clinical_workflow,nmpa_udi_detail,06944413831841202312270219082,https://udi.nmpa.gov.cn/showDetailCX.html?deviceRecordKey=06944413831841202312270219082,2026-05-14,粤械注准20232072162; 产品注册证结构组成：由记录仪(含主机、嵌入式软件和可充电电池)、USB数据线、心电导联线、中央充电站 (含电源线)、蓝牙接收盒 (只适用于静态心电和运动心电采集)组成。 产品注册证适用范围：与心电工作站、动态心电图工作站、心电网络数据管理软件配套，供医疗机构对受检者进行心电图信息采集、浏览、存储，可用于动态心电检测、心电远程监测、静态心电采集、运动心电试验。本产品不具备分析诊断功能。,0.88,company_product_public,strong_official_product,round1,no
深圳市理邦精密仪器股份有限公司,远程实时动态心电记录仪,China,CN,深圳,A,samd; remote_patient_monitoring; clinical_workflow,nmpa_udi_detail,06944413831858202312270219083,https://udi.nmpa.gov.cn/showDetailCX.html?deviceRecordKey=06944413831858202312270219083,2026-05-14,粤械注准20232072162; 产品注册证结构组成：由记录仪(含主机、嵌入式软件和可充电电池)、USB数据线、心电导联线、中央充电站 (含电源线)、蓝牙接收盒 (只适用于静态心电和运动心电采集)组成。 产品注册证适用范围：与心电工作站、动态心电图工作站、心电网络数据管理软件配套，供医疗机构对受检者进行心电图信息采集、浏览、存储，可用于动态心电检测、心电远程监测、静态心电采集、运动心电试验。本产品不具备分析诊断功能。,0.88,company_product_public,strong_official_product,round1,no
深圳市理邦精密仪器股份有限公司,远程实时动态心电记录仪,China,CN,深圳,A,samd; remote_patient_monitoring; clinical_workflow,nmpa_udi_detail,06944413831865202312270219084,https://udi.nmpa.gov.cn/showDetailCX.html?deviceRecordKey=06944413831865202312270219084,2026-05-14,粤械注准20232072162; 产品注册证结构组成：由记录仪(含主机、嵌入式软件和可充电电池)、USB数据线、心电导联线、中央充电站 (含电源线)、蓝牙接收盒 (只适用于静态心电和运动心电采集)组成。 产品注册证适用范围：与心电工作站、动态心电图工作站、心电网络数据管理软件配套，供医疗机构对受检者进行心电图信息采集、浏览、存储，可用于动态心电检测、心电远程监测、静态心电采集、运动心电试验。本产品不具备分析诊断功能。,0.88,company_product_public,strong_official_product,round1,no
深圳市理邦精密仪器股份有限公司,远程实时动态心电记录仪,China,CN,深圳,A,samd; remote_patient_monitoring; clinical_workflow,nmpa_udi_detail,06944413831872202312270219085,https://udi.nmpa.gov.cn/showDetailCX.html?deviceRecordKey=06944413831872202312270219085,2026-05-14,粤械注准20232072162; 产品注册证结构组成：由记录仪(含主机、嵌入式软件和可充电电池)、USB数据线、心电导联线、中央充电站 (含电源线)、蓝牙接收盒 (只适用于静态心电和运动心电采集)组成。 产品注册证适用范围：与心电工作站、动态心电图工作站、心电网络数据管理软件配套，供医疗机构对受检者进行心电图信息采集、浏览、存储，可用于动态心电检测、心电远程监测、静态心电采集、运动心电试验。本产品不具备分析诊断功能。,0.88,company_product_public,strong_official_product,round1,no
深圳市理邦精密仪器股份有限公司,远程实时动态心电记录仪,China,CN,深圳,A,samd; remote_patient_monitoring; clinical_workflow,nmpa_udi_detail,06944413831889202312270219086,https://udi.nmpa.gov.cn/showDetailCX.html?deviceRecordKey=06944413831889202312270219086,2026-05-14,粤械注准20232072162; 产品注册证结构组成：由记录仪(含主机、嵌入式软件和可充电电池)、USB数据线、心电导联线、中央充电站 (含电源线)、蓝牙接收盒 (只适用于静态心电和运动心电采集)组成。 产品注册证适用范围：与心电工作站、动态心电图工作站、心电网络数据管理软件配套，供医疗机构对受检者进行心电图信息采集、浏览、存储，可用于动态心电检测、心电远程监测、静态心电采集、运动心电试验。本产品不具备分析诊断功能。,0.88,company_product_public,strong_official_product,round1,no
深圳市理邦精密仪器股份有限公司,远程实时动态心电记录仪,China,CN,深圳,A,samd; remote_patient_monitoring; clinical_workflow,nmpa_udi_detail,06944413831896202312270219087,https://udi.nmpa.gov.cn/showDetailCX.html?deviceRecordKey=06944413831896202312270219087,2026-05-14,粤械注准20232072162; 产品注册证结构组成：由记录仪(含主机、嵌入式软件和可充电电池)、USB数据线、心电导联线、中央充电站 (含电源线)、蓝牙接收盒 (只适用于静态心电和运动心电采集)组成。 产品注册证适用范围：与心电工作站、动态心电图工作站、心电网络数据管理软件配套，供医疗机构对受检者进行心电图信息采集、浏览、存储，可用于动态心电检测、心电远程监测、静态心电采集、运动心电试验。本产品不具备分析诊断功能。,0.88,company_product_public,strong_official_product,round1,no
深圳市理邦精密仪器股份有限公司,远程实时动态心电记录仪,China,CN,深圳,A,samd; remote_patient_monitoring; clinical_workflow,nmpa_udi_detail,06944413831902202312270219088,https://udi.nmpa.gov.cn/showDetailCX.html?deviceRecordKey=06944413831902202312270219088,2026-05-14,粤械注准20232072162; 产品注册证结构组成：由记录仪(含主机、嵌入式软件和可充电电池)、USB数据线、心电导联线、中央充电站 (含电源线)、蓝牙接收盒 (只适用于静态心电和运动心电采集)组成。 产品注册证适用范围：与心电工作站、动态心电图工作站、心电网络数据管理软件配套，供医疗机构对受检者进行心电图信息采集、浏览、存储，可用于动态心电检测、心电远程监测、静态心电采集、运动心电试验。本产品不具备分析诊断功能。,0.88,company_product_public,strong_official_product,round1,no
深圳市理邦精密仪器股份有限公司,远程实时动态心电记录仪,China,CN,深圳,A,samd; remote_patient_monitoring; clinical_workflow,nmpa_udi_detail,06944413831919202312270219089,https://udi.nmpa.gov.cn/showDetailCX.html?deviceRecordKey=06944413831919202312270219089,2026-05-14,粤械注准20232072162; 产品注册证结构组成：由记录仪(含主机、嵌入式软件和可充电电池)、USB数据线、心电导联线、中央充电站 (含电源线)、蓝牙接收盒 (只适用于静态心电和运动心电采集)组成。 产品注册证适用范围：与心电工作站、动态心电图工作站、心电网络数据管理软件配套，供医疗机构对受检者进行心电图信息采集、浏览、存储，可用于动态心电检测、心电远程监测、静态心电采集、运动心电试验。本产品不具备分析诊断功能。,0.88,company_product_public,strong_official_product,round1,no
深圳市理邦精密仪器股份有限公司,远程实时动态心电记录仪,China,CN,深圳,A,samd; remote_patient_monitoring; clinical_workflow,nmpa_udi_detail,069444138319262023122702190810,https://udi.nmpa.gov.cn/showDetailCX.html?deviceRecordKey=069444138319262023122702190810,2026-05-14,粤械注准20232072162; 产品注册证结构组成：由记录仪(含主机、嵌入式软件和可充电电池)、USB数据线、心电导联线、中央充电站 (含电源线)、蓝牙接收盒 (只适用于静态心电和运动心电采集)组成。 产品注册证适用范围：与心电工作站、动态心电图工作站、心电网络数据管理软件配套，供医疗机构对受检者进行心电图信息采集、浏览、存储，可用于动态心电检测、心电远程监测、静态心电采集、运动心电试验。本产品不具备分析诊断功能。,0.88,company_product_public,strong_official_product,round1,no
北京新网医讯技术有限公司,远程医学影像传输处理软件,China,CN,北京,A,samd; remote_patient_monitoring,nmpa_udi_detail,06975940490058202301090405080,https://udi.nmpa.gov.cn/showDetailCX.html?deviceRecordKey=06975940490058202301090405080,2026-05-14,京械注准20172700272; 用于医疗机构内部以及医疗机构之间传输、处理患者医学影像信息以及患者医学影像会诊。,0.88,company_product_public,strong_official_product,round1,no
山东正心医疗科技有限公司,远程动态心电记录仪,China,CN,,A,remote_patient_monitoring; clinical_workflow,nmpa_udi_detail,0697246767051220240530041724743,https://udi.nmpa.gov.cn/showDetailCX.html?deviceRecordKey=0697246767051220240530041724743,2026-05-14,鲁械注准20222070798; 该产品是通过穿戴式心电传感器采集人体表面的心电信号，将采集后的数据存入内部存储器之中。本产品带有蓝牙功能，可实现数据的存储和传输，为医护人员的诊断提供参考。,0.88,company_product_public,strong_official_product,round1,no
山东正心医疗科技有限公司,远程动态心电记录仪,China,CN,,A,remote_patient_monitoring; clinical_workflow,nmpa_udi_detail,0697246767050520240530041825702,https://udi.nmpa.gov.cn/showDetailCX.html?deviceRecordKey=0697246767050520240530041825702,2026-05-14,鲁械注准20222070798; 该产品是通过穿戴式心电传感器采集人体表面的心电信号，将采集后的数据存入内部存储器之中。本产品带有蓝牙功能，可实现数据的存储和传输，为医护人员的诊断提供参考。,0.88,company_product_public,strong_official_product,round1,no
山东正心医疗科技有限公司,远程动态心电记录仪,China,CN,,A,remote_patient_monitoring; clinical_workflow,nmpa_udi_detail,0697246767049920240530041941105,https://udi.nmpa.gov.cn/showDetailCX.html?deviceRecordKey=0697246767049920240530041941105,2026-05-14,鲁械注准20222070798; 该产品是通过穿戴式心电传感器采集人体表面的心电信号，将采集后的数据存入内部存储器之中。本产品带有蓝牙功能，可实现数据的存储和传输，为医护人员的诊断提供参考。,0.88,company_product_public,strong_official_product,round1,no
山东正心医疗科技有限公司,远程动态心电记录仪,China,CN,,A,remote_patient_monitoring; clinical_workflow,nmpa_udi_detail,0697246767045120240529014242369,https://udi.nmpa.gov.cn/showDetailCX.html?deviceRecordKey=0697246767045120240529014242369,2026-05-14,鲁械注准20222070797; 该产品是通过穿戴式心电传感器采集人体表面的心电信号，将采集后的数据存入内部存储器之中。本产品带有蓝牙功能，可实现数据的存储和传输，为医护人员的诊断提供参考。,0.88,company_product_public,strong_official_product,round1,no
山东正心医疗科技有限公司,远程动态心电记录仪,China,CN,,A,remote_patient_monitoring; clinical_workflow,nmpa_udi_detail,0697246767010920240529020102272,https://udi.nmpa.gov.cn/showDetailCX.html?deviceRecordKey=0697246767010920240529020102272,2026-05-14,鲁械注准20222070798; 该产品是通过穿戴式心电传感器采集人体表面的心电信号，将采集后的数据存入内部存储器之中。本产品带有蓝牙功能，可实现数据的存储和传输，为医护人员的诊断提供参考。,0.88,company_product_public,strong_official_product,round1,no
山东正心医疗科技有限公司,远程动态心电记录仪,China,CN,,A,remote_patient_monitoring; clinical_workflow,nmpa_udi_detail,0697246767002420240529014739721,https://udi.nmpa.gov.cn/showDetailCX.html?deviceRecordKey=0697246767002420240529014739721,2026-05-14,鲁械注准20222070797; 该产品是通过穿戴式心电传感器采集人体表面的心电信号，将采集后的数据存入内部存储器之中。本产品带有蓝牙功能，可实现数据的存储和传输，为医护人员的诊断提供参考。,0.88,company_product_public,strong_official_product,round1,no
山东正心医疗科技有限公司,远程动态心电记录仪,China,CN,,A,remote_patient_monitoring; clinical_workflow,nmpa_udi_detail,0697246767042020240529014541164,https://udi.nmpa.gov.cn/showDetailCX.html?deviceRecordKey=0697246767042020240529014541164,2026-05-14,鲁械注准20222070797; 该产品是通过穿戴式心电传感器采集人体表面的心电信号，将采集后的数据存入内部存储器之中。本产品带有蓝牙功能，可实现数据的存储和传输，为医护人员的诊断提供参考。,0.88,company_product_public,strong_official_product,round1,no
山东正心医疗科技有限公司,远程动态心电记录仪,China,CN,,A,remote_patient_monitoring; clinical_workflow,nmpa_udi_detail,0697246767043720240529014446854,https://udi.nmpa.gov.cn/showDetailCX.html?deviceRecordKey=0697246767043720240529014446854,2026-05-14,鲁械注准20222070797; 该产品是通过穿戴式心电传感器采集人体表面的心电信号，将采集后的数据存入内部存储器之中。本产品带有蓝牙功能，可实现数据的存储和传输，为医护人员的诊断提供参考。,0.88,company_product_public,strong_official_product,round1,no
山东正心医疗科技有限公司,远程动态心电记录仪,China,CN,,A,remote_patient_monitoring; clinical_workflow,nmpa_udi_detail,0697246767044420240529014353984,https://udi.nmpa.gov.cn/showDetailCX.html?deviceRecordKey=0697246767044420240529014353984,2026-05-14,鲁械注准20222070797; 该产品是通过穿戴式心电传感器采集人体表面的心电信号，将采集后的数据存入内部存储器之中。本产品带有蓝牙功能，可实现数据的存储和传输，为医护人员的诊断提供参考。,0.88,company_product_public,strong_official_product,round1,no
山东正心医疗科技有限公司,远程动态心电记录仪,China,CN,,A,remote_patient_monitoring; clinical_workflow,nmpa_udi_detail,0697246767048220240529012523501,https://udi.nmpa.gov.cn/showDetailCX.html?deviceRecordKey=0697246767048220240529012523501,2026-05-14,鲁械注准20222070797; 该产品是通过穿戴式心电传感器采集人体表面的心电信号，将采集后的数据存入内部存储器之中。本产品带有蓝牙功能，可实现数据的存储和传输，为医护人员的诊断提供参考。,0.88,company_product_public,strong_official_product,round1,no
山东正心医疗科技有限公司,远程动态心电记录仪,China,CN,,A,remote_patient_monitoring; clinical_workflow,nmpa_udi_detail,0697246767047520240529013549963,https://udi.nmpa.gov.cn/showDetailCX.html?deviceRecordKey=0697246767047520240529013549963,2026-05-14,鲁械注准20222070797; 该产品是通过穿戴式心电传感器采集人体表面的心电信号，将采集后的数据存入内部存储器之中。本产品带有蓝牙功能，可实现数据的存储和传输，为医护人员的诊断提供参考。,0.88,company_product_public,strong_official_product,round1,no
山东正心医疗科技有限公司,远程动态心电记录仪,China,CN,,A,remote_patient_monitoring; clinical_workflow,nmpa_udi_detail,0697246767046820240529014117857,https://udi.nmpa.gov.cn/showDetailCX.html?deviceRecordKey=0697246767046820240529014117857,2026-05-14,鲁械注准20222070797; 该产品是通过穿戴式心电传感器采集人体表面的心电信号，将采集后的数据存入内部存储器之中。本产品带有蓝牙功能，可实现数据的存储和传输，为医护人员的诊断提供参考。,0.88,company_product_public,strong_official_product,round1,no
合肥合滨智能机器人有限公司,超声探头夹持及远程控制系统,China,CN,,A,remote_patient_monitoring; clinical_workflow,nmpa_udi_detail,0697545144001620240327110556534,https://udi.nmpa.gov.cn/showDetailCX.html?deviceRecordKey=0697545144001620240327110556534,2026-05-14,国械注准20233061640; 超声探头夹持及远程控制系统（HEBIN-RUS-T7）是一种采用机器人技术实现远程超声诊断的医用电气设备。,0.88,company_product_public,strong_official_product,round1,no
湖南朗开医疗科技有限公司,肺部远程医疗会诊系统,China,CN,,A,remote_patient_monitoring,nmpa_udi_detail,1697725918018420240314040805176,https://udi.nmpa.gov.cn/showDetailCX.html?deviceRecordKey=1697725918018420240314040805176,2026-05-14,湘械注准20212211345; 运用相关传输协议在多台客户端之间传输数据，实现了实时信息交流和资源共享。产品可用于DICOM影像、三维重建结果、虚拟内窥影像的上传下载和信息浏览，并进行远程分享，可用于远程会诊。本产品不具备手术导航功能或自动标记病灶的功能。,0.88,company_product_public,strong_official_product,round1,no
青岛远程科技有限公司,医用防护口罩,China,CN,,A,remote_patient_monitoring,nmpa_udi_detail,0697510300027820231010040328484,https://udi.nmpa.gov.cn/showDetailCX.html?deviceRecordKey=0697510300027820231010040328484,2026-05-14,鲁械注准20212140228; 医用防护口罩由口罩本体、鼻夹、口罩带、卡扣四部分组成。口罩本体分为四层，中间两层为静电棉和聚丙烯熔喷无纺布，外层和内层为聚丙烯纺粘无纺布，鼻夹内置塑料铁丝制成，口罩带为锦纶加氨纶松紧带，卡扣为聚乙烯s扣。产品以非无菌形式提供。,0.88,company_product_public,strong_official_product,round1,no
青岛远程科技有限公司,医用防护口罩,China,CN,,A,remote_patient_monitoring,nmpa_udi_detail,0697510300026120231010040113123,https://udi.nmpa.gov.cn/showDetailCX.html?deviceRecordKey=0697510300026120231010040113123,2026-05-14,鲁械注准20212140228; 医用防护口罩由口罩本体、鼻夹、口罩带、卡扣四部分组成。口罩本体分为四层，中间两层为静电棉和聚丙烯熔喷无纺布，外层和内层为聚丙烯纺粘无纺布，鼻夹内置塑料铁丝制成，口罩带为锦纶加氨纶松紧带，卡扣为聚乙烯s扣。产品以无菌形式提供。,0.88,company_product_public,strong_official_product,round1,no
青岛远程科技有限公司,医用防护口罩,China,CN,,A,remote_patient_monitoring,nmpa_udi_detail,0697510300042120231010034544286,https://udi.nmpa.gov.cn/showDetailCX.html?deviceRecordKey=0697510300042120231010034544286,2026-05-14,鲁械注准20212140228; 医用防护口罩由口罩本体、鼻夹、口罩带三部分组成。口罩本体分为四层，中间两层为静电棉和聚丙烯熔喷无纺布，外层和内层为聚丙烯纺粘无纺布，鼻夹由内置塑料铁丝制成，口罩带为锦纶加氨纶松紧带。产品以无菌形式提供。,0.88,company_product_public,strong_official_product,round1,no
青岛远程科技有限公司,医用防护口罩,China,CN,,A,remote_patient_monitoring,nmpa_udi_detail,0697510300041420231010034407559,https://udi.nmpa.gov.cn/showDetailCX.html?deviceRecordKey=0697510300041420231010034407559,2026-05-14,鲁械注准20212140228; 医用防护口罩由口罩本体、鼻夹、口罩带三部分组成。口罩本体分为四层，中间两层为静电棉和聚丙烯熔喷无纺布，外层和内层为聚丙烯纺粘无纺布，鼻夹由内置塑料铁丝制成，口罩带为锦纶加氨纶松紧带。产品以非无菌形式提供。,0.88,company_product_public,strong_official_product,round1,no
青岛远程科技有限公司,医用防护口罩,China,CN,,A,remote_patient_monitoring,nmpa_udi_detail,0697510300040720231010033936711,https://udi.nmpa.gov.cn/showDetailCX.html?deviceRecordKey=0697510300040720231010033936711,2026-05-14,鲁械注准20212140228; 医用防护口罩由口罩本体、鼻夹、口罩带、卡扣四部分组成。口罩本体分为四层，中间两层为静电棉和聚丙烯熔喷无纺布，外层和内层为聚丙烯纺粘无纺布，鼻夹由外置铝条制成，口罩带为锦纶加氨纶松紧带，卡扣为硅胶调节扣。产品以无菌形式提供。,0.88,company_product_public,strong_official_product,round1,no
腾讯医疗健康（深圳）有限公司,慢性青光眼样视神经病变眼底图像辅助诊断软件,China,CN,深圳,A,samd; clinical_workflow,nmpa_udi_detail,0697541034009820250217120028629,https://udi.nmpa.gov.cn/showDetailCX.html?deviceRecordKey=0697541034009820250217120028629,2026-05-14,国械注准20223211140; 本产品在医疗机构使用。适用于需要进行眼底照相以判断是否具有相关疾病或存在相关疾病风险的成年患者。对单张免散瞳彩色眼底图像(后极部45°左右包含全部视盘和黄斑，并经软件判定图像质量合格)进行分析，为具有眼底检查资质的执业医师提供可疑慢性青光眼样视神经病变的提示和是否需进一步就医检查的辅助诊断建议。不能仅凭本产品结果进行临床决策。彩色眼底图像应由指定型号的眼底照相机拍摄。该产品不适用于高度近视人群。,0.88,company_product_public,strong_official_product,round1,no
深圳市绘云生物科技有限公司,慢性肝病风险计算软件,China,CN,深圳,A,samd; clinical_workflow,nmpa_udi_detail,06975754180022202304110424121,https://udi.nmpa.gov.cn/showDetailCX.html?deviceRecordKey=06975754180022202304110424121,2026-05-14,粤械注准20212211795; 本软件通过分析年龄、天门冬氨酸氨基转移酶、丙氨酸氨基转移酶、血小板计数四个临床指标， 输出肝纤维化和肝硬化的风险概率，供辅助诊断。由专业临床医生结合患者具体病征做出诊断。主要由管理员模块、首页模块、预测模块、批量预测模块、预测记录模块、报告信息模块、下载记录模块组成，软件载体为光盘。软件发布版本号：V1。,0.88,company_product_public,strong_official_product,round1,no
绍兴金箓生物技术有限公司,慢性淋巴细胞白血病染色体及基因异常检测试剂盒（荧光原位杂交法）,China,CN,,A,,nmpa_udi_detail,0697532900221620240626030509298,https://udi.nmpa.gov.cn/showDetailCX.html?deviceRecordKey=0697532900221620240626030509298,2026-05-14,浙绍械备20180113号; 本产品由CCND1/IGH双色探针、RB1/LAMP双色探针、MYB/CEN6双色探针、TP53/CEN17双色探针、ETV6/CEP12双色探针、ATM/CEN11双色探针和染色液组成,0.88,company_product_public,strong_official_product,round1,no
绍兴金箓生物技术有限公司,慢性淋巴细胞白血病染色体及基因异常检测试剂盒（荧光原位杂交法）,China,CN,,A,,nmpa_udi_detail,0697532900220920240626030119368,https://udi.nmpa.gov.cn/showDetailCX.html?deviceRecordKey=0697532900220920240626030119368,2026-05-14,浙绍械备20180113号; 本产品由CCND1/IGH双色探针、RB1/LAMP双色探针、MYB/CEN6双色探针、TP53/CEN17双色探针、ETV6/CEP12双色探针、ATM/CEN11双色探针和染色液,0.88,company_product_public,strong_official_product,round1,no
绍兴金箓生物技术有限公司,慢性淋巴细胞白血病染色体及基因异常检测试剂盒（荧光原位杂交法）,China,CN,,A,,nmpa_udi_detail,0697532900219320240626021306072,https://udi.nmpa.gov.cn/showDetailCX.html?deviceRecordKey=0697532900219320240626021306072,2026-05-14,浙绍械备20180113号; 本产品由CCND1/IGH双色探针、RB1/LAMP双色探针、MYB/CEN6双色探针、TP53/CEN17双色探针、ETV6/CEP12双色探针、ATM/CEN11双色探针和染色液组成,0.88,company_product_public,strong_official_product,round1,no
腾讯医疗健康（深圳）有限公司,慢性青光眼样视神经病变眼底图像辅助诊断软件,China,CN,深圳,A,samd; clinical_workflow,nmpa_udi_detail,06975410340067202305080350303,https://udi.nmpa.gov.cn/showDetailCX.html?deviceRecordKey=06975410340067202305080350303,2026-05-14,国械注准20223211140; 本产品在医疗机构使用。适用于需要进行眼底照相以判断是否具有相关疾病或存在相关疾病风险的成年患者。对单张免散瞳彩色眼底图像(后极部45°左右包含全部视盘和黄斑，并经软件判定图像质量合格)进行分析，为具有眼底检查资质的执业医师提供可疑慢性青光眼样视神经病变的提示和是否需进一步就医检查的辅助诊断建议。不能仅凭本产品结果进行临床决策。彩色眼底图像应由指定型号的眼底照相机拍摄。该产品不适用于高度近视人群。,0.88,company_product_public,strong_official_product,round1,no
天津致远慧图科技有限公司,慢病数据管理软件,China,CN,,A,samd; remote_patient_monitoring; chronic_disease_management; rehabilitation,nmpa_udi_detail,0697549021014420230320104547712,https://udi.nmpa.gov.cn/showDetailCX.html?deviceRecordKey=0697549021014420230320104547712,2026-05-14,津械注准20232210046; 本产品用于对糖尿病和高血压患者的血糖、血压、胰岛素注射量以及与糖尿病、高血压相关数据的显示、传输、报告打印和统计分析，便于医护人员了解患者的治疗和康复情况。,0.88,company_product_public,strong_official_product,round1,no
天津致远慧图科技有限公司,慢病数据管理软件,China,CN,,A,samd; remote_patient_monitoring; chronic_disease_management; rehabilitation,nmpa_udi_detail,0697549021015120230320104943530,https://udi.nmpa.gov.cn/showDetailCX.html?deviceRecordKey=0697549021015120230320104943530,2026-05-14,津械注准20232210046; 本产品用于对糖尿病和高血压患者的血糖、血压、胰岛素注射量以及与糖尿病、高血压相关数据的显示、传输、报告打印和统计分析，便于医护人员了解患者的治疗和康复情况。,0.88,company_product_public,strong_official_product,round1,no
医伟司安股份有限公司,外周血管慢性闭塞病变导管,China,CN,,A,,nmpa_udi_detail,bc1fbf9e-231d-497f-a295-00f33b8d39cd,https://udi.nmpa.gov.cn/showDetailCX.html?deviceRecordKey=bc1fbf9e-231d-497f-a295-00f33b8d39cd,2026-05-14,国械注进20143034996; VNC-SD-150 外周血管慢性闭塞病变导管,0.88,company_product_public,strong_official_product,round1,no
医伟司安股份有限公司,外周血管慢性闭塞病变导管,China,CN,,A,,nmpa_udi_detail,89da9d2d-88df-4b62-8ad2-1d7a9e80bf18,https://udi.nmpa.gov.cn/showDetailCX.html?deviceRecordKey=89da9d2d-88df-4b62-8ad2-1d7a9e80bf18,2026-05-14,国械注进20143034996; VNC-FX-150 外周血管慢性闭塞病变导管,0.88,company_product_public,strong_official_product,round1,no
医伟司安股份有限公司,外周血管慢性闭塞病变导管,China,CN,,A,,nmpa_udi_detail,c860aa99-8a9a-4411-a9f8-a1a6d3891313,https://udi.nmpa.gov.cn/showDetailCX.html?deviceRecordKey=c860aa99-8a9a-4411-a9f8-a1a6d3891313,2026-05-14,国械注进20143034996; VNC-SD-150 外周血管慢性闭塞病变导管,0.88,company_product_public,strong_official_product,round1,no
广州安必平医药科技股份有限公司,慢性淋巴细胞白血病染色体及基因异常探针试剂（原位杂交法）,China,CN,广州,A,clinical_workflow,nmpa_udi_detail,6558657301A45FE7403F711B542256B7,https://udi.nmpa.gov.cn/showDetailCX.html?deviceRecordKey=6558657301A45FE7403F711B542256B7,2026-05-14,粤穗械备20191039号; 在常规染色（如：HE染色)基础上进行原位杂交染色，为医师提供诊断的辅助信息。,0.88,company_product_public,strong_official_product,round1,no
武汉康录生物技术股份有限公司,慢性淋巴细胞白血病染色体及基因异常探针检测试剂盒（原位杂交法）,China,CN,,A,clinical_workflow,nmpa_udi_detail,2d77c6be-9155-4945-b0c5-22e9056a52ac,https://udi.nmpa.gov.cn/showDetailCX.html?deviceRecordKey=2d77c6be-9155-4945-b0c5-22e9056a52ac,2026-05-14,鄂汉械备20180037号; 本试剂盒仅适用于慢性淋巴细胞白血病的检测，为医师提供诊断的辅助信息。,0.88,company_product_public,strong_official_product,round1,no
武汉康录生物技术股份有限公司,慢性淋巴细胞白血病染色体及基因异常探针检测试剂盒（原位杂交法）,China,CN,,A,clinical_workflow,nmpa_udi_detail,f8db9997-b33d-45e7-91e7-e24f5f46beb1,https://udi.nmpa.gov.cn/showDetailCX.html?deviceRecordKey=f8db9997-b33d-45e7-91e7-e24f5f46beb1,2026-05-14,鄂汉械备20180037号; 本试剂盒仅适用于慢性淋巴细胞白血病的检测，为医师提供诊断的辅助信息。,0.88,company_product_public,strong_official_product,round1,no
武汉康录生物技术股份有限公司,慢性淋巴细胞白血病染色体及基因异常探针检测试剂盒（原位杂交法）,China,CN,,A,clinical_workflow,nmpa_udi_detail,68003e91-3af7-451c-b54a-20531e53ee54,https://udi.nmpa.gov.cn/showDetailCX.html?deviceRecordKey=68003e91-3af7-451c-b54a-20531e53ee54,2026-05-14,鄂汉械备20180037号; 本试剂盒仅适用于慢性淋巴细胞白血病的检测，为医师提供诊断的辅助信息。,0.88,company_product_public,strong_official_product,round1,no
广州安必平医药科技股份有限公司,慢性淋巴细胞白血病染色体及基因异常检测试剂盒（原位杂交法）,China,CN,广州,A,clinical_workflow,nmpa_udi_detail,E81B9B9654066CCE632B38DD691D1997,https://udi.nmpa.gov.cn/showDetailCX.html?deviceRecordKey=E81B9B9654066CCE632B38DD691D1997,2026-05-14,粤穗械备20180131号; 在常规染色（如：HE染色）的基础上进行原位杂交染色，为医师提供诊断的辅助信息。,0.88,company_product_public,strong_official_product,round1,no
深圳京柏医疗科技股份有限公司,盆底康复治疗仪,China,CN,深圳,A,rehabilitation,nmpa_udi_detail,0695174055061120260430020307433,https://udi.nmpa.gov.cn/showDetailCX.html?deviceRecordKey=0695174055061120260430020307433,2026-05-14,粤械注准20252090764; 适用于产妇催乳治疗，促进产后排尿、子宫复旧、产后恢复。对患者盆底肌表面肌电信号进行采集、分析、评估，通过神经肌肉电刺激和生物反馈进行盆底功能障碍的辅助治疗。适用于产后盆底功能康复，尿失禁(含产后压力性尿失禁)，轻度盆腔器官膨出和脱垂的辅助治疗，慢性盆腔疼痛的缓解，辅助改善盆底肌松弛，辅助治疗阴道松弛。,0.88,company_product_public,strong_official_product,round1,no
深圳京柏医疗科技股份有限公司,盆底康复治疗仪,China,CN,深圳,A,rehabilitation,nmpa_udi_detail,0695174055062820260430021227521,https://udi.nmpa.gov.cn/showDetailCX.html?deviceRecordKey=0695174055062820260430021227521,2026-05-14,粤械注准20252090764; 适用于产妇催乳治疗，促进产后排尿、子宫复旧、产后恢复。对患者盆底肌表面肌电信号进行采集、分析、评估，通过神经肌肉电刺激和生物反馈进行盆底功能障碍的辅助治疗。适用于产后盆底功能康复，尿失禁(含产后压力性尿失禁)，轻度盆腔器官膨出和脱垂的辅助治疗，慢性盆腔疼痛的缓解，辅助改善盆底肌松弛，辅助治疗阴道松弛。,0.88,company_product_public,strong_official_product,round1,no
深圳京柏医疗科技股份有限公司,盆底康复治疗仪,China,CN,深圳,A,rehabilitation,nmpa_udi_detail,0695174055063520260430021753276,https://udi.nmpa.gov.cn/showDetailCX.html?deviceRecordKey=0695174055063520260430021753276,2026-05-14,粤械注准20252090764; 适用于产妇催乳治疗，促进产后排尿、子宫复旧、产后恢复。对患者盆底肌表面肌电信号进行采集、分析、评估，通过神经肌肉电刺激和生物反馈进行盆底功能障碍的辅助治疗。适用于产后盆底功能康复，尿失禁(含产后压力性尿失禁)，轻度盆腔器官膨出和脱垂的辅助治疗，慢性盆腔疼痛的缓解，辅助改善盆底肌松弛，辅助治疗阴道松弛。,0.88,company_product_public,strong_official_product,round1,no
亳州融健医疗用品有限公司,盆底康复治疗仪,China,CN,,A,samd; rehabilitation,nmpa_udi_detail,06973774191615202604020500141,https://udi.nmpa.gov.cn/showDetailCX.html?deviceRecordKey=06973774191615202604020500141,2026-05-14,皖械注准20222090273; 软件发布版本：2，起势，盆底康复治疗仪，彩盒，1台/盒,0.88,company_product_public,strong_official_product,round1,no
武汉市九头鸟医疗仪器开发有限公司,男性性功能康复治疗仪,China,CN,,A,rehabilitation,nmpa_udi_detail,0697548329202720260418110923009,https://udi.nmpa.gov.cn/showDetailCX.html?deviceRecordKey=0697548329202720260418110923009,2026-05-14,国械注准20153091258; 治疗仪由主机、控制和显示面板、负压系统、电极导联线组成,0.88,company_product_public,strong_official_product,round1,no
武汉市九头鸟医疗仪器开发有限公司,男性性功能康复治疗仪,China,CN,,A,rehabilitation,nmpa_udi_detail,0697548329203420260418111121270,https://udi.nmpa.gov.cn/showDetailCX.html?deviceRecordKey=0697548329203420260418111121270,2026-05-14,国械注准20153091258; 治疗仪由主机、控制和显示面板、负压系统、电极导联线组成,0.88,company_product_public,strong_official_product,round1,no
瑞海胜（厦门）康复用品有限公司,手动轮椅车,China,CN,,A,rehabilitation,nmpa_udi_detail,06975872081720202603040234192,https://udi.nmpa.gov.cn/showDetailCX.html?deviceRecordKey=06975872081720202603040234192,2026-05-14,闽厦械备20260029; SY1IV100-ICON60/WBDE-F40R11 手动轮椅车,0.88,company_product_public,strong_official_product,round1,no
瑞海胜（厦门）康复用品有限公司,手动轮椅车,China,CN,,A,rehabilitation,nmpa_udi_detail,06975872081737202603040234193,https://udi.nmpa.gov.cn/showDetailCX.html?deviceRecordKey=06975872081737202603040234193,2026-05-14,闽厦械备20260029; SY1IV100-ICON60/WBDF-F40R11 手动轮椅车,0.88,company_product_public,strong_official_product,round1,no
瑞海胜（厦门）康复用品有限公司,手动轮椅车,China,CN,,A,rehabilitation,nmpa_udi_detail,06975872081744202603040234194,https://udi.nmpa.gov.cn/showDetailCX.html?deviceRecordKey=06975872081744202603040234194,2026-05-14,闽厦械备20260029; SY1IV100-ICON60/WBDG-F40R11 手动轮椅车,0.88,company_product_public,strong_official_product,round1,no
瑞海胜（厦门）康复用品有限公司,手动轮椅车,China,CN,,A,rehabilitation,nmpa_udi_detail,06975872081751202603040234195,https://udi.nmpa.gov.cn/showDetailCX.html?deviceRecordKey=06975872081751202603040234195,2026-05-14,闽厦械备20260029; SY1IV100-ICON60/WBDH-F40R11 手动轮椅车,0.88,company_product_public,strong_official_product,round1,no
瑞海胜（厦门）康复用品有限公司,手动轮椅车,China,CN,,A,rehabilitation,nmpa_udi_detail,06975872081768202603040234196,https://udi.nmpa.gov.cn/showDetailCX.html?deviceRecordKey=06975872081768202603040234196,2026-05-14,闽厦械备20260029; SY1IV100-ICON60/WBDI-F40R11 手动轮椅车,0.88,company_product_public,strong_official_product,round1,no
瑞海胜（厦门）康复用品有限公司,手动轮椅车,China,CN,,A,rehabilitation,nmpa_udi_detail,06975872081775202603040234197,https://udi.nmpa.gov.cn/showDetailCX.html?deviceRecordKey=06975872081775202603040234197,2026-05-14,闽厦械备20260029; SY1IV100-ICON60/WCDD-F40R11 手动轮椅车,0.88,company_product_public,strong_official_product,round1,no
瑞海胜（厦门）康复用品有限公司,手动轮椅车,China,CN,,A,rehabilitation,nmpa_udi_detail,06975872081782202603040234198,https://udi.nmpa.gov.cn/showDetailCX.html?deviceRecordKey=06975872081782202603040234198,2026-05-14,闽厦械备20260029; SY1IV100-ICON60/WCDE-F40R11 手动轮椅车,0.88,company_product_public,strong_official_product,round1,no
瑞海胜（厦门）康复用品有限公司,手动轮椅车,China,CN,,A,rehabilitation,nmpa_udi_detail,06975872081799202603040234199,https://udi.nmpa.gov.cn/showDetailCX.html?deviceRecordKey=06975872081799202603040234199,2026-05-14,闽厦械备20260029; SY1IV100-ICON60/WCDF-F40R11 手动轮椅车,0.88,company_product_public,strong_official_product,round1,no
瑞海胜（厦门）康复用品有限公司,手动轮椅车,China,CN,,A,rehabilitation,nmpa_udi_detail,069758720818052026030402341910,https://udi.nmpa.gov.cn/showDetailCX.html?deviceRecordKey=069758720818052026030402341910,2026-05-14,闽厦械备20260029; SY1IV100-ICON60/WCDG-F40R11 手动轮椅车,0.88,company_product_public,strong_official_product,round1,no
瑞海胜（厦门）康复用品有限公司,手动轮椅车,China,CN,,A,rehabilitation,nmpa_udi_detail,069758720818122026030402341911,https://udi.nmpa.gov.cn/showDetailCX.html?deviceRecordKey=069758720818122026030402341911,2026-05-14,闽厦械备20260029; SY1IV100-ICON60/WCDH-F40R11 手动轮椅车,0.88,company_product_public,strong_official_product,round1,no
,Digital technologies to support self-management of asthma: early-use assessment (HTG778),Europe,GB,,A,chronic_disease_management,nice_digital_health,HTG778,https://www.nice.org.uk/guidance/htg778,2026-05-14,Product type: Guidance Programme: HealthTech guidance Published : 5 May 2026; published 2026-05-05,0.72,product_directory_public,strong_official_product,round1,no
,Digital technologies for managing non-specific low back pain: early value assessment (HTG712),Europe,GB,,A,,nice_digital_health,HTG712,https://www.nice.org.uk/guidance/htg712,2026-05-14,Product type: Guidance Programme: HealthTech guidance Last updated : 30 April 2026 Published : 5 March 2024; published 2024-03-05,0.72,product_directory_public,strong_official_product,round1,no
,Digital technologies for applying algorithms to spirometry to support asthma and COPD diagnosis in primary care and community diagnostic centres: early-use assessment (HTG776),Europe,GB,,A,samd; chronic_disease_management,nice_digital_health,HTG776,https://www.nice.org.uk/guidance/htg776,2026-05-14,Product type: Guidance Programme: HealthTech guidance Published : 2 April 2026; published 2026-04-02,0.72,product_directory_public,strong_official_product,round1,no
,Artificial intelligence (AI) technologies for assessing and triaging skin lesions referred to the urgent suspected skin cancer pathway: early value assessment (HTG746),Europe,GB,,A,,nice_digital_health,HTG746,https://www.nice.org.uk/guidance/htg746,2026-05-14,Product type: Guidance Programme: HealthTech guidance Last updated : 17 March 2026 Published : 1 May 2025; published 2025-05-01,0.72,product_directory_public,strong_official_product,round1,no
,Digital technologies to support self-management of COPD: early value assessment (HTG736),Europe,GB,,A,chronic_disease_management,nice_digital_health,HTG736,https://www.nice.org.uk/guidance/htg736,2026-05-14,Product type: Guidance Programme: HealthTech guidance Last updated : 3 February 2026 Published : 19 December 2024; published 2024-12-19,0.72,product_directory_public,strong_official_product,round1,no
,Digital self-help for eating disorders: early value assessment (HTG768),Europe,GB,,A,,nice_digital_health,HTG768,https://www.nice.org.uk/guidance/htg768,2026-05-14,Product type: Guidance Programme: HealthTech guidance Published : 22 January 2026; published 2026-01-22,0.72,product_directory_public,strong_official_product,round1,no
,Digital technologies for managing mild to moderate symptoms of hip or knee osteoarthritis: early value assessment (HTG766),Europe,GB,,A,,nice_digital_health,HTG766,https://www.nice.org.uk/guidance/htg766,2026-05-14,Product type: Guidance Programme: HealthTech guidance Published : 22 January 2026; published 2026-01-22,0.72,product_directory_public,strong_official_product,round1,no
,Digital platforms to support cardiac rehabilitation: early value assessment (HTG761),Europe,GB,,A,remote_patient_monitoring; rehabilitation,nice_digital_health,HTG761,https://www.nice.org.uk/guidance/htg761,2026-05-14,Product type: Guidance Programme: HealthTech guidance Published : 4 December 2025; published 2025-12-04,0.72,product_directory_public,strong_official_product,round1,no
,Digital technologies to deliver pulmonary rehabilitation programmes for adults with COPD: early value assessment (HTG718),Europe,GB,,A,chronic_disease_management; rehabilitation,nice_digital_health,HTG718,https://www.nice.org.uk/guidance/htg718,2026-05-14,Product type: Guidance Programme: HealthTech guidance Last updated : 17 September 2025 Published : 30 April 2024; published 2024-04-30,0.72,product_directory_public,strong_official_product,round1,no
,Digital front door technologies to gather service user information for NHS Talking Therapies for anxiety and depression assessments: early value assessment (HTG756),Europe,GB,,A,mental_health,nice_digital_health,HTG756,https://www.nice.org.uk/guidance/htg756,2026-05-14,Product type: Guidance Programme: HealthTech guidance Published : 24 July 2025; published 2025-07-24,0.72,product_directory_public,strong_official_product,round1,no
,Digital therapy for chronic tic disorders and Tourette syndrome: early value assessment (HTG748),Europe,GB,,A,chronic_disease_management,nice_digital_health,HTG748,https://www.nice.org.uk/guidance/htg748,2026-05-14,Product type: Guidance Programme: HealthTech guidance Published : 7 May 2025; published 2025-05-07,0.72,product_directory_public,strong_official_product,round1,no
,Robot-assisted surgery for orthopaedic procedures: early value assessment (HTG743),Europe,GB,,A,,nice_digital_health,HTG743,https://www.nice.org.uk/guidance/htg743,2026-05-14,Product type: Guidance Programme: HealthTech guidance Published : 17 April 2025; published 2025-04-17,0.72,product_directory_public,strong_official_product,round1,no
,Robot-assisted surgery for soft tissue procedures: early value assessment (HTG742),Europe,GB,,A,,nice_digital_health,HTG742,https://www.nice.org.uk/guidance/htg742,2026-05-14,Product type: Guidance Programme: HealthTech guidance Published : 17 April 2025; published 2025-04-17,0.72,product_directory_public,strong_official_product,round1,no
,Artificial intelligence (AI)-derived software to analyse chest X-rays for suspected lung cancer in primary care referrals: early value assessment (HTG696),Europe,GB,,A,samd,nice_digital_health,HTG696,https://www.nice.org.uk/guidance/htg696,2026-05-14,Product type: Guidance Programme: HealthTech guidance Last updated : 10 February 2025 Published : 28 September 2023; published 2023-09-28,0.72,product_directory_public,strong_official_product,round1,no
,Artificial intelligence (AI) technologies to help detect fractures on X-rays in urgent care: early value assessment (HTG739),Europe,GB,,A,,nice_digital_health,HTG739,https://www.nice.org.uk/guidance/htg739,2026-05-14,Product type: Guidance Programme: HealthTech guidance Published : 14 January 2025; published 2025-01-14,0.72,product_directory_public,strong_official_product,round1,no
,Digitally enabled therapies for adults with depression: early value assessment (HTG675),Europe,GB,,A,mental_health,nice_digital_health,HTG675,https://www.nice.org.uk/guidance/htg675,2026-05-14,Product type: Guidance Programme: HealthTech guidance Last updated : 14 January 2025 Published : 16 May 2023; published 2023-05-16,0.72,product_directory_public,strong_official_product,round1,no
,Heart failure algorithms for remote monitoring in people with cardiac implantable electronic devices (HTG730),Europe,GB,,A,remote_patient_monitoring,nice_digital_health,HTG730,https://www.nice.org.uk/guidance/htg730,2026-05-14,Product type: Guidance Programme: HealthTech guidance Published : 24 October 2024; published 2024-10-24,0.72,product_directory_public,strong_official_product,round1,no
,Artificial intelligence (AI)-derived software to help clinical decision making in stroke (HTG708),Europe,GB,,A,samd,nice_digital_health,HTG708,https://www.nice.org.uk/guidance/htg708,2026-05-14,Product type: Guidance Programme: HealthTech guidance Last updated : 2 May 2024 Published : 23 January 2024; published 2024-01-23,0.72,product_directory_public,strong_official_product,round1,no
,GaitSmart rehabilitation exercise programme for gait and mobility issues (HTG716),Europe,GB,,A,rehabilitation,nice_digital_health,HTG716,https://www.nice.org.uk/guidance/htg716,2026-05-14,Product type: Guidance Programme: HealthTech guidance Published : 3 April 2024; published 2024-04-03,0.72,product_directory_public,strong_official_product,round1,no
,Digital health technologies to help manage symptoms of psychosis and prevent relapse in adults and young people: early value assessment (HTG713),Europe,GB,,A,,nice_digital_health,HTG713,https://www.nice.org.uk/guidance/htg713,2026-05-14,Product type: Guidance Programme: HealthTech guidance Published : 25 March 2024; published 2024-03-25,0.72,product_directory_public,strong_official_product,round1,no
,"ProKnow cloud-based system for radiotherapy data storage, communication and management: early value assessment (HTG664)",Europe,GB,,A,,nice_digital_health,HTG664,https://www.nice.org.uk/guidance/htg664,2026-05-14,Product type: Guidance Programme: HealthTech guidance Last updated : 14 March 2024 Published : 28 March 2023; published 2023-03-28,0.72,product_directory_public,strong_official_product,round1,no
,Digital technologies for delivering multidisciplinary weight-management services: early value assessment (HTG700),Europe,GB,,A,,nice_digital_health,HTG700,https://www.nice.org.uk/guidance/htg700,2026-05-14,Product type: Guidance Programme: HealthTech guidance Last updated : 6 March 2024 Published : 26 October 2023; published 2023-10-26,0.72,product_directory_public,strong_official_product,round1,no
,Devices for remote monitoring of Parkinson’s disease (HTG657),Europe,GB,,A,remote_patient_monitoring,nice_digital_health,HTG657,https://www.nice.org.uk/guidance/htg657,2026-05-14,Product type: Guidance Programme: HealthTech guidance Last updated : 25 January 2024 Published : 25 January 2023; published 2023-01-25,0.72,product_directory_public,strong_official_product,round1,no
,Digitally enabled therapies for adults with anxiety disorders: early value assessment (HTG676),Europe,GB,,A,mental_health,nice_digital_health,HTG676,https://www.nice.org.uk/guidance/htg676,2026-05-14,Product type: Guidance Programme: HealthTech guidance Last updated : 14 December 2023 Published : 16 May 2023; published 2023-05-16,0.72,product_directory_public,strong_official_product,round1,no
,Virtual reality technologies for treating agoraphobia or agoraphobic avoidance: early value assessment (HTG701),Europe,GB,,A,,nice_digital_health,HTG701,https://www.nice.org.uk/guidance/htg701,2026-05-14,Product type: Guidance Programme: HealthTech guidance Published : 15 November 2023; published 2023-11-15,0.72,product_directory_public,strong_official_product,round1,no
,Virtual ward platform technologies for acute respiratory infections: early value assessment (HTG697),Europe,GB,,A,,nice_digital_health,HTG697,https://www.nice.org.uk/guidance/htg697,2026-05-14,Product type: Guidance Programme: HealthTech guidance Published : 12 October 2023; published 2023-10-12,0.72,product_directory_public,strong_official_product,round1,no
,KardiaMobile 6L for measuring cardiac QT interval in adults having antipsychotic medication: early value assessment (HTG694),Europe,GB,,A,remote_patient_monitoring,nice_digital_health,HTG694,https://www.nice.org.uk/guidance/htg694,2026-05-14,Product type: Guidance Programme: HealthTech guidance Published : 26 September 2023; published 2023-09-26,0.72,product_directory_public,strong_official_product,round1,no
,Guided self-help digital cognitive behavioural therapy for children and young people with mild to moderate symptoms of anxiety or low mood: early value assessment (HTG660),Europe,GB,,A,mental_health,nice_digital_health,HTG660,https://www.nice.org.uk/guidance/htg660,2026-05-14,Product type: Guidance Programme: HealthTech guidance Last updated : 5 September 2023 Published : 8 February 2023; published 2023-02-08,0.72,product_directory_public,strong_official_product,round1,no
,Genedrive MT-RNR1 ID Kit for detecting a genetic variant to guide antibiotic use and prevent hearing loss in babies: early value assessment (HTG665),Europe,GB,,A,,nice_digital_health,HTG665,https://www.nice.org.uk/guidance/htg665,2026-05-14,Product type: Guidance Programme: HealthTech guidance Last updated : 10 August 2023 Published : 30 March 2023; published 2023-03-30,0.72,product_directory_public,strong_official_product,round1,no
,KardiaMobile for detecting atrial fibrillation (HTG606),Europe,GB,,A,,nice_digital_health,HTG606,https://www.nice.org.uk/guidance/htg606,2026-05-14,Product type: Guidance Programme: HealthTech guidance Last updated : 25 July 2023 Published : 6 January 2022; published 2022-01-06,0.72,product_directory_public,strong_official_product,round1,no
,Artificial intelligence (AI)-derived computer-aided detection (CAD) software for detecting and measuring lung nodules in CT scan images (HTG687),Europe,GB,,A,samd,nice_digital_health,HTG687,https://www.nice.org.uk/guidance/htg687,2026-05-14,Product type: Guidance Programme: HealthTech guidance Published : 5 July 2023; published 2023-07-05,0.72,product_directory_public,strong_official_product,round1,no
,FibroScan for assessing liver fibrosis and cirrhosis outside secondary and specialist care (HTG682),Europe,GB,,A,,nice_digital_health,HTG682,https://www.nice.org.uk/guidance/htg682,2026-05-14,Product type: Guidance Programme: HealthTech guidance Published : 7 June 2023; published 2023-06-07,0.72,product_directory_public,strong_official_product,round1,no
,Automated ankle brachial pressure index measurement devices to detect peripheral arterial disease in people with leg ulcers (HTG677),Europe,GB,,A,,nice_digital_health,HTG677,https://www.nice.org.uk/guidance/htg677,2026-05-14,Product type: Guidance Programme: HealthTech guidance Published : 24 May 2023; published 2023-05-24,0.72,product_directory_public,strong_official_product,round1,no
,MRI fusion biopsy systems for diagnosing prostate cancer (HTG678),Europe,GB,,A,,nice_digital_health,HTG678,https://www.nice.org.uk/guidance/htg678,2026-05-14,Product type: Guidance Programme: HealthTech guidance Published : 24 May 2023; published 2023-05-24,0.72,product_directory_public,strong_official_product,round1,no
,AposHealth for knee osteoarthritis (HTG671),Europe,GB,,A,,nice_digital_health,HTG671,https://www.nice.org.uk/guidance/htg671,2026-05-14,Product type: Guidance Programme: HealthTech guidance Published : 11 April 2023; published 2023-04-11,0.72,product_directory_public,strong_official_product,round1,no
,CaRi-Heart for predicting cardiac risk in suspected coronary artery disease: early value assessment (HTG663),Europe,GB,,A,remote_patient_monitoring,nice_digital_health,HTG663,https://www.nice.org.uk/guidance/htg663,2026-05-14,Product type: Guidance Programme: HealthTech guidance Published : 9 March 2023; published 2023-03-09,0.72,product_directory_public,strong_official_product,round1,no
,MRI-based technologies for assessing non-alcoholic fatty liver disease (HTG655),Europe,GB,,A,,nice_digital_health,HTG655,https://www.nice.org.uk/guidance/htg655,2026-05-14,Product type: Guidance Programme: HealthTech guidance Published : 12 January 2023; published 2023-01-12,0.72,product_directory_public,strong_official_product,round1,no
,Magtrace and Sentimag system for locating sentinel lymph nodes for breast cancer (HTG642),Europe,GB,,A,,nice_digital_health,HTG642,https://www.nice.org.uk/guidance/htg642,2026-05-14,Product type: Guidance Programme: HealthTech guidance Published : 5 October 2022; published 2022-10-05,0.72,product_directory_public,strong_official_product,round1,no
,PLGF-based testing to help diagnose suspected preterm pre-eclampsia (HTG630),Europe,GB,,A,,nice_digital_health,HTG630,https://www.nice.org.uk/guidance/htg630,2026-05-14,Product type: Guidance Programme: HealthTech guidance Published : 27 July 2022; published 2022-07-27,0.72,product_directory_public,strong_official_product,round1,no
,Thopaz+ portable digital system for managing chest drains (HTG465),Europe,GB,,A,,nice_digital_health,HTG465,https://www.nice.org.uk/guidance/htg465,2026-05-14,Product type: Guidance Programme: HealthTech guidance Last updated : 6 June 2022 Published : 21 March 2018; published 2018-03-21,0.72,product_directory_public,strong_official_product,round1,no
,Sleepio to treat insomnia and insomnia symptoms (HTG624),Europe,GB,,A,sleep_health,nice_digital_health,HTG624,https://www.nice.org.uk/guidance/htg624,2026-05-14,Product type: Guidance Programme: HealthTech guidance Published : 20 May 2022; published 2022-05-20,0.72,product_directory_public,strong_official_product,round1,no
,HeartFlow FFRCT for estimating fractional flow reserve from coronary CT angiography (HTG429),Europe,GB,,A,,nice_digital_health,HTG429,https://www.nice.org.uk/guidance/htg429,2026-05-14,Product type: Guidance Programme: HealthTech guidance Last updated : 19 May 2021 Published : 13 February 2017; published 2017-02-13,0.72,product_directory_public,strong_official_product,round1,no
,QAngio XA 3D QFR and CAAS vFFR imaging software for assessing coronary stenosis during invasive coronary angiography (HTG571),Europe,GB,,A,samd,nice_digital_health,HTG571,https://www.nice.org.uk/guidance/htg571,2026-05-14,Product type: Guidance Programme: HealthTech guidance Published : 17 March 2021; published 2021-03-17,0.72,product_directory_public,strong_official_product,round1,no
,Zio XT for detecting cardiac arrhythmias (HTG562),Europe,GB,,A,remote_patient_monitoring,nice_digital_health,HTG562,https://www.nice.org.uk/guidance/htg562,2026-05-14,Product type: Guidance Programme: HealthTech guidance Published : 1 December 2020; published 2020-12-01,0.72,product_directory_public,strong_official_product,round1,no
,Testing strategies for Lynch syndrome in people with endometrial cancer (HTG557),Europe,GB,,A,,nice_digital_health,HTG557,https://www.nice.org.uk/guidance/htg557,2026-05-14,Product type: Guidance Programme: HealthTech guidance Published : 28 October 2020; published 2020-10-28,0.72,product_directory_public,strong_official_product,round1,no
,Implantable cardiac monitors to detect atrial fibrillation after cryptogenic stroke (HTG553),Europe,GB,,A,remote_patient_monitoring,nice_digital_health,HTG553,https://www.nice.org.uk/guidance/htg553,2026-05-14,Product type: Guidance Programme: HealthTech guidance Published : 2 September 2020; published 2020-09-02,0.72,product_directory_public,strong_official_product,round1,no
,High-sensitivity troponin tests for the early rule out of NSTEMI (HTG552),Europe,GB,,A,,nice_digital_health,HTG552,https://www.nice.org.uk/guidance/htg552,2026-05-14,Product type: Guidance Programme: HealthTech guidance Published : 26 August 2020; published 2020-08-26,0.72,product_directory_public,strong_official_product,round1,no
,"Tests to help assess risk of acute kidney injury for people being considered for critical care admission (ARCHITECT and Alinity i Urine NGAL assays, BioPorto NGAL test and NephroCheck test) (HTG544)",Europe,GB,,A,,nice_digital_health,HTG544,https://www.nice.org.uk/guidance/htg544,2026-05-14,Product type: Guidance Programme: HealthTech guidance Published : 17 June 2020; published 2020-06-17,0.72,product_directory_public,strong_official_product,round1,no
,SepsiTest assay for rapidly identifying bloodstream bacteria and fungi (HTG400),Europe,GB,,A,,nice_digital_health,HTG400,https://www.nice.org.uk/guidance/htg400,2026-05-14,Product type: Guidance Programme: HealthTech guidance Last updated : 19 February 2020 Published : 10 February 2016; published 2016-02-10,0.72,product_directory_public,strong_official_product,round1,no
,Virtual Touch Quantification to diagnose and monitor liver fibrosis in chronic hepatitis B and C (HTG385),Europe,GB,,A,chronic_disease_management,nice_digital_health,HTG385,https://www.nice.org.uk/guidance/htg385,2026-05-14,Product type: Guidance Programme: HealthTech guidance Last updated : 17 January 2020 Published : 23 September 2015; published 2015-09-23,0.72,product_directory_public,strong_official_product,round1,no
,gammaCore for cluster headache (HTG533),Europe,GB,,A,,nice_digital_health,HTG533,https://www.nice.org.uk/guidance/htg533,2026-05-14,Product type: Guidance Programme: HealthTech guidance Published : 3 December 2019; published 2019-12-03,0.72,product_directory_public,strong_official_product,round1,no
,Point-of-care creatinine devices to assess kidney function before CT imaging with intravenous contrast (HTG530),Europe,GB,,A,,nice_digital_health,HTG530,https://www.nice.org.uk/guidance/htg530,2026-05-14,Product type: Guidance Programme: HealthTech guidance Published : 13 November 2019; published 2019-11-13,0.72,product_directory_public,strong_official_product,round1,no
,Rapid tests for group A streptococcal infections in people with a sore throat (HTG531),Europe,GB,,A,,nice_digital_health,HTG531,https://www.nice.org.uk/guidance/htg531,2026-05-14,Product type: Guidance Programme: HealthTech guidance Published : 13 November 2019; published 2019-11-13,0.72,product_directory_public,strong_official_product,round1,no
,Therapeutic monitoring of TNF-alpha inhibitors in rheumatoid arthritis (HTG521),Europe,GB,,A,remote_patient_monitoring,nice_digital_health,HTG521,https://www.nice.org.uk/guidance/htg521,2026-05-14,Product type: Guidance Programme: HealthTech guidance Published : 10 July 2019; published 2019-07-10,0.72,product_directory_public,strong_official_product,round1,no
,Lead-I ECG devices for detecting symptomatic atrial fibrillation using single time point testing in primary care (HTG508),Europe,GB,,A,remote_patient_monitoring,nice_digital_health,HTG508,https://www.nice.org.uk/guidance/htg508,2026-05-14,Product type: Guidance Programme: HealthTech guidance Published : 8 May 2019; published 2019-05-08,0.72,product_directory_public,strong_official_product,round1,no
,Biomarker tests to help diagnose preterm labour in women with intact membranes (HTG476),Europe,GB,,A,,nice_digital_health,HTG476,https://www.nice.org.uk/guidance/htg476,2026-05-14,Product type: Guidance Programme: HealthTech guidance Published : 4 July 2018; published 2018-07-04,0.72,product_directory_public,strong_official_product,round1,no
,Adjunctive colposcopy technologies for assessing suspected cervical abnormalities: the DYSIS colposcope with DYSISmap and the ZedScan I (HTG467),Europe,GB,,A,,nice_digital_health,HTG467,https://www.nice.org.uk/guidance/htg467,2026-05-14,Product type: Guidance Programme: HealthTech guidance Published : 25 April 2018; published 2018-04-25,0.72,product_directory_public,strong_official_product,round1,no
,Atrial fibrillation and heart valve disease: self-monitoring coagulation status using point-of-care coagulometers (the CoaguChek XS system) (HTG353),Europe,GB,,A,remote_patient_monitoring,nice_digital_health,HTG353,https://www.nice.org.uk/guidance/htg353,2026-05-14,Product type: Guidance Programme: HealthTech guidance Last updated : 19 December 2017 Published : 24 September 2014; published 2014-09-24,0.72,product_directory_public,strong_official_product,round1,no
,Tests in secondary care to identify people at high risk of ovarian cancer (HTG453),Europe,GB,,A,,nice_digital_health,HTG453,https://www.nice.org.uk/guidance/htg453,2026-05-14,Product type: Guidance Programme: HealthTech guidance Published : 15 November 2017; published 2017-11-15,0.72,product_directory_public,strong_official_product,round1,no
,"New generation cardiac CT scanners (Aquilion ONE, Brilliance iCT, Discovery CT750 HD and Somatom Definition Flash) for cardiac imaging in people with suspected or known coronary artery disease in whom imaging is difficult with earlier generation CT scanners (HTG281)",Europe,GB,,A,remote_patient_monitoring,nice_digital_health,HTG281,https://www.nice.org.uk/guidance/htg281,2026-05-14,Product type: Guidance Programme: HealthTech guidance Last updated : 6 July 2017 Published : 25 January 2012; published 2012-01-25,0.72,product_directory_public,strong_official_product,round1,no
,Multiple frequency bioimpedance devices to guide fluid management in people with chronic kidney disease having dialysis (HTG441),Europe,GB,,A,chronic_disease_management,nice_digital_health,HTG441,https://www.nice.org.uk/guidance/htg441,2026-05-14,Product type: Guidance Programme: HealthTech guidance Published : 21 June 2017; published 2017-06-21,0.72,product_directory_public,strong_official_product,round1,no
,Virtual chromoendoscopy to assess colorectal polyps during colonoscopy (HTG438),Europe,GB,,A,,nice_digital_health,HTG438,https://www.nice.org.uk/guidance/htg438,2026-05-14,Product type: Guidance Programme: HealthTech guidance Published : 10 May 2017; published 2017-05-10,0.72,product_directory_public,strong_official_product,round1,no
,Molecular testing strategies for Lynch syndrome in people with colorectal cancer (HTG430),Europe,GB,,A,,nice_digital_health,HTG430,https://www.nice.org.uk/guidance/htg430,2026-05-14,Product type: Guidance Programme: HealthTech guidance Published : 22 February 2017; published 2017-02-22,0.72,product_directory_public,strong_official_product,round1,no
,High-throughput non-invasive prenatal testing for fetal RHD genotype (HTG420),Europe,GB,,A,,nice_digital_health,HTG420,https://www.nice.org.uk/guidance/htg420,2026-05-14,Product type: Guidance Programme: HealthTech guidance Published : 9 November 2016; published 2016-11-09,0.72,product_directory_public,strong_official_product,round1,no
,ImmunoCAP ISAC 112 for multiplex allergen testing (HTG413),Europe,GB,,A,,nice_digital_health,HTG413,https://www.nice.org.uk/guidance/htg413,2026-05-14,Product type: Guidance Programme: HealthTech guidance Published : 18 May 2016; published 2016-05-18,0.72,product_directory_public,strong_official_product,round1,no
,VivaScope 1500 and 3000 imaging systems for detecting skin cancer lesions (HTG388),Europe,GB,,A,,nice_digital_health,HTG388,https://www.nice.org.uk/guidance/htg388,2026-05-14,Product type: Guidance Programme: HealthTech guidance Published : 11 November 2015; published 2015-11-11,0.72,product_directory_public,strong_official_product,round1,no
,"Procalcitonin testing for diagnosing and monitoring sepsis (ADVIA Centaur BRAHMS PCT assay, BRAHMS PCT Sensitive Kryptor assay, Elecsys BRAHMS PCT assay, LIAISON BRAHMS PCT assay and VIDAS BRAHMS PCT assay) (HTG386)",Europe,GB,,A,remote_patient_monitoring,nice_digital_health,HTG386,https://www.nice.org.uk/guidance/htg386,2026-05-14,Product type: Guidance Programme: HealthTech guidance Published : 7 October 2015; published 2015-10-07,0.72,product_directory_public,strong_official_product,round1,no
,Fluorouracil chemotherapy: The My5‑FU assay for guiding dose adjustment (HTG360),Europe,GB,,A,,nice_digital_health,HTG360,https://www.nice.org.uk/guidance/htg360,2026-05-14,Product type: Guidance Programme: HealthTech guidance Published : 10 December 2014; published 2014-12-10,0.72,product_directory_public,strong_official_product,round1,no
,"Detecting, managing and monitoring haemostasis: viscoelastometric point‑of‑care testing (ROTEM, TEG and Sonoclot systems) (HTG348)",Europe,GB,,A,remote_patient_monitoring,nice_digital_health,HTG348,https://www.nice.org.uk/guidance/htg348,2026-05-14,Product type: Guidance Programme: HealthTech guidance Published : 20 August 2014; published 2014-08-20,0.72,product_directory_public,strong_official_product,round1,no
,EGFR‑TK mutation testing in adults with locally advanced or metastatic non-small-cell lung cancer (HTG316),Europe,GB,,A,,nice_digital_health,HTG316,https://www.nice.org.uk/guidance/htg316,2026-05-14,Product type: Guidance Programme: HealthTech guidance Published : 14 August 2013; published 2013-08-14,0.72,product_directory_public,strong_official_product,round1,no
,Intraoperative tests (RD‑100i OSNA system and Metasin test) for detecting sentinel lymph node metastases in breast cancer (HTG315),Europe,GB,,A,,nice_digital_health,HTG315,https://www.nice.org.uk/guidance/htg315,2026-05-14,Product type: Guidance Programme: HealthTech guidance Published : 7 August 2013; published 2013-08-07,0.72,product_directory_public,strong_official_product,round1,no
,"Depth of anaesthesia monitors – Bispectral Index (BIS), E-Entropy and Narcotrend-Compact M (HTG292)",Europe,GB,,A,,nice_digital_health,HTG292,https://www.nice.org.uk/guidance/htg292,2026-05-14,Product type: Guidance Programme: HealthTech guidance Published : 21 November 2012; published 2012-11-21,0.72,product_directory_public,strong_official_product,round1,no
,The EOS 2D/3D imaging system (HTG274),Europe,GB,,A,,nice_digital_health,HTG274,https://www.nice.org.uk/guidance/htg274,2026-05-14,Product type: Guidance Programme: HealthTech guidance Published : 26 October 2011; published 2011-10-26,0.72,product_directory_public,strong_official_product,round1,no
,Computed tomographic colonography (virtual colonoscopy) (HTG78),Europe,GB,,A,,nice_digital_health,HTG78,https://www.nice.org.uk/guidance/htg78,2026-05-14,Product type: Guidance Programme: HealthTech guidance Published : 22 June 2005; published 2005-06-22,0.72,product_directory_public,strong_official_product,round1,no
,Acute respiratory infection in over 16s: initial assessment and management including virtual wards (hospital at home) (QS210),Europe,GB,,A,,nice_digital_health,QS210,https://www.nice.org.uk/guidance/qs210,2026-05-14,Product type: Quality standard Published : 31 October 2023; published 2023-10-31,0.72,product_directory_public,strong_official_product,round1,no
Akili,,,,,B,digital_therapeutics,dta_members,Digital Therapeutics Alliance members,https://dtxalliance.org/members/akili-interactive/,2026-05-14,DTA member slug akili-interactive,0.62,company_directory_public,medium_news,round1,no
AmpHealth,,,,,B,digital_therapeutics,dta_members,Digital Therapeutics Alliance members,https://dtxalliance.org/members/amp-health/,2026-05-14,DTA member slug amp-health,0.62,company_directory_public,medium_news,round1,no
ANDHealthLogo Green transparent,,,,,B,digital_therapeutics,dta_members,Digital Therapeutics Alliance members,https://dtxalliance.org/members/andhealth/,2026-05-14,DTA member slug andhealth,0.62,company_directory_public,medium_news,round1,no
Logo APACMed,,,,,B,digital_therapeutics,dta_members,Digital Therapeutics Alliance members,https://dtxalliance.org/members/apacmed/,2026-05-14,DTA member slug apacmed,0.62,company_directory_public,medium_news,round1,no
AP,,,,,B,digital_therapeutics,dta_members,Digital Therapeutics Alliance members,https://dtxalliance.org/members/arnold-porter/,2026-05-14,DTA member slug arnold-porter,0.62,company_directory_public,medium_news,round1,no
Rx,,,,,B,digital_therapeutics,dta_members,Digital Therapeutics Alliance members,https://dtxalliance.org/members/astellas/,2026-05-14,DTA member slug astellas,0.62,company_directory_public,medium_news,round1,no
AZ,,,,,B,digital_therapeutics,dta_members,Digital Therapeutics Alliance members,https://dtxalliance.org/members/astrazeneca/,2026-05-14,DTA member slug astrazeneca,0.62,company_directory_public,medium_news,round1,no
image001,,,,,B,digital_therapeutics,dta_members,Digital Therapeutics Alliance members,https://dtxalliance.org/members/axena/,2026-05-14,DTA member slug axena,0.62,company_directory_public,medium_news,round1,no
Big Health,,,,,B,digital_therapeutics,dta_members,Digital Therapeutics Alliance members,https://dtxalliance.org/members/big-health/,2026-05-14,DTA member slug big-health,0.62,company_directory_public,medium_news,round1,no
Brown,,,,,B,digital_therapeutics,dta_members,Digital Therapeutics Alliance members,https://dtxalliance.org/members/carney-institute-for-brain-science/,2026-05-14,DTA member slug carney-institute-for-brain-science,0.62,company_directory_public,medium_news,round1,no
CaryHealth,,,,,B,digital_therapeutics,dta_members,Digital Therapeutics Alliance members,https://dtxalliance.org/members/caryhealth/,2026-05-14,DTA member slug caryhealth,0.62,company_directory_public,medium_news,round1,no
C4TBH,,,,,B,digital_therapeutics,dta_members,Digital Therapeutics Alliance members,https://dtxalliance.org/members/center-for-technology-and-behavioral-health-at-dartmouth/,2026-05-14,DTA member slug center-for-technology-and-behavioral-health-at-dartmouth,0.62,company_directory_public,medium_news,round1,no
logo,,,,,B,digital_therapeutics,dta_members,Digital Therapeutics Alliance members,https://dtxalliance.org/members/chinese-academy-of-medical-sciences-peking-union-medical-college/,2026-05-14,DTA member slug chinese-academy-of-medical-sciences-peking-union-medical-college,0.62,company_directory_public,medium_news,round1,no
Logo Chugai,,,,,B,digital_therapeutics,dta_members,Digital Therapeutics Alliance members,https://dtxalliance.org/members/chugai-pharma-europe/,2026-05-14,DTA member slug chugai-pharma-europe,0.62,company_directory_public,medium_news,round1,no
CVHP,,,,,B,digital_therapeutics,dta_members,Digital Therapeutics Alliance members,https://dtxalliance.org/members/clearview/,2026-05-14,DTA member slug clearview,0.62,company_directory_public,medium_news,round1,no
Logo Click Therapeutics,,,,,B,digital_therapeutics,dta_members,Digital Therapeutics Alliance members,https://dtxalliance.org/members/clicktherapeutics/,2026-05-14,DTA member slug clicktherapeutics,0.62,company_directory_public,medium_news,round1,no
full gardient dark text@2x,,,,,B,digital_therapeutics,dta_members,Digital Therapeutics Alliance members,https://dtxalliance.org/members/cognito/,2026-05-14,DTA member slug cognito,0.62,company_directory_public,medium_news,round1,no
image001,,,,,B,digital_therapeutics,dta_members,Digital Therapeutics Alliance members,https://dtxalliance.org/members/continuous-precision-medicine/,2026-05-14,DTA member slug continuous-precision-medicine,0.62,company_directory_public,medium_news,round1,no
Curavit horizontal,,,,,B,digital_therapeutics,dta_members,Digital Therapeutics Alliance members,https://dtxalliance.org/members/curavit/,2026-05-14,DTA member slug curavit,0.62,company_directory_public,medium_news,round1,no
NEW,,,,,B,digital_therapeutics,dta_members,Digital Therapeutics Alliance members,https://dtxalliance.org/members/dariohealth-corp/,2026-05-14,DTA member slug dariohealth-corp,0.62,company_directory_public,medium_news,round1,no
TheDedhamGroup FinalLogo,,,,,B,digital_therapeutics,dta_members,Digital Therapeutics Alliance members,https://dtxalliance.org/members/dedham-group/,2026-05-14,DTA member slug dedham-group,0.62,company_directory_public,medium_news,round1,no
DeepWell Gradient Stacked,,,,,B,digital_therapeutics,dta_members,Digital Therapeutics Alliance members,https://dtxalliance.org/members/deepwell-dtx/,2026-05-14,DTA member slug deepwell-dtx,0.62,company_directory_public,medium_news,round1,no
Original on Transparent,,,,,B,digital_therapeutics,dta_members,Digital Therapeutics Alliance members,https://dtxalliance.org/members/dtxcc/,2026-05-14,DTA member slug dtxcc,0.62,company_directory_public,medium_news,round1,no
Logo,,,,,B,digital_therapeutics,dta_members,Digital Therapeutics Alliance members,https://dtxalliance.org/members/duplocloud/,2026-05-14,DTA member slug duplocloud,0.62,company_directory_public,medium_news,round1,no
Logo EverEx,,,,,B,digital_therapeutics,dta_members,Digital Therapeutics Alliance members,https://dtxalliance.org/members/everex/,2026-05-14,DTA member slug everex,0.62,company_directory_public,medium_news,round1,no
logo eversana,,,,,B,digital_therapeutics,dta_members,Digital Therapeutics Alliance members,https://dtxalliance.org/members/eversana/,2026-05-14,DTA member slug eversana,0.62,company_directory_public,medium_news,round1,no
Logo with Eve,,,,,B,digital_therapeutics,dta_members,Digital Therapeutics Alliance members,https://dtxalliance.org/members/evidation/,2026-05-14,DTA member slug evidation,0.62,company_directory_public,medium_news,round1,no
Floreo,,,,,B,digital_therapeutics,dta_members,Digital Therapeutics Alliance members,https://dtxalliance.org/members/floreo/,2026-05-14,DTA member slug floreo,0.62,company_directory_public,medium_news,round1,no
France Biotech,,,,,B,digital_therapeutics,dta_members,Digital Therapeutics Alliance members,https://dtxalliance.org/members/france-biotech/,2026-05-14,DTA member slug france-biotech,0.62,company_directory_public,medium_news,round1,no
Freespira Flag,,,,,B,digital_therapeutics,dta_members,Digital Therapeutics Alliance members,https://dtxalliance.org/members/freespira-inc/,2026-05-14,DTA member slug freespira-inc,0.62,company_directory_public,medium_news,round1,no
SVDGV,,,,,B,digital_therapeutics,dta_members,Digital Therapeutics Alliance members,https://dtxalliance.org/members/germandigitalhealthcareassociation/,2026-05-14,DTA member slug germandigitalhealthcareassociation,0.62,company_directory_public,medium_news,round1,no
GlobalMD,,,,,B,digital_therapeutics,dta_members,Digital Therapeutics Alliance members,https://dtxalliance.org/members/globalmd/,2026-05-14,DTA member slug globalmd,0.62,company_directory_public,medium_news,round1,no
HelloBetter NoPadding,,,,,B,digital_therapeutics,dta_members,Digital Therapeutics Alliance members,https://dtxalliance.org/members/hellobetter/,2026-05-14,DTA member slug hellobetter,0.62,company_directory_public,medium_news,round1,no
BG remover,,,,,B,digital_therapeutics,dta_members,Digital Therapeutics Alliance members,https://dtxalliance.org/members/idea-pharma/,2026-05-14,DTA member slug idea-pharma,0.62,company_directory_public,medium_news,round1,no
top img01 removebg preview e1729534734852,,,,,B,digital_therapeutics,dta_members,Digital Therapeutics Alliance members,https://dtxalliance.org/members/japan-digital-health-alliance-jadha/,2026-05-14,DTA member slug japan-digital-health-alliance-jadha,0.62,company_directory_public,medium_news,round1,no
jogo,,,,,B,digital_therapeutics,dta_members,Digital Therapeutics Alliance members,https://dtxalliance.org/members/jogo/,2026-05-14,DTA member slug jogo,0.62,company_directory_public,medium_news,round1,no
Lindus Health,,,,,B,digital_therapeutics,dta_members,Digital Therapeutics Alliance members,https://dtxalliance.org/members/lindus-health/,2026-05-14,DTA member slug lindus-health,0.62,company_directory_public,medium_news,round1,no
MDERX,,,,,B,digital_therapeutics,dta_members,Digital Therapeutics Alliance members,https://dtxalliance.org/members/mdrex/,2026-05-14,DTA member slug mdrex,0.62,company_directory_public,medium_news,round1,no
medrhythms,,,,,B,digital_therapeutics,dta_members,Digital Therapeutics Alliance members,https://dtxalliance.org/members/medrhythms/,2026-05-14,DTA member slug medrhythms,0.62,company_directory_public,medium_news,round1,no
Medscape Education,,,,,B,digital_therapeutics,dta_members,Digital Therapeutics Alliance members,https://dtxalliance.org/members/medscape/,2026-05-14,DTA member slug medscape,0.62,company_directory_public,medium_news,round1,no
Mindset Health,,,,,B,digital_therapeutics,dta_members,Digital Therapeutics Alliance members,https://dtxalliance.org/members/mindset-health/,2026-05-14,DTA member slug mindset-health,0.62,company_directory_public,medium_news,round1,no
mintz vert,,,,,B,digital_therapeutics,dta_members,Digital Therapeutics Alliance members,https://dtxalliance.org/members/mintz/,2026-05-14,DTA member slug mintz,0.62,company_directory_public,medium_news,round1,no
Stacked,,,,,B,digital_therapeutics,dta_members,Digital Therapeutics Alliance members,https://dtxalliance.org/members/nixon-law/,2026-05-14,DTA member slug nixon-law,0.62,company_directory_public,medium_news,round1,no
Nox Health,,,,,B,digital_therapeutics,dta_members,Digital Therapeutics Alliance members,https://dtxalliance.org/members/nox-health/,2026-05-14,DTA member slug nox-health,0.62,company_directory_public,medium_news,round1,no
OPH,,,,,B,digital_therapeutics,dta_members,Digital Therapeutics Alliance members,https://dtxalliance.org/members/otsuka-precision-health/,2026-05-14,DTA member slug otsuka-precision-health,0.62,company_directory_public,medium_news,round1,no
PatientPoint Stack,,,,,B,digital_therapeutics,dta_members,Digital Therapeutics Alliance members,https://dtxalliance.org/members/patient-point/,2026-05-14,DTA member slug patient-point,0.62,company_directory_public,medium_news,round1,no
perfood,,,,,B,digital_therapeutics,dta_members,Digital Therapeutics Alliance members,https://dtxalliance.org/members/perfood/,2026-05-14,DTA member slug perfood,0.62,company_directory_public,medium_news,round1,no
Pfizer,,,,,B,digital_therapeutics,dta_members,Digital Therapeutics Alliance members,https://dtxalliance.org/members/pfizer/,2026-05-14,DTA member slug pfizer,0.62,company_directory_public,medium_news,round1,no
PQH,,,,,B,digital_therapeutics,dta_members,Digital Therapeutics Alliance members,https://dtxalliance.org/members/platform-q-health/,2026-05-14,DTA member slug platform-q-health,0.62,company_directory_public,medium_news,round1,no
PropellerHealth,,,,,B,digital_therapeutics,dta_members,Digital Therapeutics Alliance members,https://dtxalliance.org/members/propeller-health/,2026-05-14,DTA member slug propeller-health,0.62,company_directory_public,medium_news,round1,no
radian,,,,,B,digital_therapeutics,dta_members,Digital Therapeutics Alliance members,https://dtxalliance.org/members/radian/,2026-05-14,DTA member slug radian,0.62,company_directory_public,medium_news,round1,no
Remepy,,,,,B,digital_therapeutics,dta_members,Digital Therapeutics Alliance members,https://dtxalliance.org/members/remepy/,2026-05-14,DTA member slug remepy,0.62,company_directory_public,medium_news,round1,no
220110 SANOFI,,,,,B,digital_therapeutics,dta_members,Digital Therapeutics Alliance members,https://dtxalliance.org/members/sanofi-2/,2026-05-14,DTA member slug sanofi-2,0.62,company_directory_public,medium_news,round1,no
SKH Vertical,,,,,B,digital_therapeutics,dta_members,Digital Therapeutics Alliance members,https://dtxalliance.org/members/sidekick/,2026-05-14,DTA member slug sidekick,0.62,company_directory_public,medium_news,round1,no
Sidley,,,,,B,digital_therapeutics,dta_members,Digital Therapeutics Alliance members,https://dtxalliance.org/members/sidleyaustin/,2026-05-14,DTA member slug sidleyaustin,0.62,company_directory_public,medium_news,round1,no
sc,,,,,B,digital_therapeutics,dta_members,Digital Therapeutics Alliance members,https://dtxalliance.org/members/scalable-care/,2026-05-14,DTA member slug scalable-care,0.62,company_directory_public,medium_news,round1,no
Logo Copy,,,,,B,digital_therapeutics,dta_members,Digital Therapeutics Alliance members,https://dtxalliance.org/members/ssi-strategy/,2026-05-14,DTA member slug ssi-strategy,0.62,company_directory_public,medium_news,round1,no
soihtu,,,,,B,digital_therapeutics,dta_members,Digital Therapeutics Alliance members,https://dtxalliance.org/members/soihtu-dtx/,2026-05-14,DTA member slug soihtu-dtx,0.62,company_directory_public,medium_news,round1,no
Dakiyama Digital Red with Outline,,,,,B,digital_therapeutics,dta_members,Digital Therapeutics Alliance members,https://dtxalliance.org/members/takeda/,2026-05-14,DTA member slug takeda,0.62,company_directory_public,medium_news,round1,no
tenac.io,,,,,B,digital_therapeutics,dta_members,Digital Therapeutics Alliance members,https://dtxalliance.org/members/tenac-io/,2026-05-14,DTA member slug tenac-io,0.62,company_directory_public,medium_news,round1,no
OUS Viatris,,,,,B,digital_therapeutics,dta_members,Digital Therapeutics Alliance members,https://dtxalliance.org/members/viatris/,2026-05-14,DTA member slug viatris,0.62,company_directory_public,medium_news,round1,no
welldoc,,,,,B,digital_therapeutics,dta_members,Digital Therapeutics Alliance members,https://dtxalliance.org/members/welldoc/,2026-05-14,DTA member slug welldoc,0.62,company_directory_public,medium_news,round1,no
WELT,,,,,B,digital_therapeutics,dta_members,Digital Therapeutics Alliance members,https://dtxalliance.org/members/welt/,2026-05-14,DTA member slug welt,0.62,company_directory_public,medium_news,round1,no
On LightBlueCoral,,,,,B,digital_therapeutics,dta_members,Digital Therapeutics Alliance members,https://dtxalliance.org/members/woebot/,2026-05-14,DTA member slug woebot,0.62,company_directory_public,medium_news,round1,no
Xealth®,,,,,B,digital_therapeutics,dta_members,Digital Therapeutics Alliance members,https://dtxalliance.org/members/xealth/,2026-05-14,DTA member slug xealth,0.62,company_directory_public,medium_news,round1,no
CANON INC,,US,US,,B,,sec_company,Canon Medical Systems Corporation,https://www.sec.gov/edgar/browse/?CIK=16988,2026-05-14,SEC ticker CAJFF; CIK 0000016988,0.64,company_registry_public,strong_registry,round1,no
"Co-Diagnostics, Inc.",,US,US,,B,,sec_company,GE Medical Systems Ultrasound and Primary Care Diagnostics,https://www.sec.gov/edgar/browse/?CIK=1692415,2026-05-14,SEC ticker CODX; CIK 0001692415,0.64,company_registry_public,strong_registry,round1,no
STRYKER CORP,,US,US,,B,,sec_company,Stryker Corporation,https://www.sec.gov/edgar/browse/?CIK=310764,2026-05-14,SEC ticker SYK; CIK 0000310764,0.64,company_registry_public,strong_registry,round1,no
CANON INC,,US,US,,B,,sec_company,"Canon, Inc.",https://www.sec.gov/edgar/browse/?CIK=16988,2026-05-14,SEC ticker CAJFF; CIK 0000016988,0.64,company_registry_public,strong_registry,round1,no
HITACHI LTD,,US,US,,B,,sec_company,"Hitachi Aloka Medical,Ltd. (Hitachi Aloka Medical",https://www.sec.gov/edgar/browse/?CIK=47710,2026-05-14,SEC ticker HTHIY; CIK 0000047710,0.64,company_registry_public,strong_registry,round1,no
"Tenon Medical, Inc.",,US,US,,B,,sec_company,Tenon Medical,https://www.sec.gov/edgar/browse/?CIK=1560293,2026-05-14,SEC ticker TNON; CIK 0001560293,0.64,company_registry_public,strong_registry,round1,no
CANON INC,,US,US,,B,,sec_company,Canon Inc. -Medical Equipment Group,https://www.sec.gov/edgar/browse/?CIK=16988,2026-05-14,SEC ticker CAJFF; CIK 0000016988,0.64,company_registry_public,strong_registry,round1,no
MERIT MEDICAL SYSTEMS INC,,US,US,,B,,sec_company,"Merit Medical Systems, Inc.",https://www.sec.gov/edgar/browse/?CIK=856982,2026-05-14,SEC ticker MMSI; CIK 0000856982,0.64,company_registry_public,strong_registry,round1,no
R F INDUSTRIES LTD,,US,US,,B,,sec_company,"American Threshold Industries, Inc.",https://www.sec.gov/edgar/browse/?CIK=740664,2026-05-14,SEC ticker RFIL; CIK 0000740664,0.64,company_registry_public,strong_registry,round1,no
R F INDUSTRIES LTD,,US,US,,B,,sec_company,"Medical Industries America, Inc.",https://www.sec.gov/edgar/browse/?CIK=740664,2026-05-14,SEC ticker RFIL; CIK 0000740664,0.64,company_registry_public,strong_registry,round1,no
Medtronic plc,,US,US,,B,,sec_company,"Medtronic, Inc.",https://www.sec.gov/edgar/browse/?CIK=1613103,2026-05-14,SEC ticker MDT; CIK 0001613103,0.64,company_registry_public,strong_registry,round1,no
TREX CO INC,,US,US,,B,,sec_company,Trex Enterprises Corp.,https://www.sec.gov/edgar/browse/?CIK=1069878,2026-05-14,SEC ticker TREX; CIK 0001069878,0.64,company_registry_public,strong_registry,round1,no
Medtronic plc,,US,US,,B,,sec_company,Medtronic Minimed,https://www.sec.gov/edgar/browse/?CIK=1613103,2026-05-14,SEC ticker MDT; CIK 0001613103,0.64,company_registry_public,strong_registry,round1,no
Medtronic plc,,US,US,,B,,sec_company,"Medtronic Navigation, Inc. (Littleton)",https://www.sec.gov/edgar/browse/?CIK=1613103,2026-05-14,SEC ticker MDT; CIK 0001613103,0.64,company_registry_public,strong_registry,round1,no
GENERAL ELECTRIC CO,,US,US,,B,,sec_company,General Electric Co.,https://www.sec.gov/edgar/browse/?CIK=40545,2026-05-14,SEC ticker GE; CIK 0000040545,0.64,company_registry_public,strong_registry,round1,no
"AVITA Medical, Inc.",,US,US,,B,,sec_company,Avita Corporation,https://www.sec.gov/edgar/browse/?CIK=1762303,2026-05-14,SEC ticker RCEL; CIK 0001762303,0.64,company_registry_public,strong_registry,round1,no
"Traeger, Inc.",,US,US,,B,,sec_company,"Cook, Inc.",https://www.sec.gov/edgar/browse/?CIK=1857853,2026-05-14,SEC ticker COOK; CIK 0001857853,0.64,company_registry_public,strong_registry,round1,no
"Sensus Healthcare, Inc.",,US,US,,B,,sec_company,Sensus Healthcare,https://www.sec.gov/edgar/browse/?CIK=1494891,2026-05-14,SEC ticker SRTS; CIK 0001494891,0.64,company_registry_public,strong_registry,round1,no
"Traeger, Inc.",,US,US,,B,,sec_company,Cook Incorporated,https://www.sec.gov/edgar/browse/?CIK=1857853,2026-05-14,SEC ticker COOK; CIK 0001857853,0.64,company_registry_public,strong_registry,round1,no
BECTON DICKINSON & CO,,US,US,,B,,sec_company,"Becton Dickinson Infusion Therapy Systems, Inc.",https://www.sec.gov/edgar/browse/?CIK=10795,2026-05-14,SEC ticker BDX; CIK 0000010795,0.64,company_registry_public,strong_registry,round1,no
TARGET CORP,,US,US,,B,,sec_company,Target Therapeutics,https://www.sec.gov/edgar/browse/?CIK=27419,2026-05-14,SEC ticker TGT; CIK 0000027419,0.64,company_registry_public,strong_registry,round1,no
R F INDUSTRIES LTD,,US,US,,B,,sec_company,"Polymedica Industries, Inc.",https://www.sec.gov/edgar/browse/?CIK=740664,2026-05-14,SEC ticker RFIL; CIK 0000740664,0.64,company_registry_public,strong_registry,round1,no
"Co-Diagnostics, Inc.",,US,US,,B,,sec_company,Roche Diagnostics,https://www.sec.gov/edgar/browse/?CIK=1692415,2026-05-14,SEC ticker CODX; CIK 0001692415,0.64,company_registry_public,strong_registry,round1,no
PPG INDUSTRIES INC,,US,US,,B,,sec_company,"Ppg Industries, Inc.",https://www.sec.gov/edgar/browse/?CIK=79879,2026-05-14,SEC ticker PPG; CIK 0000079879,0.64,company_registry_public,strong_registry,round1,no
BOSTON SCIENTIFIC CORP,,US,US,,B,,sec_company,"Boston Scientific Cardiac Diagnostic Technologies, Inc.",https://www.sec.gov/edgar/browse/?CIK=885725,2026-05-14,SEC ticker BSX; CIK 0000885725,0.64,company_registry_public,strong_registry,round1,no
Hewlett Packard Enterprise Co,,US,US,,B,,sec_company,Hewlett-Packard GmbH,https://www.sec.gov/edgar/browse/?CIK=1645590,2026-05-14,SEC ticker HPE; CIK 0001645590,0.64,company_registry_public,strong_registry,round1,no
E-Power Inc.,,US,US,,B,,sec_company,"Power Medical Interventions, Inc.",https://www.sec.gov/edgar/browse/?CIK=1780731,2026-05-14,SEC ticker EPOW; CIK 0001780731,0.64,company_registry_public,strong_registry,round1,no
"Co-Diagnostics, Inc.",,US,US,,B,,sec_company,Ortho Clinical Diagnostics,https://www.sec.gov/edgar/browse/?CIK=1692415,2026-05-14,SEC ticker CODX; CIK 0001692415,0.64,company_registry_public,strong_registry,round1,no
KIMBERLY CLARK CORP,,US,US,,B,,sec_company,Kimberly-Clark Corp.,https://www.sec.gov/edgar/browse/?CIK=55785,2026-05-14,SEC ticker KMB; CIK 0000055785,0.64,company_registry_public,strong_registry,round1,no
Medline Inc.,,US,US,,B,,sec_company,"Medline Industries, Inc.",https://www.sec.gov/edgar/browse/?CIK=2046386,2026-05-14,SEC ticker MDLN; CIK 0002046386,0.64,company_registry_public,strong_registry,round1,no
Hewlett Packard Enterprise Co,,US,US,,B,,sec_company,Hewlett-Packard Co.,https://www.sec.gov/edgar/browse/?CIK=1645590,2026-05-14,SEC ticker HPE; CIK 0001645590,0.64,company_registry_public,strong_registry,round1,no
"Vir Biotechnology, Inc.",,US,US,,B,,sec_company,"Biotechnology, Inc.",https://www.sec.gov/edgar/browse/?CIK=1706431,2026-05-14,SEC ticker VIR; CIK 0001706431,0.64,company_registry_public,strong_registry,round1,no
ABBOTT LABORATORIES,,US,US,,B,,sec_company,Abbott Laboratories,https://www.sec.gov/edgar/browse/?CIK=1800,2026-05-14,SEC ticker ABT; CIK 0000001800,0.64,company_registry_public,strong_registry,round1,no
TANDEM DIABETES CARE INC,,US,US,,B,,sec_company,"Tandem Diabetes Care, Inc.",https://www.sec.gov/edgar/browse/?CIK=1438133,2026-05-14,SEC ticker TNDM; CIK 0001438133,0.64,company_registry_public,strong_registry,round1,no
"BIO-RAD LABORATORIES, INC.",,US,US,,B,,sec_company,Bio-Rad Laboratories,https://www.sec.gov/edgar/browse/?CIK=12208,2026-05-14,SEC ticker BIO; CIK 0000012208,0.64,company_registry_public,strong_registry,round1,no
SAN JUAN BASIN ROYALTY TRUST,,US,US,,B,,sec_company,E-San Limited,https://www.sec.gov/edgar/browse/?CIK=319655,2026-05-14,SEC ticker SJT; CIK 0000319655,0.64,company_registry_public,strong_registry,round1,no
DEXCOM INC,,US,US,,B,,sec_company,"Dexcom, Inc.",https://www.sec.gov/edgar/browse/?CIK=1093557,2026-05-14,SEC ticker DXCM; CIK 0001093557,0.64,company_registry_public,strong_registry,round1,no
TEAM INC,,US,US,,B,,sec_company,"Mycare Team, Inc.",https://www.sec.gov/edgar/browse/?CIK=318833,2026-05-14,SEC ticker TISI; CIK 0000318833,0.64,company_registry_public,strong_registry,round1,no
"BIO-RAD LABORATORIES, INC.",,US,US,,B,,sec_company,Bio-Rad,https://www.sec.gov/edgar/browse/?CIK=12208,2026-05-14,SEC ticker BIO; CIK 0000012208,0.64,company_registry_public,strong_registry,round1,no
"STEM, INC.",,US,US,,B,,sec_company,"Auri-Stem Medical, Inc.",https://www.sec.gov/edgar/browse/?CIK=1758766,2026-05-14,SEC ticker STEM; CIK 0001758766,0.64,company_registry_public,strong_registry,round1,no
"Sunrise Realty Trust, Inc.",,US,US,,B,,sec_company,Sunrise SA,https://www.sec.gov/edgar/browse/?CIK=2012706,2026-05-14,SEC ticker SUNS; CIK 0002012706,0.64,company_registry_public,strong_registry,round1,no
Apple Inc.,,US,US,,B,,sec_company,"Apple, Inc.",https://www.sec.gov/edgar/browse/?CIK=320193,2026-05-14,SEC ticker AAPL; CIK 0000320193,0.64,company_registry_public,strong_registry,round1,no
BECTON DICKINSON & CO,,US,US,,B,,sec_company,Bd Becton Dickinson Vacutainer Systems Preanalytic,https://www.sec.gov/edgar/browse/?CIK=10795,2026-05-14,SEC ticker BDX; CIK 0000010795,0.64,company_registry_public,strong_registry,round1,no
"Co-Diagnostics, Inc.",,US,US,,B,,sec_company,Ciba Corning Diagnostics Corp.,https://www.sec.gov/edgar/browse/?CIK=1692415,2026-05-14,SEC ticker CODX; CIK 0001692415,0.64,company_registry_public,strong_registry,round1,no
UTAH MEDICAL PRODUCTS INC,,US,US,,B,,sec_company,"Utah Medical Products, Inc.",https://www.sec.gov/edgar/browse/?CIK=706698,2026-05-14,SEC ticker UTMD; CIK 0000706698,0.64,company_registry_public,strong_registry,round1,no
R F INDUSTRIES LTD,,US,US,,B,,sec_company,"Devon Industries, Inc.",https://www.sec.gov/edgar/browse/?CIK=740664,2026-05-14,SEC ticker RFIL; CIK 0000740664,0.64,company_registry_public,strong_registry,round1,no
MindMaze Therapeutics Holding SA,,US,US,,B,,sec_company,Mindmaze SA,https://www.sec.gov/edgar/browse/?CIK=1854078,2026-05-14,SEC ticker RLFTY; CIK 0001854078,0.64,company_registry_public,strong_registry,round1,no
R F INDUSTRIES LTD,,US,US,,B,,sec_company,"Nautilus Sports/Medical Industries, Inc.",https://www.sec.gov/edgar/browse/?CIK=740664,2026-05-14,SEC ticker RFIL; CIK 0000740664,0.64,company_registry_public,strong_registry,round1,no
"Co-Diagnostics, Inc.",,US,US,,B,,sec_company,"Cardiovascular Diagnostics, Inc.",https://www.sec.gov/edgar/browse/?CIK=1692415,2026-05-14,SEC ticker CODX; CIK 0001692415,0.64,company_registry_public,strong_registry,round1,no
INSULET CORP,,US,US,,B,,sec_company,Insulet Corporation,https://www.sec.gov/edgar/browse/?CIK=1145197,2026-05-14,SEC ticker PODD; CIK 0001145197,0.64,company_registry_public,strong_registry,round1,no
Medtronic plc,,US,US,,B,,sec_company,Medtronic Vascular,https://www.sec.gov/edgar/browse/?CIK=1613103,2026-05-14,SEC ticker MDT; CIK 0001613103,0.64,company_registry_public,strong_registry,round1,no
"ADAMS DIVERSIFIED EQUITY FUND, INC.",,US,US,,B,,sec_company,E.M. Adams,https://www.sec.gov/edgar/browse/?CIK=2230,2026-05-14,SEC ticker ADX; CIK 0000002230,0.64,company_registry_public,strong_registry,round1,no
STRYKER CORP,,US,US,,B,,sec_company,Stryker Medical,https://www.sec.gov/edgar/browse/?CIK=310764,2026-05-14,SEC ticker SYK; CIK 0000310764,0.64,company_registry_public,strong_registry,round1,no
Fresenius Medical Care AG,,US,US,,B,,sec_company,Fresenius Medical Care North America,https://www.sec.gov/edgar/browse/?CIK=1333141,2026-05-14,SEC ticker FMS; CIK 0001333141,0.64,company_registry_public,strong_registry,round1,no
Fresenius Medical Care AG,,US,US,,B,,sec_company,"Fresenius Medical Care Renal Therapies Group, LLC",https://www.sec.gov/edgar/browse/?CIK=1333141,2026-05-14,SEC ticker FMS; CIK 0001333141,0.64,company_registry_public,strong_registry,round1,no
"BROWN & BROWN, INC.",,US,US,,B,,sec_company,Brown,https://www.sec.gov/edgar/browse/?CIK=79282,2026-05-14,SEC ticker BRO; CIK 0000079282,0.64,company_registry_public,strong_registry,round1,no
PFIZER INC,,US,US,,B,,sec_company,Pfizer,https://www.sec.gov/edgar/browse/?CIK=78003,2026-05-14,SEC ticker PFE; CIK 0000078003,0.64,company_registry_public,strong_registry,round1,no
RADIAN GROUP INC,,US,US,,B,,sec_company,radian,https://www.sec.gov/edgar/browse/?CIK=890926,2026-05-14,SEC ticker RDN; CIK 0000890926,0.64,company_registry_public,strong_registry,round1,no
Sanofi,,US,US,,B,,sec_company,220110 SANOFI,https://www.sec.gov/edgar/browse/?CIK=1121404,2026-05-14,SEC ticker SNY; CIK 0001121404,0.64,company_registry_public,strong_registry,round1,no
Viatris Inc,,US,US,,B,,sec_company,OUS Viatris,https://www.sec.gov/edgar/browse/?CIK=1792044,2026-05-14,SEC ticker VTRS; CIK 0001792044,0.64,company_registry_public,strong_registry,round1,no
"Omada Health, Inc.",,US,US,,B,,sec_company,Omada Health,https://www.sec.gov/edgar/browse/?CIK=1611115,2026-05-14,SEC ticker OMDA; CIK 0001611115,0.64,company_registry_public,strong_registry,round1,no
"Teladoc Health, Inc.",,US,US,,B,,sec_company,Teladoc Health chronic care,https://www.sec.gov/edgar/browse/?CIK=1477449,2026-05-14,SEC ticker TDOC; CIK 0001477449,0.64,company_registry_public,strong_registry,round1,no
"Hinge Health, Inc.",,US,US,,B,,sec_company,Hinge Health,https://www.sec.gov/edgar/browse/?CIK=1673743,2026-05-14,SEC ticker HNGE; CIK 0001673743,0.64,company_registry_public,strong_registry,round1,no
MindMaze Therapeutics Holding SA,,US,US,,B,,sec_company,MindMaze,https://www.sec.gov/edgar/browse/?CIK=1854078,2026-05-14,SEC ticker RLFTY; CIK 0001854078,0.64,company_registry_public,strong_registry,round1,no
"Teladoc Health, Inc.",,US,US,,B,,sec_company,Teladoc Health,https://www.sec.gov/edgar/browse/?CIK=1477449,2026-05-14,SEC ticker TDOC; CIK 0001477449,0.64,company_registry_public,strong_registry,round1,no
American Well Corp,,US,US,,B,,sec_company,American Well,https://www.sec.gov/edgar/browse/?CIK=1393584,2026-05-14,SEC ticker AMWL; CIK 0001393584,0.64,company_registry_public,strong_registry,round1,no
BEST BUY CO INC,,US,US,,B,,sec_company,Best Buy Health Current Health,https://www.sec.gov/edgar/browse/?CIK=764478,2026-05-14,SEC ticker BBY; CIK 0000764478,0.64,company_registry_public,strong_registry,round1,no
成都尚医信息科技有限公司,R Plus Health; 术康,China,CN,成都,C,samd; rehabilitation,round2_seed,round2_seed_companies,https://www.prnewswire.com/news-releases/cf-pharmtech-and-chengdu-shangyi-launch-the-home-based-recovery-program-for-discharged-covid-19-patients-and-announce-todays-global-release-of-the-r-plus-health-free-app-301219070.html,2026-05-14,用户点名；公开新闻显示其与 CF PharmTech 发布 R Plus Health 居家康复 App,0.3,company_seed_public,seed_only,round2,yes
成都尚医信息科技有限公司,R Plus Health; 术康,China,CN,成都,C,samd; rehabilitation,round2_news,成都尚医信息科技有限公司,https://www.prnewswire.com/news-releases/cf-pharmtech-and-chengdu-shangyi-launch-the-home-based-recovery-program-for-discharged-covid-19-patients-and-announce-todays-global-release-of-the-r-plus-health-free-app-301219070.html,2026-05-14,"CF PharmTech and Chengdu Shangyi Launch the &quot;Home-Based Recovery Program for Discharged Covid-19 Patients&quot; and Announce Today's Global Release of the &quot;R Plus Health&quot; Free App; /PRNewswire/ -- CF PharmTech, Inc. is a fully integrated pharmaceutical company in China specializing in the treatment of respiratory diseases. Chengdu Shangyi...",0.58,company_public_web,medium_news,round2,yes
成都尚医信息科技有限公司,R Plus Health; 术康,China,CN,成都,C,rehabilitation,round2_news,成都尚医信息科技有限公司,https://m.newseed.cn/company/43464,2026-05-14,成都尚医信息科技有限公司_创业公司|新芽,0.58,company_public_web,medium_news,round2,yes
RecoveryPlus.health,RecoveryPlus.health,US,US,New York,C,remote_patient_monitoring; chronic_disease_management; internet_healthcare; rehabilitation,round2_seed,round2_seed_companies,https://www.recoveryplus.health/about/,2026-05-14,用户点名；虚拟慢病管理和心肺康复服务,0.3,company_seed_public,seed_only,round2,yes
RecoveryPlus.health,RecoveryPlus.health,US,US,New York,B,remote_patient_monitoring; chronic_disease_management; internet_healthcare; rehabilitation,round2_company_site,RecoveryPlus.health,https://www.recoveryplus.health/,2026-05-14,"Cardiopulmonary Rehab for At-Home Heart & Pulmonary Recovery; RecoveryPlus.health is a remote coronary rehab platform for heart surgery and such conditions as long COVID and Type 2 diabetes , as well as those at risk. Learn more.",0.7,company_public_web,strong_company_site,round2,yes
RecoveryPlus.health,RecoveryPlus.health,US,US,New York,B,remote_patient_monitoring; chronic_disease_management; internet_healthcare; rehabilitation,round2_company_site,RecoveryPlus.health,https://www.recoveryplus.health/about/,2026-05-14,"Personalized Chronic Care Management and Cardiopulmonary Rehab | RecoveryPlus; Our platform eliminates barriers to care, empowers patients to accelerate their recovery, and improves long-term survival rates at home. Click here for more.",0.7,company_public_web,strong_company_site,round2,yes
RecoveryPlus.health,RecoveryPlus.health,US,US,New York,B,remote_patient_monitoring; chronic_disease_management; internet_healthcare; rehabilitation,round2_company_site,RecoveryPlus.health,https://www.recoveryplus.health/faq/,2026-05-14,"Remote Patient Care & Rehab | FAQ | RecoveryPlus; Our proprietary AI telehealth platform creates a full-service, individualized home-based rehab program that tracks patients’ progress. Click here for more.",0.7,company_public_web,strong_company_site,round2,yes
RecoveryPlus.health,RecoveryPlus.health,US,US,New York,B,remote_patient_monitoring; chronic_disease_management; internet_healthcare; rehabilitation,round2_company_site,RecoveryPlus.health,https://www.recoveryplus.health/for-providers/,2026-05-14,Extend Your Offerings With At-Home Rehab | RecoveryPlus; Don&#039;t settle for ordinary rehab offerings. RecoveryPlus allows healthcare providers the ability to extend healthcare offerings to patients at home. Click here.,0.7,company_public_web,strong_company_site,round2,yes
Omada Health,Omada Health,US,US,San Francisco,C,remote_patient_monitoring; chronic_disease_management; internet_healthcare,round2_seed,round2_seed_companies,https://www.omadahealth.com/,2026-05-14,知名美国数字慢病管理公司,0.3,company_seed_public,seed_only,round2,yes
Omada Health,Omada Health,US,US,San Francisco,B,remote_patient_monitoring; chronic_disease_management; internet_healthcare,round2_company_site,Omada Health,https://www.omadahealth.com/,2026-05-14,Manage Chronic Conditions & Embrace Your Health | Omada Health; Omada is a virtual care solution with personalized chronic disease management programs designed to adapt to every member. Check your eligibility today!,0.7,company_public_web,strong_company_site,round2,yes
Livongo,Livongo chronic care,US,US,Mountain View,C,remote_patient_monitoring; chronic_disease_management,round2_seed,round2_seed_companies,https://www.teladochealth.com/livongo,2026-05-14,知名慢病管理/远程监测公司，后并入 Teladoc Health,0.3,company_seed_public,seed_only,round2,yes
Livongo,Livongo chronic care,US,US,Mountain View,B,remote_patient_monitoring; chronic_disease_management,round2_company_site,Livongo,https://www.teladochealth.com/livongo,2026-05-14,Online Chronic Care Management | Livongo by Teladoc Health; Discover expert-led care for managing your health conditions from Livongo by Teladoc Health,0.7,company_public_web,strong_company_site,round2,yes
Livongo,Livongo chronic care,US,US,Mountain View,B,remote_patient_monitoring; chronic_disease_management; internet_healthcare,round2_company_site,Livongo,https://www.teladochealth.com/newsroom/press/teladoc-health-and-livongo-merge-to-create-new-standard-in-global-healthcare-delivery-access-and-experience,2026-05-14,"Teladoc Health and Livongo Merge to Create New Standard in Global Healthcare Delivery, Access and Experience; The only consumer centered virtual care platform for full spectrum of health needs to address accelerating consumer and client demand Combination of highly complementary leaders in virtual care and chronic condition management uniquely positioned to unlock the full potential of virtual care New high-quality care delivery model creates new category of solutions focused on delivering unrivaled whole-person care for better health outcomes at lower cost Significant quantifiable revenue expansion opportunities increase shareholder value as two of the fastest-growing companies in healthcar",0.7,company_public_web,strong_company_site,round2,yes
Hinge Health,Hinge Health,US,US,San Francisco,C,internet_healthcare; rehabilitation,round2_seed,round2_seed_companies,https://www.hingehealth.com/,2026-05-14,知名数字肌骨康复公司,0.3,company_seed_public,seed_only,round2,yes
Hinge Health,Hinge Health,US,US,San Francisco,B,internet_healthcare; rehabilitation,round2_company_site,Hinge Health,https://www.hingehealth.com/,2026-05-14,Virtual Physical Therapy and More: Personalized Pain Care; The #1 clinic for joint & muscle pain. Join today and take control of your pain with access to our personalized virtual physical therapy program,0.7,company_public_web,strong_company_site,round2,yes
Akili,EndeavorRx; EndeavorOTC,US,US,Boston,C,digital_therapeutics; mental_health,round2_seed,round2_seed_companies,https://www.akiliinteractive.com/,2026-05-14,知名数字疗法/认知治疗公司,0.3,company_seed_public,seed_only,round2,yes
Akili,EndeavorRx; EndeavorOTC,US,US,Boston,B,mental_health,round2_company_site,Akili,https://www.akiliinteractive.com/,2026-05-14,Akili Interactive; Akili Interactive is a prescription digital medicine company combining scientific and clinical rigor with the ingenuity of the tech industry to reinvent medicine.,0.7,company_public_web,strong_company_site,round2,yes
Click Therapeutics,Click Therapeutics platform,US,US,New York,C,digital_therapeutics,round2_seed,round2_seed_companies,https://clicktherapeutics.com/,2026-05-14,知名处方数字疗法公司,0.3,company_seed_public,seed_only,round2,yes
Click Therapeutics,Click Therapeutics platform,US,US,New York,B,digital_therapeutics; samd,round2_company_site,Click Therapeutics,https://www.clicktherapeutics.com/,2026-05-14,Click Therapeutics - Where Science Meets Software; We combine neuroscience with the power of software to create patient-centric digital treatments. Discover our prescription digital therapeutics and software-enhanced drug therapies.,0.7,company_public_web,strong_company_site,round2,yes
Big Health,Sleepio; Daylight,US,US,San Francisco,C,digital_therapeutics; mental_health; sleep_health,round2_seed,round2_seed_companies,https://www.bighealth.com/,2026-05-14,知名睡眠/心理数字疗法公司,0.3,company_seed_public,seed_only,round2,yes
Big Health,Sleepio; Daylight,US,US,San Francisco,B,mental_health; sleep_health,round2_company_site,Big Health,https://www.bighealth.com/,2026-05-14,Mental Health Solutions | Big Health,0.7,company_public_web,strong_company_site,round2,yes
Kaia Health,Kaia Health,US,US,New York,C,rehabilitation,round2_seed,round2_seed_companies,https://www.kaiahealth.com/,2026-05-14,数字肌骨/康复公司,0.3,company_seed_public,seed_only,round2,yes
Kaia Health,Kaia Health,US,US,New York,B,rehabilitation,round2_company_site,Kaia Health,https://kaiahealth.com/,2026-05-14,Digital-First Care for Musculoskeletal Pain | Kaia Health; Access pain relief in the palm of your hand with Kaia Health.,0.7,company_public_web,strong_company_site,round2,yes
Noom,Noom,US,US,New York,C,chronic_disease_management,round2_seed,round2_seed_companies,https://www.noom.com/,2026-05-14,知名体重和慢病行为改变数字健康公司,0.3,company_seed_public,seed_only,round2,yes
Noom,Noom,US,US,New York,B,chronic_disease_management,round2_company_site,Noom,https://www.noom.com/,2026-05-14,知名体重和慢病行为改变数字健康公司,0.7,company_public_web,strong_company_site,round2,yes
Headspace Health,Headspace mental health platform,US,US,Santa Monica,C,internet_healthcare; mental_health,round2_seed,round2_seed_companies,https://organizations.headspace.com/,2026-05-14,知名数字心理健康公司,0.3,company_seed_public,seed_only,round2,yes
Headspace Health,Headspace mental health platform,US,US,Santa Monica,B,internet_healthcare; mental_health,round2_company_site,Headspace Health,https://organizations.headspace.com/,2026-05-14,End-to-End Mental Health Care for Organizations | Headspace,0.7,company_public_web,strong_company_site,round2,yes
Headspace Health,Headspace mental health platform,US,US,Santa Monica,B,internet_healthcare; mental_health,round2_company_site,Headspace Health,https://organizations.headspace.com/headspace-care,2026-05-14,Headspace Care,0.7,company_public_web,strong_company_site,round2,yes
Sidekick Health,Sidekick Health,Europe,IS,Reykjavik,C,digital_therapeutics; chronic_disease_management,round2_seed,round2_seed_companies,https://www.sidekickhealth.com/,2026-05-14,欧洲数字疗法/慢病管理公司,0.3,company_seed_public,seed_only,round2,yes
Sidekick Health,Sidekick Health,Europe,IS,Reykjavik,B,chronic_disease_management,round2_company_site,Sidekick Health,https://www.sidekickhealth.com/,2026-05-14,Sidekick Health: Digital solutions for a healthy future,0.7,company_public_web,strong_company_site,round2,yes
Voluntis,Theraxium,Europe,FR,Paris,C,digital_therapeutics; samd,round2_seed,round2_seed_companies,https://www.aptardigitalhealth.com/,2026-05-14,法国数字疗法公司，后并入 Aptar Digital Health,0.3,company_seed_public,seed_only,round2,yes
Voluntis,Theraxium,Europe,FR,Paris,B,samd,round2_company_site,Voluntis,https://aptardigitalhealth.com/,2026-05-14,"Home | Aptar Digital Health; We are on a mission to enhance the patient experiences, leveraging robust platforms and a team of experts to offer differentiating experiences",0.7,company_public_web,strong_company_site,round2,yes
Orexo digital therapeutics,MODIA; deprexis,Europe,SE,Uppsala,C,digital_therapeutics,round2_seed,round2_seed_companies,https://www.orexo.com/therapeutic-focus/opioid-use-disorder-oud/,2026-05-14,瑞典药企数字疗法业务,0.3,company_seed_public,seed_only,round2,yes
Orexo digital therapeutics,MODIA; deprexis,Europe,SE,Uppsala,B,,round2_company_site,Orexo digital therapeutics,https://www.orexo.com/therapeutic-focus/opioid-use-disorder/,2026-05-14,Opioid use disorder | Orexo,0.7,company_public_web,strong_company_site,round2,yes
Orexo digital therapeutics,MODIA; deprexis,Europe,SE,Uppsala,B,,round2_company_site,Orexo digital therapeutics,https://orexo.com/who-we-are/our-history/,2026-05-14,Our History | Orexo,0.7,company_public_web,strong_company_site,round2,yes
MindMaze,MindMaze neurorehabilitation platform,Europe,CH,Lausanne,C,digital_therapeutics; rehabilitation,round2_seed,round2_seed_companies,https://www.mindmaze.com/,2026-05-14,瑞士神经康复数字健康公司,0.3,company_seed_public,seed_only,round2,yes
MindMaze,MindMaze neurorehabilitation platform,Europe,CH,Lausanne,B,digital_therapeutics; samd; rehabilitation,round2_company_site,MindMaze,https://mindmazetherapeutics.com/,2026-05-14,"Home - MindMaze Therapeutics; We are leaders in the development of innovative neurotherapeutic combinations, encompassing behavior, software, devices, and data",0.7,company_public_web,strong_company_site,round2,yes
Sword Health,Sword Health,Europe,PT,Porto,C,internet_healthcare; rehabilitation,round2_seed,round2_seed_companies,https://swordhealth.com/,2026-05-14,葡萄牙/美国数字肌骨康复公司,0.3,company_seed_public,seed_only,round2,yes
Sword Health,Sword Health,Europe,PT,Porto,B,internet_healthcare; rehabilitation,round2_company_site,Sword Health,https://swordhealth.com/,2026-05-14,"Whole-Person AI Care for pain, prevention & more | Sword Health; Sword delivers AI Care with clinical oversight to prevent pain, support recovery, and promote whole-body health. Trusted by employers and health plans.",0.7,company_public_web,strong_company_site,round2,yes
Ada Health,Ada,Europe,DE,Berlin,C,online_consultation; health_management_platform; patient_engagement,round2_seed,round2_seed_companies,https://ada.com/,2026-05-14,德国 AI 问诊/症状评估公司,0.3,company_seed_public,seed_only,round2,yes
Ada Health,Ada,Europe,DE,Berlin,B,health_management_platform; patient_engagement,round2_company_site,Ada Health,https://ada.com/,2026-05-14,"Health. Powered by Ada.; Hi. We&#x27;re Ada. Our symptom assessment helps people manage their health, and our enterprise solutions help our partners improve health and care. See how we can help you too.",0.7,company_public_web,strong_company_site,round2,yes
Babylon Health,Babylon,Europe,GB,London,C,remote_patient_monitoring; internet_healthcare,round2_seed,round2_seed_companies,https://www.babylonhealth.com/,2026-05-14,英国知名远程医疗平台，历史主体需标记存续状态,0.3,company_seed_public,seed_only,round2,yes
Kry/Livi,Livi,Europe,SE,Stockholm,C,internet_healthcare; online_consultation,round2_seed,round2_seed_companies,https://www.livi.co.uk/,2026-05-14,欧洲在线问诊平台,0.3,company_seed_public,seed_only,round2,yes
Kry/Livi,Livi,Europe,SE,Stockholm,B,internet_healthcare,round2_company_site,Kry/Livi,https://www.livi.co.uk/,2026-05-14,Livi | Building better healthcare for everyone; Livi is Europe’s leading digital healthcare provider. We combine digital technology with clinical expertise to help NHS services and health insurers solve the biggest challenges in healthcare.,0.7,company_public_web,strong_company_site,round2,yes
Doctolib,Doctolib,Europe,FR,Paris,C,remote_patient_monitoring; online_consultation,round2_seed,round2_seed_companies,https://connect.doctolib.com/about-doctolib,2026-05-14,欧洲医疗预约/远程问诊平台,0.3,company_seed_public,seed_only,round2,yes
Doctolib,Doctolib,Europe,FR,Paris,B,,round2_company_site,Doctolib,https://connect.doctolib.com/about-doctolib,2026-05-14,Doctolib | About Us; Doctolib Connect changes internal communication in modern healthcare and promote collaboration across medical institutions.,0.7,company_public_web,strong_company_site,round2,yes
Doctolib,Doctolib,Europe,FR,Paris,B,,round2_company_site,Doctolib,https://info.doctolib.fr/doctolib-teleconsultation/,2026-05-14,"Logiciel de téléconsultation Doctolib | Simplifiez l&#039;accès aux soins; Avec la téléconsultation, améliorez la prise en charge et le suivi de vos patients sans contrainte de déplacement.",0.7,company_public_web,strong_company_site,round2,yes
微医,微医平台,China,CN,杭州,C,internet_healthcare,round2_seed,round2_seed_companies,https://www.guahao.com/,2026-05-14,中国知名互联网医疗平台,0.3,company_seed_public,seed_only,round2,yes
微医,微医平台,China,CN,杭州,B,internet_healthcare,round2_company_site,微医,https://www.guahao.com/,2026-05-14,中国知名互联网医疗平台,0.7,company_public_web,strong_company_site,round2,yes
平安健康,平安健康,China,CN,上海,C,internet_healthcare,round2_seed,round2_seed_companies,https://www.pagd.net/,2026-05-14,中国知名互联网医疗平台,0.3,company_seed_public,seed_only,round2,yes
平安健康,平安健康,China,CN,上海,B,clinical_workflow,round2_company_site,平安健康,https://www.pagd.net/,2026-05-14,平安好医生官方网站; ${description},0.7,company_public_web,strong_company_site,round2,yes
京东健康,京东健康,China,CN,北京,C,internet_healthcare; pharmacy_ecommerce,round2_seed,round2_seed_companies,https://www.jdh.com/,2026-05-14,中国知名互联网医疗/医药电商平台,0.3,company_seed_public,seed_only,round2,yes
京东健康,京东健康,China,CN,北京,B,pharmacy_ecommerce,round2_company_site,京东健康,https://www.jdh.com/,2026-05-14,京东健康官方网站; 京东健康是京东集团旗下专注于医疗健康业务的子集团，2019年5月成立，2020年12月登陆香港联交所，股份代号：6618（港币柜台）和86618（人民币柜台）。京东健康业务范围涉及了健康商品营销与销售、医疗健康服务、企业健康解决方案、智慧医疗解决方案等领域，覆盖医药健康全产业链、医疗全流程、健康全场景、用户全生命周期。,0.7,company_public_web,strong_company_site,round2,yes
阿里健康,阿里健康,China,CN,杭州,C,internet_healthcare; pharmacy_ecommerce,round2_seed,round2_seed_companies,https://www.alihealth.cn/,2026-05-14,中国知名互联网医疗/医药电商平台,0.3,company_seed_public,seed_only,round2,yes
阿里健康,阿里健康,China,CN,杭州,B,pharmacy_ecommerce,round2_company_site,阿里健康,https://www.alihealth.cn/,2026-05-14,阿里健康官网—让医疗健康普惠可及; 阿里健康是阿里巴巴集团整合线上线下医药和健康行业资源，提供一站式医疗解决方案的旗舰平台。依托领先的数字技术和数字运营能力，以“云基建”为基础，“云药房”为核心、“云医院”为引擎，为亿万家庭提供普惠便捷、高效安全的医疗健康服务。,0.7,company_public_web,strong_company_site,round2,yes
丁香园,丁香园,China,CN,杭州,C,health_management_platform; clinical_workflow; patient_engagement,round2_seed,round2_seed_companies,https://www.dxy.cn/,2026-05-14,中国知名医生/医疗健康平台,0.3,company_seed_public,seed_only,round2,yes
丁香园,丁香园,China,CN,杭州,B,health_management_platform; clinical_workflow; patient_engagement,round2_company_site,丁香园,https://www.dxy.cn/,2026-05-14,丁香园_医疗领域的连接者_丁香园生物医药科技网; 丁香园是面向医生、医疗机构、医药从业者以及生命科学领域人士的专业性社会化网络，提供医学、医疗、药学、生命科学等相关领域的交流平台、专业知识、最新科研进展以及技术服务。,0.7,company_public_web,strong_company_site,round2,yes
医联,医联,China,CN,成都,C,chronic_disease_management; internet_healthcare,round2_seed,round2_seed_companies,https://www.medlinker.com/,2026-05-14,成都互联网医疗平台,0.3,company_seed_public,seed_only,round2,yes
医联,医联,China,CN,成都,B,chronic_disease_management; clinical_workflow,round2_company_site,医联,https://www.medlinker.com/index,2026-05-14,未来医生,0.7,company_public_web,strong_company_site,round2,yes
妙手医生,妙手医生,China,CN,北京,C,online_consultation; pharmacy_ecommerce; clinical_workflow,round2_seed,round2_seed_companies,https://www.miaoshou.com/,2026-05-14,中国在线问诊/医药电商平台,0.3,company_seed_public,seed_only,round2,yes
妙手医生,妙手医生,China,CN,北京,B,pharmacy_ecommerce; clinical_workflow,round2_company_site,妙手医生,https://www.miaoshou.com/,2026-05-14,妙手网-圆心大药房-广东圆心恒金堂医药连锁有限公司-放心的网上药店_妙手医生旗下正规网上买药平台; 圆心大药房是经国家药监局认证的合法网上药房和正规网上买药平台，作为妙手医生旗下的正规网上药店，为用户提供专业、优质和便捷的网上买药服务，100%真品保证，圆心大药房是您网上买药的理想选择。,0.7,company_public_web,strong_company_site,round2,yes
健客,健客,China,CN,广州,C,internet_healthcare; pharmacy_ecommerce,round2_seed,round2_seed_companies,https://www.jianke.com/,2026-05-14,中国医药电商/互联网医疗平台,0.3,company_seed_public,seed_only,round2,yes
健客,健客,China,CN,广州,B,pharmacy_ecommerce,round2_company_site,健客,https://www.jianke.com/,2026-05-14,"方舟健客网上药店,经国家药监局认证的合法正规网上药房.方舟健客为您提供方便的网上买药服务,执业医师为您提供24小时健康咨询!网上药店哪个好?买正品药上方舟健客!",0.7,company_public_web,strong_company_site,round2,yes
智云健康,智云健康,China,CN,杭州,C,chronic_disease_management,round2_seed,round2_seed_companies,https://www.cloudr.cn/,2026-05-14,中国慢病管理和数字医疗平台,0.3,company_seed_public,seed_only,round2,yes
智云健康,智云健康,China,CN,杭州,B,chronic_disease_management; internet_healthcare; online_consultation; clinical_workflow,round2_company_site,智云健康,https://www.cloudr.cn/,2026-05-14,"智云健康科技集团; 智云健康是一站式慢病管理与智慧医疗平台,数字健康领导者.旗下包括:医院慢病管理AI系统-智云医汇;链接慢病患者与医生的互联网医院;药店智能处方AI系统-智云问诊.Cloudr is one-stop chronic disease management and smart medical platform, digital health leader. Cloudr",0.7,company_public_web,strong_company_site,round2,yes
圆心科技,圆心科技,China,CN,北京,C,pharmacy_ecommerce; health_management_platform; patient_engagement,round2_seed,round2_seed_companies,https://www.yuanxin.com/,2026-05-14,中国院外患者服务/医药平台,0.3,company_seed_public,seed_only,round2,yes
方舟健客,方舟健客,China,CN,广州,C,chronic_disease_management; internet_healthcare; pharmacy_ecommerce,round2_seed,round2_seed_companies,https://www.jianke.com/,2026-05-14,中国互联网医疗/慢病管理平台,0.3,company_seed_public,seed_only,round2,yes
方舟健客,方舟健客,China,CN,广州,B,pharmacy_ecommerce,round2_company_site,方舟健客,https://www.jianke.com/,2026-05-14,"方舟健客网上药店,经国家药监局认证的合法正规网上药房.方舟健客为您提供方便的网上买药服务,执业医师为您提供24小时健康咨询!网上药店哪个好?买正品药上方舟健客!",0.7,company_public_web,strong_company_site,round2,yes
思派健康,思派健康,China,CN,北京,C,pharmacy_ecommerce; health_management_platform; patient_engagement,round2_seed,round2_seed_companies,https://www.medbanks.cn/,2026-05-14,中国特药和患者管理平台,0.3,company_seed_public,seed_only,round2,yes
思派健康,思派健康,China,CN,北京,B,pharmacy_ecommerce; health_management_platform; patient_engagement,round2_company_site,思派健康,https://www.medbanks.cn/,2026-05-14,中国特药和患者管理平台,0.7,company_public_web,strong_company_site,round2,yes
Teladoc Health,Teladoc Health,US,US,Purchase,C,remote_patient_monitoring; chronic_disease_management; internet_healthcare,round2_seed,round2_seed_companies,https://www.teladochealth.com/,2026-05-14,美国远程医疗平台,0.3,company_seed_public,seed_only,round2,yes
Teladoc Health,Teladoc Health,US,US,Purchase,B,chronic_disease_management; internet_healthcare; mental_health,round2_company_site,Teladoc Health,https://www.teladochealth.com/,2026-05-14,"Teladoc Health | Virtual Care, Telehealth & Expert Medical Support; Get 24/7 access to doctors, mental health support and specialty care with virtual healthcare and telehealth solutions for individuals and organizations from Teladoc Health.",0.7,company_public_web,strong_company_site,round2,yes
Amwell,Amwell platform,US,US,Boston,C,remote_patient_monitoring; internet_healthcare,round2_seed,round2_seed_companies,https://business.amwell.com/,2026-05-14,美国远程医疗平台,0.3,company_seed_public,seed_only,round2,yes
Amwell,Amwell platform,US,US,Boston,B,internet_healthcare,round2_company_site,Amwell,https://business.amwell.com/,2026-05-14,"Your Partner in Care Delivery | Amwell; Discover how Amwell supports payers and providers with a seamless technology-based platform, improving access to care across programs and partners.",0.7,company_public_web,strong_company_site,round2,yes
Virta Health,Virta Health,US,US,Denver,C,chronic_disease_management; internet_healthcare,round2_seed,round2_seed_companies,https://www.virtahealth.com/,2026-05-14,美国糖尿病/代谢慢病虚拟诊疗公司,0.3,company_seed_public,seed_only,round2,yes
Virta Health,Virta Health,US,US,Denver,B,chronic_disease_management; internet_healthcare,round2_company_site,Virta Health,https://www.virtahealth.com/,2026-05-14,Sustainable Weight Loss and Diabetes Reversal | Virta Health,0.7,company_public_web,strong_company_site,round2,yes
Biofourmis,Biofourmis,US,US,Boston,C,digital_therapeutics; remote_patient_monitoring; internet_healthcare,round2_seed,round2_seed_companies,https://www.biofourmis.com/,2026-05-14,远程监测和数字医学公司,0.3,company_seed_public,seed_only,round2,yes
Biofourmis,Biofourmis,US,US,Boston,B,digital_therapeutics; remote_patient_monitoring; internet_healthcare,round2_company_site,Biofourmis,https://biofourmis.com/,2026-05-14,Biofourmis | Revolutionize the delivery of care,0.7,company_public_web,strong_company_site,round2,yes
Current Health,Current Health,Europe,GB,Edinburgh,C,remote_patient_monitoring,round2_seed,round2_seed_companies,https://currenthealth.com/,2026-05-14,英国远程患者监测公司,0.3,company_seed_public,seed_only,round2,yes
Current Health,Current Health,Europe,GB,Edinburgh,B,remote_patient_monitoring,round2_company_site,Current Health,https://currenthealth.com/,2026-05-14,"Current Health; Current Health provides the clinical and operational infrastructure that makes advanced therapies and complex care safe, scalable, and accessible in community and home settings.",0.7,company_public_web,strong_company_site,round2,yes
WellDoc,BlueStar,US,US,Columbia,C,digital_therapeutics; chronic_disease_management,round2_seed,round2_seed_companies,https://www.welldoc.com/,2026-05-14,美国糖尿病数字疗法公司,0.3,company_seed_public,seed_only,round2,yes
WellDoc,BlueStar,US,US,Columbia,B,chronic_disease_management,round2_company_site,WellDoc,https://www.welldoc.com/,2026-05-14,Welldoc | Healthcare-Ready AI,0.7,company_public_web,strong_company_site,round2,yes
AppliedVR,RelieVRx,US,US,Los Angeles,C,digital_therapeutics,round2_seed,round2_seed_companies,https://www.appliedvr.io/,2026-05-14,VR 数字疗法/疼痛管理公司,0.3,company_seed_public,seed_only,round2,yes
AppliedVR,RelieVRx,US,US,Los Angeles,B,samd,round2_company_site,AppliedVR,https://www.appliedvr.io/,2026-05-14,AppliedVR,0.7,company_public_web,strong_company_site,round2,yes
MedRhythms,MR-001,US,US,Portland,C,digital_therapeutics; rehabilitation,round2_seed,round2_seed_companies,https://www.medrhythms.com/,2026-05-14,神经康复数字疗法公司,0.3,company_seed_public,seed_only,round2,yes
MedRhythms,MR-001,US,US,Portland,B,rehabilitation,round2_company_site,MedRhythms,https://medrhythms.com/,2026-05-14,Next-Generation Neurotherapeutics to Support Walking | MedRhythms; MedRhythms develops next-generation neurotherapeutics and medical devices that deliver rhythmic auditory stimulation (RAS) to support walking,0.7,company_public_web,strong_company_site,round2,yes
Woebot Health,Woebot,US,US,San Francisco,C,digital_therapeutics; mental_health,round2_seed,round2_seed_companies,https://woebothealth.com/,2026-05-14,数字心理健康公司,0.3,company_seed_public,seed_only,round2,yes
Woebot Health,Woebot,US,US,San Francisco,B,digital_therapeutics,round2_company_site,Woebot Health,https://woebothealth.com/,2026-05-14,Woebot Health; 🚀 Pioneering chat-based AI wellness solutions since 2017.,0.7,company_public_web,strong_company_site,round2,yes
Lark Health,Lark Health,US,US,Mountain View,C,chronic_disease_management,round2_seed,round2_seed_companies,https://www.lark.com/,2026-05-14,AI 慢病管理公司,0.3,company_seed_public,seed_only,round2,yes
Lark Health,Lark Health,US,US,Mountain View,B,chronic_disease_management,round2_company_site,Lark Health,https://www.lark.com/,2026-05-14,Lark Health: Digital Coaching for Diabetes & Weight,0.7,company_public_web,strong_company_site,round2,yes
Glooko,Glooko,US,US,Palo Alto,C,remote_patient_monitoring; chronic_disease_management,round2_seed,round2_seed_companies,https://glooko.com/,2026-05-14,糖尿病数据和远程监测平台,0.3,company_seed_public,seed_only,round2,yes
Glooko,Glooko,US,US,Palo Alto,B,remote_patient_monitoring; chronic_disease_management,round2_company_site,Glooko,https://glooko.com/,2026-05-14,"Leading Diabetes Management Platform | Glooko; Glooko connects patients, providers, and devices to simplify diabetes care, streamline workflows, and deliver measurable health outcomes.",0.7,company_public_web,strong_company_site,round2,yes
mySugr,mySugr,Europe,AT,Vienna,C,samd; chronic_disease_management,round2_seed,round2_seed_companies,https://www.mysugr.com/,2026-05-14,欧洲糖尿病管理 App,0.3,company_seed_public,seed_only,round2,yes
mySugr,mySugr,Europe,AT,Vienna,B,samd; chronic_disease_management,round2_company_site,mySugr,https://www.mysugr.com/en,2026-05-14,"Welcome to mySugr - simplifying life with diabetes | mySugr; The mySugr app stores all your diabetes data from devices, integrations, and manual entries in one place—simple, smart, and convenient.",0.7,company_public_web,strong_company_site,round2,yes
Oviva,Oviva,Europe,CH,Zurich,C,chronic_disease_management,round2_seed,round2_seed_companies,https://oviva.com/,2026-05-14,欧洲数字营养/慢病管理公司,0.3,company_seed_public,seed_only,round2,yes
Oviva,Oviva,Europe,CH,Zurich,B,chronic_disease_management,round2_company_site,Oviva,https://oviva.com/global/en/,2026-05-14,"Markets | Oviva Group | Join us; Nutritional counseling that is personalized, tailored to you and digitally accompanied: Oviva helps you change your habits to improve your health long term.",0.7,company_public_web,strong_company_site,round2,yes
Infermedica,Infermedica,Europe,PL,Wroclaw,C,,round2_seed,round2_seed_companies,https://infermedica.com/,2026-05-14,欧洲症状评估/分诊平台,0.3,company_seed_public,seed_only,round2,yes
Infermedica,Infermedica,Europe,PL,Wroclaw,B,clinical_workflow,round2_company_site,Infermedica,https://infermedica.com/,2026-05-14,"Infermedica&#x27;s clinical AI triage for accurate patient care navigation; Clinical AI triage that guides patients to the right care via chat, voice, or call center. Built by clinicians trusted by patients.",0.7,company_public_web,strong_company_site,round2,yes
HelloBetter,HelloBetter,Europe,DE,Hamburg,C,digital_therapeutics; mental_health,round2_seed,round2_seed_companies,https://hellobetter.de/,2026-05-14,德国 DiGA/心理数字疗法公司,0.3,company_seed_public,seed_only,round2,yes
Cara Care,Cara Care,Europe,DE,Berlin,C,chronic_disease_management,round2_seed,round2_seed_companies,https://cara.care/,2026-05-14,德国消化疾病数字健康/DiGA 公司,0.3,company_seed_public,seed_only,round2,yes
Cara Care,Cara Care,Europe,DE,Berlin,B,chronic_disease_management,round2_company_site,Cara Care,https://cara.care/,2026-05-14,"Cara Care – Hilfe bei Reizdarm | Digitale Therapie per Rezept; Reizdarm, Blähungen, Bauchschmerzen oder Durchfall? Cara Care für Reizdarm bietet eine digitale Therapie, die wissenschaftlich geprüft ist und per ärztlicher Verschreibung genutzt wird. Erhalte Hilfe, die zu dir passt.",0.7,company_public_web,strong_company_site,round2,yes
好大夫在线,好大夫在线,China,CN,北京,C,online_consultation,round2_seed,round2_seed_companies,https://www.haodf.com/,2026-05-14,中国在线问诊平台,0.3,company_seed_public,seed_only,round2,yes
好大夫在线,好大夫在线,China,CN,北京,B,samd,round2_company_site,好大夫在线,https://www.haodf.com/,2026-05-14,�ô������-�����淽�㣡; �ô��������¼ȫ��1����ҽԺ��92��ҽ����ҽ����ͣ����Ϣ��ʱ���߲�ѯ��30����ҽԺҽ��ע�ᡢ��֤����ͨ���ѵġ����������ҽ���������߽�������ڼ�Ҳ�ܿ�ר�ң����ϴ���������ҩ����ҩƷ���͵��ҡ���ͥҽ�������ջ�����챨��ר�ҽ��������רҵ�ķ����ͽ��顣������ҽԺ��ר�Һţ�һ�����󣬹Һ��ѣ��ô����վ��APP����ѼӺţ��û������ɿ��ϴ�ר�ң�����ͨ����ů�ľ�ҽ��ɫͨ�����ô�����ߣ������淽�㣡,0.7,company_public_web,strong_company_site,round2,yes
春雨医生,春雨医生,China,CN,北京,C,online_consultation; clinical_workflow,round2_seed,round2_seed_companies,https://www.chunyuyisheng.com/,2026-05-14,中国在线问诊平台,0.3,company_seed_public,seed_only,round2,yes
春雨医生,春雨医生,China,CN,北京,B,clinical_workflow,round2_company_site,春雨医生,https://www.chunyuyisheng.com/,2026-05-14,春雨医生-在线咨询医生,0.7,company_public_web,strong_company_site,round2,yes
叮当快药,叮当快药,China,CN,北京,C,internet_healthcare; pharmacy_ecommerce,round2_seed,round2_seed_companies,https://www.ddky.com/,2026-05-14,中国医药电商/互联网医疗平台,0.3,company_seed_public,seed_only,round2,yes
叮当快药,叮当快药,China,CN,北京,B,pharmacy_ecommerce,round2_company_site,叮当快药,https://www.ddky.com/,2026-05-14,手机买药上叮当快药，28分钟送到家,0.7,company_public_web,strong_company_site,round2,yes
微脉,微脉,China,CN,杭州,C,internet_healthcare; health_management_platform; patient_engagement,round2_seed,round2_seed_companies,https://www.myweimai.com/,2026-05-14,杭州互联网医疗/患者服务平台,0.3,company_seed_public,seed_only,round2,yes
微脉,微脉,China,CN,杭州,B,health_management_platform; patient_engagement,round2_company_site,微脉,https://www.myweimai.com/,2026-05-14,专科频道,0.7,company_public_web,strong_company_site,round2,yes
健康160,健康160,China,CN,深圳,C,samd; internet_healthcare,round2_seed,round2_seed_companies,https://www.91160.com/,2026-05-14,深圳互联网医疗服务平台,0.3,company_seed_public,seed_only,round2,yes
