companyName,aliases,region,country,city,categories,tier,website,primaryEvidenceUrl,productCount,evidenceCount,aiUseCases,aiFitScore,marketExpansionScore,financingLiftScore,commercializationScore,dataReadinessScore,evidenceQualityScore,opportunityScore,scoreReasons,gaps
RecoveryPlus.health,Recovery Plus USA Inc; Recovery Plus,US,US,New York,chronic_disease_management; internet_healthcare; rehabilitation; remote_patient_monitoring,B,https://www.recoveryplus.health/,https://www.recoveryplus.health/about/,2,5,远程监测风险分层与异常预警; 慢病管理 AI 教练与个性化随访; 康复计划生成、动作/依从性反馈与 care manager copilot; 在线问诊分诊、问答和医患服务自动化,30,19,10,9,8,9,85,远程监测适合风险分层和异常预警; 慢病管理具备个性化随访和 AI 教练空间; 康复产品可用 AI 降低人力交付成本; 互联网医疗平台有问诊分诊和服务自动化空间; 已有官网/产品页信号,financing
"Teladoc Health, Inc.",Teladoc Health,US,US,Purchase,chronic_disease_management; internet_healthcare; mental_health; remote_patient_monitoring,B,https://www.teladochealth.com/,https://www.sec.gov/edgar/browse/?CIK=1477449,1,4,远程监测风险分层与异常预警; 慢病管理 AI 教练与个性化随访; 心理/睡眠分层干预与对话式支持; 医生工作流、病历摘要和临床文档自动化; 在线问诊分诊、问答和医患服务自动化,30,16,10,7,8,8,79,远程监测适合风险分层和异常预警; 慢病管理具备个性化随访和 AI 教练空间; 互联网医疗平台有问诊分诊和服务自动化空间; 已有官网/产品页信号,financing; company_site_evidence
医联,Medlinker,China,CN,成都,chronic_disease_management; clinical_workflow; internet_healthcare,B,https://www.medlinker.com/,https://www.medlinker.com/,2,2,慢病管理 AI 教练与个性化随访; 医生工作流、病历摘要和临床文档自动化; 在线问诊分诊、问答和医患服务自动化,26,18,10,8,7,6,75,慢病管理具备个性化随访和 AI 教练空间; 临床工作流可通过文档/决策辅助提效; 互联网医疗平台有问诊分诊和服务自动化空间; 已有官网/产品页信号,financing
深圳市理邦精密仪器股份有限公司,,China,CN,深圳,clinical_workflow; remote_patient_monitoring; samd,A,,https://udi.nmpa.gov.cn/showDetailCX.html?deviceRecordKey=069444138319332023122702190811,12,24,远程监测风险分层与异常预警; 医生工作流、病历摘要和临床文档自动化,30,12,12,3,8,10,75,远程监测适合风险分层和异常预警; 临床工作流可通过文档/决策辅助提效; 有监管/官方目录证据,website; financing; company_site_evidence
天津致远慧图科技有限公司,,China,CN,,chronic_disease_management; rehabilitation; remote_patient_monitoring; samd,A,,https://udi.nmpa.gov.cn/showDetailCX.html?deviceRecordKey=0697549021014420230320104547712,2,4,远程监测风险分层与异常预警; 慢病管理 AI 教练与个性化随访; 康复计划生成、动作/依从性反馈与 care manager copilot,30,12,15,1,6,9,73,远程监测适合风险分层和异常预警; 慢病管理具备个性化随访和 AI 教练空间; 康复产品可用 AI 降低人力交付成本; 有监管/官方目录证据,website; financing; company_site_evidence
武汉兰丁智能医学股份有限公司,,China,CN,,clinical_workflow; remote_patient_monitoring; samd,A,,https://udi.nmpa.gov.cn/showDetailCX.html?deviceRecordKey=06975866142710202507090242481,4,8,远程监测风险分层与异常预警; 医生工作流、病历摘要和临床文档自动化,30,11,12,2,8,9,72,远程监测适合风险分层和异常预警; 临床工作流可通过文档/决策辅助提效; 有监管/官方目录证据,website; financing; company_site_evidence
上海联影智能科技股份有限公司,,China,CN,上海,clinical_workflow; health_management_platform; patient_engagement; samd,A,,https://udi.nmpa.gov.cn/showDetailCX.html?deviceRecordKey=0697419760002920220614032338768,16,32,医生工作流、病历摘要和临床文档自动化; 患者互动、留存和健康行为 nudging,28,10,12,3,7,10,70,临床工作流可通过文档/决策辅助提效; 有监管/官方目录证据,website; financing; company_site_evidence
智云健康,ClouDr,China,CN,杭州,chronic_disease_management; clinical_workflow; internet_healthcare; online_consultation,B,https://www.cloudr.cn/,https://www.cloudr.cn/,1,2,慢病管理 AI 教练与个性化随访; 医生工作流、病历摘要和临床文档自动化; 在线问诊分诊、问答和医患服务自动化,25,18,10,4,7,6,70,慢病管理具备个性化随访和 AI 教练空间; 临床工作流可通过文档/决策辅助提效; 互联网医疗平台有问诊分诊和服务自动化空间; 已有官网/产品页信号,financing; company_site_evidence
Livongo,Livongo Health; Teladoc Health chronic care,US,US,Mountain View,chronic_disease_management; internet_healthcare; remote_patient_monitoring,B,https://www.teladochealth.com/livongo,https://www.teladochealth.com/livongo,1,3,远程监测风险分层与异常预警; 慢病管理 AI 教练与个性化随访; 在线问诊分诊、问答和医患服务自动化,20,15,10,9,8,7,69,远程监测适合风险分层和异常预警; 慢病管理具备个性化随访和 AI 教练空间; 互联网医疗平台有问诊分诊和服务自动化空间; 已有官网/产品页信号,financing
"Omada Health, Inc.",Omada Health,US,US,San Francisco,chronic_disease_management; internet_healthcare; remote_patient_monitoring,B,https://www.omadahealth.com/,https://www.sec.gov/edgar/browse/?CIK=1611115,1,3,远程监测风险分层与异常预警; 慢病管理 AI 教练与个性化随访; 在线问诊分诊、问答和医患服务自动化,25,15,7,7,8,7,69,远程监测适合风险分层和异常预警; 慢病管理具备个性化随访和 AI 教练空间; 互联网医疗平台有问诊分诊和服务自动化空间; 已有官网/产品页信号,financing; company_site_evidence
北京品驰医疗设备股份有限公司,,China,CN,北京,clinical_workflow; remote_patient_monitoring; samd,A,,https://udi.nmpa.gov.cn/showDetailCX.html?deviceRecordKey=0695980960560920250409110149243,3,6,远程监测风险分层与异常预警; 医生工作流、病历摘要和临床文档自动化,29,10,9,2,8,10,68,远程监测适合风险分层和异常预警; 临床工作流可通过文档/决策辅助提效; 有监管/官方目录证据,website; financing; company_site_evidence
深圳市埃微医疗信息技术有限公司,,China,CN,深圳,clinical_workflow; remote_patient_monitoring; samd,A,,https://udi.nmpa.gov.cn/showDetailCX.html?deviceRecordKey=0697996622005720260407052252779,6,12,远程监测风险分层与异常预警; 医生工作流、病历摘要和临床文档自动化,25,12,9,3,8,10,67,远程监测适合风险分层和异常预警; 临床工作流可通过文档/决策辅助提效; 有监管/官方目录证据,website; financing; company_site_evidence
上海镜影信息科技有限公司,,China,CN,上海,clinical_workflow; remote_patient_monitoring; samd,A,,https://udi.nmpa.gov.cn/showDetailCX.html?deviceRecordKey=0697755044001020260417012010264,2,4,远程监测风险分层与异常预警; 医生工作流、病历摘要和临床文档自动化,28,10,9,1,8,10,66,远程监测适合风险分层和异常预警; 临床工作流可通过文档/决策辅助提效; 有监管/官方目录证据,website; financing; company_site_evidence
华思（天津）医疗健康管理有限公司,,China,CN,,health_management_platform; remote_patient_monitoring; samd,A,,https://udi.nmpa.gov.cn/showDetailCX.html?deviceRecordKey=0697452953104520250828052918072,19,19,远程监测风险分层与异常预警,22,13,12,3,6,9,65,远程监测适合风险分层和异常预警; 有监管/官方目录证据,website; financing; company_site_evidence
景昱医疗科技（苏州）股份有限公司,,China,CN,,clinical_workflow; online_consultation; remote_patient_monitoring; samd,A,,https://udi.nmpa.gov.cn/showDetailCX.html?deviceRecordKey=0697037781066020250718070235628,1,2,远程监测风险分层与异常预警; 医生工作流、病历摘要和临床文档自动化; 在线问诊分诊、问答和医患服务自动化,30,9,9,0,10,7,65,远程监测适合风险分层和异常预警; 临床工作流可通过文档/决策辅助提效; 有监管/官方目录证据,website; financing; company_site_evidence
北京至真互联网技术有限公司,,China,CN,北京,chronic_disease_management; clinical_workflow; samd,A,,https://udi.nmpa.gov.cn/showDetailCX.html?deviceRecordKey=0697508757001920221110021746316,1,2,慢病管理 AI 教练与个性化随访; 医生工作流、病历摘要和临床文档自动化,25,14,12,0,5,8,64,慢病管理具备个性化随访和 AI 教练空间; 临床工作流可通过文档/决策辅助提效; 有监管/官方目录证据,website; financing; company_site_evidence
成都云卫康医疗科技有限公司,,China,CN,成都,remote_patient_monitoring; samd; sleep_health,A,,https://udi.nmpa.gov.cn/showDetailCX.html?deviceRecordKey=MA.156.M0.101195.0YWK0033202403220556523,6,6,远程监测风险分层与异常预警; 心理/睡眠分层干预与对话式支持,27,7,12,2,6,10,64,远程监测适合风险分层和异常预警; 有监管/官方目录证据,website; financing; company_site_evidence
深圳星康医疗科技有限公司,,China,CN,深圳,clinical_workflow; remote_patient_monitoring; samd,A,,https://udi.nmpa.gov.cn/showDetailCX.html?deviceRecordKey=0697521590151720260512042339217,1,2,远程监测风险分层与异常预警; 医生工作流、病历摘要和临床文档自动化,27,9,12,0,8,8,64,远程监测适合风险分层和异常预警; 临床工作流可通过文档/决策辅助提效; 有监管/官方目录证据,website; financing; company_site_evidence
"Abbott Diabetes Care, Inc.",Abbott Diabetes Care,US,US,Alameda,chronic_disease_management; remote_patient_monitoring,A,,https://www.accessdata.fda.gov/scripts/cdrh/cfdocs/cfpmn/pmn.cfm?id=K060768,10,10,远程监测风险分层与异常预警; 慢病管理 AI 教练与个性化随访,23,13,8,3,6,10,63,远程监测适合风险分层和异常预警; 慢病管理具备个性化随访和 AI 教练空间; 有监管/官方目录证据,website; financing; company_site_evidence
腾讯医疗健康（深圳）有限公司,,China,CN,深圳,clinical_workflow; mental_health; samd,A,,https://udi.nmpa.gov.cn/showDetailCX.html?deviceRecordKey=0697541034009820250217120028629,3,5,心理/睡眠分层干预与对话式支持; 医生工作流、病历摘要和临床文档自动化,26,9,12,1,5,10,63,临床工作流可通过文档/决策辅助提效; 有监管/官方目录证据,website; financing; company_site_evidence
英国雅培糖尿病护理公司,,China,CN,,chronic_disease_management; remote_patient_monitoring,A,,https://udi.nmpa.gov.cn/showDetailCX.html?deviceRecordKey=0502179100284920241010051926155,13,13,远程监测风险分层与异常预警; 慢病管理 AI 教练与个性化随访,23,14,8,3,6,9,63,远程监测适合风险分层和异常预警; 慢病管理具备个性化随访和 AI 教练空间; 有监管/官方目录证据,website; financing; company_site_evidence
"ACON Laboratories, Inc.",,US,US,San Diego,chronic_disease_management; remote_patient_monitoring; samd,A,,https://www.accessdata.fda.gov/scripts/cdrh/cfdocs/cfpmn/pmn.cfm?id=K101371,1,1,远程监测风险分层与异常预警; 慢病管理 AI 教练与个性化随访,25,11,12,0,6,7,61,远程监测适合风险分层和异常预警; 慢病管理具备个性化随访和 AI 教练空间; 有监管/官方目录证据,website; financing; company_site_evidence
"Agamatrix, Inc.",,US,US,Salem,chronic_disease_management; remote_patient_monitoring; samd,A,,https://www.accessdata.fda.gov/scripts/cdrh/cfdocs/cfpmn/pmn.cfm?id=K103544,1,1,远程监测风险分层与异常预警; 慢病管理 AI 教练与个性化随访,25,11,12,0,6,7,61,远程监测适合风险分层和异常预警; 慢病管理具备个性化随访和 AI 教练空间; 有监管/官方目录证据,website; financing; company_site_evidence
纳龙健康科技股份有限公司,,China,CN,,remote_patient_monitoring; samd,A,,https://udi.nmpa.gov.cn/showDetailCX.html?deviceRecordKey=0697614113017020260424042209895,6,12,远程监测风险分层与异常预警,22,9,12,3,6,9,61,远程监测适合风险分层和异常预警; 有监管/官方目录证据,website; financing; company_site_evidence
Biofourmis,,US,US,Boston,digital_therapeutics; internet_healthcare; remote_patient_monitoring,B,https://www.biofourmis.com/,https://www.biofourmis.com/,2,2,远程监测风险分层与异常预警; 在线问诊分诊、问答和医患服务自动化,20,10,8,8,8,6,60,远程监测适合风险分层和异常预警; 互联网医疗平台有问诊分诊和服务自动化空间; 已有官网/产品页信号,financing
Glooko,,US,US,Palo Alto,chronic_disease_management; remote_patient_monitoring,B,https://glooko.com/,https://glooko.com/,1,2,远程监测风险分层与异常预警; 慢病管理 AI 教练与个性化随访,20,14,10,4,6,6,60,远程监测适合风险分层和异常预警; 慢病管理具备个性化随访和 AI 教练空间; 已有官网/产品页信号,financing; company_site_evidence
上海鹰瞳医疗科技有限公司,,China,CN,上海,chronic_disease_management; clinical_workflow; samd,A,,https://udi.nmpa.gov.cn/showDetailCX.html?deviceRecordKey=0697492288000920211219105757265,1,1,慢病管理 AI 教练与个性化随访; 医生工作流、病历摘要和临床文档自动化,25,8,15,0,5,7,60,慢病管理具备个性化随访和 AI 教练空间; 临床工作流可通过文档/决策辅助提效; 有监管/官方目录证据,website; financing; company_site_evidence
山东正心医疗科技有限公司,,China,CN,,clinical_workflow; remote_patient_monitoring,A,,https://udi.nmpa.gov.cn/showDetailCX.html?deviceRecordKey=0697246767051220240530041724743,12,24,远程监测风险分层与异常预警; 医生工作流、病历摘要和临床文档自动化,20,12,8,3,8,9,60,远程监测适合风险分层和异常预警; 临床工作流可通过文档/决策辅助提效; 有监管/官方目录证据,website; financing; company_site_evidence
深圳硅基智能科技有限公司,,China,CN,深圳,chronic_disease_management; clinical_workflow; samd,A,,https://udi.nmpa.gov.cn/showDetailCX.html?deviceRecordKey=0697524021000420220706052022106,1,1,慢病管理 AI 教练与个性化随访; 医生工作流、病历摘要和临床文档自动化,25,8,15,0,5,7,60,慢病管理具备个性化随访和 AI 教练空间; 临床工作流可通过文档/决策辅助提效; 有监管/官方目录证据,website; financing; company_site_evidence
Amwell,American Well,US,US,Boston,internet_healthcare; remote_patient_monitoring,B,https://business.amwell.com/,https://business.amwell.com/,1,2,远程监测风险分层与异常预警; 在线问诊分诊、问答和医患服务自动化,19,13,7,6,8,6,59,远程监测适合风险分层和异常预警; 互联网医疗平台有问诊分诊和服务自动化空间; 已有官网/产品页信号,financing; company_site_evidence
"Hinge Health, Inc.",Hinge Health,US,US,San Francisco,internet_healthcare; rehabilitation,B,https://www.hingehealth.com/,https://www.sec.gov/edgar/browse/?CIK=1673743,1,3,康复计划生成、动作/依从性反馈与 care manager copilot; 在线问诊分诊、问答和医患服务自动化,16,18,6,7,5,7,59,康复产品可用 AI 降低人力交付成本; 互联网医疗平台有问诊分诊和服务自动化空间; 已有官网/产品页信号,financing; company_site_evidence
方舟健客,方舟云康; Jianke,China,CN,广州,chronic_disease_management; internet_healthcare; pharmacy_ecommerce,B,https://www.jianke.com/,https://www.jianke.com/,1,2,慢病管理 AI 教练与个性化随访; 在线问诊分诊、问答和医患服务自动化; 用药咨询、处方/复购推荐和药事服务自动化,20,17,6,4,5,6,58,慢病管理具备个性化随访和 AI 教练空间; 互联网医疗平台有问诊分诊和服务自动化空间; 已有官网/产品页信号,financing; company_site_evidence
Mindmaze SA,MindMaze,Europe,CH,Lausanne,digital_therapeutics; rehabilitation; samd,A,https://www.mindmaze.com/,https://www.accessdata.fda.gov/scripts/cdrh/cfdocs/cfpmn/pmn.cfm?id=K173931,4,4,康复计划生成、动作/依从性反馈与 care manager copilot,19,6,11,9,3,9,57,康复产品可用 AI 降低人力交付成本; 已有官网/产品页信号; 有监管/官方目录证据,financing
北京致远慧图科技有限公司,,China,CN,北京,chronic_disease_management; clinical_workflow; samd,A,,https://udi.nmpa.gov.cn/showDetailCX.html?deviceRecordKey=0697516973001020220120030704594,1,1,慢病管理 AI 教练与个性化随访; 医生工作流、病历摘要和临床文档自动化,25,8,12,0,5,7,57,慢病管理具备个性化随访和 AI 教练空间; 临床工作流可通过文档/决策辅助提效; 有监管/官方目录证据,website; financing; company_site_evidence
妙手医生,妙手; Miaoshou Doctor,China,CN,北京,clinical_workflow; online_consultation; pharmacy_ecommerce,B,https://www.miaoshou.com/,https://www.miaoshou.com/,1,2,医生工作流、病历摘要和临床文档自动化; 在线问诊分诊、问答和医患服务自动化; 用药咨询、处方/复购推荐和药事服务自动化,22,11,7,4,7,6,57,临床工作流可通过文档/决策辅助提效; 已有官网/产品页信号,financing; company_site_evidence
长沙爱孕记医疗科技有限公司,,China,CN,,remote_patient_monitoring; samd,A,,https://udi.nmpa.gov.cn/showDetailCX.html?deviceRecordKey=273c8003f6164690916f8a3fdc31996c,3,6,远程监测风险分层与异常预警,21,7,12,2,6,9,57,远程监测适合风险分层和异常预警; 有监管/官方目录证据,website; financing; company_site_evidence
Doctolib,,Europe,FR,Paris,online_consultation; remote_patient_monitoring,B,https://www.doctolib.fr/,https://connect.doctolib.com/about-doctolib,1,3,远程监测风险分层与异常预警; 医生工作流、病历摘要和临床文档自动化; 在线问诊分诊、问答和医患服务自动化,19,6,7,9,8,7,56,远程监测适合风险分层和异常预警; 已有官网/产品页信号,financing
平安健康,平安好医生; Ping An Good Doctor,China,CN,上海,clinical_workflow; internet_healthcare,B,https://www.pagd.net/,https://www.pagd.net/,1,2,医生工作流、病历摘要和临床文档自动化; 在线问诊分诊、问答和医患服务自动化,19,13,7,4,7,6,56,临床工作流可通过文档/决策辅助提效; 互联网医疗平台有问诊分诊和服务自动化空间; 已有官网/产品页信号,financing; company_site_evidence
苏州体素信息科技有限公司,,China,CN,,chronic_disease_management; clinical_workflow; samd,A,,https://udi.nmpa.gov.cn/showDetailCX.html?deviceRecordKey=0697517062001020221026035231561,1,1,慢病管理 AI 教练与个性化随访; 医生工作流、病历摘要和临床文档自动化,25,8,12,0,5,6,56,慢病管理具备个性化随访和 AI 教练空间; 临床工作流可通过文档/决策辅助提效; 有监管/官方目录证据,website; financing; company_site_evidence
"Corventis, Inc.",,US,US,San Jose,health_management_platform; patient_engagement; remote_patient_monitoring,A,,https://www.accessdata.fda.gov/scripts/cdrh/cfdocs/cfpmn/pmn.cfm?id=K090696,2,2,远程监测风险分层与异常预警; 患者互动、留存和健康行为 nudging,21,10,8,0,8,8,55,远程监测适合风险分层和异常预警; 有监管/官方目录证据,website; financing; company_site_evidence
Voluntis Sa.,Voluntis; Aptar Digital Health; Theraxium,Europe,FR,Paris,chronic_disease_management; digital_therapeutics; samd,A,https://www.aptardigitalhealth.com/,https://www.accessdata.fda.gov/scripts/cdrh/cfdocs/cfpmn/pmn.cfm?id=K170669,3,3,慢病管理 AI 教练与个性化随访,19,5,11,9,3,8,55,慢病管理具备个性化随访和 AI 教练空间; 已有官网/产品页信号; 有监管/官方目录证据,financing
合肥合滨智能机器人有限公司,,China,CN,,clinical_workflow; remote_patient_monitoring,A,,https://udi.nmpa.gov.cn/showDetailCX.html?deviceRecordKey=0697545144001620240327110556534,1,2,远程监测风险分层与异常预警; 医生工作流、病历摘要和临床文档自动化,22,9,8,0,8,7,54,远程监测适合风险分层和异常预警; 临床工作流可通过文档/决策辅助提效; 有监管/官方目录证据,website; financing; company_site_evidence
Headspace Health,Headspace; Ginger,US,US,Santa Monica,internet_healthcare; mental_health,B,https://organizations.headspace.com/,https://organizations.headspace.com/,1,3,心理/睡眠分层干预与对话式支持; 在线问诊分诊、问答和医患服务自动化,16,9,6,9,5,7,52,互联网医疗平台有问诊分诊和服务自动化空间; 已有官网/产品页信号,financing
春雨医生,Chunyu Doctor,China,CN,北京,clinical_workflow; online_consultation,B,https://www.chunyuyisheng.com/,https://www.chunyuyisheng.com/,1,2,医生工作流、病历摘要和临床文档自动化; 在线问诊分诊、问答和医患服务自动化,19,9,7,4,7,6,52,临床工作流可通过文档/决策辅助提效; 已有官网/产品页信号,financing; company_site_evidence
"Big Health, Inc.",Big Health; Sleepio; Daylight,US,US,San Francisco,digital_therapeutics; mental_health; sleep_health,A,https://www.bighealth.com/,https://www.accessdata.fda.gov/scripts/cdrh/cfdocs/cfpmn/pmn.cfm?id=K233577,3,5,心理/睡眠分层干预与对话式支持,18,6,8,7,3,9,51,已有官网/产品页信号; 有监管/官方目录证据,financing; company_site_evidence
丁香园,DXY,China,CN,杭州,clinical_workflow; health_management_platform; patient_engagement,B,https://www.dxy.cn/,https://www.dxy.cn/,1,2,医生工作流、病历摘要和临床文档自动化; 患者互动、留存和健康行为 nudging,20,7,7,4,7,6,51,临床工作流可通过文档/决策辅助提效; 已有官网/产品页信号,financing; company_site_evidence
广州安必平医药科技股份有限公司,,China,CN,广州,clinical_workflow; samd,A,,https://udi.nmpa.gov.cn/showDetailCX.html?deviceRecordKey=0694850093468220260509111140206,3,6,医生工作流、病历摘要和临床文档自动化,21,4,9,2,5,10,51,临床工作流可通过文档/决策辅助提效; 有监管/官方目录证据,website; financing; company_site_evidence
广西医准智能科技有限公司,,China,CN,,clinical_workflow; samd,A,,https://udi.nmpa.gov.cn/showDetailCX.html?deviceRecordKey=0697549183016720260204040539443,2,4,医生工作流、病历摘要和临床文档自动化,20,4,12,1,5,9,51,临床工作流可通过文档/决策辅助提效; 有监管/官方目录证据,website; financing; company_site_evidence
Ada Health,,Europe,DE,Berlin,health_management_platform; online_consultation; patient_engagement,B,https://ada.com/,https://ada.com/,1,2,医生工作流、病历摘要和临床文档自动化; 在线问诊分诊、问答和医患服务自动化; 患者互动、留存和健康行为 nudging,17,13,3,4,7,6,50,已有官网/产品页信号,financing; company_site_evidence
mySugr,Roche mySugr,Europe,AT,Vienna,chronic_disease_management; samd,B,https://www.mysugr.com/,https://www.mysugr.com/,2,2,慢病管理 AI 教练与个性化随访,18,5,10,8,3,6,50,慢病管理具备个性化随访和 AI 教练空间; 已有官网/产品页信号,financing
Babylon Health,Babylon,Europe,GB,London,internet_healthcare; remote_patient_monitoring,C,https://www.babylonhealth.com/,https://www.babylonhealth.com/,1,1,远程监测风险分层与异常预警; 在线问诊分诊、问答和医患服务自动化,19,10,7,4,8,1,49,远程监测适合风险分层和异常预警; 互联网医疗平台有问诊分诊和服务自动化空间; 已有官网/产品页信号,financing; company_site_evidence
medrhythms,MedRhythms,US,US,Portland,digital_therapeutics; rehabilitation,B,https://www.medrhythms.com/,https://dtxalliance.org/members/medrhythms/,2,3,康复计划生成、动作/依从性反馈与 care manager copilot,17,5,7,11,3,6,49,康复产品可用 AI 降低人力交付成本; 已有官网/产品页信号,financing
Sword Health,,Europe,PT,Porto,internet_healthcare; rehabilitation,B,https://swordhealth.com/,https://swordhealth.com/,1,2,康复计划生成、动作/依从性反馈与 care manager copilot; 医生工作流、病历摘要和临床文档自动化; 在线问诊分诊、问答和医患服务自动化,16,12,6,4,5,6,49,康复产品可用 AI 降低人力交付成本; 互联网医疗平台有问诊分诊和服务自动化空间; 已有官网/产品页信号,financing; company_site_evidence
深圳市保身欣科技电子有限公司,,China,CN,深圳,remote_patient_monitoring,A,,https://udi.nmpa.gov.cn/showDetailCX.html?deviceRecordKey=0692048530807820260512095841386,4,4,远程监测风险分层与异常预警,17,7,8,1,6,10,49,远程监测适合风险分层和异常预警; 有监管/官方目录证据,website; financing; company_site_evidence
"Lifescan, Inc.",,US,US,West Chester,chronic_disease_management; samd,A,,https://www.accessdata.fda.gov/scripts/cdrh/cfdocs/cfpmn/pmn.cfm?id=K120558,4,4,慢病管理 AI 教练与个性化随访,20,6,8,1,3,10,48,慢病管理具备个性化随访和 AI 教练空间; 有监管/官方目录证据,website; financing; company_site_evidence
上海远心医疗科技有限公司,,China,CN,上海,remote_patient_monitoring; samd,A,,https://udi.nmpa.gov.cn/showDetailCX.html?deviceRecordKey=0697830410015020251126054846763,1,2,远程监测风险分层与异常预警,19,6,9,0,6,8,48,远程监测适合风险分层和异常预警; 有监管/官方目录证据,website; financing; company_site_evidence
北京新网医讯技术有限公司,,China,CN,北京,remote_patient_monitoring; samd,A,,https://udi.nmpa.gov.cn/showDetailCX.html?deviceRecordKey=06975940490058202301090405080,1,2,远程监测风险分层与异常预警,19,6,9,0,6,8,48,远程监测适合风险分层和异常预警; 有监管/官方目录证据,website; financing; company_site_evidence
海南齐佳智能科技有限公司,,China,CN,,mental_health; rehabilitation; samd,A,,https://udi.nmpa.gov.cn/showDetailCX.html?deviceRecordKey=895bdefe706046a3bb310582ade31a21,2,2,康复计划生成、动作/依从性反馈与 care manager copilot; 心理/睡眠分层干预与对话式支持,22,5,11,0,3,7,48,康复产品可用 AI 降低人力交付成本; 有监管/官方目录证据,website; financing; company_site_evidence
"Murata Vios, Inc.",,US,US,Woodbury,remote_patient_monitoring; samd,A,,https://www.accessdata.fda.gov/scripts/cdrh/cfdocs/cfpmn/pmn.cfm?id=K241728,1,1,远程监测风险分层与异常预警,19,6,9,0,6,7,47,远程监测适合风险分层和异常预警; 有监管/官方目录证据,website; financing; company_site_evidence
Tomtec Imaging Systems GmbH,,Europe,DE,Unterschleissheim,remote_patient_monitoring; samd,A,,https://www.accessdata.fda.gov/scripts/cdrh/cfdocs/cfpmn/pmn.cfm?id=K090461,1,1,远程监测风险分层与异常预警,19,6,9,0,6,7,47,远程监测适合风险分层和异常预警; 有监管/官方目录证据,website; financing; company_site_evidence
Virta Health,,US,US,Denver,chronic_disease_management; internet_healthcare,B,https://www.virtahealth.com/,https://www.virtahealth.com/,1,2,慢病管理 AI 教练与个性化随访; 在线问诊分诊、问答和医患服务自动化,17,9,6,4,5,6,47,慢病管理具备个性化随访和 AI 教练空间; 互联网医疗平台有问诊分诊和服务自动化空间; 已有官网/产品页信号,financing; company_site_evidence
京东健康,JD Health,China,CN,北京,internet_healthcare; pharmacy_ecommerce,B,https://www.jdh.com/,https://www.jdh.com/,1,2,在线问诊分诊、问答和医患服务自动化; 用药咨询、处方/复购推荐和药事服务自动化,14,15,3,4,5,6,47,互联网医疗平台有问诊分诊和服务自动化空间; 已有官网/产品页信号,financing; company_site_evidence
北京锐视康科技发展有限公司,,China,CN,北京,remote_patient_monitoring; samd,A,,https://udi.nmpa.gov.cn/showDetailCX.html?deviceRecordKey=0697399055003620220429111501082,1,1,远程监测风险分层与异常预警,19,6,9,0,6,7,47,远程监测适合风险分层和异常预警; 有监管/官方目录证据,website; financing; company_site_evidence
微脉,Weimai,China,CN,杭州,health_management_platform; internet_healthcare; patient_engagement,B,https://www.myweimai.com/,https://www.myweimai.com/,1,2,在线问诊分诊、问答和医患服务自动化; 患者互动、留存和健康行为 nudging,17,10,3,4,7,6,47,互联网医疗平台有问诊分诊和服务自动化空间; 已有官网/产品页信号,financing; company_site_evidence
阿里健康,Alibaba Health,China,CN,杭州,internet_healthcare; pharmacy_ecommerce,B,https://www.alihealth.cn/,https://www.alihealth.cn/,1,2,在线问诊分诊、问答和医患服务自动化; 用药咨询、处方/复购推荐和药事服务自动化,14,15,3,4,5,6,47,互联网医疗平台有问诊分诊和服务自动化空间; 已有官网/产品页信号,financing; company_site_evidence
伯乐实验有限公司,,China,CN,,chronic_disease_management; remote_patient_monitoring,A,,https://udi.nmpa.gov.cn/showDetailCX.html?deviceRecordKey=036105223607342025092803570325,1,1,远程监测风险分层与异常预警; 慢病管理 AI 教练与个性化随访,15,11,8,0,6,6,46,远程监测适合风险分层和异常预警; 慢病管理具备个性化随访和 AI 教练空间; 有监管/官方目录证据,website; financing; company_site_evidence
安徽爱视睿医疗科技有限公司,,China,CN,,clinical_workflow,A,,https://udi.nmpa.gov.cn/showDetailCX.html?deviceRecordKey=0697892077001020260513021547627,4,8,医生工作流、病历摘要和临床文档自动化,17,5,8,2,5,9,46,临床工作流可通过文档/决策辅助提效; 有监管/官方目录证据,website; financing; company_site_evidence
英国雅培糖尿病护理公司Abbott Diabetes Care Ltd.,,China,CN,,chronic_disease_management; remote_patient_monitoring,A,,https://udi.nmpa.gov.cn/showDetailCX.html?deviceRecordKey=00093815713579202205260441100,1,1,远程监测风险分层与异常预警; 慢病管理 AI 教练与个性化随访,15,11,8,0,6,6,46,远程监测适合风险分层和异常预警; 慢病管理具备个性化随访和 AI 教练空间; 有监管/官方目录证据,website; financing; company_site_evidence
welldoc,WellDoc; Welldoc; BlueStar,US,US,Columbia,chronic_disease_management; digital_therapeutics,B,https://www.welldoc.com/,https://dtxalliance.org/members/welldoc/,1,3,慢病管理 AI 教练与个性化随访,17,5,10,7,0,6,45,慢病管理具备个性化随访和 AI 教练空间; 已有官网/产品页信号,financing; company_site_evidence
深圳市安普康科技有限公司,,China,CN,深圳,remote_patient_monitoring,A,,https://udi.nmpa.gov.cn/showDetailCX.html?deviceRecordKey=0694672552335320260512092607521,93,93,远程监测风险分层与异常预警,12,9,5,3,6,10,45,远程监测适合风险分层和异常预警; 有监管/官方目录证据,website; financing; company_site_evidence
健客,健客网; Jianke,China,CN,广州,internet_healthcare; pharmacy_ecommerce,B,https://www.jianke.com/,https://www.jianke.com/,1,2,在线问诊分诊、问答和医患服务自动化; 用药咨询、处方/复购推荐和药事服务自动化,14,12,3,4,5,6,44,互联网医疗平台有问诊分诊和服务自动化空间; 已有官网/产品页信号,financing; company_site_evidence
叮当快药,叮当健康,China,CN,北京,internet_healthcare; pharmacy_ecommerce,B,https://www.ddky.com/,https://www.ddky.com/,1,2,在线问诊分诊、问答和医患服务自动化; 用药咨询、处方/复购推荐和药事服务自动化,14,12,3,4,5,6,44,互联网医疗平台有问诊分诊和服务自动化空间; 已有官网/产品页信号,financing; company_site_evidence
好大夫在线,Haodf,China,CN,北京,online_consultation; samd,B,https://www.haodf.com/,https://www.haodf.com/,1,2,医生工作流、病历摘要和临床文档自动化; 在线问诊分诊、问答和医患服务自动化,16,6,7,4,5,6,44,已有官网/产品页信号,financing; company_site_evidence
深圳市绘云生物科技有限公司,,China,CN,深圳,clinical_workflow; samd,A,,https://udi.nmpa.gov.cn/showDetailCX.html?deviceRecordKey=06975754180022202304110424121,1,2,医生工作流、病历摘要和临床文档自动化,19,3,9,0,5,8,44,临床工作流可通过文档/决策辅助提效; 有监管/官方目录证据,website; financing; company_site_evidence
"Arkray Factory USA, Inc.",,US,US,Edina,chronic_disease_management; samd,A,,https://www.accessdata.fda.gov/scripts/cdrh/cfdocs/cfpmn/pmn.cfm?id=K093819,1,1,慢病管理 AI 教练与个性化随访,17,5,11,0,3,7,43,慢病管理具备个性化随访和 AI 教练空间; 有监管/官方目录证据,website; financing; company_site_evidence
"United Health Group, Inc.",,US,US,Rye Brook,internet_healthcare; samd,A,,https://www.accessdata.fda.gov/scripts/cdrh/cfdocs/cfpmn/pmn.cfm?id=K171406,1,1,在线问诊分诊、问答和医患服务自动化,16,10,5,0,5,7,43,互联网医疗平台有问诊分诊和服务自动化空间; 有监管/官方目录证据,website; financing; company_site_evidence
健康160,就医160,China,CN,深圳,internet_healthcare; samd,C,https://www.91160.com/,https://www.91160.com/,1,1,在线问诊分诊、问答和医患服务自动化,16,10,7,4,5,1,43,互联网医疗平台有问诊分诊和服务自动化空间; 已有官网/产品页信号,financing; company_site_evidence
苏州塞伯坦医疗科技有限公司,,China,CN,,clinical_workflow; samd,A,,https://udi.nmpa.gov.cn/showDetailCX.html?deviceRecordKey=0697783813001520260410042043412,1,2,医生工作流、病历摘要和临床文档自动化,19,3,9,0,5,7,43,临床工作流可通过文档/决策辅助提效; 有监管/官方目录证据,website; financing; company_site_evidence
青岛远程科技有限公司,,China,CN,,remote_patient_monitoring,A,,https://udi.nmpa.gov.cn/showDetailCX.html?deviceRecordKey=0697510300027820231010040328484,5,10,远程监测风险分层与异常预警,12,8,5,3,6,9,43,远程监测适合风险分层和异常预警; 有监管/官方目录证据,website; financing; company_site_evidence
麦康迪（绍兴）科技有限公司,,China,CN,,clinical_workflow; samd,A,,https://udi.nmpa.gov.cn/showDetailCX.html?deviceRecordKey=6479ba87437042aeb1168a1c055b35ca,1,2,医生工作流、病历摘要和临床文档自动化,19,3,9,0,5,7,43,临床工作流可通过文档/决策辅助提效; 有监管/官方目录证据,website; financing; company_site_evidence
Akili,Akili Interactive; Akili Interactive Labs; EndeavorRx,US,US,Boston,digital_therapeutics; mental_health,B,https://www.akiliinteractive.com/,https://dtxalliance.org/members/akili-interactive/,1,3,心理/睡眠分层干预与对话式支持; 医生工作流、病历摘要和临床文档自动化,11,8,7,7,3,6,42,已有官网/产品页信号,financing; company_site_evidence
"Impact Applications, Inc.",,US,US,San Diego,mental_health,A,,https://www.accessdata.fda.gov/scripts/cdrh/cfdocs/cfpmn/pmn.cfm?id=K181223,6,6,心理/睡眠分层干预与对话式支持,14,6,7,2,3,10,42,有监管/官方目录证据,website; financing; company_site_evidence
Kry/Livi,Kry; Livi,Europe,SE,Stockholm,internet_healthcare; online_consultation,B,https://www.livi.co.uk/,https://www.livi.co.uk/,1,2,医生工作流、病历摘要和临床文档自动化; 在线问诊分诊、问答和医患服务自动化,11,13,3,4,5,6,42,互联网医疗平台有问诊分诊和服务自动化空间; 已有官网/产品页信号,financing; company_site_evidence
"Tandem Diabetes Care, Inc.",TANDEM DIABETES CARE INC,US,US,San Diego,samd,A,,https://www.accessdata.fda.gov/scripts/cdrh/cfdocs/cfpmn/pmn.cfm?id=K122361,9,10,医疗软件智能化和疗效反馈闭环,14,2,8,5,3,10,42,有监管/官方目录证据,website; financing; company_site_evidence
Bd Becton Dickinson Vacutainer Systems Preanalytic,,US,US,Washington,remote_patient_monitoring,A,,https://www.accessdata.fda.gov/scripts/cdrh/cfdocs/cfpmn/pmn.cfm?id=K780939,1,1,远程监测风险分层与异常预警,14,6,8,0,6,7,41,远程监测适合风险分层和异常预警; 有监管/官方目录证据,website; financing; company_site_evidence
Cedars-Sinai Medical Center,,US,US,Los Angeles,remote_patient_monitoring,A,,https://www.accessdata.fda.gov/scripts/cdrh/cfdocs/cfpmn/pmn.cfm?id=K172609,1,1,远程监测风险分层与异常预警,14,6,8,0,6,7,41,远程监测适合风险分层和异常预警; 有监管/官方目录证据,website; financing; company_site_evidence
Oviva,,Europe,CH,Zurich,chronic_disease_management,B,https://oviva.com/,https://oviva.com/,2,2,慢病管理 AI 教练与个性化随访,13,5,6,8,3,6,41,慢病管理具备个性化随访和 AI 教练空间; 已有官网/产品页信号,financing
Woebot Health,Woebot,US,US,San Francisco,digital_therapeutics; mental_health,B,https://woebothealth.com/,https://woebothealth.com/,1,2,心理/睡眠分层干预与对话式支持,16,5,10,4,0,6,41,已有官网/产品页信号,financing; company_site_evidence
武汉康录生物技术股份有限公司,,China,CN,,clinical_workflow,A,,https://udi.nmpa.gov.cn/showDetailCX.html?deviceRecordKey=2d77c6be-9155-4945-b0c5-22e9056a52ac,3,6,医生工作流、病历摘要和临床文档自动化,16,4,5,2,5,9,41,临床工作流可通过文档/决策辅助提效; 有监管/官方目录证据,website; financing; company_site_evidence
江西思维智光医疗科技有限公司,,China,CN,,mental_health,A,,https://udi.nmpa.gov.cn/showDetailCX.html?deviceRecordKey=069799554101862026041703374918,31,31,心理/睡眠分层干预与对话式支持,14,8,4,3,3,9,41,有监管/官方目录证据,website; financing; company_site_evidence
瑞海胜（厦门）康复用品有限公司,,China,CN,,rehabilitation,A,,https://udi.nmpa.gov.cn/showDetailCX.html?deviceRecordKey=06975872081720202603040234192,44,54,康复计划生成、动作/依从性反馈与 care manager copilot,14,8,4,3,3,9,41,康复产品可用 AI 降低人力交付成本; 有监管/官方目录证据,website; financing; company_site_evidence
Animas Corp.,,US,US,West Chester,chronic_disease_management; samd,A,,https://www.accessdata.fda.gov/scripts/cdrh/cfdocs/cfpmn/pmn.cfm?id=K063674,1,1,慢病管理 AI 教练与个性化随访,17,5,8,0,3,7,40,慢病管理具备个性化随访和 AI 教练空间; 有监管/官方目录证据,website; financing; company_site_evidence
"Bayer Healthcare, LLC",,US,US,Mishawaka,chronic_disease_management; samd,A,,https://www.accessdata.fda.gov/scripts/cdrh/cfdocs/cfpmn/pmn.cfm?id=K082486,1,1,慢病管理 AI 教练与个性化随访,17,5,8,0,3,7,40,慢病管理具备个性化随访和 AI 教练空间; 有监管/官方目录证据,website; financing; company_site_evidence
Kaia Health,,US,US,New York,rehabilitation,B,https://www.kaiahealth.com/,https://www.kaiahealth.com/,2,2,康复计划生成、动作/依从性反馈与 care manager copilot,12,5,6,8,3,6,40,康复产品可用 AI 降低人力交付成本; 已有官网/产品页信号,financing
中山瑞福医疗器械科技有限公司,,China,CN,,chronic_disease_management,A,,https://udi.nmpa.gov.cn/showDetailCX.html?deviceRecordKey=ca378ffe533249bca57eb24c4317f7e3,8,8,慢病管理 AI 教练与个性化随访,15,7,4,2,3,9,40,慢病管理具备个性化随访和 AI 教练空间; 有监管/官方目录证据,website; financing; company_site_evidence
思澜科技（成都）有限公司,,China,CN,成都,remote_patient_monitoring; sleep_health,A,,https://udi.nmpa.gov.cn/showDetailCX.html?deviceRecordKey=4425365e8e2f450280940b64ac1c59dc,2,2,远程监测风险分层与异常预警; 心理/睡眠分层干预与对话式支持,15,6,5,0,6,8,40,远程监测适合风险分层和异常预警; 有监管/官方目录证据,website; financing; company_site_evidence
"Argus Cognitive, Inc.",,US,US,Lebanon,mental_health; samd,A,,https://www.accessdata.fda.gov/scripts/cdrh/cfdocs/cfpmn/pmn.cfm?id=K223322,1,1,心理/睡眠分层干预与对话式支持,16,5,8,0,3,7,39,有监管/官方目录证据,website; financing; company_site_evidence
"Dexcom, Inc.",DEXCOM INC,US,US,San Diego,remote_patient_monitoring,A,,https://www.accessdata.fda.gov/scripts/cdrh/cfdocs/cfpmn/pmn.cfm?id=K192787,2,3,远程监测风险分层与异常预警,10,6,5,3,6,9,39,远程监测适合风险分层和异常预警; 有监管/官方目录证据,website; financing; company_site_evidence
Infermedica,,Europe,PL,Wroclaw,clinical_workflow,B,https://infermedica.com/,https://infermedica.com/,1,2,医生工作流、病历摘要和临床文档自动化,14,3,7,4,5,6,39,临床工作流可通过文档/决策辅助提效; 已有官网/产品页信号,financing; company_site_evidence
"Mahana Therapeutics, Inc.",,US,US,San Francisco,mental_health; samd,A,,https://www.accessdata.fda.gov/scripts/cdrh/cfdocs/cfpmn/pmn.cfm?id=K211372,1,1,心理/睡眠分层干预与对话式支持,16,5,8,0,3,7,39,有监管/官方目录证据,website; financing; company_site_evidence
"Medtronic, Inc.",Medtronic plc,US,US,Mounds View,health_management_platform; patient_engagement,A,,https://www.accessdata.fda.gov/scripts/cdrh/cfdocs/cfpmn/pmn.cfm?id=K153160,1,5,患者互动、留存和健康行为 nudging,12,5,4,3,5,10,39,有监管/官方目录证据,website; financing; company_site_evidence
亳州融健医疗用品有限公司,,China,CN,,rehabilitation; samd,A,,https://udi.nmpa.gov.cn/showDetailCX.html?deviceRecordKey=06973774191615202604020500141,1,2,康复计划生成、动作/依从性反馈与 care manager copilot,16,5,8,0,3,7,39,康复产品可用 AI 降低人力交付成本; 有监管/官方目录证据,website; financing; company_site_evidence
微医,WeDoctor; 挂号网,China,CN,杭州,internet_healthcare,B,https://www.guahao.com/,https://www.guahao.com/,1,2,医生工作流、病历摘要和临床文档自动化; 在线问诊分诊、问答和医患服务自动化,11,10,3,4,5,6,39,互联网医疗平台有问诊分诊和服务自动化空间; 已有官网/产品页信号,financing; company_site_evidence
思派健康,Medbanks; 思派网络,China,CN,北京,health_management_platform; patient_engagement; pharmacy_ecommerce,B,https://www.medbanks.cn/,https://www.medbanks.cn/,1,2,用药咨询、处方/复购推荐和药事服务自动化; 患者互动、留存和健康行为 nudging,15,6,3,4,5,6,39,已有官网/产品页信号,financing; company_site_evidence
成都尚医信息科技有限公司,尚医科技; R Plus Health; 术康,China,CN,成都,rehabilitation; samd,B,,https://www.prnewswire.com/news-releases/cf-pharmtech-and-chengdu-shangyi-launch-the-home-based-recovery-program-for-discharged-covid-19-patients-and-announce-todays-global-release-of-the-r-plus-health-free-app-301219070.html,1,3,康复计划生成、动作/依从性反馈与 care manager copilot,16,5,7,3,3,5,39,康复产品可用 AI 降低人力交付成本,website; financing; company_site_evidence
深圳市亚辉龙生物科技股份有限公司,,China,CN,深圳,chronic_disease_management,A,,https://udi.nmpa.gov.cn/showDetailCX.html?deviceRecordKey=1f59cb8b-b489-41ac-8ddf-c5f2d5198b24,4,4,慢病管理 AI 教练与个性化随访,15,6,4,1,3,10,39,慢病管理具备个性化随访和 AI 教练空间; 有监管/官方目录证据,website; financing; company_site_evidence
深圳市伯劳特生物制品有限公司,,China,CN,深圳,chronic_disease_management,A,,https://udi.nmpa.gov.cn/showDetailCX.html?deviceRecordKey=0694076750016720240529031730243,4,4,慢病管理 AI 教练与个性化随访,15,6,4,1,3,10,39,慢病管理具备个性化随访和 AI 教练空间; 有监管/官方目录证据,website; financing; company_site_evidence
美敦力糖尿病科技（成都）有限公司,,China,CN,成都,chronic_disease_management,A,,https://udi.nmpa.gov.cn/showDetailCX.html?deviceRecordKey=0076300063270020230207115542933,5,5,慢病管理 AI 教练与个性化随访,15,6,4,1,3,10,39,慢病管理具备个性化随访和 AI 教练空间; 有监管/官方目录证据,website; financing; company_site_evidence
Current Health,Best Buy Health Current Health,Europe,GB,Edinburgh,remote_patient_monitoring,B,https://currenthealth.com/,https://currenthealth.com/,1,2,远程监测风险分层与异常预警; 医生工作流、病历摘要和临床文档自动化,9,9,4,4,6,6,38,远程监测适合风险分层和异常预警; 已有官网/产品页信号,financing; company_site_evidence
Diagnostic Monitoring Software,,US,US,Stateline,remote_patient_monitoring,A,,https://www.accessdata.fda.gov/scripts/cdrh/cfdocs/cfpmn/pmn.cfm?id=K133014,1,1,远程监测风险分层与异常预警,14,6,5,0,6,7,38,远程监测适合风险分层和异常预警; 有监管/官方目录证据,website; financing; company_site_evidence
Hewlett-Packard GmbH,Hewlett-Packard Co.,Europe,DE,Boeblingen,remote_patient_monitoring,A,,https://www.accessdata.fda.gov/scripts/cdrh/cfdocs/cfpmn/pmn.cfm?id=K991773,3,3,远程监测风险分层与异常预警,11,6,5,1,6,9,38,远程监测适合风险分层和异常预警; 有监管/官方目录证据,website; financing; company_site_evidence
Prosomnus Sleep Technologies,,US,US,Pleasanton,remote_patient_monitoring; sleep_health,A,,https://www.accessdata.fda.gov/scripts/cdrh/cfdocs/cfpmn/pmn.cfm?id=K221889,1,1,远程监测风险分层与异常预警; 心理/睡眠分层干预与对话式支持,14,6,5,0,6,7,38,远程监测适合风险分层和异常预警; 有监管/官方目录证据,website; financing; company_site_evidence
"Quinton, Inc.",,US,US,Seattle,rehabilitation,A,,https://www.accessdata.fda.gov/scripts/cdrh/cfdocs/cfpmn/pmn.cfm?id=K864949,3,3,康复计划生成、动作/依从性反馈与 care manager copilot,13,5,7,1,3,9,38,康复产品可用 AI 降低人力交付成本; 有监管/官方目录证据,website; financing; company_site_evidence
北京新兴阳升科技有限公司,,China,CN,北京,remote_patient_monitoring; sleep_health,A,,https://udi.nmpa.gov.cn/showDetailCX.html?deviceRecordKey=0697568534000720230304082002422,1,1,远程监测风险分层与异常预警; 心理/睡眠分层干预与对话式支持,14,6,5,0,6,7,38,远程监测适合风险分层和异常预警; 有监管/官方目录证据,website; financing; company_site_evidence
北京航天卡迪技术开发研究所,,China,CN,北京,remote_patient_monitoring; sleep_health,A,,https://udi.nmpa.gov.cn/showDetailCX.html?deviceRecordKey=0692066571720120251017011019242,1,1,远程监测风险分层与异常预警; 心理/睡眠分层干预与对话式支持,14,6,5,0,6,7,38,远程监测适合风险分层和异常预警; 有监管/官方目录证据,website; financing; company_site_evidence
深圳京柏医疗科技股份有限公司,,China,CN,深圳,rehabilitation,A,,https://udi.nmpa.gov.cn/showDetailCX.html?deviceRecordKey=0695174055061120260430020307433,3,6,康复计划生成、动作/依从性反馈与 care manager copilot,13,6,4,2,3,10,38,康复产品可用 AI 降低人力交付成本; 有监管/官方目录证据,website; financing; company_site_evidence
深圳市宝润科技有限公司,,China,CN,深圳,samd,A,,https://udi.nmpa.gov.cn/showDetailCX.html?deviceRecordKey=0697442622248020260318030714128,8,16,医疗软件智能化和疗效反馈闭环,14,3,5,3,3,10,38,有监管/官方目录证据,website; financing; company_site_evidence
"Medaica, Inc.",,US,US,Henderson,internet_healthcare,A,,https://www.accessdata.fda.gov/scripts/cdrh/cfdocs/cfpmn/pmn.cfm?id=K223166,1,1,在线问诊分诊、问答和医患服务自动化,11,10,4,0,5,7,37,互联网医疗平台有问诊分诊和服务自动化空间; 有监管/官方目录证据,website; financing; company_site_evidence
云智康医疗科技（内蒙古）有限公司,,China,CN,,remote_patient_monitoring; sleep_health,A,,https://udi.nmpa.gov.cn/showDetailCX.html?deviceRecordKey=13ff18ac57eb4e89a3dee8cc6d094806,1,1,远程监测风险分层与异常预警; 心理/睡眠分层干预与对话式支持,14,6,5,0,6,6,37,远程监测适合风险分层和异常预警; 有监管/官方目录证据,website; financing; company_site_evidence
广州视景医疗软件有限公司,,China,CN,广州,digital_therapeutics; samd,A,,https://udi.nmpa.gov.cn/showDetailCX.html?deviceRecordKey=0697104746013020260330021851550,11,11,医疗软件智能化和疗效反馈闭环,14,2,5,3,3,10,37,有监管/官方目录证据,website; financing; company_site_evidence
河南华南医电科技有限公司,,China,CN,,remote_patient_monitoring; sleep_health,A,,https://udi.nmpa.gov.cn/showDetailCX.html?deviceRecordKey=0697456412010520230131012921496,1,1,远程监测风险分层与异常预警; 心理/睡眠分层干预与对话式支持,14,6,5,0,6,6,37,远程监测适合风险分层和异常预警; 有监管/官方目录证据,website; financing; company_site_evidence
Bio-Rad Laboratories,"BIO-RAD LABORATORIES, INC.",US,US,Irvine,chronic_disease_management,A,,https://www.accessdata.fda.gov/scripts/cdrh/cfdocs/cfpmn/pmn.cfm?id=K070546,1,3,慢病管理 AI 教练与个性化随访,12,5,4,3,3,9,36,慢病管理具备个性化随访和 AI 教练空间; 有监管/官方目录证据,website; financing; company_site_evidence
"Canon, Inc.",CANON INC,US,JP,"Ohta-Ku, Tokyo, Japan",samd,A,,https://www.accessdata.fda.gov/scripts/cdrh/cfdocs/cfpmn/pmn.cfm?id=K023124,3,6,医疗软件智能化和疗效反馈闭环,13,1,5,4,3,10,36,有监管/官方目录证据,website; financing; company_site_evidence
Click Therapeutics,,US,US,New York,digital_therapeutics; samd,B,https://clicktherapeutics.com/,https://clicktherapeutics.com/,2,2,医疗软件智能化和疗效反馈闭环,12,0,7,8,3,6,36,已有官网/产品页信号,financing
Lark Health,,US,US,Mountain View,chronic_disease_management,B,https://www.lark.com/,https://www.lark.com/,1,2,慢病管理 AI 教练与个性化随访,12,5,6,4,3,6,36,慢病管理具备个性化随访和 AI 教练空间; 已有官网/产品页信号,financing; company_site_evidence
"Ppg Industries, Inc.",PPG INDUSTRIES INC,US,US,Lenexa,remote_patient_monitoring,A,,https://www.accessdata.fda.gov/scripts/cdrh/cfdocs/cfpmn/pmn.cfm?id=K912627,1,2,远程监测风险分层与异常预警,9,6,5,2,6,8,36,远程监测适合风险分层和异常预警; 有监管/官方目录证据,website; financing; company_site_evidence
深圳麦科田生物医疗技术股份有限公司,,China,CN,深圳,samd,A,,https://udi.nmpa.gov.cn/showDetailCX.html?deviceRecordKey=0692680261465520260509060024941,4,8,医疗软件智能化和疗效反馈闭环,14,2,5,2,3,10,36,有监管/官方目录证据,website; financing; company_site_evidence
湖南朗开医疗科技有限公司,,China,CN,,remote_patient_monitoring,A,,https://udi.nmpa.gov.cn/showDetailCX.html?deviceRecordKey=1697725918018420240314040805176,1,2,远程监测风险分层与异常预警,9,6,8,0,6,7,36,远程监测适合风险分层和异常预警; 有监管/官方目录证据,website; financing; company_site_evidence
"Infopia Co, Ltd.",,US,US,Fullerton,remote_patient_monitoring,A,,https://www.accessdata.fda.gov/scripts/cdrh/cfdocs/cfpmn/pmn.cfm?id=K132406,2,2,远程监测风险分层与异常预警,10,6,5,0,6,8,35,远程监测适合风险分层和异常预警; 有监管/官方目录证据,website; financing; company_site_evidence
Orexo digital therapeutics,Orexo; MODIA; deprexis,Europe,SE,Uppsala,digital_therapeutics,B,https://www.orexo.com/therapeutic-focus/opioid-use-disorder-oud/,https://www.orexo.com/therapeutic-focus/opioid-use-disorder-oud/,2,3,医疗软件智能化和疗效反馈闭环,12,0,4,9,3,7,35,已有官网/产品页信号,financing
武汉市九头鸟医疗仪器开发有限公司,,China,CN,,rehabilitation,A,,https://udi.nmpa.gov.cn/showDetailCX.html?deviceRecordKey=0697548329202720260418110923009,2,4,康复计划生成、动作/依从性反馈与 care manager copilot,12,6,4,1,3,9,35,康复产品可用 AI 降低人力交付成本; 有监管/官方目录证据,website; financing; company_site_evidence
济民健康管理股份有限公司,,China,CN,,health_management_platform,A,,https://udi.nmpa.gov.cn/showDetailCX.html?deviceRecordKey=1f088f9d-ff2a-495e-b20b-6004c2213d40,15,15,,9,7,4,3,3,9,35,有监管/官方目录证据,website; financing; company_site_evidence
Abbott Laboratories,ABBOTT LABORATORIES,US,US,Bedford,chronic_disease_management,A,,https://www.accessdata.fda.gov/scripts/cdrh/cfdocs/cfpmn/pmn.cfm?id=K001993,1,2,慢病管理 AI 教练与个性化随访,12,5,4,2,3,8,34,慢病管理具备个性化随访和 AI 教练空间; 有监管/官方目录证据,website; financing; company_site_evidence
Entra Health Systems,,US,US,San Diego,internet_healthcare,A,,https://www.accessdata.fda.gov/scripts/cdrh/cfdocs/cfpmn/pmn.cfm?id=K132930,1,1,在线问诊分诊、问答和医患服务自动化,11,10,1,0,5,7,34,互联网医疗平台有问诊分诊和服务自动化空间; 有监管/官方目录证据,website; financing; company_site_evidence
Rtx Healthcare A/S,,Europe,DK,Noerresundby,internet_healthcare,A,,https://www.accessdata.fda.gov/scripts/cdrh/cfdocs/cfpmn/pmn.cfm?id=K041816,1,1,在线问诊分诊、问答和医患服务自动化,11,10,1,0,5,7,34,互联网医疗平台有问诊分诊和服务自动化空间; 有监管/官方目录证据,website; financing; company_site_evidence
Sidekick Health,,Europe,IS,Reykjavik,chronic_disease_management; digital_therapeutics,B,https://www.sidekickhealth.com/,https://www.sidekickhealth.com/,1,2,慢病管理 AI 教练与个性化随访,12,5,7,4,0,6,34,慢病管理具备个性化随访和 AI 教练空间; 已有官网/产品页信号,financing; company_site_evidence
"Siemens Medical Solutions USA, Inc.",,US,US,Mavern,samd,A,,https://www.accessdata.fda.gov/scripts/cdrh/cfdocs/cfpmn/pmn.cfm?id=K032536,4,4,医疗软件智能化和疗效反馈闭环,14,1,5,1,3,10,34,有监管/官方目录证据,website; financing; company_site_evidence
"Sweetspot Diabetes Care, Inc.",,US,US,Portland,chronic_disease_management,A,,https://www.accessdata.fda.gov/scripts/cdrh/cfdocs/cfpmn/pmn.cfm?id=K111509,1,1,慢病管理 AI 教练与个性化随访,12,5,7,0,3,7,34,慢病管理具备个性化随访和 AI 教练空间; 有监管/官方目录证据,website; financing; company_site_evidence
"Vignet, Inc.",,US,US,Pleasanton,internet_healthcare,A,,https://www.accessdata.fda.gov/scripts/cdrh/cfdocs/cfpmn/pmn.cfm?id=K113446,1,1,在线问诊分诊、问答和医患服务自动化,11,10,1,0,5,7,34,互联网医疗平台有问诊分诊和服务自动化空间; 有监管/官方目录证据,website; financing; company_site_evidence
"Viterion Telehealthcare, LLC",,US,US,Tarrytown,internet_healthcare,A,,https://www.accessdata.fda.gov/scripts/cdrh/cfdocs/cfpmn/pmn.cfm?id=K030419,1,1,远程监测风险分层与异常预警; 在线问诊分诊、问答和医患服务自动化,11,10,1,0,5,7,34,互联网医疗平台有问诊分诊和服务自动化空间; 有监管/官方目录证据,website; financing; company_site_evidence
上海微创医疗机器人（集团）股份有限公司,,China,CN,上海,remote_patient_monitoring,A,,https://udi.nmpa.gov.cn/showDetailCX.html?deviceRecordKey=0697162154189720250714111901457,1,2,远程监测风险分层与异常预警,9,6,5,0,6,8,34,远程监测适合风险分层和异常预警; 有监管/官方目录证据,website; financing; company_site_evidence
南京普爱医疗设备股份有限公司,,China,CN,,clinical_workflow,A,,https://udi.nmpa.gov.cn/showDetailCX.html?deviceRecordKey=0697387682150220260119103155945,1,2,医生工作流、病历摘要和临床文档自动化,14,3,5,0,5,7,34,临床工作流可通过文档/决策辅助提效; 有监管/官方目录证据,website; financing; company_site_evidence
圆心科技,Yuanxin Technology; 圆心医疗,China,CN,北京,health_management_platform; patient_engagement; pharmacy_ecommerce,C,https://www.yuanxin.com/,https://www.yuanxin.com/,1,1,用药咨询、处方/复购推荐和药事服务自动化; 患者互动、留存和健康行为 nudging,15,6,3,4,5,1,34,已有官网/产品页信号,financing; company_site_evidence
安健科技（重庆）有限公司,,China,CN,,clinical_workflow,A,,https://udi.nmpa.gov.cn/showDetailCX.html?deviceRecordKey=957b2adce4cc4ca29f70ba4d4ff07b57,1,2,医生工作流、病历摘要和临床文档自动化,14,3,5,0,5,7,34,临床工作流可通过文档/决策辅助提效; 有监管/官方目录证据,website; financing; company_site_evidence
深圳市资福医疗技术有限公司,,China,CN,深圳,samd,A,,https://udi.nmpa.gov.cn/showDetailCX.html?deviceRecordKey=0697169084049520260414040017392,3,6,医疗软件智能化和疗效反馈闭环,13,1,5,2,3,10,34,有监管/官方目录证据,website; financing; company_site_evidence
维斯安（北京）医疗器械有限公司,,China,CN,北京,remote_patient_monitoring,A,,https://udi.nmpa.gov.cn/showDetailCX.html?deviceRecordKey=3adb79ab002c4672af6070c9f3c1cf7b,1,2,远程监测风险分层与异常预警,9,6,5,0,6,8,34,远程监测适合风险分层和异常预警; 有监管/官方目录证据,website; financing; company_site_evidence
"Arzco Medical Electronics, Inc.",,US,US,Vernon Hills,remote_patient_monitoring,A,,https://www.accessdata.fda.gov/scripts/cdrh/cfdocs/cfpmn/pmn.cfm?id=K904943,1,1,远程监测风险分层与异常预警,9,6,5,0,6,7,33,远程监测适合风险分层和异常预警; 有监管/官方目录证据,website; financing; company_site_evidence
"Boston Scientific Cardiac Diagnostic Technologies, Inc.",,US,US,Rochester,remote_patient_monitoring,A,,https://www.accessdata.fda.gov/scripts/cdrh/cfdocs/cfpmn/pmn.cfm?id=K243349,1,1,远程监测风险分层与异常预警,9,6,5,0,6,7,33,远程监测适合风险分层和异常预警; 有监管/官方目录证据,website; financing; company_site_evidence
"Cambridge Heart, Inc.",,US,US,South West Ranches,remote_patient_monitoring,A,,https://www.accessdata.fda.gov/scripts/cdrh/cfdocs/cfpmn/pmn.cfm?id=K983102,1,1,远程监测风险分层与异常预警,9,6,5,0,6,7,33,远程监测适合风险分层和异常预警; 有监管/官方目录证据,website; financing; company_site_evidence
Capsule Technologie Sas,,US,US,Andover,remote_patient_monitoring,A,,https://www.accessdata.fda.gov/scripts/cdrh/cfdocs/cfpmn/pmn.cfm?id=K200856,1,1,远程监测风险分层与异常预警,9,6,5,0,6,7,33,远程监测适合风险分层和异常预警; 有监管/官方目录证据,website; financing; company_site_evidence
Cara Care,HiDoc Technologies,Europe,DE,Berlin,chronic_disease_management,B,https://cara.care/,https://cara.care/,1,2,慢病管理 AI 教练与个性化随访,12,5,3,4,3,6,33,慢病管理具备个性化随访和 AI 教练空间; 已有官网/产品页信号,financing; company_site_evidence
Conmedcorp,,US,US,Utica,remote_patient_monitoring,A,,https://www.accessdata.fda.gov/scripts/cdrh/cfdocs/cfpmn/pmn.cfm?id=K963787,1,1,远程监测风险分层与异常预警,9,6,5,0,6,7,33,远程监测适合风险分层和异常预警; 有监管/官方目录证据,website; financing; company_site_evidence
"Conphar, Inc.",,US,US,Walker,remote_patient_monitoring,A,,https://www.accessdata.fda.gov/scripts/cdrh/cfdocs/cfpmn/pmn.cfm?id=K813385,1,1,远程监测风险分层与异常预警,9,6,5,0,6,7,33,远程监测适合风险分层和异常预警; 有监管/官方目录证据,website; financing; company_site_evidence
"Galix Biomedical Instrumentation, Inc.",,US,US,Miami Beach,remote_patient_monitoring,A,,https://www.accessdata.fda.gov/scripts/cdrh/cfdocs/cfpmn/pmn.cfm?id=K971670,1,1,远程监测风险分层与异常预警,9,6,5,0,6,7,33,远程监测适合风险分层和异常预警; 有监管/官方目录证据,website; financing; company_site_evidence
"General Life Biotechnology Co., Ltd.",,US,US,Mission Viejo,remote_patient_monitoring,A,,https://www.accessdata.fda.gov/scripts/cdrh/cfdocs/cfpmn/pmn.cfm?id=K123090,1,1,远程监测风险分层与异常预警,9,6,5,0,6,7,33,远程监测适合风险分层和异常预警; 有监管/官方目录证据,website; financing; company_site_evidence
Instrumentation Laboratory CO,,US,US,Walker,remote_patient_monitoring,A,,https://www.accessdata.fda.gov/scripts/cdrh/cfdocs/cfpmn/pmn.cfm?id=K771977,1,1,远程监测风险分层与异常预警,9,6,5,0,6,7,33,远程监测适合风险分层和异常预警; 有监管/官方目录证据,website; financing; company_site_evidence
"Lawrence Medical Systems, Inc.",,US,US,Cammarillo,remote_patient_monitoring,A,,https://www.accessdata.fda.gov/scripts/cdrh/cfdocs/cfpmn/pmn.cfm?id=K874885,1,1,远程监测风险分层与异常预警,9,6,5,0,6,7,33,远程监测适合风险分层和异常预警; 有监管/官方目录证据,website; financing; company_site_evidence
"Macon & Co., Inc.",,US,US,Milwaukee,remote_patient_monitoring,A,,https://www.accessdata.fda.gov/scripts/cdrh/cfdocs/cfpmn/pmn.cfm?id=K902802,1,1,远程监测风险分层与异常预警,9,6,5,0,6,7,33,远程监测适合风险分层和异常预警; 有监管/官方目录证据,website; financing; company_site_evidence
"Medical Analysis Systems, Inc.",,US,US,Camarillo,chronic_disease_management,A,,https://www.accessdata.fda.gov/scripts/cdrh/cfdocs/cfpmn/pmn.cfm?id=K042717,2,2,慢病管理 AI 教练与个性化随访,13,5,4,0,3,8,33,慢病管理具备个性化随访和 AI 教练空间; 有监管/官方目录证据,website; financing; company_site_evidence
Microlife Intellectual Property GmbH,,Europe,CH,Widnau,remote_patient_monitoring,A,,https://www.accessdata.fda.gov/scripts/cdrh/cfdocs/cfpmn/pmn.cfm?id=K171937,1,1,远程监测风险分层与异常预警,9,6,5,0,6,7,33,远程监测适合风险分层和异常预警; 有监管/官方目录证据,website; financing; company_site_evidence
"Nikomed U.S.A., Inc.",,US,US,Doylestown,remote_patient_monitoring,A,,https://www.accessdata.fda.gov/scripts/cdrh/cfdocs/cfpmn/pmn.cfm?id=K950473,1,1,远程监测风险分层与异常预警,9,6,5,0,6,7,33,远程监测适合风险分层和异常预警; 有监管/官方目录证据,website; financing; company_site_evidence
Noom,Noom Health,US,US,New York,chronic_disease_management,B,https://www.noom.com/,https://www.noom.com/,1,2,慢病管理 AI 教练与个性化随访,12,5,3,4,3,6,33,慢病管理具备个性化随访和 AI 教练空间; 已有官网/产品页信号,financing; company_site_evidence
Omega Critical Care Limited,,Europe,GB,East Kilbride,remote_patient_monitoring,A,,https://www.accessdata.fda.gov/scripts/cdrh/cfdocs/cfpmn/pmn.cfm?id=K081776,1,1,远程监测风险分层与异常预警,9,6,5,0,6,7,33,远程监测适合风险分层和异常预警; 有监管/官方目录证据,website; financing; company_site_evidence
"Paceart, Inc.",,US,US,Hasbrouck Heights,remote_patient_monitoring,A,,https://www.accessdata.fda.gov/scripts/cdrh/cfdocs/cfpmn/pmn.cfm?id=K012407,1,1,远程监测风险分层与异常预警,9,6,5,0,6,7,33,远程监测适合风险分层和异常预警; 有监管/官方目录证据,website; financing; company_site_evidence
"Philips Medical Systems, Inc.",,Europe,NL,5680 Da Best,remote_patient_monitoring,A,,https://www.accessdata.fda.gov/scripts/cdrh/cfdocs/cfpmn/pmn.cfm?id=K922622,1,1,远程监测风险分层与异常预警,9,6,5,0,6,7,33,远程监测适合风险分层和异常预警; 有监管/官方目录证据,website; financing; company_site_evidence
R D Intl.,,US,US,Richardson,remote_patient_monitoring,A,,https://www.accessdata.fda.gov/scripts/cdrh/cfdocs/cfpmn/pmn.cfm?id=K960312,1,1,远程监测风险分层与异常预警,9,6,5,0,6,7,33,远程监测适合风险分层和异常预警; 有监管/官方目录证据,website; financing; company_site_evidence
R2 Corp.,,US,US,Mchenry,remote_patient_monitoring,A,,https://www.accessdata.fda.gov/scripts/cdrh/cfdocs/cfpmn/pmn.cfm?id=K832516,1,1,远程监测风险分层与异常预警,9,6,5,0,6,7,33,远程监测适合风险分层和异常预警; 有监管/官方目录证据,website; financing; company_site_evidence
"Raye'S, Inc.",,US,US,Ellis,rehabilitation,A,,https://www.accessdata.fda.gov/scripts/cdrh/cfdocs/cfpmn/pmn.cfm?id=K022407,1,1,康复计划生成、动作/依从性反馈与 care manager copilot,11,5,7,0,3,7,33,康复产品可用 AI 降低人力交付成本; 有监管/官方目录证据,website; financing; company_site_evidence
Roche Diagnostics,,US,US,Indianapolis,remote_patient_monitoring,A,,https://www.accessdata.fda.gov/scripts/cdrh/cfdocs/cfpmn/pmn.cfm?id=K121679,1,1,远程监测风险分层与异常预警,9,6,5,0,6,7,33,远程监测适合风险分层和异常预警; 有监管/官方目录证据,website; financing; company_site_evidence
Sk Med,,US,US,Van Nuys,remote_patient_monitoring,A,,https://www.accessdata.fda.gov/scripts/cdrh/cfdocs/cfpmn/pmn.cfm?id=K031860,1,1,远程监测风险分层与异常预警,9,6,5,0,6,7,33,远程监测适合风险分层和异常预警; 有监管/官方目录证据,website; financing; company_site_evidence
"Zoe Medical, Inc.",,US,US,Topsfield,remote_patient_monitoring,A,,https://www.accessdata.fda.gov/scripts/cdrh/cfdocs/cfpmn/pmn.cfm?id=K130740,1,1,远程监测风险分层与异常预警,9,6,5,0,6,7,33,远程监测适合风险分层和异常预警; 有监管/官方目录证据,website; financing; company_site_evidence
天津怡和嘉业医疗科技有限公司,,China,CN,,sleep_health,A,,https://udi.nmpa.gov.cn/showDetailCX.html?deviceRecordKey=5D6A46D9CFDD2650AD9CA4CBBD7F6D20,32,32,心理/睡眠分层干预与对话式支持,14,3,1,3,3,9,33,有监管/官方目录证据,website; financing; company_site_evidence
深圳市美连医疗电子股份有限公司,,China,CN,深圳,remote_patient_monitoring,A,,https://udi.nmpa.gov.cn/showDetailCX.html?deviceRecordKey=1694441404251920260511110759856,1,1,远程监测风险分层与异常预警,9,6,5,0,6,7,33,远程监测适合风险分层和异常预警; 有监管/官方目录证据,website; financing; company_site_evidence
辽宁迪浩生物科技有限公司,,China,CN,,remote_patient_monitoring,A,,https://udi.nmpa.gov.cn/showDetailCX.html?deviceRecordKey=a66841e0-6ec2-410b-aeec-aa0aea963e57,1,2,远程监测风险分层与异常预警,9,6,5,0,6,7,33,远程监测适合风险分层和异常预警; 有监管/官方目录证据,website; financing; company_site_evidence
ADAS3D医疗有限公司,,China,CN,,samd,A,,https://udi.nmpa.gov.cn/showDetailCX.html?deviceRecordKey=0843702172204820260416013910405,1,2,医生工作流、病历摘要和临床文档自动化,11,3,8,0,3,7,32,有监管/官方目录证据,website; financing; company_site_evidence
"Barron Associates, Inc.",,US,US,Charlottesville,samd,A,,https://www.accessdata.fda.gov/scripts/cdrh/cfdocs/cfpmn/pmn.cfm?id=K163245,1,1,医疗软件智能化和疗效反馈闭环,11,6,5,0,3,7,32,有监管/官方目录证据,website; financing; company_site_evidence
"Bioness, Inc.",,US,US,Valencia,rehabilitation,A,,https://www.accessdata.fda.gov/scripts/cdrh/cfdocs/cfpmn/pmn.cfm?id=K123636,2,2,康复计划生成、动作/依从性反馈与 care manager copilot,12,5,4,0,3,8,32,康复产品可用 AI 降低人力交付成本; 有监管/官方目录证据,website; financing; company_site_evidence
"Jintronix, Inc.",,US,US,Seattle,rehabilitation,A,,https://www.accessdata.fda.gov/scripts/cdrh/cfdocs/cfpmn/pmn.cfm?id=K143034,2,2,康复计划生成、动作/依从性反馈与 care manager copilot,12,5,4,0,3,8,32,康复产品可用 AI 降低人力交付成本; 有监管/官方目录证据,website; financing; company_site_evidence
广西雅斯生物科技有限公司,,China,CN,,remote_patient_monitoring,A,,https://udi.nmpa.gov.cn/showDetailCX.html?deviceRecordKey=16bcea9cc731422194ffa7c765da0323,1,1,远程监测风险分层与异常预警,9,6,5,0,6,6,32,远程监测适合风险分层和异常预警; 有监管/官方目录证据,website; financing; company_site_evidence
深圳市艾利特医疗科技有限公司,,China,CN,深圳,mental_health,A,,https://udi.nmpa.gov.cn/showDetailCX.html?deviceRecordKey=0697070604106220250928113343202,2,2,心理/睡眠分层干预与对话式支持,12,5,4,0,3,8,32,有监管/官方目录证据,website; financing; company_site_evidence
长沙奥科维电子有限公司,,China,CN,,chronic_disease_management,A,,https://udi.nmpa.gov.cn/showDetailCX.html?deviceRecordKey=0697621210001920230423020207567,2,2,慢病管理 AI 教练与个性化随访,13,5,4,0,3,7,32,慢病管理具备个性化随访和 AI 教练空间; 有监管/官方目录证据,website; financing; company_site_evidence
Bio-Rad,,US,US,Irvine,chronic_disease_management,A,,https://www.accessdata.fda.gov/scripts/cdrh/cfdocs/cfpmn/pmn.cfm?id=K052838,1,1,慢病管理 AI 教练与个性化随访,12,5,4,0,3,7,31,慢病管理具备个性化随访和 AI 教练空间; 有监管/官方目录证据,website; financing; company_site_evidence
Bionime Corporation,,US,US,Mission Viejo,chronic_disease_management,A,,https://www.accessdata.fda.gov/scripts/cdrh/cfdocs/cfpmn/pmn.cfm?id=K113007,1,1,慢病管理 AI 教练与个性化随访,12,5,4,0,3,7,31,慢病管理具备个性化随访和 AI 教练空间; 有监管/官方目录证据,website; financing; company_site_evidence
E-San Limited,,US,US,Washington,chronic_disease_management,A,,https://www.accessdata.fda.gov/scripts/cdrh/cfdocs/cfpmn/pmn.cfm?id=K061328,1,1,慢病管理 AI 教练与个性化随访,12,5,4,0,3,7,31,慢病管理具备个性化随访和 AI 教练空间; 有监管/官方目录证据,website; financing; company_site_evidence
GE Medical Systems Ultrasound and Primary Care Diagnostics,,US,US,Wauwatosa,samd,A,,https://www.accessdata.fda.gov/scripts/cdrh/cfdocs/cfpmn/pmn.cfm?id=K220940,3,3,医疗软件智能化和疗效反馈闭环,13,0,5,1,3,9,31,有监管/官方目录证据,website; financing; company_site_evidence
"M2 Group Holdings, Inc.",,US,US,Sunnyvale,chronic_disease_management,A,,https://www.accessdata.fda.gov/scripts/cdrh/cfdocs/cfpmn/pmn.cfm?id=K100567,1,1,慢病管理 AI 教练与个性化随访,12,5,4,0,3,7,31,慢病管理具备个性化随访和 AI 教练空间; 有监管/官方目录证据,website; financing; company_site_evidence
"Mycare Team, Inc.",,US,US,Fairfax,chronic_disease_management,A,,https://www.accessdata.fda.gov/scripts/cdrh/cfdocs/cfpmn/pmn.cfm?id=K073699,1,1,慢病管理 AI 教练与个性化随访,12,5,4,0,3,7,31,慢病管理具备个性化随访和 AI 教练空间; 有监管/官方目录证据,website; financing; company_site_evidence
"Philips Medical Systems (Cleveland), Inc.",,US,US,Cleveland,samd,A,,https://www.accessdata.fda.gov/scripts/cdrh/cfdocs/cfpmn/pmn.cfm?id=K000310,3,3,医疗软件智能化和疗效反馈闭环,13,0,5,1,3,9,31,有监管/官方目录证据,website; financing; company_site_evidence
"Primus, Inc.",,US,US,Kansas City,chronic_disease_management,A,,https://www.accessdata.fda.gov/scripts/cdrh/cfdocs/cfpmn/pmn.cfm?id=K896582,1,1,慢病管理 AI 教练与个性化随访,12,5,4,0,3,7,31,慢病管理具备个性化随访和 AI 教练空间; 有监管/官方目录证据,website; financing; company_site_evidence
Quantimetrix Corp.,,US,US,Redondo Beach,chronic_disease_management,A,,https://www.accessdata.fda.gov/scripts/cdrh/cfdocs/cfpmn/pmn.cfm?id=K103744,1,1,慢病管理 AI 教练与个性化随访,12,5,4,0,3,7,31,慢病管理具备个性化随访和 AI 教练空间; 有监管/官方目录证据,website; financing; company_site_evidence
Stryker Corporation,STRYKER CORP,Europe,DE,Freiburg,samd,A,,https://www.accessdata.fda.gov/scripts/cdrh/cfdocs/cfpmn/pmn.cfm?id=K221098,1,3,医疗软件智能化和疗效反馈闭环,11,0,5,3,3,9,31,有监管/官方目录证据,website; financing; company_site_evidence
"Symcare Personalized Health Solutions, Inc.",,US,US,Wayne,chronic_disease_management,A,,https://www.accessdata.fda.gov/scripts/cdrh/cfdocs/cfpmn/pmn.cfm?id=K093789,1,1,慢病管理 AI 教练与个性化随访,12,5,4,0,3,7,31,慢病管理具备个性化随访和 AI 教练空间; 有监管/官方目录证据,website; financing; company_site_evidence
深圳市昭蓝生物科技有限公司,,China,CN,深圳,chronic_disease_management,A,,https://udi.nmpa.gov.cn/showDetailCX.html?deviceRecordKey=06973880810523202310110930463,1,1,慢病管理 AI 教练与个性化随访,12,5,4,0,3,7,31,慢病管理具备个性化随访和 AI 教练空间; 有监管/官方目录证据,website; financing; company_site_evidence
美敦力导航股份有限公司,,China,CN,,samd,A,,https://udi.nmpa.gov.cn/showDetailCX.html?deviceRecordKey=d224c319c6044a5a8d3eb3ec41dee51a,2,4,医疗软件智能化和疗效反馈闭环,12,1,5,1,3,9,31,有监管/官方目录证据,website; financing; company_site_evidence
Cybex,,US,US,Ronkonkoma,rehabilitation,A,,https://www.accessdata.fda.gov/scripts/cdrh/cfdocs/cfpmn/pmn.cfm?id=K843739,1,1,康复计划生成、动作/依从性反馈与 care manager copilot,11,5,4,0,3,7,30,康复产品可用 AI 降低人力交付成本; 有监管/官方目录证据,website; financing; company_site_evidence
Ergoline GmbH,,Europe,DE,Bitz,rehabilitation,A,,https://www.accessdata.fda.gov/scripts/cdrh/cfdocs/cfpmn/pmn.cfm?id=K212883,1,1,康复计划生成、动作/依从性反馈与 care manager copilot,11,5,4,0,3,7,30,康复产品可用 AI 降低人力交付成本; 有监管/官方目录证据,website; financing; company_site_evidence
"Hill-Rom, Inc.",,US,US,Batesville,sleep_health,A,,https://www.accessdata.fda.gov/scripts/cdrh/cfdocs/cfpmn/pmn.cfm?id=K945729,2,2,心理/睡眠分层干预与对话式支持,12,3,4,0,3,8,30,有监管/官方目录证据,website; financing; company_site_evidence
"I-Rep, Inc.",,US,US,Mchenry,rehabilitation,A,,https://www.accessdata.fda.gov/scripts/cdrh/cfdocs/cfpmn/pmn.cfm?id=K822906,1,1,康复计划生成、动作/依从性反馈与 care manager copilot,11,5,4,0,3,7,30,康复产品可用 AI 降低人力交付成本; 有监管/官方目录证据,website; financing; company_site_evidence
Medicaa (Uruguay) S.A.,,US,US,Austin,rehabilitation,A,,https://www.accessdata.fda.gov/scripts/cdrh/cfdocs/cfpmn/pmn.cfm?id=K070085,1,1,康复计划生成、动作/依从性反馈与 care manager copilot,11,5,4,0,3,7,30,康复产品可用 AI 降低人力交付成本; 有监管/官方目录证据,website; financing; company_site_evidence
"Nautilus Sports/Medical Industries, Inc.",,US,US,Deland,rehabilitation,A,,https://www.accessdata.fda.gov/scripts/cdrh/cfdocs/cfpmn/pmn.cfm?id=K861206,1,1,康复计划生成、动作/依从性反馈与 care manager copilot,11,5,4,0,3,7,30,康复产品可用 AI 降低人力交付成本; 有监管/官方目录证据,website; financing; company_site_evidence
"Recovr,Inc",,US,US,Clemson,rehabilitation,A,,https://www.accessdata.fda.gov/scripts/cdrh/cfdocs/cfpmn/pmn.cfm?id=K151446,1,1,康复计划生成、动作/依从性反馈与 care manager copilot,11,5,4,0,3,7,30,康复产品可用 AI 降低人力交付成本; 有监管/官方目录证据,website; financing; company_site_evidence
"Shiley, Inc.",,US,US,Irvine,sleep_health,A,,https://www.accessdata.fda.gov/scripts/cdrh/cfdocs/cfpmn/pmn.cfm?id=K844138,2,2,心理/睡眠分层干预与对话式支持,12,6,1,0,3,8,30,有监管/官方目录证据,website; financing; company_site_evidence
The ScottCare Corporation,,US,US,Cleveland,rehabilitation,A,,https://www.accessdata.fda.gov/scripts/cdrh/cfdocs/cfpmn/pmn.cfm?id=K250259,1,1,康复计划生成、动作/依从性反馈与 care manager copilot,11,5,4,0,3,7,30,康复产品可用 AI 降低人力交付成本; 有监管/官方目录证据,website; financing; company_site_evidence
"Universal Gym Equipment, Inc.",,US,US,New York,rehabilitation,A,,https://www.accessdata.fda.gov/scripts/cdrh/cfdocs/cfpmn/pmn.cfm?id=K873659,1,1,康复计划生成、动作/依从性反馈与 care manager copilot,11,5,4,0,3,7,30,康复产品可用 AI 降低人力交付成本; 有监管/官方目录证据,website; financing; company_site_evidence
Wfr/Aquaplast Corp.,,US,US,Wyckoff,mental_health,A,,https://www.accessdata.fda.gov/scripts/cdrh/cfdocs/cfpmn/pmn.cfm?id=K032156,1,1,心理/睡眠分层干预与对话式支持,11,5,4,0,3,7,30,有监管/官方目录证据,website; financing; company_site_evidence
上海导向医疗系统有限公司,,China,CN,上海,samd,A,,https://udi.nmpa.gov.cn/showDetailCX.html?deviceRecordKey=0694933910336220260506035412241,1,2,医疗软件智能化和疗效反馈闭环,11,0,8,0,3,8,30,有监管/官方目录证据,website; financing; company_site_evidence
徐州市科健高新技术有限公司,,China,CN,,chronic_disease_management,A,,https://udi.nmpa.gov.cn/showDetailCX.html?deviceRecordKey=06975283415138202205101045050,1,1,慢病管理 AI 教练与个性化随访,12,5,4,0,3,6,30,慢病管理具备个性化随访和 AI 教练空间; 有监管/官方目录证据,website; financing; company_site_evidence
语坤（北京）网络科技有限公司,,China,CN,北京,samd,A,,https://udi.nmpa.gov.cn/showDetailCX.html?deviceRecordKey=0697418338085020260506052020828,1,2,医疗软件智能化和疗效反馈闭环,11,0,8,0,3,8,30,有监管/官方目录证据,website; financing; company_site_evidence
赛尔生物,,China,CN,,chronic_disease_management,A,,https://udi.nmpa.gov.cn/showDetailCX.html?deviceRecordKey=06975491760105202206230544050,1,1,慢病管理 AI 教练与个性化随访,12,5,4,0,3,6,30,慢病管理具备个性化随访和 AI 教练空间; 有监管/官方目录证据,website; financing; company_site_evidence
Brainlab AG,,Europe,DE,Munich,samd,A,,https://www.accessdata.fda.gov/scripts/cdrh/cfdocs/cfpmn/pmn.cfm?id=K243633,1,1,医疗软件智能化和疗效反馈闭环,11,0,8,0,3,7,29,有监管/官方目录证据,website; financing; company_site_evidence
"Elaitra, Ltd.",,Europe,GB,London,samd,A,,https://www.accessdata.fda.gov/scripts/cdrh/cfdocs/cfpmn/pmn.cfm?id=K223501,1,1,医疗软件智能化和疗效反馈闭环,11,0,8,0,3,7,29,有监管/官方目录证据,website; financing; company_site_evidence
"Hypoguard USA, Inc.",,US,US,Edina,samd,A,,https://www.accessdata.fda.gov/scripts/cdrh/cfdocs/cfpmn/pmn.cfm?id=K022545,1,1,医疗软件智能化和疗效反馈闭环,11,0,8,0,3,7,29,有监管/官方目录证据,website; financing; company_site_evidence
"Infobionic, Inc.",,US,US,Lowell,samd,A,,https://www.accessdata.fda.gov/scripts/cdrh/cfdocs/cfpmn/pmn.cfm?id=K152491,1,1,医疗软件智能化和疗效反馈闭环,11,0,8,0,3,7,29,有监管/官方目录证据,website; financing; company_site_evidence
Puritan Bennett Corp.,,US,US,Pleasanton,samd,A,,https://www.accessdata.fda.gov/scripts/cdrh/cfdocs/cfpmn/pmn.cfm?id=K023225,1,1,医疗软件智能化和疗效反馈闭环,11,0,8,0,3,7,29,有监管/官方目录证据,website; financing; company_site_evidence
内特斯医疗系统DBA艾泰克有限公司,,China,CN,,sleep_health,A,,https://udi.nmpa.gov.cn/showDetailCX.html?deviceRecordKey=00382830027298202208310434215,4,4,心理/睡眠分层干预与对话式支持,14,1,1,1,3,9,29,有监管/官方目录证据,website; financing; company_site_evidence
嘉兴允英医学检验有限公司,,China,CN,,samd,A,,https://udi.nmpa.gov.cn/showDetailCX.html?deviceRecordKey=0697545115090820260424110259267,1,2,医生工作流、病历摘要和临床文档自动化,11,0,8,0,3,7,29,有监管/官方目录证据,website; financing; company_site_evidence
日本尼德克株式会社,,China,CN,,samd,A,,https://udi.nmpa.gov.cn/showDetailCX.html?deviceRecordKey=0498766910164320260403013305251,1,2,医疗软件智能化和疗效反馈闭环,11,0,8,0,3,7,29,有监管/官方目录证据,website; financing; company_site_evidence
桂林优利特医疗电子有限公司,,China,CN,,samd,A,,https://udi.nmpa.gov.cn/showDetailCX.html?deviceRecordKey=06935740735889202604101007341,1,2,医疗软件智能化和疗效反馈闭环,11,0,8,0,3,7,29,有监管/官方目录证据,website; financing; company_site_evidence
深圳迈瑞生物医疗电子股份有限公司,,China,CN,深圳,,A,,https://udi.nmpa.gov.cn/showDetailCX.html?deviceRecordKey=069030530816962026011502474526,16,32,,9,3,1,3,3,10,29,有监管/官方目录证据,website; financing; company_site_evidence
环科医学影像公司,,China,CN,,samd,A,,https://udi.nmpa.gov.cn/showDetailCX.html?deviceRecordKey=0088291600001120260415110044685,1,2,医疗软件智能化和疗效反馈闭环,11,0,8,0,3,7,29,有监管/官方目录证据,website; financing; company_site_evidence
AppliedVR,,US,US,Los Angeles,digital_therapeutics; samd,B,https://www.appliedvr.io/,https://www.appliedvr.io/,1,2,医疗软件智能化和疗效反馈闭环,11,0,4,4,3,6,28,已有官网/产品页信号,financing; company_site_evidence
"Cardon Rehabilitation Products, Inc.",,US,US,Niagara Falls,,A,,https://www.accessdata.fda.gov/scripts/cdrh/cfdocs/cfpmn/pmn.cfm?id=K951955,9,9,,9,2,1,3,3,10,28,有监管/官方目录证据,website; financing; company_site_evidence
HelloBetter,GET.ON Institut,Europe,DE,Hamburg,digital_therapeutics; mental_health,C,https://hellobetter.de/,https://hellobetter.de/,1,1,心理/睡眠分层干预与对话式支持,11,5,7,4,0,1,28,已有官网/产品页信号,financing; company_site_evidence
爱乔（上海）医疗科技有限公司,,China,CN,上海,samd,A,,https://udi.nmpa.gov.cn/showDetailCX.html?deviceRecordKey=0697153589112520220518112542940,2,2,医疗软件智能化和疗效反馈闭环,12,0,5,0,3,8,28,有监管/官方目录证据,website; financing; company_site_evidence
艾科托迈德有限公司 AKTORmed GmbH,,China,CN,,,A,,https://udi.nmpa.gov.cn/showDetailCX.html?deviceRecordKey=372e067a0d814590bc697daa059f7d30,8,16,,9,3,1,3,3,9,28,有监管/官方目录证据,website; financing; company_site_evidence
ABBOTT MEDICAL,,US,US,Westford,samd,A,,https://www.accessdata.fda.gov/scripts/cdrh/cfdocs/cfpmn/pmn.cfm?id=K253459,1,1,医疗软件智能化和疗效反馈闭环,11,0,5,0,3,7,26,有监管/官方目录证据,website; financing; company_site_evidence
"Advanced Planimetric Services, LLC",,US,US,Elmwood Park,samd,A,,https://www.accessdata.fda.gov/scripts/cdrh/cfdocs/cfpmn/pmn.cfm?id=K130165,1,1,医疗软件智能化和疗效反馈闭环,11,0,5,0,3,7,26,有监管/官方目录证据,website; financing; company_site_evidence
American Sleep Association,,US,US,Chesterland,samd,A,,https://www.accessdata.fda.gov/scripts/cdrh/cfdocs/cfpmn/pmn.cfm?id=K130504,1,1,医疗软件智能化和疗效反馈闭环,11,0,5,0,3,7,26,有监管/官方目录证据,website; financing; company_site_evidence
Cochlear Americas,,US,US,Lone Tree,samd,A,,https://www.accessdata.fda.gov/scripts/cdrh/cfdocs/cfpmn/pmn.cfm?id=K212136,1,1,医疗软件智能化和疗效反馈闭环,11,0,5,0,3,7,26,有监管/官方目录证据,website; financing; company_site_evidence
Datex-Ohmeda,,US,US,Needham,samd,A,,https://www.accessdata.fda.gov/scripts/cdrh/cfdocs/cfpmn/pmn.cfm?id=K023497,1,1,医疗软件智能化和疗效反馈闭环,11,0,5,0,3,7,26,有监管/官方目录证据,website; financing; company_site_evidence
"Draeger Medical Systems, Inc.",,US,US,Andover,samd,A,,https://www.accessdata.fda.gov/scripts/cdrh/cfdocs/cfpmn/pmn.cfm?id=K141756,1,1,医疗软件智能化和疗效反馈闭环,11,0,5,0,3,7,26,有监管/官方目录证据,website; financing; company_site_evidence
"Gauss Surgical, Inc.,",,US,US,Cupertino,samd,A,,https://www.accessdata.fda.gov/scripts/cdrh/cfdocs/cfpmn/pmn.cfm?id=K121274,1,1,医疗软件智能化和疗效反馈闭环,11,0,5,0,3,7,26,有监管/官方目录证据,website; financing; company_site_evidence
"Marquest Medical Products, Inc.",,US,US,Englewood,,A,,https://www.accessdata.fda.gov/scripts/cdrh/cfdocs/cfpmn/pmn.cfm?id=K902632,6,6,,9,1,1,2,3,10,26,有监管/官方目录证据,website; financing; company_site_evidence
Medtronic Minimed,,US,US,Los Angeles,samd,A,,https://www.accessdata.fda.gov/scripts/cdrh/cfdocs/cfpmn/pmn.cfm?id=K253512,1,1,医疗软件智能化和疗效反馈闭环,11,0,5,0,3,7,26,有监管/官方目录证据,website; financing; company_site_evidence
"Nidek, Inc.",,US,US,Lake Forest,samd,A,,https://www.accessdata.fda.gov/scripts/cdrh/cfdocs/cfpmn/pmn.cfm?id=K050336,1,1,医疗软件智能化和疗效反馈闭环,11,0,5,0,3,7,26,有监管/官方目录证据,website; financing; company_site_evidence
Nucletron Corp.,,US,US,Columbia,samd,A,,https://www.accessdata.fda.gov/scripts/cdrh/cfdocs/cfpmn/pmn.cfm?id=K990990,1,1,医疗软件智能化和疗效反馈闭环,11,0,5,0,3,7,26,有监管/官方目录证据,website; financing; company_site_evidence
"Ortho Kinematics, Inc.",,US,US,Austin,samd,A,,https://www.accessdata.fda.gov/scripts/cdrh/cfdocs/cfpmn/pmn.cfm?id=K171617,1,1,医疗软件智能化和疗效反馈闭环,11,0,5,0,3,7,26,有监管/官方目录证据,website; financing; company_site_evidence
"R2 Technology, Inc.",,US,US,Sunnyvale,samd,A,,https://www.accessdata.fda.gov/scripts/cdrh/cfdocs/cfpmn/pmn.cfm?id=K041380,1,1,医疗软件智能化和疗效反馈闭环,11,0,5,0,3,7,26,有监管/官方目录证据,website; financing; company_site_evidence
St Jude Medical,,US,US,Sylmar,samd,A,,https://www.accessdata.fda.gov/scripts/cdrh/cfdocs/cfpmn/pmn.cfm?id=K173232,1,1,医疗软件智能化和疗效反馈闭环,11,0,5,0,3,7,26,有监管/官方目录证据,website; financing; company_site_evidence
"Strados Labs, Inc.",,US,US,Philadelphia,,A,,https://www.accessdata.fda.gov/scripts/cdrh/cfdocs/cfpmn/pmn.cfm?id=K220893,1,1,,6,6,4,0,3,7,26,有监管/官方目录证据,website; financing; company_site_evidence
"Topcon Medical Systems, Inc.",,US,US,North Reading,samd,A,,https://www.accessdata.fda.gov/scripts/cdrh/cfdocs/cfpmn/pmn.cfm?id=K132438,1,1,医疗软件智能化和疗效反馈闭环,11,0,5,0,3,7,26,有监管/官方目录证据,website; financing; company_site_evidence
"Toshiba America Mri, Inc.",,US,US,S. San Francisco,samd,A,,https://www.accessdata.fda.gov/scripts/cdrh/cfdocs/cfpmn/pmn.cfm?id=K981475,1,1,医疗软件智能化和疗效反馈闭环,11,0,5,0,3,7,26,有监管/官方目录证据,website; financing; company_site_evidence
"Vivometrics, Inc.",,US,US,Washington,samd,A,,https://www.accessdata.fda.gov/scripts/cdrh/cfdocs/cfpmn/pmn.cfm?id=K043604,1,1,远程监测风险分层与异常预警,11,0,5,0,3,7,26,有监管/官方目录证据,website; financing; company_site_evidence
Watermark Medical,,US,US,Brookfield,samd,A,,https://www.accessdata.fda.gov/scripts/cdrh/cfdocs/cfpmn/pmn.cfm?id=K120325,1,1,医疗软件智能化和疗效反馈闭环,11,0,5,0,3,7,26,有监管/官方目录证据,website; financing; company_site_evidence
"Widex Hearing Aid Co., Inc.",,US,US,Long Island City,,A,,https://www.accessdata.fda.gov/scripts/cdrh/cfdocs/cfpmn/pmn.cfm?id=K897033,1,1,,6,6,4,0,3,7,26,有监管/官方目录证据,website; financing; company_site_evidence
执鼎医疗科技有限公司,,China,CN,,samd,A,,https://udi.nmpa.gov.cn/showDetailCX.html?deviceRecordKey=0697304719107620260508030807326,1,2,医疗软件智能化和疗效反馈闭环,11,0,5,0,3,7,26,有监管/官方目录证据,website; financing; company_site_evidence
武汉楚精灵医疗科技有限公司,,China,CN,,samd,A,,https://udi.nmpa.gov.cn/showDetailCX.html?deviceRecordKey=0697460473102520260419033246769,1,2,医生工作流、病历摘要和临床文档自动化,11,0,5,0,3,7,26,有监管/官方目录证据,website; financing; company_site_evidence
 江西维德医疗健康管理有限公司,,China,CN,,health_management_platform,A,,https://udi.nmpa.gov.cn/showDetailCX.html?deviceRecordKey=06970360996036202404121206310,2,2,,7,4,4,0,3,7,25,有监管/官方目录证据,website; financing; company_site_evidence
"Advanced Brain Monitoring, Inc.",,US,US,Dousman,sleep_health,A,,https://www.accessdata.fda.gov/scripts/cdrh/cfdocs/cfpmn/pmn.cfm?id=K120450,1,1,远程监测风险分层与异常预警; 心理/睡眠分层干预与对话式支持,11,0,4,0,3,7,25,有监管/官方目录证据,website; financing; company_site_evidence
"Apple, Inc.",Apple Inc.,US,US,Cupertino,sleep_health,A,,https://www.accessdata.fda.gov/scripts/cdrh/cfdocs/cfpmn/pmn.cfm?id=K240929,1,2,心理/睡眠分层干预与对话式支持,11,0,1,2,3,8,25,有监管/官方目录证据,website; financing; company_site_evidence
Craniofacial Pain Center of Idaho,,US,US,Boise,sleep_health,A,,https://www.accessdata.fda.gov/scripts/cdrh/cfdocs/cfpmn/pmn.cfm?id=K082849,1,1,心理/睡眠分层干预与对话式支持,11,0,4,0,3,7,25,有监管/官方目录证据,website; financing; company_site_evidence
Nakagawa Dental Clinic,,US,US,Mineola,sleep_health,A,,https://www.accessdata.fda.gov/scripts/cdrh/cfdocs/cfpmn/pmn.cfm?id=K060122,1,1,心理/睡眠分层干预与对话式支持,11,3,1,0,3,7,25,有监管/官方目录证据,website; financing; company_site_evidence
"Respironics Inc., Sleep & Home Respiratory Group",,US,US,Murrysville,,A,,https://www.accessdata.fda.gov/scripts/cdrh/cfdocs/cfpmn/pmn.cfm?id=K082866,5,5,,9,1,1,1,3,10,25,有监管/官方目录证据,website; financing; company_site_evidence
Sherwood Medical Co.,,US,US,St. Louis,,A,,https://www.accessdata.fda.gov/scripts/cdrh/cfdocs/cfpmn/pmn.cfm?id=K930471,5,5,,9,1,1,1,3,10,25,有监管/官方目录证据,website; financing; company_site_evidence
上海卓昕医疗科技有限公司,,China,CN,上海,,A,,https://udi.nmpa.gov.cn/showDetailCX.html?deviceRecordKey=0697526051015320260310102355590,3,6,医生工作流、病历摘要和临床文档自动化,8,1,1,2,3,10,25,有监管/官方目录证据,website; financing; company_site_evidence
卓越星河健康管理（南京）有限公司,,China,CN,,health_management_platform,A,,https://udi.nmpa.gov.cn/showDetailCX.html?deviceRecordKey=b3f48fe79015490d99c46888a74af1fc,2,2,,7,4,4,0,3,7,25,有监管/官方目录证据,website; financing; company_site_evidence
"Neurovalens , Ltd.",Neurovalens Limited,Europe,GB,Portglenone,sleep_health,A,,https://www.accessdata.fda.gov/scripts/cdrh/cfdocs/cfpmn/pmn.cfm?id=K230826,2,2,心理/睡眠分层干预与对话式支持,12,0,1,0,3,8,24,有监管/官方目录证据,website; financing; company_site_evidence
医伟司安股份有限公司,,China,CN,,,A,,https://udi.nmpa.gov.cn/showDetailCX.html?deviceRecordKey=bc1fbf9e-231d-497f-a295-00f33b8d39cd,3,6,,8,1,1,2,3,9,24,有监管/官方目录证据,website; financing; company_site_evidence
绍兴金箓生物技术有限公司,,China,CN,,,A,,https://udi.nmpa.gov.cn/showDetailCX.html?deviceRecordKey=0697532900221620240626030509298,3,6,,8,1,1,2,3,9,24,有监管/官方目录证据,website; financing; company_site_evidence
苏州歌锐医疗科技有限公司,,China,CN,,,A,,https://udi.nmpa.gov.cn/showDetailCX.html?deviceRecordKey=0697549601006920260429074128451,3,6,,8,1,1,2,3,9,24,有监管/官方目录证据,website; financing; company_site_evidence
"Adsis , Ltd.",,US,US,Washington,,A,,https://www.accessdata.fda.gov/scripts/cdrh/cfdocs/cfpmn/pmn.cfm?id=K010791,1,1,,6,6,1,0,3,7,23,有监管/官方目录证据,website; financing; company_site_evidence
"Broncus Technologies, Inc.",,US,US,Mountain View,,A,,https://www.accessdata.fda.gov/scripts/cdrh/cfdocs/cfpmn/pmn.cfm?id=K090095,1,1,,6,6,1,0,3,7,23,有监管/官方目录证据,website; financing; company_site_evidence
"Catheter Robotics, Inc.",,US,US,Mt. Olive,,A,,https://www.accessdata.fda.gov/scripts/cdrh/cfdocs/cfpmn/pmn.cfm?id=DEN140009,1,1,,6,6,1,0,3,7,23,有监管/官方目录证据,website; financing; company_site_evidence
"Clinical Information Systems, Inc.",,US,US,Ann Arbor,,A,,https://www.accessdata.fda.gov/scripts/cdrh/cfdocs/cfpmn/pmn.cfm?id=K882352,1,1,医生工作流、病历摘要和临床文档自动化,6,3,4,0,3,7,23,有监管/官方目录证据,website; financing; company_site_evidence
"Image-Guided Neurologics, Inc.",,US,US,Melbourne,,A,,https://www.accessdata.fda.gov/scripts/cdrh/cfdocs/cfpmn/pmn.cfm?id=K990907,1,1,,6,6,1,0,3,7,23,有监管/官方目录证据,website; financing; company_site_evidence
"Power Medical Interventions, Inc.",,US,US,New Hope,,A,,https://www.accessdata.fda.gov/scripts/cdrh/cfdocs/cfpmn/pmn.cfm?id=K020343,1,1,,6,6,1,0,3,7,23,有监管/官方目录证据,website; financing; company_site_evidence
"Remote Diagnostic Technologies , Ltd.",,Europe,GB,Hampshire,,A,,https://www.accessdata.fda.gov/scripts/cdrh/cfdocs/cfpmn/pmn.cfm?id=K133988,1,1,,6,6,1,0,3,7,23,有监管/官方目录证据,website; financing; company_site_evidence
"Signifier Medical Technologies, Ltd.",,Europe,GB,London,,A,,https://www.accessdata.fda.gov/scripts/cdrh/cfdocs/cfpmn/pmn.cfm?id=K223446,1,1,,6,6,1,0,3,7,23,有监管/官方目录证据,website; financing; company_site_evidence
"3M Health Care, Sarns",,US,US,Mchenry,,A,,https://www.accessdata.fda.gov/scripts/cdrh/cfdocs/cfpmn/pmn.cfm?id=K771499,3,3,,8,0,1,1,3,9,22,有监管/官方目录证据,website; financing; company_site_evidence
"Apnicure, Inc.",,US,US,Redwood City,sleep_health,A,,https://www.accessdata.fda.gov/scripts/cdrh/cfdocs/cfpmn/pmn.cfm?id=K130538,1,1,心理/睡眠分层干预与对话式支持,11,0,1,0,3,7,22,有监管/官方目录证据,website; financing; company_site_evidence
Bemco Mattress Co.,,US,US,Mchenry,sleep_health,A,,https://www.accessdata.fda.gov/scripts/cdrh/cfdocs/cfpmn/pmn.cfm?id=K834344,1,1,心理/睡眠分层干预与对话式支持,11,0,1,0,3,7,22,有监管/官方目录证据,website; financing; company_site_evidence
"Cereve, Inc.",,US,US,Oakmont,sleep_health,A,,https://www.accessdata.fda.gov/scripts/cdrh/cfdocs/cfpmn/pmn.cfm?id=DEN140032,1,1,心理/睡眠分层干预与对话式支持,11,0,1,0,3,7,22,有监管/官方目录证据,website; financing; company_site_evidence
"Concord Laboratories, Inc.",,US,US,Mchenry,,A,,https://www.accessdata.fda.gov/scripts/cdrh/cfdocs/cfpmn/pmn.cfm?id=K833582,3,3,,8,0,1,1,3,9,22,有监管/官方目录证据,website; financing; company_site_evidence
Diamond Orthotic Laboratory,,US,US,La Mesa,sleep_health,A,,https://www.accessdata.fda.gov/scripts/cdrh/cfdocs/cfpmn/pmn.cfm?id=K202499,1,1,心理/睡眠分层干预与对话式支持,11,0,1,0,3,7,22,有监管/官方目录证据,website; financing; company_site_evidence
Dynadx Corporation,,US,US,Crofton,sleep_health,A,,https://www.accessdata.fda.gov/scripts/cdrh/cfdocs/cfpmn/pmn.cfm?id=K070855,1,1,心理/睡眠分层干预与对话式支持,11,0,1,0,3,7,22,有监管/官方目录证据,website; financing; company_site_evidence
"Ge Medical Systems, LLC",,US,US,Waukesha,,A,,https://www.accessdata.fda.gov/scripts/cdrh/cfdocs/cfpmn/pmn.cfm?id=K182234,2,2,,7,0,4,0,3,8,22,有监管/官方目录证据,website; financing; company_site_evidence
"Happiest Baby, Inc.",,US,US,Los Angeles,sleep_health,A,,https://www.accessdata.fda.gov/scripts/cdrh/cfdocs/cfpmn/pmn.cfm?id=DEN210039,1,1,心理/睡眠分层干预与对话式支持,11,0,1,0,3,7,22,有监管/官方目录证据,website; financing; company_site_evidence
"Influence, Inc.",,US,US,San Francisco,sleep_health,A,,https://www.accessdata.fda.gov/scripts/cdrh/cfdocs/cfpmn/pmn.cfm?id=K972023,1,1,心理/睡眠分层干预与对话式支持,11,0,1,0,3,7,22,有监管/官方目录证据,website; financing; company_site_evidence
"Neurofield, Inc.",,US,US,Santa Barbara,sleep_health,A,,https://www.accessdata.fda.gov/scripts/cdrh/cfdocs/cfpmn/pmn.cfm?id=K252951,1,1,心理/睡眠分层干预与对话式支持,11,0,1,0,3,7,22,有监管/官方目录证据,website; financing; company_site_evidence
"Neurotronics, Inc.",,US,US,Gainesville,sleep_health,A,,https://www.accessdata.fda.gov/scripts/cdrh/cfdocs/cfpmn/pmn.cfm?id=K142774,1,1,心理/睡眠分层干预与对话式支持,11,0,1,0,3,7,22,有监管/官方目录证据,website; financing; company_site_evidence
"Nihon Kohden America, Inc.",,US,US,Irvine,sleep_health,A,,https://www.accessdata.fda.gov/scripts/cdrh/cfdocs/cfpmn/pmn.cfm?id=K983072,1,1,心理/睡眠分层干预与对话式支持,11,0,1,0,3,7,22,有监管/官方目录证据,website; financing; company_site_evidence
Nipro Medical Corp.,,US,US,Miami,,A,,https://www.accessdata.fda.gov/scripts/cdrh/cfdocs/cfpmn/pmn.cfm?id=K093985,2,2,,7,0,4,0,3,8,22,有监管/官方目录证据,website; financing; company_site_evidence
Omega Results,,US,US,Dallas,sleep_health,A,,https://www.accessdata.fda.gov/scripts/cdrh/cfdocs/cfpmn/pmn.cfm?id=K963631,1,1,心理/睡眠分层干预与对话式支持,11,0,1,0,3,7,22,有监管/官方目录证据,website; financing; company_site_evidence
Onera B.V.,,Europe,NL,Eindhoven,sleep_health,A,,https://www.accessdata.fda.gov/scripts/cdrh/cfdocs/cfpmn/pmn.cfm?id=K253668,1,1,心理/睡眠分层干预与对话式支持,11,0,1,0,3,7,22,有监管/官方目录证据,website; financing; company_site_evidence
Oxehealth Limited,,Europe,GB,Oxford,sleep_health,A,,https://www.accessdata.fda.gov/scripts/cdrh/cfdocs/cfpmn/pmn.cfm?id=K233618,1,1,心理/睡眠分层干预与对话式支持,11,0,1,0,3,7,22,有监管/官方目录证据,website; financing; company_site_evidence
"Respironics, Inc.",,US,US,Murrysville,sleep_health,A,,https://www.accessdata.fda.gov/scripts/cdrh/cfdocs/cfpmn/pmn.cfm?id=K003499,1,1,心理/睡眠分层干预与对话式支持,11,0,1,0,3,7,22,有监管/官方目录证据,website; financing; company_site_evidence
"Sleep Specialists, LLC",,US,US,Greenville,sleep_health,A,,https://www.accessdata.fda.gov/scripts/cdrh/cfdocs/cfpmn/pmn.cfm?id=K100160,1,1,心理/睡眠分层干预与对话式支持,11,0,1,0,3,7,22,有监管/官方目录证据,website; financing; company_site_evidence
"Smiths Medical Asd, Inc.",,US,US,St. Paul,,A,,https://www.accessdata.fda.gov/scripts/cdrh/cfdocs/cfpmn/pmn.cfm?id=K141193,3,3,,8,0,1,1,3,9,22,有监管/官方目录证据,website; financing; company_site_evidence
Target Therapeutics,,US,US,Los Angeles,,A,,https://www.accessdata.fda.gov/scripts/cdrh/cfdocs/cfpmn/pmn.cfm?id=K880762,3,3,,8,0,1,1,3,9,22,有监管/官方目录证据,website; financing; company_site_evidence
"The Snore Reliever Company, LLC",,US,US,Laguna Niguel,sleep_health,A,,https://www.accessdata.fda.gov/scripts/cdrh/cfdocs/cfpmn/pmn.cfm?id=K092942,1,1,心理/睡眠分层干预与对话式支持,11,0,1,0,3,7,22,有监管/官方目录证据,website; financing; company_site_evidence
苏州一目万相科技有限公司,,China,CN,,,A,,https://udi.nmpa.gov.cn/showDetailCX.html?deviceRecordKey=0697633057002220260305085826347,2,4,,7,1,1,1,3,9,22,有监管/官方目录证据,website; financing; company_site_evidence
河北深灵医疗科技有限公司,,China,CN,,sleep_health,A,,https://udi.nmpa.gov.cn/showDetailCX.html?deviceRecordKey=0697758417001320250519034302079,1,1,心理/睡眠分层干预与对话式支持,11,0,1,0,3,6,21,有监管/官方目录证据,website; financing; company_site_evidence
海口安至科技有限公司,,China,CN,,sleep_health,A,,https://udi.nmpa.gov.cn/showDetailCX.html?deviceRecordKey=0697723824006220250623012627084,1,1,心理/睡眠分层干预与对话式支持,11,0,1,0,3,6,21,有监管/官方目录证据,website; financing; company_site_evidence
"Alert Care, Inc.",,US,US,Borden,,A,,https://www.accessdata.fda.gov/scripts/cdrh/cfdocs/cfpmn/pmn.cfm?id=K926053,1,1,,6,0,4,0,3,7,20,有监管/官方目录证据,website; financing; company_site_evidence
American Pharmaseal Div. Ahsc,,US,US,Valencia,,A,,https://www.accessdata.fda.gov/scripts/cdrh/cfdocs/cfpmn/pmn.cfm?id=K870720,1,1,,6,0,4,0,3,7,20,有监管/官方目录证据,website; financing; company_site_evidence
"Aqueduct Critical Care, Inc.",,US,US,Bothell,,A,,https://www.accessdata.fda.gov/scripts/cdrh/cfdocs/cfpmn/pmn.cfm?id=K181301,1,1,,6,0,4,0,3,7,20,有监管/官方目录证据,website; financing; company_site_evidence
Athlos OY,,Europe,FI,Espoo,,A,,https://www.accessdata.fda.gov/scripts/cdrh/cfdocs/cfpmn/pmn.cfm?id=K211688,1,1,,6,0,4,0,3,7,20,有监管/官方目录证据,website; financing; company_site_evidence
"Bruno Independent Living Aids, Inc.",,US,US,Oconomowoc,,A,,https://www.accessdata.fda.gov/scripts/cdrh/cfdocs/cfpmn/pmn.cfm?id=K022509,1,1,,6,0,4,0,3,7,20,有监管/官方目录证据,website; financing; company_site_evidence
"Bryggs Medical, LLC",,US,US,Avon,,A,,https://www.accessdata.fda.gov/scripts/cdrh/cfdocs/cfpmn/pmn.cfm?id=K191728,1,1,,6,0,4,0,3,7,20,有监管/官方目录证据,website; financing; company_site_evidence
Conair Corp.,,US,US,Stamford,,A,,https://www.accessdata.fda.gov/scripts/cdrh/cfdocs/cfpmn/pmn.cfm?id=K924584,1,1,,6,0,4,0,3,7,20,有监管/官方目录证据,website; financing; company_site_evidence
"Darmiyan, Inc.",,US,US,Berkeley,,A,,https://www.accessdata.fda.gov/scripts/cdrh/cfdocs/cfpmn/pmn.cfm?id=DEN220066,1,1,,6,0,4,0,3,7,20,有监管/官方目录证据,website; financing; company_site_evidence
Dash Medical Gloves Sdn Bhd,,US,US,Franklin,,A,,https://www.accessdata.fda.gov/scripts/cdrh/cfdocs/cfpmn/pmn.cfm?id=K992128,1,1,,6,0,4,0,3,7,20,有监管/官方目录证据,website; financing; company_site_evidence
"Datascope Corp., Patient Monitoring Division",,US,US,Mahwh,,A,,https://www.accessdata.fda.gov/scripts/cdrh/cfdocs/cfpmn/pmn.cfm?id=K091834,1,1,远程监测风险分层与异常预警,6,0,4,0,3,7,20,有监管/官方目录证据,website; financing; company_site_evidence
General Electric Co.,GENERAL ELECTRIC CO,US,US,Milwaukee,,A,,https://www.accessdata.fda.gov/scripts/cdrh/cfdocs/cfpmn/pmn.cfm?id=K931460,1,2,,6,0,1,2,3,8,20,有监管/官方目录证据,website; financing; company_site_evidence
Insulet Corporation,INSULET CORP,US,US,Acton,,A,,https://www.accessdata.fda.gov/scripts/cdrh/cfdocs/cfpmn/pmn.cfm?id=K211575,1,2,,6,0,1,2,3,8,20,有监管/官方目录证据,website; financing; company_site_evidence
Kimberly-Clark Corp.,KIMBERLY CLARK CORP,US,US,Roswell,,A,,https://www.accessdata.fda.gov/scripts/cdrh/cfdocs/cfpmn/pmn.cfm?id=K081027,1,2,,6,0,1,2,3,8,20,有监管/官方目录证据,website; financing; company_site_evidence
M-Pact Worldwide Management Corp.,,US,US,Eudora,,A,,https://www.accessdata.fda.gov/scripts/cdrh/cfdocs/cfpmn/pmn.cfm?id=K971832,1,1,,6,0,4,0,3,7,20,有监管/官方目录证据,website; financing; company_site_evidence
"Medline Industries, Inc.",,US,US,Mundelein,,A,,https://www.accessdata.fda.gov/scripts/cdrh/cfdocs/cfpmn/pmn.cfm?id=K103602,1,1,,6,0,4,0,3,7,20,有监管/官方目录证据,website; financing; company_site_evidence
"Merit Medical Systems, Inc.",MERIT MEDICAL SYSTEMS INC,US,US,South Jordan,,A,,https://www.accessdata.fda.gov/scripts/cdrh/cfdocs/cfpmn/pmn.cfm?id=K100319,1,2,,6,0,1,2,3,8,20,有监管/官方目录证据,website; financing; company_site_evidence
Mermaid Care A/S,,Europe,DK,Norresundby,,A,,https://www.accessdata.fda.gov/scripts/cdrh/cfdocs/cfpmn/pmn.cfm?id=K192584,1,1,,6,0,4,0,3,7,20,有监管/官方目录证据,website; financing; company_site_evidence
Metamorphosis GmbH,,Europe,DE,Paderborn,,A,,https://www.accessdata.fda.gov/scripts/cdrh/cfdocs/cfpmn/pmn.cfm?id=K252214,1,1,,6,0,4,0,3,7,20,有监管/官方目录证据,website; financing; company_site_evidence
"Modern Rehabilitation Solutions Co., Ltd.",,US,US,Greenwood Village,,A,,https://www.accessdata.fda.gov/scripts/cdrh/cfdocs/cfpmn/pmn.cfm?id=K094047,1,1,,6,0,4,0,3,7,20,有监管/官方目录证据,website; financing; company_site_evidence
"Oec-Diasonics, Inc.",,US,US,Salt Lake City,,A,,https://www.accessdata.fda.gov/scripts/cdrh/cfdocs/cfpmn/pmn.cfm?id=K864837,1,1,,6,0,4,0,3,7,20,有监管/官方目录证据,website; financing; company_site_evidence
Ortho Clinical Diagnostics,,Europe,GB,Bridgend,,A,,https://www.accessdata.fda.gov/scripts/cdrh/cfdocs/cfpmn/pmn.cfm?id=K231525,1,1,医生工作流、病历摘要和临床文档自动化,6,3,1,0,3,7,20,有监管/官方目录证据,website; financing; company_site_evidence
Pain Management Technologies,,US,US,Akron,,A,,https://www.accessdata.fda.gov/scripts/cdrh/cfdocs/cfpmn/pmn.cfm?id=K073386,1,1,,6,0,4,0,3,7,20,有监管/官方目录证据,website; financing; company_site_evidence
"Remedy Logic, Inc.",,US,US,New York,,A,,https://www.accessdata.fda.gov/scripts/cdrh/cfdocs/cfpmn/pmn.cfm?id=K241108,1,1,,6,0,4,0,3,7,20,有监管/官方目录证据,website; financing; company_site_evidence
Samson Taiwan Corp.,,US,US,Santa Rosa,,A,,https://www.accessdata.fda.gov/scripts/cdrh/cfdocs/cfpmn/pmn.cfm?id=K893102,1,1,,6,0,4,0,3,7,20,有监管/官方目录证据,website; financing; company_site_evidence
Sensus Healthcare,"Sensus Healthcare, Inc.",US,US,Boca Raton,,A,,https://www.accessdata.fda.gov/scripts/cdrh/cfdocs/cfpmn/pmn.cfm?id=K150037,1,2,,6,0,1,2,3,8,20,有监管/官方目录证据,website; financing; company_site_evidence
"Sleep Renewal, Inc.",,US,US,Mobile,,A,,https://www.accessdata.fda.gov/scripts/cdrh/cfdocs/cfpmn/pmn.cfm?id=K870501,1,1,,6,0,4,0,3,7,20,有监管/官方目录证据,website; financing; company_site_evidence
"Sonicaid, Inc.",,US,US,Mchenry,,A,,https://www.accessdata.fda.gov/scripts/cdrh/cfdocs/cfpmn/pmn.cfm?id=K812256,1,1,远程监测风险分层与异常预警,6,0,4,0,3,7,20,有监管/官方目录证据,website; financing; company_site_evidence
Surgi-Quip Inc.U,,US,US,Mchenry,,A,,https://www.accessdata.fda.gov/scripts/cdrh/cfdocs/cfpmn/pmn.cfm?id=K822427,1,1,,6,0,4,0,3,7,20,有监管/官方目录证据,website; financing; company_site_evidence
"Telcam Medical Devices, Inc.",,US,US,Walker,,A,,https://www.accessdata.fda.gov/scripts/cdrh/cfdocs/cfpmn/pmn.cfm?id=K832537,1,1,,6,0,4,0,3,7,20,有监管/官方目录证据,website; financing; company_site_evidence
Tenon Medical,"Tenon Medical, Inc.",US,US,Los Gatos,,A,,https://www.accessdata.fda.gov/scripts/cdrh/cfdocs/cfpmn/pmn.cfm?id=K260477,1,2,,6,0,1,2,3,8,20,有监管/官方目录证据,website; financing; company_site_evidence
Trex Enterprises Corp.,,US,US,San Diego,,A,,https://www.accessdata.fda.gov/scripts/cdrh/cfdocs/cfpmn/pmn.cfm?id=K012379,1,1,,6,3,1,0,3,7,20,有监管/官方目录证据,website; financing; company_site_evidence
"Utah Medical Products, Inc.",UTAH MEDICAL PRODUCTS INC,US,US,Midvale,,A,,https://www.accessdata.fda.gov/scripts/cdrh/cfdocs/cfpmn/pmn.cfm?id=K955663,1,2,,6,0,1,2,3,8,20,有监管/官方目录证据,website; financing; company_site_evidence
"Bio-Research Associates, Inc.",,US,US,Milwaukee,,A,,https://www.accessdata.fda.gov/scripts/cdrh/cfdocs/cfpmn/pmn.cfm?id=K003176,2,2,,7,0,1,0,3,8,19,有监管/官方目录证据,website; financing; company_site_evidence
"C.R. Bard, Inc.",,US,US,Mchenry,,A,,https://www.accessdata.fda.gov/scripts/cdrh/cfdocs/cfpmn/pmn.cfm?id=K772295,2,2,,7,0,1,0,3,8,19,有监管/官方目录证据,website; financing; company_site_evidence
Carestream Health,"Carestream Health, Inc.",US,US,Rochester,,A,,https://www.accessdata.fda.gov/scripts/cdrh/cfdocs/cfpmn/pmn.cfm?id=K253185,2,2,,7,0,1,0,3,8,19,有监管/官方目录证据,website; financing; company_site_evidence
"Chattanooga Group, Inc.",,US,US,Walker,,A,,https://www.accessdata.fda.gov/scripts/cdrh/cfdocs/cfpmn/pmn.cfm?id=K813593,2,2,,7,0,1,0,3,8,19,有监管/官方目录证据,website; financing; company_site_evidence
"Cook, Inc.",Cook Incorporated,US,US,Walker,,A,,https://www.accessdata.fda.gov/scripts/cdrh/cfdocs/cfpmn/pmn.cfm?id=K772011,2,2,,7,0,1,0,3,8,19,有监管/官方目录证据,website; financing; company_site_evidence
"Customed, Inc.",,US,US,Fajardo,,A,,https://www.accessdata.fda.gov/scripts/cdrh/cfdocs/cfpmn/pmn.cfm?id=K930986,2,2,,7,0,1,0,3,8,19,有监管/官方目录证据,website; financing; company_site_evidence
Dhd Medical Products Div. Diemolding Corp.,,US,US,Walker,,A,,https://www.accessdata.fda.gov/scripts/cdrh/cfdocs/cfpmn/pmn.cfm?id=K832545,2,2,,7,0,1,0,3,8,19,有监管/官方目录证据,website; financing; company_site_evidence
"Electromedical Products, Inc.",,US,US,Hawthorne,,A,,https://www.accessdata.fda.gov/scripts/cdrh/cfdocs/cfpmn/pmn.cfm?id=K903014,2,2,,7,0,1,0,3,8,19,有监管/官方目录证据,website; financing; company_site_evidence
Emde Corp.,,US,US,Mchenry,,A,,https://www.accessdata.fda.gov/scripts/cdrh/cfdocs/cfpmn/pmn.cfm?id=K771013,2,2,,7,0,1,0,3,8,19,有监管/官方目录证据,website; financing; company_site_evidence
"Fresenius Medical Care Renal Therapies Group, LLC",,US,US,Waltham,,A,,https://www.accessdata.fda.gov/scripts/cdrh/cfdocs/cfpmn/pmn.cfm?id=K201207,2,2,,7,0,1,0,3,8,19,有监管/官方目录证据,website; financing; company_site_evidence
"General X-Ray, Inc.",,US,US,Mchenry,,A,,https://www.accessdata.fda.gov/scripts/cdrh/cfdocs/cfpmn/pmn.cfm?id=K790443,2,2,,7,0,1,0,3,8,19,有监管/官方目录证据,website; financing; company_site_evidence
"Ischemaview, Inc.",,US,US,Golden,,A,,https://www.accessdata.fda.gov/scripts/cdrh/cfdocs/cfpmn/pmn.cfm?id=K232156,2,2,,7,0,1,0,3,8,19,有监管/官方目录证据,website; financing; company_site_evidence
Mallinckrodt Critical Care,,US,US,Mchenry,,A,,https://www.accessdata.fda.gov/scripts/cdrh/cfdocs/cfpmn/pmn.cfm?id=K771313,2,2,,7,0,1,0,3,8,19,有监管/官方目录证据,website; financing; company_site_evidence
"Martell Medical Products, Inc.",,US,US,Mchenry,,A,,https://www.accessdata.fda.gov/scripts/cdrh/cfdocs/cfpmn/pmn.cfm?id=K822786,2,2,,7,0,1,0,3,8,19,有监管/官方目录证据,website; financing; company_site_evidence
"Medical Consultants Intl. , Ltd.",,US,US,Glen Rock,,A,,https://www.accessdata.fda.gov/scripts/cdrh/cfdocs/cfpmn/pmn.cfm?id=K903654,2,2,,7,0,1,0,3,8,19,有监管/官方目录证据,website; financing; company_site_evidence
"Menlo Care, Inc.",,US,US,Palo Alto,,A,,https://www.accessdata.fda.gov/scripts/cdrh/cfdocs/cfpmn/pmn.cfm?id=K884259,2,2,,7,0,1,0,3,8,19,有监管/官方目录证据,website; financing; company_site_evidence
"Minxray, Inc.",,US,US,Northbrook,,A,,https://www.accessdata.fda.gov/scripts/cdrh/cfdocs/cfpmn/pmn.cfm?id=K191451,2,2,,7,0,1,0,3,8,19,有监管/官方目录证据,website; financing; company_site_evidence
"Monarch Medical Technologies, LLC",Monarch Medical Technologies,US,US,Charlotte,,A,,https://www.accessdata.fda.gov/scripts/cdrh/cfdocs/cfpmn/pmn.cfm?id=K211160,2,2,,7,0,1,0,3,8,19,有监管/官方目录证据,website; financing; company_site_evidence
Motion Analysis Corp.,,US,US,Santa Rosa,,A,,https://www.accessdata.fda.gov/scripts/cdrh/cfdocs/cfpmn/pmn.cfm?id=K890076,2,2,,7,0,1,0,3,8,19,有监管/官方目录证据,website; financing; company_site_evidence
"National Medical Care, Medical Products Div., Inc.",,US,US,Rockleigh,,A,,https://www.accessdata.fda.gov/scripts/cdrh/cfdocs/cfpmn/pmn.cfm?id=K893612,2,2,,7,0,1,0,3,8,19,有监管/官方目录证据,website; financing; company_site_evidence
"Neurosigma, Inc.",,US,US,Los Angeles,,A,,https://www.accessdata.fda.gov/scripts/cdrh/cfdocs/cfpmn/pmn.cfm?id=K233293,2,2,,7,0,1,0,3,8,19,有监管/官方目录证据,website; financing; company_site_evidence
Pfizer,PFIZER INC,US,US,,digital_therapeutics,B,,https://dtxalliance.org/members/pfizer/,0,2,医疗软件智能化和疗效反馈闭环,5,0,4,4,0,6,19,,website; financing; products; company_site_evidence
"Ray Co., Ltd.",,US,US,Santa Rosa,,A,,https://www.accessdata.fda.gov/scripts/cdrh/cfdocs/cfpmn/pmn.cfm?id=K131693,2,2,,7,0,1,0,3,8,19,有监管/官方目录证据,website; financing; company_site_evidence
Rich-Mar Corp.,,US,US,Mchenry,,A,,https://www.accessdata.fda.gov/scripts/cdrh/cfdocs/cfpmn/pmn.cfm?id=K771157,2,2,,7,0,1,0,3,8,19,有监管/官方目录证据,website; financing; company_site_evidence
Richard Wolf Medical Instruments Corp.,,US,US,Vernon Hills,,A,,https://www.accessdata.fda.gov/scripts/cdrh/cfdocs/cfpmn/pmn.cfm?id=K940844,2,2,,7,0,1,0,3,8,19,有监管/官方目录证据,website; financing; company_site_evidence
"Roche Diabetes Care, Inc.",,US,US,Indianapolis,,A,,https://www.accessdata.fda.gov/scripts/cdrh/cfdocs/cfpmn/pmn.cfm?id=K214022,2,2,,7,0,1,0,3,8,19,有监管/官方目录证据,website; financing; company_site_evidence
"Vista Lifesciences, Inc.",,US,US,Parker,,A,,https://www.accessdata.fda.gov/scripts/cdrh/cfdocs/cfpmn/pmn.cfm?id=K150154,2,2,,7,0,1,0,3,8,19,有监管/官方目录证据,website; financing; company_site_evidence
3Shape A/S,,Europe,DK,Copenhagen,,A,,https://www.accessdata.fda.gov/scripts/cdrh/cfdocs/cfpmn/pmn.cfm?id=K200100,1,1,,6,0,1,0,3,7,17,有监管/官方目录证据,website; financing; company_site_evidence
Abigo Medical AB,,Europe,SE,Askim,,A,,https://www.accessdata.fda.gov/scripts/cdrh/cfdocs/cfpmn/pmn.cfm?id=K171225,1,1,,6,0,1,0,3,7,17,有监管/官方目录证据,website; financing; company_site_evidence
"Access Vascular, Inc.",,US,US,Ballerica,,A,,https://www.accessdata.fda.gov/scripts/cdrh/cfdocs/cfpmn/pmn.cfm?id=K243941,1,1,,6,0,1,0,3,7,17,有监管/官方目录证据,website; financing; company_site_evidence
"Actigraph, LLC",,US,US,Pensacola,,A,,https://www.accessdata.fda.gov/scripts/cdrh/cfdocs/cfpmn/pmn.cfm?id=K231532,1,1,远程监测风险分层与异常预警,6,0,1,0,3,7,17,有监管/官方目录证据,website; financing; company_site_evidence
"Adaptive Video, Inc.",,US,US,Novato,,A,,https://www.accessdata.fda.gov/scripts/cdrh/cfdocs/cfpmn/pmn.cfm?id=K943158,1,1,,6,0,1,0,3,7,17,有监管/官方目录证据,website; financing; company_site_evidence
Agfa Healthcare Corporation,,US,US,Greenville,,A,,https://www.accessdata.fda.gov/scripts/cdrh/cfdocs/cfpmn/pmn.cfm?id=K081963,1,1,,6,0,1,0,3,7,17,有监管/官方目录证据,website; financing; company_site_evidence
"Akzona, Inc.",,US,US,Mchenry,,A,,https://www.accessdata.fda.gov/scripts/cdrh/cfdocs/cfpmn/pmn.cfm?id=K801435,1,1,,6,0,1,0,3,7,17,有监管/官方目录证据,website; financing; company_site_evidence
"Ali-Oop Co., Inc.",,US,US,Mchenry,,A,,https://www.accessdata.fda.gov/scripts/cdrh/cfdocs/cfpmn/pmn.cfm?id=K813356,1,1,,6,0,1,0,3,7,17,有监管/官方目录证据,website; financing; company_site_evidence
Allergan Medical Optics,,US,US,Anasco,,A,,https://www.accessdata.fda.gov/scripts/cdrh/cfdocs/cfpmn/pmn.cfm?id=K924235,1,1,,6,0,1,0,3,7,17,有监管/官方目录证据,website; financing; company_site_evidence
"American Threshold Industries, Inc.",,US,US,Mchenry,,A,,https://www.accessdata.fda.gov/scripts/cdrh/cfdocs/cfpmn/pmn.cfm?id=K832487,1,1,,6,0,1,0,3,7,17,有监管/官方目录证据,website; financing; company_site_evidence
"Analytical Products, Inc.",,US,US,Belmont,,A,,https://www.accessdata.fda.gov/scripts/cdrh/cfdocs/cfpmn/pmn.cfm?id=K843360,1,1,,6,0,1,0,3,7,17,有监管/官方目录证据,website; financing; company_site_evidence
"Andover Medical, Inc.",,US,US,Mchenry,,A,,https://www.accessdata.fda.gov/scripts/cdrh/cfdocs/cfpmn/pmn.cfm?id=K823414,1,1,,6,0,1,0,3,7,17,有监管/官方目录证据,website; financing; company_site_evidence
"Andros Analyzers, Inc.",,US,US,Berkeley,,A,,https://www.accessdata.fda.gov/scripts/cdrh/cfdocs/cfpmn/pmn.cfm?id=K892869,1,1,,6,0,1,0,3,7,17,有监管/官方目录证据,website; financing; company_site_evidence
"Angiosystems, Inc.",,US,US,Great Neck,,A,,https://www.accessdata.fda.gov/scripts/cdrh/cfdocs/cfpmn/pmn.cfm?id=K905464,1,1,,6,0,1,0,3,7,17,有监管/官方目录证据,website; financing; company_site_evidence
"Anulex Technologies, Inc.",,US,US,Minnetonka,,A,,https://www.accessdata.fda.gov/scripts/cdrh/cfdocs/cfpmn/pmn.cfm?id=K112849,1,1,,6,0,1,0,3,7,17,有监管/官方目录证据,website; financing; company_site_evidence
"Applied Diabetes Research, Inc.",,US,US,Dana Point,,A,,https://www.accessdata.fda.gov/scripts/cdrh/cfdocs/cfpmn/pmn.cfm?id=K041152,1,1,,6,0,1,0,3,7,17,有监管/官方目录证据,website; financing; company_site_evidence
"Ascensia Diabetes Care U.S., Inc.",,US,US,Parsippany,,A,,https://www.accessdata.fda.gov/scripts/cdrh/cfdocs/cfpmn/pmn.cfm?id=K250813,1,1,,6,0,1,0,3,7,17,有监管/官方目录证据,website; financing; company_site_evidence
"Atcor Medical Pty, Ltd.",,US,US,"Washington, D.C.",,A,,https://www.accessdata.fda.gov/scripts/cdrh/cfdocs/cfpmn/pmn.cfm?id=K070795,1,1,,6,0,1,0,3,7,17,有监管/官方目录证据,website; financing; company_site_evidence
"Athena Gtx, Inc.",,US,US,Johnson,,A,,https://www.accessdata.fda.gov/scripts/cdrh/cfdocs/cfpmn/pmn.cfm?id=K233354,1,1,,6,0,1,0,3,7,17,有监管/官方目录证据,website; financing; company_site_evidence
Atheus Corp.,,US,US,Los Angeles,,A,,https://www.accessdata.fda.gov/scripts/cdrh/cfdocs/cfpmn/pmn.cfm?id=K905606,1,1,远程监测风险分层与异常预警,6,0,1,0,3,7,17,有监管/官方目录证据,website; financing; company_site_evidence
"Atlantic Therapeutics, Ltd.",,Europe,IE,Galway,,A,,https://www.accessdata.fda.gov/scripts/cdrh/cfdocs/cfpmn/pmn.cfm?id=K192357,1,1,,6,0,1,0,3,7,17,有监管/官方目录证据,website; financing; company_site_evidence
"Atrility Medical, LLC",,US,US,Madison,,A,,https://www.accessdata.fda.gov/scripts/cdrh/cfdocs/cfpmn/pmn.cfm?id=K200674,1,1,,6,0,1,0,3,7,17,有监管/官方目录证据,website; financing; company_site_evidence
"Auri-Stem Medical, Inc.",,US,US,Boulder,,A,,https://www.accessdata.fda.gov/scripts/cdrh/cfdocs/cfpmn/pmn.cfm?id=K060158,1,1,,6,0,1,0,3,7,17,有监管/官方目录证据,website; financing; company_site_evidence
Avita Corporation,,US,US,Flaggstaff,,A,,https://www.accessdata.fda.gov/scripts/cdrh/cfdocs/cfpmn/pmn.cfm?id=K012136,1,1,,6,0,1,0,3,7,17,有监管/官方目录证据,website; financing; company_site_evidence
"B.Braun Medical, Inc.",,US,US,Bethlehem,,A,,https://www.accessdata.fda.gov/scripts/cdrh/cfdocs/cfpmn/pmn.cfm?id=K964929,1,1,,6,0,1,0,3,7,17,有监管/官方目录证据,website; financing; company_site_evidence
"Basic Medical Technology, Inc.",,US,US,Ontario,,A,,https://www.accessdata.fda.gov/scripts/cdrh/cfdocs/cfpmn/pmn.cfm?id=K250193,1,1,,6,0,1,0,3,7,17,有监管/官方目录证据,website; financing; company_site_evidence
Baxter Healthcare Corp,,US,US,Round Lake,,A,,https://www.accessdata.fda.gov/scripts/cdrh/cfdocs/cfpmn/pmn.cfm?id=K974397,1,1,,6,0,1,0,3,7,17,有监管/官方目录证据,website; financing; company_site_evidence
"Becton Dickinson Infusion Therapy Systems, Inc.",,US,US,Sandy,,A,,https://www.accessdata.fda.gov/scripts/cdrh/cfdocs/cfpmn/pmn.cfm?id=K102520,1,1,,6,0,1,0,3,7,17,有监管/官方目录证据,website; financing; company_site_evidence
Bio-Scan S.A,,US,US,Stamford,,A,,https://www.accessdata.fda.gov/scripts/cdrh/cfdocs/cfpmn/pmn.cfm?id=K013897,1,1,,6,0,1,0,3,7,17,有监管/官方目录证据,website; financing; company_site_evidence
"Biomagnetic Technologies, Inc.",,US,US,San Diego,,A,,https://www.accessdata.fda.gov/scripts/cdrh/cfdocs/cfpmn/pmn.cfm?id=K941553,1,1,,6,0,1,0,3,7,17,有监管/官方目录证据,website; financing; company_site_evidence
"Biorest, Inc.",,US,US,San Antonio,,A,,https://www.accessdata.fda.gov/scripts/cdrh/cfdocs/cfpmn/pmn.cfm?id=K873920,1,1,,6,0,1,0,3,7,17,有监管/官方目录证据,website; financing; company_site_evidence
"Biosafety Systems, Inc.",,US,US,San Diego,,A,,https://www.accessdata.fda.gov/scripts/cdrh/cfdocs/cfpmn/pmn.cfm?id=K944095,1,1,,6,0,1,0,3,7,17,有监管/官方目录证据,website; financing; company_site_evidence
"Biotechnology, Inc.",,US,US,Mchenry,,A,,https://www.accessdata.fda.gov/scripts/cdrh/cfdocs/cfpmn/pmn.cfm?id=K831752,1,1,远程监测风险分层与异常预警,6,0,1,0,3,7,17,有监管/官方目录证据,website; financing; company_site_evidence
Biotronics Corp.,,US,US,Mchenry,,A,,https://www.accessdata.fda.gov/scripts/cdrh/cfdocs/cfpmn/pmn.cfm?id=K771534,1,1,,6,0,1,0,3,7,17,有监管/官方目录证据,website; financing; company_site_evidence
"Biotronik, Inc.",,US,US,Lake Oswego,,A,,https://www.accessdata.fda.gov/scripts/cdrh/cfdocs/cfpmn/pmn.cfm?id=K261074,1,1,远程监测风险分层与异常预警,6,0,1,0,3,7,17,有监管/官方目录证据,website; financing; company_site_evidence
Boehringer Mannheim Corp.,,US,US,Indianapolis,,A,,https://www.accessdata.fda.gov/scripts/cdrh/cfdocs/cfpmn/pmn.cfm?id=K982949,1,1,,6,0,1,0,3,7,17,有监管/官方目录证据,website; financing; company_site_evidence
Brightheart,,Europe,FR,Paris,,A,,https://www.accessdata.fda.gov/scripts/cdrh/cfdocs/cfpmn/pmn.cfm?id=K251456,1,1,,6,0,1,0,3,7,17,有监管/官方目录证据,website; financing; company_site_evidence
"Burron Medical Products, Inc.",,US,US,Walker,,A,,https://www.accessdata.fda.gov/scripts/cdrh/cfdocs/cfpmn/pmn.cfm?id=K813498,1,1,,6,0,1,0,3,7,17,有监管/官方目录证据,website; financing; company_site_evidence
"Cambridge Cognition , Ltd., US Agent: Clementi Associates , Ltd.",,Europe,GB,Bottisham,,A,,https://www.accessdata.fda.gov/scripts/cdrh/cfdocs/cfpmn/pmn.cfm?id=K161328,1,1,,6,0,1,0,3,7,17,有监管/官方目录证据,website; financing; company_site_evidence
"Card Guard Scientific Survival , Ltd.",,US,US,Malibu,,A,,https://www.accessdata.fda.gov/scripts/cdrh/cfdocs/cfpmn/pmn.cfm?id=K960553,1,1,,6,0,1,0,3,7,17,有监管/官方目录证据,website; financing; company_site_evidence
"Cardiac Control Systems, Inc.",,US,US,Palm Coast,,A,,https://www.accessdata.fda.gov/scripts/cdrh/cfdocs/cfpmn/pmn.cfm?id=K884023,1,1,,6,0,1,0,3,7,17,有监管/官方目录证据,website; financing; company_site_evidence
"Cardiac Pacemakers, Inc.",,US,US,Mchenry,,A,,https://www.accessdata.fda.gov/scripts/cdrh/cfdocs/cfpmn/pmn.cfm?id=K831160,1,1,,6,0,1,0,3,7,17,有监管/官方目录证据,website; financing; company_site_evidence
Cardiac Telecommunications,,US,US,Houston,,A,,https://www.accessdata.fda.gov/scripts/cdrh/cfdocs/cfpmn/pmn.cfm?id=K000609,1,1,,6,0,1,0,3,7,17,有监管/官方目录证据,website; financing; company_site_evidence
"Cardima, Inc.",,US,US,Fremont,,A,,https://www.accessdata.fda.gov/scripts/cdrh/cfdocs/cfpmn/pmn.cfm?id=K060715,1,1,,6,0,1,0,3,7,17,有监管/官方目录证据,website; financing; company_site_evidence
Cardinalhealth,,US,US,Waukegan,,A,,https://www.accessdata.fda.gov/scripts/cdrh/cfdocs/cfpmn/pmn.cfm?id=K252313,1,1,,6,0,1,0,3,7,17,有监管/官方目录证据,website; financing; company_site_evidence
"Cardiovascular Diagnostics, Inc.",,US,US,Raleigh,,A,,https://www.accessdata.fda.gov/scripts/cdrh/cfdocs/cfpmn/pmn.cfm?id=K981178,1,1,,6,0,1,0,3,7,17,有监管/官方目录证据,website; financing; company_site_evidence
"Care Products, Inc.",,US,US,Waterbury,,A,,https://www.accessdata.fda.gov/scripts/cdrh/cfdocs/cfpmn/pmn.cfm?id=K030216,1,1,,6,0,1,0,3,7,17,有监管/官方目录证据,website; financing; company_site_evidence
Care Wise Medical Products Corp.,,US,US,Morgan Hill,,A,,https://www.accessdata.fda.gov/scripts/cdrh/cfdocs/cfpmn/pmn.cfm?id=K884770,1,1,,6,0,1,0,3,7,17,有监管/官方目录证据,website; financing; company_site_evidence
"Catco Medical, Inc.",,US,US,San Antonio,,A,,https://www.accessdata.fda.gov/scripts/cdrh/cfdocs/cfpmn/pmn.cfm?id=K944504,1,1,,6,0,1,0,3,7,17,有监管/官方目录证据,website; financing; company_site_evidence
"Cerebral Assessment Systems, Inc.",,US,US,Pittsford,,A,,https://www.accessdata.fda.gov/scripts/cdrh/cfdocs/cfpmn/pmn.cfm?id=DEN130033,1,1,,6,0,1,0,3,7,17,有监管/官方目录证据,website; financing; company_site_evidence
"Charnwood Dynamics , Ltd.",,Europe,GB,"Rothley, Leicestershire",,A,,https://www.accessdata.fda.gov/scripts/cdrh/cfdocs/cfpmn/pmn.cfm?id=K033514,1,1,,6,0,1,0,3,7,17,有监管/官方目录证据,website; financing; company_site_evidence
Chesebrough-Pond'S U.S.A. Co.,,US,US,Mchenry,,A,,https://www.accessdata.fda.gov/scripts/cdrh/cfdocs/cfpmn/pmn.cfm?id=K833923,1,1,,6,0,1,0,3,7,17,有监管/官方目录证据,website; financing; company_site_evidence
Ciba Corning Diagnostics Corp.,,US,US,East Walpole,,A,,https://www.accessdata.fda.gov/scripts/cdrh/cfdocs/cfpmn/pmn.cfm?id=K875117,1,1,,6,0,1,0,3,7,17,有监管/官方目录证据,website; financing; company_site_evidence
Ciba Vision Corporation,,US,US,Duluth,,A,,https://www.accessdata.fda.gov/scripts/cdrh/cfdocs/cfpmn/pmn.cfm?id=K993949,1,1,,6,0,1,0,3,7,17,有监管/官方目录证据,website; financing; company_site_evidence
"Cnd Global Technologies, Inc.",,US,US,Cumberland,,A,,https://www.accessdata.fda.gov/scripts/cdrh/cfdocs/cfpmn/pmn.cfm?id=K190234,1,1,,6,0,1,0,3,7,17,有监管/官方目录证据,website; financing; company_site_evidence
"Cobe Laboratories, Inc.",,US,US,Mchenry,,A,,https://www.accessdata.fda.gov/scripts/cdrh/cfdocs/cfpmn/pmn.cfm?id=K830629,1,1,,6,0,1,0,3,7,17,有监管/官方目录证据,website; financing; company_site_evidence
Codonics.Incorporated,,US,US,Middleburg Heights,,A,,https://www.accessdata.fda.gov/scripts/cdrh/cfdocs/cfpmn/pmn.cfm?id=K251352,1,1,,6,0,1,0,3,7,17,有监管/官方目录证据,website; financing; company_site_evidence
Colon Therapeutics,,US,US,Groves,,A,,https://www.accessdata.fda.gov/scripts/cdrh/cfdocs/cfpmn/pmn.cfm?id=K972455,1,1,,6,0,1,0,3,7,17,有监管/官方目录证据,website; financing; company_site_evidence
Concord/Portex,,US,US,Keene,,A,,https://www.accessdata.fda.gov/scripts/cdrh/cfdocs/cfpmn/pmn.cfm?id=K912043,1,1,,6,0,1,0,3,7,17,有监管/官方目录证据,website; financing; company_site_evidence
"Copal, Inc.",,US,US,Mchenry,,A,,https://www.accessdata.fda.gov/scripts/cdrh/cfdocs/cfpmn/pmn.cfm?id=K832721,1,1,,6,0,1,0,3,7,17,有监管/官方目录证据,website; financing; company_site_evidence
"CSA Medical, Inc.",,US,US,Lexington,,A,,https://www.accessdata.fda.gov/scripts/cdrh/cfdocs/cfpmn/pmn.cfm?id=K171522,1,1,,6,0,1,0,3,7,17,有监管/官方目录证据,website; financing; company_site_evidence
"Currie Medical Specialties, Inc.",,US,US,Mchenry,,A,,https://www.accessdata.fda.gov/scripts/cdrh/cfdocs/cfpmn/pmn.cfm?id=K830333,1,1,,6,0,1,0,3,7,17,有监管/官方目录证据,website; financing; company_site_evidence
"Daesung America Co., Inc.",,US,US,Fort Lee,,A,,https://www.accessdata.fda.gov/scripts/cdrh/cfdocs/cfpmn/pmn.cfm?id=K892978,1,1,,6,0,1,0,3,7,17,有监管/官方目录证据,website; financing; company_site_evidence
"Den Tek Oral Care, Inc.",,US,US,Washington,,A,,https://www.accessdata.fda.gov/scripts/cdrh/cfdocs/cfpmn/pmn.cfm?id=K083400,1,1,,6,0,1,0,3,7,17,有监管/官方目录证据,website; financing; company_site_evidence
"Denttio, Inc.",,US,US,Los Angeles,,A,,https://www.accessdata.fda.gov/scripts/cdrh/cfdocs/cfpmn/pmn.cfm?id=K153144,1,1,,6,0,1,0,3,7,17,有监管/官方目录证据,website; financing; company_site_evidence
"Deseret Medical, Inc.",,US,US,Sandy,,A,,https://www.accessdata.fda.gov/scripts/cdrh/cfdocs/cfpmn/pmn.cfm?id=K904121,1,1,,6,0,1,0,3,7,17,有监管/官方目录证据,website; financing; company_site_evidence
"Devon Industries, Inc.",,US,US,Chatsworth,,A,,https://www.accessdata.fda.gov/scripts/cdrh/cfdocs/cfpmn/pmn.cfm?id=K954015,1,1,,6,0,1,0,3,7,17,有监管/官方目录证据,website; financing; company_site_evidence
"Diasonics, Inc.",,US,US,Walker,,A,,https://www.accessdata.fda.gov/scripts/cdrh/cfdocs/cfpmn/pmn.cfm?id=K813217,1,1,,6,0,1,0,3,7,17,有监管/官方目录证据,website; financing; company_site_evidence
"Dxrad Solutions , Ltd.",,US,US,Deer Field,,A,,https://www.accessdata.fda.gov/scripts/cdrh/cfdocs/cfpmn/pmn.cfm?id=K082261,1,1,,6,0,1,0,3,7,17,有监管/官方目录证据,website; financing; company_site_evidence
Dynarad Corp.,,US,US,Deer Park,,A,,https://www.accessdata.fda.gov/scripts/cdrh/cfdocs/cfpmn/pmn.cfm?id=K932354,1,1,,6,0,1,0,3,7,17,有监管/官方目录证据,website; financing; company_site_evidence
E.M. Adams,,US,US,Mchenry,,A,,https://www.accessdata.fda.gov/scripts/cdrh/cfdocs/cfpmn/pmn.cfm?id=K813260,1,1,,6,0,1,0,3,7,17,有监管/官方目录证据,website; financing; company_site_evidence
Empi,,US,US,Arden Hills,,A,,https://www.accessdata.fda.gov/scripts/cdrh/cfdocs/cfpmn/pmn.cfm?id=K890604,1,1,,6,0,1,0,3,7,17,有监管/官方目录证据,website; financing; company_site_evidence
Engineered Medical Systems,,US,US,Indianapolis,,A,,https://www.accessdata.fda.gov/scripts/cdrh/cfdocs/cfpmn/pmn.cfm?id=K000314,1,1,,6,0,1,0,3,7,17,有监管/官方目录证据,website; financing; company_site_evidence
"Epm Information Systems, Inc.",,US,US,Midlothian,,A,,https://www.accessdata.fda.gov/scripts/cdrh/cfdocs/cfpmn/pmn.cfm?id=K923033,1,1,,6,0,1,0,3,7,17,有监管/官方目录证据,website; financing; company_site_evidence
"Erbe USA, Inc.",,US,US,Dacula,,A,,https://www.accessdata.fda.gov/scripts/cdrh/cfdocs/cfpmn/pmn.cfm?id=K972269,1,1,,6,0,1,0,3,7,17,有监管/官方目录证据,website; financing; company_site_evidence
"Eyekor, LLC",,US,US,North Reading,,A,,https://www.accessdata.fda.gov/scripts/cdrh/cfdocs/cfpmn/pmn.cfm?id=K130453,1,1,,6,0,1,0,3,7,17,有监管/官方目录证据,website; financing; company_site_evidence
"Facial Alveodental Implant Rehabilitation, Inc.",,US,US,Vallejo,,A,,https://www.accessdata.fda.gov/scripts/cdrh/cfdocs/cfpmn/pmn.cfm?id=K852305,1,1,,6,0,1,0,3,7,17,有监管/官方目录证据,website; financing; company_site_evidence
Feops NV,,Europe,BE,Gent-Zwijnaarde,,A,,https://www.accessdata.fda.gov/scripts/cdrh/cfdocs/cfpmn/pmn.cfm?id=DEN200030,1,1,,6,0,1,0,3,7,17,有监管/官方目录证据,website; financing; company_site_evidence
"First Source, Inc.",,US,US,Rochester,,A,,https://www.accessdata.fda.gov/scripts/cdrh/cfdocs/cfpmn/pmn.cfm?id=K240009,1,1,,6,0,1,0,3,7,17,有监管/官方目录证据,website; financing; company_site_evidence
Fluidotherapy Corp.,,US,US,Houston,,A,,https://www.accessdata.fda.gov/scripts/cdrh/cfdocs/cfpmn/pmn.cfm?id=K850640,1,1,,6,0,1,0,3,7,17,有监管/官方目录证据,website; financing; company_site_evidence
"Foshan Care Medical Technology Co., Ltd.",,US,US,Carmichael,,A,,https://www.accessdata.fda.gov/scripts/cdrh/cfdocs/cfpmn/pmn.cfm?id=K101552,1,1,,6,0,1,0,3,7,17,有监管/官方目录证据,website; financing; company_site_evidence
"Freespira, Inc.",,US,US,Kirkland,,A,,https://www.accessdata.fda.gov/scripts/cdrh/cfdocs/cfpmn/pmn.cfm?id=K233337,1,1,,6,0,1,0,3,7,17,有监管/官方目录证据,website; financing; company_site_evidence
Fresenius Medical Care North America,,US,US,Lexington,,A,,https://www.accessdata.fda.gov/scripts/cdrh/cfdocs/cfpmn/pmn.cfm?id=K000451,1,1,,6,0,1,0,3,7,17,有监管/官方目录证据,website; financing; company_site_evidence
"Fujirebio Dianostics, Inc.",,US,US,Malvern,,A,,https://www.accessdata.fda.gov/scripts/cdrh/cfdocs/cfpmn/pmn.cfm?id=K191973,1,1,,6,0,1,0,3,7,17,有监管/官方目录证据,website; financing; company_site_evidence
"Fukuda Denshi USA, Inc.",,US,US,Kirkland,,A,,https://www.accessdata.fda.gov/scripts/cdrh/cfdocs/cfpmn/pmn.cfm?id=K871385,1,1,,6,0,1,0,3,7,17,有监管/官方目录证据,website; financing; company_site_evidence
Ge Dec Medical Systems,,US,US,Salt Lake City,,A,,https://www.accessdata.fda.gov/scripts/cdrh/cfdocs/cfpmn/pmn.cfm?id=K951765,1,1,,6,0,1,0,3,7,17,有监管/官方目录证据,website; financing; company_site_evidence
Ge Medical Systems Information Technologies,,US,US,Wallingford,,A,,https://www.accessdata.fda.gov/scripts/cdrh/cfdocs/cfpmn/pmn.cfm?id=K900302,1,1,,6,0,1,0,3,7,17,有监管/官方目录证据,website; financing; company_site_evidence
"Ge Oec Medical Systems, Inc.",,US,US,Salt Lake City,,A,,https://www.accessdata.fda.gov/scripts/cdrh/cfdocs/cfpmn/pmn.cfm?id=K172550,1,1,,6,0,1,0,3,7,17,有监管/官方目录证据,website; financing; company_site_evidence
Gleamer Sas,,Europe,FR,Paris,,A,,https://www.accessdata.fda.gov/scripts/cdrh/cfdocs/cfpmn/pmn.cfm?id=K241593,1,1,,6,0,1,0,3,7,17,有监管/官方目录证据,website; financing; company_site_evidence
Glidewell Laboratories-Sleep Devices Group,,US,US,Irvine,,A,,https://www.accessdata.fda.gov/scripts/cdrh/cfdocs/cfpmn/pmn.cfm?id=K121365,1,1,,6,0,1,0,3,7,17,有监管/官方目录证据,website; financing; company_site_evidence
Grove Video Corp.,,US,US,Mchenry,,A,,https://www.accessdata.fda.gov/scripts/cdrh/cfdocs/cfpmn/pmn.cfm?id=K821571,1,1,,6,0,1,0,3,7,17,有监管/官方目录证据,website; financing; company_site_evidence
"Gulf Medical Technologies, Inc.",,US,US,"Puerto Rico, Oo639",,A,,https://www.accessdata.fda.gov/scripts/cdrh/cfdocs/cfpmn/pmn.cfm?id=K900212,1,1,,6,0,1,0,3,7,17,有监管/官方目录证据,website; financing; company_site_evidence
"Gyrus Acmi, Inc.",,US,US,Southborough,,A,,https://www.accessdata.fda.gov/scripts/cdrh/cfdocs/cfpmn/pmn.cfm?id=K110852,1,1,,6,0,1,0,3,7,17,有监管/官方目录证据,website; financing; company_site_evidence
"Hammer-Plane, Inc.",,US,US,Simi Valley,,A,,https://www.accessdata.fda.gov/scripts/cdrh/cfdocs/cfpmn/pmn.cfm?id=K950098,1,1,,6,0,1,0,3,7,17,有监管/官方目录证据,website; financing; company_site_evidence
"Healthdirections, Inc.",,US,US,Morrisville,,A,,https://www.accessdata.fda.gov/scripts/cdrh/cfdocs/cfpmn/pmn.cfm?id=K883812,1,1,,6,0,1,0,3,7,17,有监管/官方目录证据,website; financing; company_site_evidence
"Heartlab, Inc.",,US,US,Providence,,A,,https://www.accessdata.fda.gov/scripts/cdrh/cfdocs/cfpmn/pmn.cfm?id=K954479,1,1,,6,0,1,0,3,7,17,有监管/官方目录证据,website; financing; company_site_evidence
Hemedex Incorporated,,US,US,Cambridge,,A,,https://www.accessdata.fda.gov/scripts/cdrh/cfdocs/cfpmn/pmn.cfm?id=K141869,1,1,,6,0,1,0,3,7,17,有监管/官方目录证据,website; financing; company_site_evidence
"Hitachi Aloka Medical,Ltd. (Hitachi Aloka Medical",,US,US,Wallingford,,A,,https://www.accessdata.fda.gov/scripts/cdrh/cfdocs/cfpmn/pmn.cfm?id=K122537,1,1,,6,0,1,0,3,7,17,有监管/官方目录证据,website; financing; company_site_evidence
Hospal Medical Corp.,,US,US,Mchenry,,A,,https://www.accessdata.fda.gov/scripts/cdrh/cfdocs/cfpmn/pmn.cfm?id=K771105,1,1,,6,0,1,0,3,7,17,有监管/官方目录证据,website; financing; company_site_evidence
"Huntleigh Healthcare, Inc.",,US,US,Manalapan,,A,,https://www.accessdata.fda.gov/scripts/cdrh/cfdocs/cfpmn/pmn.cfm?id=K963711,1,1,,6,0,1,0,3,7,17,有监管/官方目录证据,website; financing; company_site_evidence
Huntsville Rehabilitation Foundation,,US,US,Huntsville,,A,,https://www.accessdata.fda.gov/scripts/cdrh/cfdocs/cfpmn/pmn.cfm?id=K911568,1,1,,6,0,1,0,3,7,17,有监管/官方目录证据,website; financing; company_site_evidence
"Hyland Therapeutic Div., Travenol Laboratories",,US,US,Walker,,A,,https://www.accessdata.fda.gov/scripts/cdrh/cfdocs/cfpmn/pmn.cfm?id=K820192,1,1,,6,0,1,0,3,7,17,有监管/官方目录证据,website; financing; company_site_evidence
I3 Membrane GmbH,,Europe,DE,Radeberg,,A,,https://www.accessdata.fda.gov/scripts/cdrh/cfdocs/cfpmn/pmn.cfm?id=K222727,1,1,,6,0,1,0,3,7,17,有监管/官方目录证据,website; financing; company_site_evidence
"Imagexray, LLC",,US,US,Nutley,,A,,https://www.accessdata.fda.gov/scripts/cdrh/cfdocs/cfpmn/pmn.cfm?id=K212523,1,1,,6,0,1,0,3,7,17,有监管/官方目录证据,website; financing; company_site_evidence
"Imatron, Inc.",,US,US,South San Fransisco,,A,,https://www.accessdata.fda.gov/scripts/cdrh/cfdocs/cfpmn/pmn.cfm?id=K864046,1,1,,6,0,1,0,3,7,17,有监管/官方目录证据,website; financing; company_site_evidence
"Imd, Inc.",,US,US,Franklin Lakes,,A,,https://www.accessdata.fda.gov/scripts/cdrh/cfdocs/cfpmn/pmn.cfm?id=K863133,1,1,,6,0,1,0,3,7,17,有监管/官方目录证据,website; financing; company_site_evidence
Implant Management of America,,US,US,Miami,,A,,https://www.accessdata.fda.gov/scripts/cdrh/cfdocs/cfpmn/pmn.cfm?id=K961861,1,1,,6,0,1,0,3,7,17,有监管/官方目录证据,website; financing; company_site_evidence
"Implantech Associates, Inc.",,US,US,Washington,,A,,https://www.accessdata.fda.gov/scripts/cdrh/cfdocs/cfpmn/pmn.cfm?id=K964846,1,1,,6,0,1,0,3,7,17,有监管/官方目录证据,website; financing; company_site_evidence
"In Light Wellness Systems, Inc.",,US,US,Albuquerque,,A,,https://www.accessdata.fda.gov/scripts/cdrh/cfdocs/cfpmn/pmn.cfm?id=K153389,1,1,,6,0,1,0,3,7,17,有监管/官方目录证据,website; financing; company_site_evidence
"Indiba USA, Inc.",,US,US,Palo Alto,,A,,https://www.accessdata.fda.gov/scripts/cdrh/cfdocs/cfpmn/pmn.cfm?id=K161458,1,1,,6,0,1,0,3,7,17,有监管/官方目录证据,website; financing; company_site_evidence
"Innovative Neurological Devices, LLC",,US,US,Carmel,,A,,https://www.accessdata.fda.gov/scripts/cdrh/cfdocs/cfpmn/pmn.cfm?id=K182311,1,1,,6,0,1,0,3,7,17,有监管/官方目录证据,website; financing; company_site_evidence
"Intec Medical, Inc.",,US,US,Danvers,,A,,https://www.accessdata.fda.gov/scripts/cdrh/cfdocs/cfpmn/pmn.cfm?id=K903840,1,1,,6,0,1,0,3,7,17,有监管/官方目录证据,website; financing; company_site_evidence
Integra Neurosciences,,US,US,San Diego,,A,,https://www.accessdata.fda.gov/scripts/cdrh/cfdocs/cfpmn/pmn.cfm?id=K031086,1,1,远程监测风险分层与异常预警,6,0,1,0,3,7,17,有监管/官方目录证据,website; financing; company_site_evidence
"Intelligent Retinal Imaging Systems, LLC",,US,US,Andover,,A,,https://www.accessdata.fda.gov/scripts/cdrh/cfdocs/cfpmn/pmn.cfm?id=K141922,1,1,,6,0,1,0,3,7,17,有监管/官方目录证据,website; financing; company_site_evidence
Intelligent Ultrasound Limited,,Europe,GB,Cardiff,,A,,https://www.accessdata.fda.gov/scripts/cdrh/cfdocs/cfpmn/pmn.cfm?id=DEN220024,1,1,,6,0,1,0,3,7,17,有监管/官方目录证据,website; financing; company_site_evidence
Interventional Therapeutics Corp.,,US,US,Mountain View,,A,,https://www.accessdata.fda.gov/scripts/cdrh/cfdocs/cfpmn/pmn.cfm?id=K931025,1,1,,6,0,1,0,3,7,17,有监管/官方目录证据,website; financing; company_site_evidence
"Intra Luminal Therapeutics, Inc.",,US,US,Carlsbad,,A,,https://www.accessdata.fda.gov/scripts/cdrh/cfdocs/cfpmn/pmn.cfm?id=K041973,1,1,,6,0,1,0,3,7,17,有监管/官方目录证据,website; financing; company_site_evidence
Jelco Laboratories,,US,US,Mchenry,,A,,https://www.accessdata.fda.gov/scripts/cdrh/cfdocs/cfpmn/pmn.cfm?id=K781857,1,1,,6,0,1,0,3,7,17,有监管/官方目录证据,website; financing; company_site_evidence
Julie Alliance,,US,US,Daytona Beach,,A,,https://www.accessdata.fda.gov/scripts/cdrh/cfdocs/cfpmn/pmn.cfm?id=K990002,1,1,,6,0,1,0,3,7,17,有监管/官方目录证据,website; financing; company_site_evidence
"Kalaco Scientific, Inc.",,US,US,San Carlos,,A,,https://www.accessdata.fda.gov/scripts/cdrh/cfdocs/cfpmn/pmn.cfm?id=K024377,1,1,,6,0,1,0,3,7,17,有监管/官方目录证据,website; financing; company_site_evidence
"Katecho, Inc.",,US,US,Des Moines,,A,,https://www.accessdata.fda.gov/scripts/cdrh/cfdocs/cfpmn/pmn.cfm?id=K921679,1,1,,6,0,1,0,3,7,17,有监管/官方目录证据,website; financing; company_site_evidence
"Kci USA, Inc.",,US,US,San Antonio,,A,,https://www.accessdata.fda.gov/scripts/cdrh/cfdocs/cfpmn/pmn.cfm?id=K181507,1,1,,6,0,1,0,3,7,17,有监管/官方目录证据,website; financing; company_site_evidence
"Kinetic Rehabilitation Instruments, Inc.",,US,US,Washington,,A,,https://www.accessdata.fda.gov/scripts/cdrh/cfdocs/cfpmn/pmn.cfm?id=K954427,1,1,,6,0,1,0,3,7,17,有监管/官方目录证据,website; financing; company_site_evidence
Kjaerulff Rehabilitation A/S,,Europe,DK,Otterup,,A,,https://www.accessdata.fda.gov/scripts/cdrh/cfdocs/cfpmn/pmn.cfm?id=K040677,1,1,,6,0,1,0,3,7,17,有监管/官方目录证据,website; financing; company_site_evidence
"Kone Instruments, Inc.",,US,US,Mchenry,,A,,https://www.accessdata.fda.gov/scripts/cdrh/cfdocs/cfpmn/pmn.cfm?id=K830432,1,1,,6,0,1,0,3,7,17,有监管/官方目录证据,website; financing; company_site_evidence
Kronner Medical,,US,US,Roseburg,,A,,https://www.accessdata.fda.gov/scripts/cdrh/cfdocs/cfpmn/pmn.cfm?id=K895171,1,1,,6,0,1,0,3,7,17,有监管/官方目录证据,website; financing; company_site_evidence
"Kub Technologies, Inc.",,US,US,Milford,,A,,https://www.accessdata.fda.gov/scripts/cdrh/cfdocs/cfpmn/pmn.cfm?id=K103348,1,1,,6,0,1,0,3,7,17,有监管/官方目录证据,website; financing; company_site_evidence
"Kung-Ho International, Inc.",,US,US,Mchenry,,A,,https://www.accessdata.fda.gov/scripts/cdrh/cfdocs/cfpmn/pmn.cfm?id=K840040,1,1,,6,0,1,0,3,7,17,有监管/官方目录证据,website; financing; company_site_evidence
"Lake Medical Products, Inc.",,US,US,Maryland Heights,,A,,https://www.accessdata.fda.gov/scripts/cdrh/cfdocs/cfpmn/pmn.cfm?id=K872244,1,1,,6,0,1,0,3,7,17,有监管/官方目录证据,website; financing; company_site_evidence
Lakeview Sleep Center,,US,US,North Barrington,,A,,https://www.accessdata.fda.gov/scripts/cdrh/cfdocs/cfpmn/pmn.cfm?id=K130686,1,1,,6,0,1,0,3,7,17,有监管/官方目录证据,website; financing; company_site_evidence
Laralab GmbH,,Europe,DE,Munich,,A,,https://www.accessdata.fda.gov/scripts/cdrh/cfdocs/cfpmn/pmn.cfm?id=K242500,1,1,,6,0,1,0,3,7,17,有监管/官方目录证据,website; financing; company_site_evidence
"Life Balance Intl., Inc.",,US,US,East Draper,,A,,https://www.accessdata.fda.gov/scripts/cdrh/cfdocs/cfpmn/pmn.cfm?id=K910616,1,1,,6,0,1,0,3,7,17,有监管/官方目录证据,website; financing; company_site_evidence
Ligence Uab,,Europe,LT,Kaunas,,A,,https://www.accessdata.fda.gov/scripts/cdrh/cfdocs/cfpmn/pmn.cfm?id=K253535,1,1,,6,0,1,0,3,7,17,有监管/官方目录证据,website; financing; company_site_evidence
"Loredan Biomedical, Inc.",,US,US,West Sacramento,,A,,https://www.accessdata.fda.gov/scripts/cdrh/cfdocs/cfpmn/pmn.cfm?id=K924512,1,1,,6,0,1,0,3,7,17,有监管/官方目录证据,website; financing; company_site_evidence
"Luminopia, Inc.",,US,US,Cambridge,,A,,https://www.accessdata.fda.gov/scripts/cdrh/cfdocs/cfpmn/pmn.cfm?id=K233720,1,1,,6,0,1,0,3,7,17,有监管/官方目录证据,website; financing; company_site_evidence
"Macneil Baby Care , Ltd.",,US,US,Downers Grove,,A,,https://www.accessdata.fda.gov/scripts/cdrh/cfdocs/cfpmn/pmn.cfm?id=K941112,1,1,,6,0,1,0,3,7,17,有监管/官方目录证据,website; financing; company_site_evidence
"Magnetic Research, Inc.",,US,US,Provo,,A,,https://www.accessdata.fda.gov/scripts/cdrh/cfdocs/cfpmn/pmn.cfm?id=K931795,1,1,,6,0,1,0,3,7,17,有监管/官方目录证据,website; financing; company_site_evidence
"Marquette Electronics, Inc.",,US,US,Milwaukee,,A,,https://www.accessdata.fda.gov/scripts/cdrh/cfdocs/cfpmn/pmn.cfm?id=K964750,1,1,远程监测风险分层与异常预警,6,0,1,0,3,7,17,有监管/官方目录证据,website; financing; company_site_evidence
"Martech Medical Products, Inc.",,US,US,Temecula,,A,,https://www.accessdata.fda.gov/scripts/cdrh/cfdocs/cfpmn/pmn.cfm?id=K914778,1,1,,6,0,1,0,3,7,17,有监管/官方目录证据,website; financing; company_site_evidence
"Medical Device Technologies, Inc.",,US,US,Gainsville,,A,,https://www.accessdata.fda.gov/scripts/cdrh/cfdocs/cfpmn/pmn.cfm?id=K982960,1,1,,6,0,1,0,3,7,17,有监管/官方目录证据,website; financing; company_site_evidence
"Medical Industries America, Inc.",,US,US,Adel,,A,,https://www.accessdata.fda.gov/scripts/cdrh/cfdocs/cfpmn/pmn.cfm?id=K964078,1,1,,6,0,1,0,3,7,17,有监管/官方目录证据,website; financing; company_site_evidence
"Medical, Inc.",,US,US,Mchenry,,A,,https://www.accessdata.fda.gov/scripts/cdrh/cfdocs/cfpmn/pmn.cfm?id=K823261,1,1,,6,0,1,0,3,7,17,有监管/官方目录证据,website; financing; company_site_evidence
"Medtronic Navigation, Inc. (Littleton)",,US,US,Littleton,,A,,https://www.accessdata.fda.gov/scripts/cdrh/cfdocs/cfpmn/pmn.cfm?id=K092564,1,1,,6,0,1,0,3,7,17,有监管/官方目录证据,website; financing; company_site_evidence
Medtronic Vascular,,US,US,Minneapolis,,A,,https://www.accessdata.fda.gov/scripts/cdrh/cfdocs/cfpmn/pmn.cfm?id=K955291,1,1,,6,0,1,0,3,7,17,有监管/官方目录证据,website; financing; company_site_evidence
"Mexpo Intl., Inc.",,US,US,"Hayward,",,A,,https://www.accessdata.fda.gov/scripts/cdrh/cfdocs/cfpmn/pmn.cfm?id=K984040,1,1,,6,0,1,0,3,7,17,有监管/官方目录证据,website; financing; company_site_evidence
"Michigan Critical Care Consultants, Inc. (D.B.A Mc3 Inc.)",,US,US,Dexter,,A,,https://www.accessdata.fda.gov/scripts/cdrh/cfdocs/cfpmn/pmn.cfm?id=K230364,1,1,,6,0,1,0,3,7,17,有监管/官方目录证据,website; financing; company_site_evidence
"Michigan Instruments, Inc.",,US,US,Mchenry,,A,,https://www.accessdata.fda.gov/scripts/cdrh/cfdocs/cfpmn/pmn.cfm?id=K833879,1,1,,6,0,1,0,3,7,17,有监管/官方目录证据,website; financing; company_site_evidence
"Mick Radio-Nuclear Instruments, Inc.",,US,US,Walker,,A,,https://www.accessdata.fda.gov/scripts/cdrh/cfdocs/cfpmn/pmn.cfm?id=K781274,1,1,,6,0,1,0,3,7,17,有监管/官方目录证据,website; financing; company_site_evidence
Micron Medical Corporation,,US,US,Boca Raton,,A,,https://www.accessdata.fda.gov/scripts/cdrh/cfdocs/cfpmn/pmn.cfm?id=K200848,1,1,,6,0,1,0,3,7,17,有监管/官方目录证据,website; financing; company_site_evidence
"Microtek Medical, Inc.",,US,US,Columbus,,A,,https://www.accessdata.fda.gov/scripts/cdrh/cfdocs/cfpmn/pmn.cfm?id=K062899,1,1,,6,0,1,0,3,7,17,有监管/官方目录证据,website; financing; company_site_evidence
"Midwest Analog & Digital, Inc.",,US,US,Mchenry,,A,,https://www.accessdata.fda.gov/scripts/cdrh/cfdocs/cfpmn/pmn.cfm?id=K780432,1,1,,6,0,1,0,3,7,17,有监管/官方目录证据,website; financing; company_site_evidence
Mistogen Equipment Co.,,US,US,Mchenry,,A,,https://www.accessdata.fda.gov/scripts/cdrh/cfdocs/cfpmn/pmn.cfm?id=K760341,1,1,,6,0,1,0,3,7,17,有监管/官方目录证据,website; financing; company_site_evidence
Monad Corp.,,US,US,Pomona,,A,,https://www.accessdata.fda.gov/scripts/cdrh/cfdocs/cfpmn/pmn.cfm?id=K904235,1,1,,6,0,1,0,3,7,17,有监管/官方目录证据,website; financing; company_site_evidence
"Mortara Instrument, Inc.",,US,US,Milwaukee,,A,,https://www.accessdata.fda.gov/scripts/cdrh/cfdocs/cfpmn/pmn.cfm?id=K123556,1,1,远程监测风险分层与异常预警,6,0,1,0,3,7,17,有监管/官方目录证据,website; financing; company_site_evidence
"Nakanishi, Inc.",,US,US,Richardson,,A,,https://www.accessdata.fda.gov/scripts/cdrh/cfdocs/cfpmn/pmn.cfm?id=K131578,1,1,,6,0,1,0,3,7,17,有监管/官方目录证据,website; financing; company_site_evidence
Natural Cycles Nordic AB,,Europe,SE,Stockholm,,A,,https://www.accessdata.fda.gov/scripts/cdrh/cfdocs/cfpmn/pmn.cfm?id=K231274,1,1,,6,0,1,0,3,7,17,有监管/官方目录证据,website; financing; company_site_evidence
"Neuralace Medical, Inc.",,US,US,San Diego,,A,,https://www.accessdata.fda.gov/scripts/cdrh/cfdocs/cfpmn/pmn.cfm?id=K233364,1,1,,6,0,1,0,3,7,17,有监管/官方目录证据,website; financing; company_site_evidence
"Neuro-Fitness, LLC",,US,US,Snoqualmie,,A,,https://www.accessdata.fda.gov/scripts/cdrh/cfdocs/cfpmn/pmn.cfm?id=K062284,1,1,,6,0,1,0,3,7,17,有监管/官方目录证据,website; financing; company_site_evidence
Neurofitness,,US,US,Redmond,,A,,https://www.accessdata.fda.gov/scripts/cdrh/cfdocs/cfpmn/pmn.cfm?id=K895175,1,1,,6,0,1,0,3,7,17,有监管/官方目录证据,website; financing; company_site_evidence
"Neuromed, Inc.",,US,US,Ft. Lauderdale,,A,,https://www.accessdata.fda.gov/scripts/cdrh/cfdocs/cfpmn/pmn.cfm?id=K905596,1,1,,6,0,1,0,3,7,17,有监管/官方目录证据,website; financing; company_site_evidence
"Neurotek, Inc.",,US,US,Olathe,,A,,https://www.accessdata.fda.gov/scripts/cdrh/cfdocs/cfpmn/pmn.cfm?id=K894097,1,1,,6,0,1,0,3,7,17,有监管/官方目录证据,website; financing; company_site_evidence
New Horizon Health Care,,US,US,Sandy,,A,,https://www.accessdata.fda.gov/scripts/cdrh/cfdocs/cfpmn/pmn.cfm?id=K932050,1,1,,6,0,1,0,3,7,17,有监管/官方目录证据,website; financing; company_site_evidence
"Nipro Diabetes Systems, Inc.",,US,US,Miramar,,A,,https://www.accessdata.fda.gov/scripts/cdrh/cfdocs/cfpmn/pmn.cfm?id=K050312,1,1,,6,0,1,0,3,7,17,有监管/官方目录证据,website; financing; company_site_evidence
"Nonin Medical, Inc.",,US,US,Plymouth,,A,,https://www.accessdata.fda.gov/scripts/cdrh/cfdocs/cfpmn/pmn.cfm?id=K040589,1,1,,6,0,1,0,3,7,17,有监管/官方目录证据,website; financing; company_site_evidence
"North East Monitoring, Inc.",,US,US,Shelton,,A,,https://www.accessdata.fda.gov/scripts/cdrh/cfdocs/cfpmn/pmn.cfm?id=K041901,1,1,远程监测风险分层与异常预警,6,0,1,0,3,7,17,有监管/官方目录证据,website; financing; company_site_evidence
Omni Sales Corp.,,US,US,Canton,,A,,https://www.accessdata.fda.gov/scripts/cdrh/cfdocs/cfpmn/pmn.cfm?id=K964563,1,1,,6,0,1,0,3,7,17,有监管/官方目录证据,website; financing; company_site_evidence
"Oncology Systems, Inc.",,US,US,Champaign,,A,,https://www.accessdata.fda.gov/scripts/cdrh/cfdocs/cfpmn/pmn.cfm?id=K051753,1,1,,6,0,1,0,3,7,17,有监管/官方目录证据,website; financing; company_site_evidence
Opti-Med Electronics,,US,US,Anderson,,A,,https://www.accessdata.fda.gov/scripts/cdrh/cfdocs/cfpmn/pmn.cfm?id=K945972,1,1,,6,0,1,0,3,7,17,有监管/官方目录证据,website; financing; company_site_evidence
"Orthopedic Equipment Co., Inc.",,US,US,Mchenry,,A,,https://www.accessdata.fda.gov/scripts/cdrh/cfdocs/cfpmn/pmn.cfm?id=K770080,1,1,,6,0,1,0,3,7,17,有监管/官方目录证据,website; financing; company_site_evidence
"Orthoscan, Inc.",,US,US,Scottsdale,,A,,https://www.accessdata.fda.gov/scripts/cdrh/cfdocs/cfpmn/pmn.cfm?id=K213113,1,1,,6,0,1,0,3,7,17,有监管/官方目录证据,website; financing; company_site_evidence
P.T. Wantong Industry,,US,US,San Gabriel,,A,,https://www.accessdata.fda.gov/scripts/cdrh/cfdocs/cfpmn/pmn.cfm?id=K980215,1,1,,6,0,1,0,3,7,17,有监管/官方目录证据,website; financing; company_site_evidence
Pace Medical,,US,US,Waltham,,A,,https://www.accessdata.fda.gov/scripts/cdrh/cfdocs/cfpmn/pmn.cfm?id=K912545,1,1,,6,0,1,0,3,7,17,有监管/官方目录证据,website; financing; company_site_evidence
Paragon Vision Sciences,,US,US,Mesa,,A,,https://www.accessdata.fda.gov/scripts/cdrh/cfdocs/cfpmn/pmn.cfm?id=K974635,1,1,,6,0,1,0,3,7,17,有监管/官方目录证据,website; financing; company_site_evidence
"Peak Performance Technologies, Inc.",,US,US,Centinnial,,A,,https://www.accessdata.fda.gov/scripts/cdrh/cfdocs/cfpmn/pmn.cfm?id=K030714,1,1,,6,0,1,0,3,7,17,有监管/官方目录证据,website; financing; company_site_evidence
"Pear Therapeutics, Inc.",,US,US,San Francisco,,A,,https://www.accessdata.fda.gov/scripts/cdrh/cfdocs/cfpmn/pmn.cfm?id=K191716,1,1,,6,0,1,0,3,7,17,有监管/官方目录证据,website; financing; company_site_evidence
"Pentax of America, Inc.",,US,US,Montvale,,A,,https://www.accessdata.fda.gov/scripts/cdrh/cfdocs/cfpmn/pmn.cfm?id=K231970,1,1,,6,0,1,0,3,7,17,有监管/官方目录证据,website; financing; company_site_evidence
Petroff Audio Technologies,,US,US,West Hills,,A,,https://www.accessdata.fda.gov/scripts/cdrh/cfdocs/cfpmn/pmn.cfm?id=K974501,1,1,,6,0,1,0,3,7,17,有监管/官方目录证据,website; financing; company_site_evidence
Pharmaseal Laboratories,,US,US,Mchenry,,A,,https://www.accessdata.fda.gov/scripts/cdrh/cfdocs/cfpmn/pmn.cfm?id=K801146,1,1,,6,0,1,0,3,7,17,有监管/官方目录证据,website; financing; company_site_evidence
"Philips Medizinsysteme Boeblingen GmbH, Cardiac AN",,Europe,DE,"Boeblingen, Baden-Wuerttemberg",,A,,https://www.accessdata.fda.gov/scripts/cdrh/cfdocs/cfpmn/pmn.cfm?id=K132320,1,1,,6,0,1,0,3,7,17,有监管/官方目录证据,website; financing; company_site_evidence
Philips Park,,US,US,Essex,,A,,https://www.accessdata.fda.gov/scripts/cdrh/cfdocs/cfpmn/pmn.cfm?id=K852128,1,1,,6,0,1,0,3,7,17,有监管/官方目录证据,website; financing; company_site_evidence
Pike Medical Co.,,US,US,Mchenry,,A,,https://www.accessdata.fda.gov/scripts/cdrh/cfdocs/cfpmn/pmn.cfm?id=K802101,1,1,,6,0,1,0,3,7,17,有监管/官方目录证据,website; financing; company_site_evidence
Pinsco Inc. Dba B & L Engineering,,US,US,Tustin,,A,,https://www.accessdata.fda.gov/scripts/cdrh/cfdocs/cfpmn/pmn.cfm?id=K982425,1,1,,6,0,1,0,3,7,17,有监管/官方目录证据,website; financing; company_site_evidence
"Polymedica Industries, Inc.",,US,US,"Golden,",,A,,https://www.accessdata.fda.gov/scripts/cdrh/cfdocs/cfpmn/pmn.cfm?id=K962991,1,1,,6,0,1,0,3,7,17,有监管/官方目录证据,website; financing; company_site_evidence
Precise Optics,,US,US,Mchenry,,A,,https://www.accessdata.fda.gov/scripts/cdrh/cfdocs/cfpmn/pmn.cfm?id=K820178,1,1,,6,0,1,0,3,7,17,有监管/官方目录证据,website; financing; company_site_evidence
"Pride Health Care, Inc.",,US,US,Pittston,,A,,https://www.accessdata.fda.gov/scripts/cdrh/cfdocs/cfpmn/pmn.cfm?id=K905271,1,1,,6,0,1,0,3,7,17,有监管/官方目录证据,website; financing; company_site_evidence
Pudenz-Schulte Medical Research Corp.,,US,US,Goleta,,A,,https://www.accessdata.fda.gov/scripts/cdrh/cfdocs/cfpmn/pmn.cfm?id=K954409,1,1,,6,0,1,0,3,7,17,有监管/官方目录证据,website; financing; company_site_evidence
"Radiometer America, Inc.",,US,US,Mentor,,A,,https://www.accessdata.fda.gov/scripts/cdrh/cfdocs/cfpmn/pmn.cfm?id=K831034,1,1,,6,0,1,0,3,7,17,有监管/官方目录证据,website; financing; company_site_evidence
Redplane AG,,Europe,CH,Zug,,A,,https://www.accessdata.fda.gov/scripts/cdrh/cfdocs/cfpmn/pmn.cfm?id=K070412,1,1,,6,0,1,0,3,7,17,有监管/官方目录证据,website; financing; company_site_evidence
Redsense Medical AB,,US,US,Fridley,,A,,https://www.accessdata.fda.gov/scripts/cdrh/cfdocs/cfpmn/pmn.cfm?id=K103242,1,1,,6,0,1,0,3,7,17,有监管/官方目录证据,website; financing; company_site_evidence
"Rehabilitation Institute,Loma Linda University Med",,US,US,Chicago,,A,,https://www.accessdata.fda.gov/scripts/cdrh/cfdocs/cfpmn/pmn.cfm?id=K023572,1,1,,6,0,1,0,3,7,17,有监管/官方目录证据,website; financing; company_site_evidence
"Respiratory Care, Inc.",,US,US,Mchenry,,A,,https://www.accessdata.fda.gov/scripts/cdrh/cfdocs/cfpmn/pmn.cfm?id=K771975,1,1,,6,0,1,0,3,7,17,有监管/官方目录证据,website; financing; company_site_evidence
"Respironics New Jersey, Inc.",,US,US,Cedar Grove,,A,,https://www.accessdata.fda.gov/scripts/cdrh/cfdocs/cfpmn/pmn.cfm?id=K053203,1,1,,6,0,1,0,3,7,17,有监管/官方目录证据,website; financing; company_site_evidence
"Rmds, Inc.",,US,US,Vancouver,,A,,https://www.accessdata.fda.gov/scripts/cdrh/cfdocs/cfpmn/pmn.cfm?id=K970027,1,1,,6,0,1,0,3,7,17,有监管/官方目录证据,website; financing; company_site_evidence
Romedex International Srl,,US,US,Palo Alto,,A,,https://www.accessdata.fda.gov/scripts/cdrh/cfdocs/cfpmn/pmn.cfm?id=K093775,1,1,,6,0,1,0,3,7,17,有监管/官方目录证据,website; financing; company_site_evidence
"Seabrook Medical Systems, Inc.",,US,US,Cincinnati,,A,,https://www.accessdata.fda.gov/scripts/cdrh/cfdocs/cfpmn/pmn.cfm?id=K902269,1,1,,6,0,1,0,3,7,17,有监管/官方目录证据,website; financing; company_site_evidence
"Sedecal., Sa.",,Europe,ES,Algete,,A,,https://www.accessdata.fda.gov/scripts/cdrh/cfdocs/cfpmn/pmn.cfm?id=K161345,1,1,,6,0,1,0,3,7,17,有监管/官方目录证据,website; financing; company_site_evidence
Seemac Reison AB Co.,,Europe,SE,Sweden,,A,,https://www.accessdata.fda.gov/scripts/cdrh/cfdocs/cfpmn/pmn.cfm?id=K911739,1,1,,6,0,1,0,3,7,17,有监管/官方目录证据,website; financing; company_site_evidence
"Seigla Medical, Inc.",,US,US,Buffalo,,A,,https://www.accessdata.fda.gov/scripts/cdrh/cfdocs/cfpmn/pmn.cfm?id=K220691,1,1,,6,0,1,0,3,7,17,有监管/官方目录证据,website; financing; company_site_evidence
"Selectivemed Components, Inc.",,US,US,Mt. Vernon,,A,,https://www.accessdata.fda.gov/scripts/cdrh/cfdocs/cfpmn/pmn.cfm?id=K945676,1,1,,6,0,1,0,3,7,17,有监管/官方目录证据,website; financing; company_site_evidence
Shangdong Zibo Shanchuan Medical Instruments Co.,,US,US,Chino,,A,,https://www.accessdata.fda.gov/scripts/cdrh/cfdocs/cfpmn/pmn.cfm?id=K092000,1,1,,6,0,1,0,3,7,17,有监管/官方目录证据,website; financing; company_site_evidence
Sharp Electronics Corp.,,US,US,Paramus,,A,,https://www.accessdata.fda.gov/scripts/cdrh/cfdocs/cfpmn/pmn.cfm?id=K842200,1,1,远程监测风险分层与异常预警,6,0,1,0,3,7,17,有监管/官方目录证据,website; financing; company_site_evidence
Shimadzu Medical Systems,,US,US,Gardena,,A,,https://www.accessdata.fda.gov/scripts/cdrh/cfdocs/cfpmn/pmn.cfm?id=K893637,1,1,,6,0,1,0,3,7,17,有监管/官方目录证据,website; financing; company_site_evidence
"Shimadzu Precision Instruments, Inc.",,US,US,Torrance,,A,,https://www.accessdata.fda.gov/scripts/cdrh/cfdocs/cfpmn/pmn.cfm?id=K940294,1,1,,6,0,1,0,3,7,17,有监管/官方目录证据,website; financing; company_site_evidence
"Sleep Devices, Inc.",,US,US,Kissimmee,,A,,https://www.accessdata.fda.gov/scripts/cdrh/cfdocs/cfpmn/pmn.cfm?id=K040161,1,1,,6,0,1,0,3,7,17,有监管/官方目录证据,website; financing; company_site_evidence
"Solopak Medical Products, Inc.",,US,US,Libertyville,,A,,https://www.accessdata.fda.gov/scripts/cdrh/cfdocs/cfpmn/pmn.cfm?id=K960661,1,1,,6,0,1,0,3,7,17,有监管/官方目录证据,website; financing; company_site_evidence
Solutions For Tomorrow AB,,Europe,SE,Väckelsång,,A,,https://www.accessdata.fda.gov/scripts/cdrh/cfdocs/cfpmn/pmn.cfm?id=K251710,1,1,,6,0,1,0,3,7,17,有监管/官方目录证据,website; financing; company_site_evidence
"Somnomed, Inc.",,US,US,Plano,,A,,https://www.accessdata.fda.gov/scripts/cdrh/cfdocs/cfpmn/pmn.cfm?id=K233497,1,1,,6,0,1,0,3,7,17,有监管/官方目录证据,website; financing; company_site_evidence
"Sound Life Sciences, Inc.",,US,US,Seattle,,A,,https://www.accessdata.fda.gov/scripts/cdrh/cfdocs/cfpmn/pmn.cfm?id=K211387,1,1,远程监测风险分层与异常预警,6,0,1,0,3,7,17,有监管/官方目录证据,website; financing; company_site_evidence
"Stanford Assoc., Inc.",,US,US,Mchenry,,A,,https://www.accessdata.fda.gov/scripts/cdrh/cfdocs/cfpmn/pmn.cfm?id=K791862,1,1,,6,0,1,0,3,7,17,有监管/官方目录证据,website; financing; company_site_evidence
"Sterigard, Inc.",,US,US,Boca Raton,,A,,https://www.accessdata.fda.gov/scripts/cdrh/cfdocs/cfpmn/pmn.cfm?id=K912083,1,1,,6,0,1,0,3,7,17,有监管/官方目录证据,website; financing; company_site_evidence
Steven Frank Mercereau,,US,US,Conyers,,A,,https://www.accessdata.fda.gov/scripts/cdrh/cfdocs/cfpmn/pmn.cfm?id=K931873,1,1,,6,0,1,0,3,7,17,有监管/官方目录证据,website; financing; company_site_evidence
Strato Medical Corp.,,US,US,Beverly,,A,,https://www.accessdata.fda.gov/scripts/cdrh/cfdocs/cfpmn/pmn.cfm?id=K844627,1,1,,6,0,1,0,3,7,17,有监管/官方目录证据,website; financing; company_site_evidence
Stryker Medical,,US,US,Kalamazoo,,A,,https://www.accessdata.fda.gov/scripts/cdrh/cfdocs/cfpmn/pmn.cfm?id=K946149,1,1,,6,0,1,0,3,7,17,有监管/官方目录证据,website; financing; company_site_evidence
Summit World Trade Corp.,,US,US,Hudson,,A,,https://www.accessdata.fda.gov/scripts/cdrh/cfdocs/cfpmn/pmn.cfm?id=K901980,1,1,,6,0,1,0,3,7,17,有监管/官方目录证据,website; financing; company_site_evidence
Sunrise SA,,Europe,BE,Namur,,A,,https://www.accessdata.fda.gov/scripts/cdrh/cfdocs/cfpmn/pmn.cfm?id=K222262,1,1,,6,0,1,0,3,7,17,有监管/官方目录证据,website; financing; company_site_evidence
"Surgikos, Inc.",,US,US,Arlington,,A,,https://www.accessdata.fda.gov/scripts/cdrh/cfdocs/cfpmn/pmn.cfm?id=K875107,1,1,,6,0,1,0,3,7,17,有监管/官方目录证据,website; financing; company_site_evidence
"Sway Medical, Inc.",,US,US,Tulsa,,A,,https://www.accessdata.fda.gov/scripts/cdrh/cfdocs/cfpmn/pmn.cfm?id=K241737,1,1,,6,0,1,0,3,7,17,有监管/官方目录证据,website; financing; company_site_evidence
"Takara Belmont USA, Inc.",,US,US,West Cadwell,,A,,https://www.accessdata.fda.gov/scripts/cdrh/cfdocs/cfpmn/pmn.cfm?id=K041834,1,1,,6,0,1,0,3,7,17,有监管/官方目录证据,website; financing; company_site_evidence
"Technalithics Laboratories, Inc.",,US,US,Waco,,A,,https://www.accessdata.fda.gov/scripts/cdrh/cfdocs/cfpmn/pmn.cfm?id=K962951,1,1,,6,0,1,0,3,7,17,有监管/官方目录证据,website; financing; company_site_evidence
Terumo Medical Corp.,,US,US,Elkton,,A,,https://www.accessdata.fda.gov/scripts/cdrh/cfdocs/cfpmn/pmn.cfm?id=K812338,1,1,,6,0,1,0,3,7,17,有监管/官方目录证据,website; financing; company_site_evidence
The Biomed Group,,US,US,Mchenry,,A,,https://www.accessdata.fda.gov/scripts/cdrh/cfdocs/cfpmn/pmn.cfm?id=K810272,1,1,,6,0,1,0,3,7,17,有监管/官方目录证据,website; financing; company_site_evidence
The Clell Corp.,,US,US,Arlington,,A,,https://www.accessdata.fda.gov/scripts/cdrh/cfdocs/cfpmn/pmn.cfm?id=K860537,1,1,,6,0,1,0,3,7,17,有监管/官方目录证据,website; financing; company_site_evidence
Therapanacea Sas,,Europe,FR,Paris,,A,,https://www.accessdata.fda.gov/scripts/cdrh/cfdocs/cfpmn/pmn.cfm?id=K230023,1,1,,6,0,1,0,3,7,17,有监管/官方目录证据,website; financing; company_site_evidence
Thomasville Medical Assoc.,,US,US,Alpharetta,,A,,https://www.accessdata.fda.gov/scripts/cdrh/cfdocs/cfpmn/pmn.cfm?id=K930799,1,1,,6,0,1,0,3,7,17,有监管/官方目录证据,website; financing; company_site_evidence
Tornier S.A.S.,,Europe,FR,Montbonnot-Saint-Martin,,A,,https://www.accessdata.fda.gov/scripts/cdrh/cfdocs/cfpmn/pmn.cfm?id=K232265,1,1,,6,0,1,0,3,7,17,有监管/官方目录证据,website; financing; company_site_evidence
"Toshiba America Medical Systems, In.C",,US,US,Tustin,,A,,https://www.accessdata.fda.gov/scripts/cdrh/cfdocs/cfpmn/pmn.cfm?id=K896387,1,1,,6,0,1,0,3,7,17,有监管/官方目录证据,website; financing; company_site_evidence
Toshibamedical Systems Corporation,,US,US,Tustin,,A,,https://www.accessdata.fda.gov/scripts/cdrh/cfdocs/cfpmn/pmn.cfm?id=K041027,1,1,,6,0,1,0,3,7,17,有监管/官方目录证据,website; financing; company_site_evidence
Transidyne General Corp.,,US,US,Ann Arbor,,A,,https://www.accessdata.fda.gov/scripts/cdrh/cfdocs/cfpmn/pmn.cfm?id=K897133,1,1,,6,0,1,0,3,7,17,有监管/官方目录证据,website; financing; company_site_evidence
"Transtimulation Research, Inc.",,US,US,Oklahoma City,,A,,https://www.accessdata.fda.gov/scripts/cdrh/cfdocs/cfpmn/pmn.cfm?id=K230526,1,1,,6,0,1,0,3,7,17,有监管/官方目录证据,website; financing; company_site_evidence
"U.S. Mfg. & Management, Inc.",,US,US,Bristol,,A,,https://www.accessdata.fda.gov/scripts/cdrh/cfdocs/cfpmn/pmn.cfm?id=K920860,1,1,,6,0,1,0,3,7,17,有监管/官方目录证据,website; financing; company_site_evidence
"Uni-Patch, Inc.",,US,US,Wabasha,,A,,https://www.accessdata.fda.gov/scripts/cdrh/cfdocs/cfpmn/pmn.cfm?id=K962332,1,1,,6,0,1,0,3,7,17,有监管/官方目录证据,website; financing; company_site_evidence
"Varian Medical Systems, Inc.",,US,US,Palo Alto,,A,,https://www.accessdata.fda.gov/scripts/cdrh/cfdocs/cfpmn/pmn.cfm?id=K173838,1,1,,6,0,1,0,3,7,17,有监管/官方目录证据,website; financing; company_site_evidence
"Viasys Sleep Systems, LLC",,US,US,Chatsworth,,A,,https://www.accessdata.fda.gov/scripts/cdrh/cfdocs/cfpmn/pmn.cfm?id=K071069,1,1,,6,0,1,0,3,7,17,有监管/官方目录证据,website; financing; company_site_evidence
Vidar Systems Corp.,,US,US,Waterbury,,A,,https://www.accessdata.fda.gov/scripts/cdrh/cfdocs/cfpmn/pmn.cfm?id=K070563,1,1,,6,0,1,0,3,7,17,有监管/官方目录证据,website; financing; company_site_evidence
Volcano Corporation,,US,US,San Diego,,A,,https://www.accessdata.fda.gov/scripts/cdrh/cfdocs/cfpmn/pmn.cfm?id=K150442,1,1,,6,0,1,0,3,7,17,有监管/官方目录证据,website; financing; company_site_evidence
Warner-Lambert Co.,,US,US,Mchenry,,A,,https://www.accessdata.fda.gov/scripts/cdrh/cfdocs/cfpmn/pmn.cfm?id=K822248,1,1,,6,0,1,0,3,7,17,有监管/官方目录证据,website; financing; company_site_evidence
"Wen Hao, Inc.",,US,US,Seal Beach,,A,,https://www.accessdata.fda.gov/scripts/cdrh/cfdocs/cfpmn/pmn.cfm?id=K893025,1,1,,6,0,1,0,3,7,17,有监管/官方目录证据,website; financing; company_site_evidence
"Whiplash Analysis, Inc.",,US,US,Phoenix,,A,,https://www.accessdata.fda.gov/scripts/cdrh/cfdocs/cfpmn/pmn.cfm?id=K943430,1,1,,6,0,1,0,3,7,17,有监管/官方目录证据,website; financing; company_site_evidence
"Wuestec Medical, Inc.",,US,US,Mobile,,A,,https://www.accessdata.fda.gov/scripts/cdrh/cfdocs/cfpmn/pmn.cfm?id=K974240,1,1,,6,0,1,0,3,7,17,有监管/官方目录证据,website; financing; company_site_evidence
"Zdi, Solutions, LLC",,US,US,Knoxville,,A,,https://www.accessdata.fda.gov/scripts/cdrh/cfdocs/cfpmn/pmn.cfm?id=K162002,1,1,,6,0,1,0,3,7,17,有监管/官方目录证据,website; financing; company_site_evidence
"Co-Diagnostics, Inc.",,US,US,,,B,,https://www.sec.gov/edgar/browse/?CIK=1692415,0,5,,0,1,0,3,0,9,13,,website; financing; products; company_site_evidence
R F INDUSTRIES LTD,,US,US,,,B,,https://www.sec.gov/edgar/browse/?CIK=740664,0,5,,0,1,0,3,0,9,13,,website; financing; products; company_site_evidence
Hewlett Packard Enterprise Co,,US,US,,,B,,https://www.sec.gov/edgar/browse/?CIK=1645590,0,2,,0,3,0,2,0,7,12,,website; financing; products; company_site_evidence
BECTON DICKINSON & CO,,US,US,,,B,,https://www.sec.gov/edgar/browse/?CIK=10795,0,2,,0,0,0,2,0,7,9,,website; financing; products; company_site_evidence
Fresenius Medical Care AG,,US,US,,,B,,https://www.sec.gov/edgar/browse/?CIK=1333141,0,2,,0,0,0,2,0,7,9,,website; financing; products; company_site_evidence
MindMaze Therapeutics Holding SA,,US,US,,,B,,https://www.sec.gov/edgar/browse/?CIK=1854078,0,2,,0,0,0,2,0,7,9,,website; financing; products; company_site_evidence
"Traeger, Inc.",,US,US,,,B,,https://www.sec.gov/edgar/browse/?CIK=1857853,0,2,,0,0,0,2,0,7,9,,website; financing; products; company_site_evidence
"ADAMS DIVERSIFIED EQUITY FUND, INC.",,US,US,,,B,,https://www.sec.gov/edgar/browse/?CIK=2230,0,1,,0,0,0,2,0,6,8,,website; financing; products; company_site_evidence
American Well Corp,,US,US,,,B,,https://www.sec.gov/edgar/browse/?CIK=1393584,0,1,,0,0,0,2,0,6,8,,website; financing; products; company_site_evidence
"AVITA Medical, Inc.",,US,US,,,B,,https://www.sec.gov/edgar/browse/?CIK=1762303,0,1,,0,0,0,2,0,6,8,,website; financing; products; company_site_evidence
BEST BUY CO INC,,US,US,,,B,,https://www.sec.gov/edgar/browse/?CIK=764478,0,1,,0,0,0,2,0,6,8,,website; financing; products; company_site_evidence
BOSTON SCIENTIFIC CORP,,US,US,,,B,,https://www.sec.gov/edgar/browse/?CIK=885725,0,1,,0,0,0,2,0,6,8,,website; financing; products; company_site_evidence
"BROWN & BROWN, INC.",,US,US,,,B,,https://www.sec.gov/edgar/browse/?CIK=79282,0,1,,0,0,0,2,0,6,8,,website; financing; products; company_site_evidence
E-Power Inc.,,US,US,,,B,,https://www.sec.gov/edgar/browse/?CIK=1780731,0,1,,0,0,0,2,0,6,8,,website; financing; products; company_site_evidence
HITACHI LTD,,US,US,,,B,,https://www.sec.gov/edgar/browse/?CIK=47710,0,1,,0,0,0,2,0,6,8,,website; financing; products; company_site_evidence
Medline Inc.,,US,US,,,B,,https://www.sec.gov/edgar/browse/?CIK=2046386,0,1,,0,0,0,2,0,6,8,,website; financing; products; company_site_evidence
RADIAN GROUP INC,,US,US,,,B,,https://www.sec.gov/edgar/browse/?CIK=890926,0,1,,0,0,0,2,0,6,8,,website; financing; products; company_site_evidence
SAN JUAN BASIN ROYALTY TRUST,,US,US,,,B,,https://www.sec.gov/edgar/browse/?CIK=319655,0,1,,0,0,0,2,0,6,8,,website; financing; products; company_site_evidence
Sanofi,,US,US,,,B,,https://www.sec.gov/edgar/browse/?CIK=1121404,0,1,,0,0,0,2,0,6,8,,website; financing; products; company_site_evidence
"STEM, INC.",,US,US,,,B,,https://www.sec.gov/edgar/browse/?CIK=1758766,0,1,,0,0,0,2,0,6,8,,website; financing; products; company_site_evidence
"Sunrise Realty Trust, Inc.",,US,US,,,B,,https://www.sec.gov/edgar/browse/?CIK=2012706,0,1,,0,0,0,2,0,6,8,,website; financing; products; company_site_evidence
TARGET CORP,,US,US,,,B,,https://www.sec.gov/edgar/browse/?CIK=27419,0,1,,0,0,0,2,0,6,8,,website; financing; products; company_site_evidence
TEAM INC,,US,US,,,B,,https://www.sec.gov/edgar/browse/?CIK=318833,0,1,,0,0,0,2,0,6,8,,website; financing; products; company_site_evidence
TREX CO INC,,US,US,,,B,,https://www.sec.gov/edgar/browse/?CIK=1069878,0,1,,0,0,0,2,0,6,8,,website; financing; products; company_site_evidence
Viatris Inc,,US,US,,,B,,https://www.sec.gov/edgar/browse/?CIK=1792044,0,1,,0,0,0,2,0,6,8,,website; financing; products; company_site_evidence
"Vir Biotechnology, Inc.",,US,US,,,B,,https://www.sec.gov/edgar/browse/?CIK=1706431,0,1,,0,0,0,2,0,6,8,,website; financing; products; company_site_evidence
