companyName,productName,productType,sourceType,sourceUrl,categories,productAiFitScore,expectedMarketLiftScore,implementationComplexityScore,complianceRiskScore,priorityScore,aiOpportunity
RecoveryPlus.health,RecoveryPlus.health,remote_patient_monitoring,round2_company_site,https://www.recoveryplus.health/,remote_patient_monitoring; chronic_disease_management; internet_healthcare; rehabilitation,24,20,0,0,44,远程监测风险分层与异常预警; 慢病管理 AI 教练与个性化随访; 康复计划生成、动作/依从性反馈与 care manager copilot; 在线问诊分诊、问答和医患服务自动化
RecoveryPlus.health,RecoveryPlus.health,remote_patient_monitoring,round2_seed,https://www.recoveryplus.health/about/,remote_patient_monitoring; chronic_disease_management; internet_healthcare; rehabilitation,24,18,0,0,42,远程监测风险分层与异常预警; 慢病管理 AI 教练与个性化随访; 康复计划生成、动作/依从性反馈与 care manager copilot; 在线问诊分诊、问答和医患服务自动化
"Abbott Diabetes Care, Inc.",FreeStyle Precision Neo Blood Glucose Test Strips,digital_health_or_medical_device_software,openfda_device_510k,https://www.accessdata.fda.gov/scripts/cdrh/cfdocs/cfpmn/pmn.cfm?id=K171941,chronic_disease_management; remote_patient_monitoring,19,20,0,2,38,远程监测风险分层与异常预警; 慢病管理 AI 教练与个性化随访
"Abbott Diabetes Care, Inc.","PRECISION XTRA BLOOD B KETONE TEST STRIPS, OPTIUM BLOOD B KETONE TEST STRIPS",digital_health_or_medical_device_software,openfda_device_510k,https://www.accessdata.fda.gov/scripts/cdrh/cfdocs/cfpmn/pmn.cfm?id=K060768,chronic_disease_management; remote_patient_monitoring,19,20,0,2,38,远程监测风险分层与异常预警; 慢病管理 AI 教练与个性化随访
伯乐实验有限公司,高血压标志物质控物,remote_patient_monitoring,nmpa_udi,https://udi.nmpa.gov.cn/showDetailCX.html?deviceRecordKey=036105223607342025092803570325,remote_patient_monitoring; chronic_disease_management,19,20,0,2,38,远程监测风险分层与异常预警; 慢病管理 AI 教练与个性化随访
英国雅培糖尿病护理公司,扫描式葡萄糖监测系统,remote_patient_monitoring,nmpa_udi,https://udi.nmpa.gov.cn/showDetailCX.html?deviceRecordKey=05021791000289202205200721432,remote_patient_monitoring; chronic_disease_management,19,20,0,2,38,远程监测风险分层与异常预警; 慢病管理 AI 教练与个性化随访
英国雅培糖尿病护理公司,扫描式葡萄糖监测系统,remote_patient_monitoring,nmpa_udi,https://udi.nmpa.gov.cn/showDetailCX.html?deviceRecordKey=0502179100003620220520072107062,remote_patient_monitoring; chronic_disease_management,19,20,0,2,38,远程监测风险分层与异常预警; 慢病管理 AI 教练与个性化随访
英国雅培糖尿病护理公司,持续葡萄糖监测系统,remote_patient_monitoring,nmpa_udi,https://udi.nmpa.gov.cn/showDetailCX.html?deviceRecordKey=0502179100284920241010051926155,remote_patient_monitoring; chronic_disease_management,19,20,0,2,38,远程监测风险分层与异常预警; 慢病管理 AI 教练与个性化随访
英国雅培糖尿病护理公司,持续葡萄糖监测系统,remote_patient_monitoring,nmpa_udi,https://udi.nmpa.gov.cn/showDetailCX.html?deviceRecordKey=0502179100832220250227101240063,remote_patient_monitoring; chronic_disease_management,19,20,0,2,38,远程监测风险分层与异常预警; 慢病管理 AI 教练与个性化随访
英国雅培糖尿病护理公司,持续葡萄糖监测系统,remote_patient_monitoring,nmpa_udi,https://udi.nmpa.gov.cn/showDetailCX.html?deviceRecordKey=0502179100285620241010052516471,remote_patient_monitoring; chronic_disease_management,19,20,0,2,38,远程监测风险分层与异常预警; 慢病管理 AI 教练与个性化随访
英国雅培糖尿病护理公司,持续葡萄糖监测系统,remote_patient_monitoring,nmpa_udi,https://udi.nmpa.gov.cn/showDetailCX.html?deviceRecordKey=05021791715916202205200721431,remote_patient_monitoring; chronic_disease_management,19,20,0,2,38,远程监测风险分层与异常预警; 慢病管理 AI 教练与个性化随访
英国雅培糖尿病护理公司,持续葡萄糖监测系统,remote_patient_monitoring,nmpa_udi,https://udi.nmpa.gov.cn/showDetailCX.html?deviceRecordKey=05021791715930202205200721433,remote_patient_monitoring; chronic_disease_management,19,20,0,2,38,远程监测风险分层与异常预警; 慢病管理 AI 教练与个性化随访
英国雅培糖尿病护理公司Abbott Diabetes Care Ltd.,血糖血酮仪FreeStyle Optium Neo H Blood Glucose and Ketone Monitoring System,remote_patient_monitoring,nmpa_udi,https://udi.nmpa.gov.cn/showDetailCX.html?deviceRecordKey=00093815713579202205260441100,remote_patient_monitoring; chronic_disease_management,19,20,0,2,38,远程监测风险分层与异常预警; 慢病管理 AI 教练与个性化随访
Glooko,Glooko,remote_patient_monitoring,round2_seed,https://glooko.com/,remote_patient_monitoring; chronic_disease_management,19,18,0,0,37,远程监测风险分层与异常预警; 慢病管理 AI 教练与个性化随访
Livongo,Livongo chronic care,remote_patient_monitoring,round2_seed,https://www.teladochealth.com/livongo,remote_patient_monitoring; chronic_disease_management,19,18,0,0,37,远程监测风险分层与异常预警; 慢病管理 AI 教练与个性化随访; 在线问诊分诊、问答和医患服务自动化
"Omada Health, Inc.",Omada Health,remote_patient_monitoring,round2_seed,https://www.omadahealth.com/,remote_patient_monitoring; chronic_disease_management; internet_healthcare,19,18,0,0,37,远程监测风险分层与异常预警; 慢病管理 AI 教练与个性化随访; 在线问诊分诊、问答和医患服务自动化
Prosomnus Sleep Technologies,"ProSomnus EVO [PH] Sleep and Snore Device, ProSomnus EVO [PH] Sleep and Snore Device with Patient Monitoring",remote_patient_monitoring,openfda_device_510k,https://www.accessdata.fda.gov/scripts/cdrh/cfdocs/cfpmn/pmn.cfm?id=K221889,remote_patient_monitoring; sleep_health,18,20,0,2,37,远程监测风险分层与异常预警; 心理/睡眠分层干预与对话式支持
"Teladoc Health, Inc.",Teladoc Health,remote_patient_monitoring,round2_seed,https://www.teladochealth.com/,remote_patient_monitoring; chronic_disease_management; internet_healthcare,19,18,0,0,37,远程监测风险分层与异常预警; 慢病管理 AI 教练与个性化随访; 心理/睡眠分层干预与对话式支持; 医生工作流、病历摘要和临床文档自动化; 在线问诊分诊、问答和医患服务自动化
云智康医疗科技（内蒙古）有限公司,睡眠呼吸监测仪,remote_patient_monitoring,nmpa_udi,https://udi.nmpa.gov.cn/showDetailCX.html?deviceRecordKey=13ff18ac57eb4e89a3dee8cc6d094806,remote_patient_monitoring; sleep_health,18,20,0,2,37,远程监测风险分层与异常预警; 心理/睡眠分层干预与对话式支持
北京新兴阳升科技有限公司,床垫式睡眠呼吸监测系统,remote_patient_monitoring,nmpa_udi,https://udi.nmpa.gov.cn/showDetailCX.html?deviceRecordKey=0697568534000720230304082002422,remote_patient_monitoring; sleep_health,18,20,0,2,37,远程监测风险分层与异常预警; 心理/睡眠分层干预与对话式支持
北京航天卡迪技术开发研究所,睡眠监测电极包及附件,remote_patient_monitoring,nmpa_udi,https://udi.nmpa.gov.cn/showDetailCX.html?deviceRecordKey=0692066571720120251017011019242,remote_patient_monitoring; sleep_health,18,20,0,2,37,远程监测风险分层与异常预警; 心理/睡眠分层干预与对话式支持
思澜科技（成都）有限公司,便携式睡眠呼吸监测仪,remote_patient_monitoring,nmpa_udi,https://udi.nmpa.gov.cn/showDetailCX.html?deviceRecordKey=4425365e8e2f450280940b64ac1c59dc,remote_patient_monitoring; sleep_health,18,20,0,2,37,远程监测风险分层与异常预警; 心理/睡眠分层干预与对话式支持
思澜科技（成都）有限公司,便携式睡眠呼吸监测仪,remote_patient_monitoring,nmpa_udi,https://udi.nmpa.gov.cn/showDetailCX.html?deviceRecordKey=aada7ead2f6f45a1a3006824a7cc57df,remote_patient_monitoring; sleep_health,18,20,0,2,37,远程监测风险分层与异常预警; 心理/睡眠分层干预与对话式支持
河南华南医电科技有限公司,睡眠呼吸监测仪,remote_patient_monitoring,nmpa_udi,https://udi.nmpa.gov.cn/showDetailCX.html?deviceRecordKey=0697456412010520230131012921496,remote_patient_monitoring; sleep_health,18,20,0,2,37,远程监测风险分层与异常预警; 心理/睡眠分层干预与对话式支持
"ACON Laboratories, Inc.",ON CALL PLUS DIABETES MONITORING SOFTWARE,samd_or_medical_software,openfda_device_510k,https://www.accessdata.fda.gov/scripts/cdrh/cfdocs/cfpmn/pmn.cfm?id=K101371,samd; remote_patient_monitoring; chronic_disease_management,19,20,4,7,35,远程监测风险分层与异常预警; 慢病管理 AI 教练与个性化随访
"Agamatrix, Inc.","IBGSTAR BLOOD GLUCOSE MONITORING SYSTEM, IBGSTAR DIABETES MANAGER APPLICATION, REV D",samd_or_medical_software,openfda_device_510k,https://www.accessdata.fda.gov/scripts/cdrh/cfdocs/cfpmn/pmn.cfm?id=K103544,samd; remote_patient_monitoring; chronic_disease_management,19,20,4,7,35,远程监测风险分层与异常预警; 慢病管理 AI 教练与个性化随访
成都云卫康医疗科技有限公司,睡眠监测数据分析软件,samd_or_medical_software,nmpa_udi,https://udi.nmpa.gov.cn/showDetailCX.html?deviceRecordKey=MA.156.M0.101195.0YWK0033202403220556523,samd; remote_patient_monitoring; sleep_health,18,20,4,7,34,远程监测风险分层与异常预警; 心理/睡眠分层干预与对话式支持
成都云卫康医疗科技有限公司,睡眠监测数据分析软件,samd_or_medical_software,nmpa_udi,https://udi.nmpa.gov.cn/showDetailCX.html?deviceRecordKey=MA.156.M0.101195.0YWK0042202403220556524,samd; remote_patient_monitoring; sleep_health,18,20,4,7,34,远程监测风险分层与异常预警; 心理/睡眠分层干预与对话式支持
成都云卫康医疗科技有限公司,睡眠监测数据分析软件,samd_or_medical_software,nmpa_udi,https://udi.nmpa.gov.cn/showDetailCX.html?deviceRecordKey=MA.156.M0.101195.0YWK0051202403220556525,samd; remote_patient_monitoring; sleep_health,18,20,4,7,34,远程监测风险分层与异常预警; 心理/睡眠分层干预与对话式支持
成都云卫康医疗科技有限公司,睡眠监测数据分析软件,samd_or_medical_software,nmpa_udi,https://udi.nmpa.gov.cn/showDetailCX.html?deviceRecordKey=MA.156.M0.101195.0YWK0060202403220556526,samd; remote_patient_monitoring; sleep_health,18,20,4,7,34,远程监测风险分层与异常预警; 心理/睡眠分层干预与对话式支持
成都云卫康医疗科技有限公司,睡眠监测数据分析软件,samd_or_medical_software,nmpa_udi,https://udi.nmpa.gov.cn/showDetailCX.html?deviceRecordKey=MA.156.M0.101195.0YWK0079202403220556527,samd; remote_patient_monitoring; sleep_health,18,20,4,7,34,远程监测风险分层与异常预警; 心理/睡眠分层干预与对话式支持
成都云卫康医疗科技有限公司,睡眠监测数据分析软件,samd_or_medical_software,nmpa_udi,https://udi.nmpa.gov.cn/showDetailCX.html?deviceRecordKey=MA.156.M0.101195.0YWK0088202403220556528,samd; remote_patient_monitoring; sleep_health,18,20,4,7,34,远程监测风险分层与异常预警; 心理/睡眠分层干预与对话式支持
"Abbott Diabetes Care, Inc.",FREESTYLE PRECISION PRO BLOOD GLUCOSE AND B-KETONE MONITORING SYSTEM,remote_patient_monitoring,openfda_device_510k,https://www.accessdata.fda.gov/scripts/cdrh/cfdocs/cfpmn/pmn.cfm?id=K130094,remote_patient_monitoring,13,20,0,2,32,远程监测风险分层与异常预警; 慢病管理 AI 教练与个性化随访
"Abbott Diabetes Care, Inc.",FREESTYLE 600 BLOOD GLUCOSE MONITORING SYSTEM,remote_patient_monitoring,openfda_device_510k,https://www.accessdata.fda.gov/scripts/cdrh/cfdocs/cfpmn/pmn.cfm?id=K050500,remote_patient_monitoring,13,20,0,2,32,远程监测风险分层与异常预警; 慢病管理 AI 教练与个性化随访
"Abbott Diabetes Care, Inc.",FREESTYLE AVIATOR INSULIN DELIVERY AND BLOOD GLUCOSE MONITORING SYSTEM,remote_patient_monitoring,openfda_device_510k,https://www.accessdata.fda.gov/scripts/cdrh/cfdocs/cfpmn/pmn.cfm?id=K083225,remote_patient_monitoring,13,20,0,2,32,远程监测风险分层与异常预警; 慢病管理 AI 教练与个性化随访
"Abbott Diabetes Care, Inc.",FreeStyle Libre 2 Flash Glucose Monitoring System,remote_patient_monitoring,openfda_device_510k,https://www.accessdata.fda.gov/scripts/cdrh/cfdocs/cfpmn/pmn.cfm?id=K193371,remote_patient_monitoring,13,20,0,2,32,远程监测风险分层与异常预警; 慢病管理 AI 教练与个性化随访
"Abbott Diabetes Care, Inc.",FreeStyle Libre 3 Continuous Glucose Monitoring System,remote_patient_monitoring,openfda_device_510k,https://www.accessdata.fda.gov/scripts/cdrh/cfdocs/cfpmn/pmn.cfm?id=K212132,remote_patient_monitoring,13,20,0,2,32,远程监测风险分层与异常预警; 慢病管理 AI 教练与个性化随访
"Abbott Diabetes Care, Inc.",FREESTYLE PRECISION PRO BLOOD GLUCOSE AND B-KETONE MONITORING SYSTEM,remote_patient_monitoring,openfda_device_510k,https://www.accessdata.fda.gov/scripts/cdrh/cfdocs/cfpmn/pmn.cfm?id=K132511,remote_patient_monitoring,13,20,0,2,32,远程监测风险分层与异常预警; 慢病管理 AI 教练与个性化随访
"Abbott Diabetes Care, Inc.","PRECISION XCEED PRO BLOOD GLUCOSE AND B-KETONE MONITORING SYSTEM WITH MODELS BGMS:70900-03, 70090-02, G3CH STRIPS",remote_patient_monitoring,openfda_device_510k,https://www.accessdata.fda.gov/scripts/cdrh/cfdocs/cfpmn/pmn.cfm?id=K080960,remote_patient_monitoring,13,20,0,2,32,远程监测风险分层与异常预警; 慢病管理 AI 教练与个性化随访
"Abbott Diabetes Care, Inc.",FREESTYLE TRACKER DIABETES MANAGEMENT SYSTEM,digital_health_or_medical_device_software,openfda_device_510k,https://www.accessdata.fda.gov/scripts/cdrh/cfdocs/cfpmn/pmn.cfm?id=K020866,chronic_disease_management,11,20,0,2,30,远程监测风险分层与异常预警; 慢病管理 AI 教练与个性化随访
医联,医联,digital_health_or_medical_device_software,round2_company_site,https://www.medlinker.com/index,chronic_disease_management; clinical_workflow,19,13,4,0,30,慢病管理 AI 教练与个性化随访; 医生工作流、病历摘要和临床文档自动化; 在线问诊分诊、问答和医患服务自动化
英国雅培糖尿病护理公司,β-羟丁酸试纸（电化学法）,digital_health_or_medical_device_software,nmpa_udi,https://udi.nmpa.gov.cn/showDetailCX.html?deviceRecordKey=0009381571127820220526054128188,chronic_disease_management,11,20,0,2,30,远程监测风险分层与异常预警; 慢病管理 AI 教练与个性化随访
英国雅培糖尿病护理公司,β-羟丁酸试纸（电化学法）,digital_health_or_medical_device_software,nmpa_udi,https://udi.nmpa.gov.cn/showDetailCX.html?deviceRecordKey=0009381599113720220526072012590,chronic_disease_management,11,20,0,2,30,远程监测风险分层与异常预警; 慢病管理 AI 教练与个性化随访
英国雅培糖尿病护理公司,血糖/血酮质控液,digital_health_or_medical_device_software,nmpa_udi,https://udi.nmpa.gov.cn/showDetailCX.html?deviceRecordKey=0502179199938520220526072540275,chronic_disease_management,11,20,0,2,30,远程监测风险分层与异常预警; 慢病管理 AI 教练与个性化随访
英国雅培糖尿病护理公司,血糖血酮仪,digital_health_or_medical_device_software,nmpa_udi,https://udi.nmpa.gov.cn/showDetailCX.html?deviceRecordKey=0009381571394420220526074424458,chronic_disease_management,11,20,0,2,30,远程监测风险分层与异常预警; 慢病管理 AI 教练与个性化随访
英国雅培糖尿病护理公司,血糖试纸（葡萄糖脱氢酶法）,digital_health_or_medical_device_software,nmpa_udi,https://udi.nmpa.gov.cn/showDetailCX.html?deviceRecordKey=0009381571319720220526070938306,chronic_disease_management,11,20,0,2,30,远程监测风险分层与异常预警; 慢病管理 AI 教练与个性化随访
英国雅培糖尿病护理公司,血糖试纸（葡萄糖脱氢酶法）,digital_health_or_medical_device_software,nmpa_udi,https://udi.nmpa.gov.cn/showDetailCX.html?deviceRecordKey=0009381571310420220526060921849,chronic_disease_management,11,20,0,2,30,远程监测风险分层与异常预警; 慢病管理 AI 教练与个性化随访
医联,医联,digital_health_or_medical_device_software,round2_seed,https://www.medlinker.com/,chronic_disease_management; internet_healthcare,11,18,0,0,29,慢病管理 AI 教练与个性化随访; 医生工作流、病历摘要和临床文档自动化; 在线问诊分诊、问答和医患服务自动化
方舟健客,方舟健客,digital_health_or_medical_device_software,round2_seed,https://www.jianke.com/,chronic_disease_management; internet_healthcare; pharmacy_ecommerce,11,18,0,0,29,慢病管理 AI 教练与个性化随访; 在线问诊分诊、问答和医患服务自动化; 用药咨询、处方/复购推荐和药事服务自动化
智云健康,智云健康,digital_health_or_medical_device_software,round2_seed,https://www.cloudr.cn/,chronic_disease_management,11,18,0,0,29,慢病管理 AI 教练与个性化随访; 医生工作流、病历摘要和临床文档自动化; 在线问诊分诊、问答和医患服务自动化
天津致远慧图科技有限公司,慢病数据管理软件,samd_or_medical_software,nmpa_udi,https://udi.nmpa.gov.cn/showDetailCX.html?deviceRecordKey=0697549021014420230320104547712,samd; chronic_disease_management,11,20,4,7,27,远程监测风险分层与异常预警; 慢病管理 AI 教练与个性化随访; 康复计划生成、动作/依从性反馈与 care manager copilot
天津致远慧图科技有限公司,慢病数据管理软件,samd_or_medical_software,nmpa_udi,https://udi.nmpa.gov.cn/showDetailCX.html?deviceRecordKey=0697549021015120230320104943530,samd; chronic_disease_management,11,20,4,7,27,远程监测风险分层与异常预警; 慢病管理 AI 教练与个性化随访; 康复计划生成、动作/依从性反馈与 care manager copilot
"Arzco Medical Electronics, Inc.",TAPSCOPE ESOPHAGEAL CARDIAC RECORDING STETHOSCOPE,remote_patient_monitoring,openfda_device_510k,https://www.accessdata.fda.gov/scripts/cdrh/cfdocs/cfpmn/pmn.cfm?id=K904943,remote_patient_monitoring,13,14,0,2,26,远程监测风险分层与异常预警
Bd Becton Dickinson Vacutainer Systems Preanalytic,BARD-PARKER ARTERIAL MONITORING SYSTEM,remote_patient_monitoring,openfda_device_510k,https://www.accessdata.fda.gov/scripts/cdrh/cfdocs/cfpmn/pmn.cfm?id=K780939,remote_patient_monitoring,13,14,0,2,26,远程监测风险分层与异常预警
"Boston Scientific Cardiac Diagnostic Technologies, Inc.",BodyGuardian Remote Monitoring System (BGRMS v3.0),remote_patient_monitoring,openfda_device_510k,https://www.accessdata.fda.gov/scripts/cdrh/cfdocs/cfpmn/pmn.cfm?id=K243349,remote_patient_monitoring,13,14,0,2,26,远程监测风险分层与异常预警
"Cambridge Heart, Inc.",CARDIAC DIAGNOSTIC SYSTEM MODEL CH 2000,remote_patient_monitoring,openfda_device_510k,https://www.accessdata.fda.gov/scripts/cdrh/cfdocs/cfpmn/pmn.cfm?id=K983102,remote_patient_monitoring,13,14,0,2,26,远程监测风险分层与异常预警
Capsule Technologie Sas,SmartLinx Vitals Plus Patient Monitoring System,remote_patient_monitoring,openfda_device_510k,https://www.accessdata.fda.gov/scripts/cdrh/cfdocs/cfpmn/pmn.cfm?id=K200856,remote_patient_monitoring,13,14,0,2,26,远程监测风险分层与异常预警
Cedars-Sinai Medical Center,CSMC Cardiac Suite,remote_patient_monitoring,openfda_device_510k,https://www.accessdata.fda.gov/scripts/cdrh/cfdocs/cfpmn/pmn.cfm?id=K172609,remote_patient_monitoring,13,14,0,2,26,远程监测风险分层与异常预警
Conmedcorp,EXACTRACE ADULT FOAM MONITORING ECG ELECTRODE CONMED MODEL 1510 AND INSTATRACE ADULT DIAPHORETIC FOAM ECG ELECTRODE CONM,remote_patient_monitoring,openfda_device_510k,https://www.accessdata.fda.gov/scripts/cdrh/cfdocs/cfpmn/pmn.cfm?id=K963787,remote_patient_monitoring,13,14,0,2,26,远程监测风险分层与异常预警
"Conphar, Inc.",DIGITAL BLOOD PRESSURE UNIT,remote_patient_monitoring,openfda_device_510k,https://www.accessdata.fda.gov/scripts/cdrh/cfdocs/cfpmn/pmn.cfm?id=K813385,remote_patient_monitoring,13,14,0,2,26,远程监测风险分层与异常预警
"Corventis, Inc.",NUVANT CARDIAC EVENT MONITORING SYSTEM; NUVANT MOBILE CARDIAC TELEMETRY SYSTEM,remote_patient_monitoring,openfda_device_510k,https://www.accessdata.fda.gov/scripts/cdrh/cfdocs/cfpmn/pmn.cfm?id=K090696,remote_patient_monitoring,13,14,0,2,26,远程监测风险分层与异常预警; 患者互动、留存和健康行为 nudging
"Dexcom, Inc.",Dexcom G6 Glucose Program Continuous Glucose Monitoring (CGM) System,remote_patient_monitoring,openfda_device_510k,https://www.accessdata.fda.gov/scripts/cdrh/cfdocs/cfpmn/pmn.cfm?id=K193642,remote_patient_monitoring,13,14,0,2,26,远程监测风险分层与异常预警
"Dexcom, Inc.",Dexcom G6 Glucose Program Continuous Glucose Monitoring (GCM) System,remote_patient_monitoring,openfda_device_510k,https://www.accessdata.fda.gov/scripts/cdrh/cfdocs/cfpmn/pmn.cfm?id=K192787,remote_patient_monitoring,13,14,0,2,26,远程监测风险分层与异常预警
Diagnostic Monitoring Software,DMS 300-2W HOLTER ECG RECORDER,remote_patient_monitoring,openfda_device_510k,https://www.accessdata.fda.gov/scripts/cdrh/cfdocs/cfpmn/pmn.cfm?id=K133014,remote_patient_monitoring,13,14,0,2,26,远程监测风险分层与异常预警
"Galix Biomedical Instrumentation, Inc.",3 CHANNEL DIGITAL AMBULATORY ECG RECORDER,remote_patient_monitoring,openfda_device_510k,https://www.accessdata.fda.gov/scripts/cdrh/cfdocs/cfpmn/pmn.cfm?id=K971670,remote_patient_monitoring,13,14,0,2,26,远程监测风险分层与异常预警
"General Life Biotechnology Co., Ltd.",GLB BENECHECK PREMIUM GLU MONITORING SYSTEM,remote_patient_monitoring,openfda_device_510k,https://www.accessdata.fda.gov/scripts/cdrh/cfdocs/cfpmn/pmn.cfm?id=K123090,remote_patient_monitoring,13,14,0,2,26,远程监测风险分层与异常预警
Hewlett-Packard GmbH,CARDIAC MONITOR - RATE ALARM,remote_patient_monitoring,openfda_device_510k,https://www.accessdata.fda.gov/scripts/cdrh/cfdocs/cfpmn/pmn.cfm?id=K820825,remote_patient_monitoring,13,14,0,2,26,远程监测风险分层与异常预警
Hewlett-Packard GmbH,CARDIAC OUTPUT MODULE-78231C,remote_patient_monitoring,openfda_device_510k,https://www.accessdata.fda.gov/scripts/cdrh/cfdocs/cfpmn/pmn.cfm?id=K772234,remote_patient_monitoring,13,14,0,2,26,远程监测风险分层与异常预警
Hewlett-Packard GmbH,"HP VIRIDIA COMPONENT MONITORING SYSTEM, HP VIRIDIA CMS 24/26, HP VIRIDIA MULTI-MEASUREMENT SERVER AND COMPACT PORTABLE P",remote_patient_monitoring,openfda_device_510k,https://www.accessdata.fda.gov/scripts/cdrh/cfdocs/cfpmn/pmn.cfm?id=K991773,remote_patient_monitoring,13,14,0,2,26,远程监测风险分层与异常预警
"Infopia Co, Ltd.",ELEMENTV BLOOD GLUCOSE MONITORING SYSTEM,remote_patient_monitoring,openfda_device_510k,https://www.accessdata.fda.gov/scripts/cdrh/cfdocs/cfpmn/pmn.cfm?id=K132406,remote_patient_monitoring,13,14,0,2,26,远程监测风险分层与异常预警
"Infopia Co, Ltd.","GLUNEO LITE GLUCOSE MONITORING SYSTEM, GLUNEO LITE PROFESSIONAL BLOOD GLUCOSE MONITORING SYSTEM",remote_patient_monitoring,openfda_device_510k,https://www.accessdata.fda.gov/scripts/cdrh/cfdocs/cfpmn/pmn.cfm?id=K132966,remote_patient_monitoring,13,14,0,2,26,远程监测风险分层与异常预警
Instrumentation Laboratory CO,CARDIAC OUTPUT COMPUTER MODEL 701,remote_patient_monitoring,openfda_device_510k,https://www.accessdata.fda.gov/scripts/cdrh/cfdocs/cfpmn/pmn.cfm?id=K771977,remote_patient_monitoring,13,14,0,2,26,远程监测风险分层与异常预警
"Lawrence Medical Systems, Inc.",LAWRENCE L3000 CARDIAC OUTPUT MONITOR,remote_patient_monitoring,openfda_device_510k,https://www.accessdata.fda.gov/scripts/cdrh/cfdocs/cfpmn/pmn.cfm?id=K874885,remote_patient_monitoring,13,14,0,2,26,远程监测风险分层与异常预警
"Macon & Co., Inc.",FETAL MONITORING TRANSDUCER STRAP,remote_patient_monitoring,openfda_device_510k,https://www.accessdata.fda.gov/scripts/cdrh/cfdocs/cfpmn/pmn.cfm?id=K902802,remote_patient_monitoring,13,14,0,2,26,远程监测风险分层与异常预警
Microlife Intellectual Property GmbH,Microlife Upper Arm Automatic Digital Blood Pressure Monitor,remote_patient_monitoring,openfda_device_510k,https://www.accessdata.fda.gov/scripts/cdrh/cfdocs/cfpmn/pmn.cfm?id=K171937,remote_patient_monitoring,13,14,0,2,26,远程监测风险分层与异常预警
"Nikomed U.S.A., Inc.",DISPOSABLE ECG MONITORING ELECTRODE,remote_patient_monitoring,openfda_device_510k,https://www.accessdata.fda.gov/scripts/cdrh/cfdocs/cfpmn/pmn.cfm?id=K950473,remote_patient_monitoring,13,14,0,2,26,远程监测风险分层与异常预警
Omega Critical Care Limited,"CONTINUOUS CARDIAC OUPUT MONITOR, TRUCCOM",remote_patient_monitoring,openfda_device_510k,https://www.accessdata.fda.gov/scripts/cdrh/cfdocs/cfpmn/pmn.cfm?id=K081776,remote_patient_monitoring,13,14,0,2,26,远程监测风险分层与异常预警
"Paceart, Inc.",PACEART TX3 CARDIAC EVENT RECORDER,remote_patient_monitoring,openfda_device_510k,https://www.accessdata.fda.gov/scripts/cdrh/cfdocs/cfpmn/pmn.cfm?id=K012407,remote_patient_monitoring,13,14,0,2,26,远程监测风险分层与异常预警
"Philips Medical Systems, Inc.",PHILIPS CARDIAC WORKSTATION,remote_patient_monitoring,openfda_device_510k,https://www.accessdata.fda.gov/scripts/cdrh/cfdocs/cfpmn/pmn.cfm?id=K922622,remote_patient_monitoring,13,14,0,2,26,远程监测风险分层与异常预警
"Ppg Industries, Inc.","MIDAS SYSTEM 2500, PHYSIOLOGICAL MONITORING SYSTEM",remote_patient_monitoring,openfda_device_510k,https://www.accessdata.fda.gov/scripts/cdrh/cfdocs/cfpmn/pmn.cfm?id=K912627,remote_patient_monitoring,13,14,0,2,26,远程监测风险分层与异常预警
R D Intl.,RDI CARDIAC INSULATION PAD,remote_patient_monitoring,openfda_device_510k,https://www.accessdata.fda.gov/scripts/cdrh/cfdocs/cfpmn/pmn.cfm?id=K960312,remote_patient_monitoring,13,14,0,2,26,远程监测风险分层与异常预警
R2 Corp.,MAGNATRODE CARDIAC MONITORING ELECTRODE,remote_patient_monitoring,openfda_device_510k,https://www.accessdata.fda.gov/scripts/cdrh/cfdocs/cfpmn/pmn.cfm?id=K832516,remote_patient_monitoring,13,14,0,2,26,远程监测风险分层与异常预警
Roche Diagnostics,ACCU-CHEK INFORM II BLOOD GLUCOSE MONITORING SYSTEM,remote_patient_monitoring,openfda_device_510k,https://www.accessdata.fda.gov/scripts/cdrh/cfdocs/cfpmn/pmn.cfm?id=K121679,remote_patient_monitoring,13,14,0,2,26,远程监测风险分层与异常预警
Sk Med,SK MED ME202 MONITORING MIXER,remote_patient_monitoring,openfda_device_510k,https://www.accessdata.fda.gov/scripts/cdrh/cfdocs/cfpmn/pmn.cfm?id=K031860,remote_patient_monitoring,13,14,0,2,26,远程监测风险分层与异常预警
"Zoe Medical, Inc.",NIGHTINGALE MONITORING SYSTEM,remote_patient_monitoring,openfda_device_510k,https://www.accessdata.fda.gov/scripts/cdrh/cfdocs/cfpmn/pmn.cfm?id=K130740,remote_patient_monitoring,13,14,0,2,26,远程监测风险分层与异常预警
上海微创医疗机器人（集团）股份有限公司,远程通讯工作站,remote_patient_monitoring,nmpa_udi,https://udi.nmpa.gov.cn/showDetailCX.html?deviceRecordKey=0697162154189720250714111901457,remote_patient_monitoring,13,14,0,2,26,远程监测风险分层与异常预警
华思（天津）医疗健康管理有限公司,单导联动态心电记录仪,remote_patient_monitoring,nmpa_udi,https://udi.nmpa.gov.cn/showDetailCX.html?deviceRecordKey=0697452953302520241218013534343,remote_patient_monitoring; health_management_platform,13,14,0,2,26,远程监测风险分层与异常预警
华思（天津）医疗健康管理有限公司,心电记录仪,remote_patient_monitoring,nmpa_udi,https://udi.nmpa.gov.cn/showDetailCX.html?deviceRecordKey=0697452953301820211129045233470,remote_patient_monitoring; health_management_platform,13,14,0,2,26,远程监测风险分层与异常预警
合肥合滨智能机器人有限公司,超声探头夹持及远程控制系统,remote_patient_monitoring,nmpa_udi,https://udi.nmpa.gov.cn/showDetailCX.html?deviceRecordKey=0697545144001620240327110556534,remote_patient_monitoring,13,14,0,2,26,远程监测风险分层与异常预警; 医生工作流、病历摘要和临床文档自动化
山东正心医疗科技有限公司,远程动态心电记录仪,remote_patient_monitoring,nmpa_udi,https://udi.nmpa.gov.cn/showDetailCX.html?deviceRecordKey=0697246767051220240530041724743,remote_patient_monitoring,13,14,0,2,26,远程监测风险分层与异常预警; 医生工作流、病历摘要和临床文档自动化
山东正心医疗科技有限公司,远程动态心电记录仪,remote_patient_monitoring,nmpa_udi,https://udi.nmpa.gov.cn/showDetailCX.html?deviceRecordKey=0697246767050520240530041825702,remote_patient_monitoring,13,14,0,2,26,远程监测风险分层与异常预警; 医生工作流、病历摘要和临床文档自动化
山东正心医疗科技有限公司,远程动态心电记录仪,remote_patient_monitoring,nmpa_udi,https://udi.nmpa.gov.cn/showDetailCX.html?deviceRecordKey=0697246767049920240530041941105,remote_patient_monitoring,13,14,0,2,26,远程监测风险分层与异常预警; 医生工作流、病历摘要和临床文档自动化
山东正心医疗科技有限公司,远程动态心电记录仪,remote_patient_monitoring,nmpa_udi,https://udi.nmpa.gov.cn/showDetailCX.html?deviceRecordKey=0697246767045120240529014242369,remote_patient_monitoring,13,14,0,2,26,远程监测风险分层与异常预警; 医生工作流、病历摘要和临床文档自动化
山东正心医疗科技有限公司,远程动态心电记录仪,remote_patient_monitoring,nmpa_udi,https://udi.nmpa.gov.cn/showDetailCX.html?deviceRecordKey=0697246767010920240529020102272,remote_patient_monitoring,13,14,0,2,26,远程监测风险分层与异常预警; 医生工作流、病历摘要和临床文档自动化
山东正心医疗科技有限公司,远程动态心电记录仪,remote_patient_monitoring,nmpa_udi,https://udi.nmpa.gov.cn/showDetailCX.html?deviceRecordKey=0697246767002420240529014739721,remote_patient_monitoring,13,14,0,2,26,远程监测风险分层与异常预警; 医生工作流、病历摘要和临床文档自动化
山东正心医疗科技有限公司,远程动态心电记录仪,remote_patient_monitoring,nmpa_udi,https://udi.nmpa.gov.cn/showDetailCX.html?deviceRecordKey=0697246767042020240529014541164,remote_patient_monitoring,13,14,0,2,26,远程监测风险分层与异常预警; 医生工作流、病历摘要和临床文档自动化
山东正心医疗科技有限公司,远程动态心电记录仪,remote_patient_monitoring,nmpa_udi,https://udi.nmpa.gov.cn/showDetailCX.html?deviceRecordKey=0697246767043720240529014446854,remote_patient_monitoring,13,14,0,2,26,远程监测风险分层与异常预警; 医生工作流、病历摘要和临床文档自动化
山东正心医疗科技有限公司,远程动态心电记录仪,remote_patient_monitoring,nmpa_udi,https://udi.nmpa.gov.cn/showDetailCX.html?deviceRecordKey=0697246767044420240529014353984,remote_patient_monitoring,13,14,0,2,26,远程监测风险分层与异常预警; 医生工作流、病历摘要和临床文档自动化
山东正心医疗科技有限公司,远程动态心电记录仪,remote_patient_monitoring,nmpa_udi,https://udi.nmpa.gov.cn/showDetailCX.html?deviceRecordKey=0697246767048220240529012523501,remote_patient_monitoring,13,14,0,2,26,远程监测风险分层与异常预警; 医生工作流、病历摘要和临床文档自动化
山东正心医疗科技有限公司,远程动态心电记录仪,remote_patient_monitoring,nmpa_udi,https://udi.nmpa.gov.cn/showDetailCX.html?deviceRecordKey=0697246767047520240529013549963,remote_patient_monitoring,13,14,0,2,26,远程监测风险分层与异常预警; 医生工作流、病历摘要和临床文档自动化
山东正心医疗科技有限公司,远程动态心电记录仪,remote_patient_monitoring,nmpa_udi,https://udi.nmpa.gov.cn/showDetailCX.html?deviceRecordKey=0697246767046820240529014117857,remote_patient_monitoring,13,14,0,2,26,远程监测风险分层与异常预警; 医生工作流、病历摘要和临床文档自动化
广西雅斯生物科技有限公司,血压/血糖/尿酸/血酮测试仪,remote_patient_monitoring,nmpa_udi,https://udi.nmpa.gov.cn/showDetailCX.html?deviceRecordKey=16bcea9cc731422194ffa7c765da0323,remote_patient_monitoring,13,14,0,2,26,远程监测风险分层与异常预警
武汉兰丁智能医学股份有限公司,全自动数字远程病理细胞分析仪,remote_patient_monitoring,nmpa_udi,https://udi.nmpa.gov.cn/showDetailCX.html?deviceRecordKey=06975866142710202507090242481,remote_patient_monitoring,13,14,0,2,26,远程监测风险分层与异常预警; 医生工作流、病历摘要和临床文档自动化
武汉兰丁智能医学股份有限公司,全自动数字远程病理细胞分析仪,remote_patient_monitoring,nmpa_udi,https://udi.nmpa.gov.cn/showDetailCX.html?deviceRecordKey=06975866142727202507090242482,remote_patient_monitoring,13,14,0,2,26,远程监测风险分层与异常预警; 医生工作流、病历摘要和临床文档自动化
武汉兰丁智能医学股份有限公司,全自动数字远程病理细胞分析仪,remote_patient_monitoring,nmpa_udi,https://udi.nmpa.gov.cn/showDetailCX.html?deviceRecordKey=06975866142819202507090242483,remote_patient_monitoring,13,14,0,2,26,远程监测风险分层与异常预警; 医生工作流、病历摘要和临床文档自动化
武汉兰丁智能医学股份有限公司,全自动数字远程病理细胞分析仪,remote_patient_monitoring,nmpa_udi,https://udi.nmpa.gov.cn/showDetailCX.html?deviceRecordKey=06975866142826202507090242484,remote_patient_monitoring,13,14,0,2,26,远程监测风险分层与异常预警; 医生工作流、病历摘要和临床文档自动化
深圳市保身欣科技电子有限公司,臂式电子血压计,remote_patient_monitoring,nmpa_udi,https://udi.nmpa.gov.cn/showDetailCX.html?deviceRecordKey=0692048530807820260512095841386,remote_patient_monitoring,13,14,0,2,26,远程监测风险分层与异常预警
深圳市保身欣科技电子有限公司,臂式电子血压计,remote_patient_monitoring,nmpa_udi,https://udi.nmpa.gov.cn/showDetailCX.html?deviceRecordKey=0692048530808520260512095711453,remote_patient_monitoring,13,14,0,2,26,远程监测风险分层与异常预警
深圳市保身欣科技电子有限公司,臂式电子血压计,remote_patient_monitoring,nmpa_udi,https://udi.nmpa.gov.cn/showDetailCX.html?deviceRecordKey=0692048530806120260512100049355,remote_patient_monitoring,13,14,0,2,26,远程监测风险分层与异常预警
深圳市保身欣科技电子有限公司,臂式电子血压计,remote_patient_monitoring,nmpa_udi,https://udi.nmpa.gov.cn/showDetailCX.html?deviceRecordKey=0692048530804720260512100129225,remote_patient_monitoring,13,14,0,2,26,远程监测风险分层与异常预警
深圳市埃微医疗信息技术有限公司,远程动态心电记录仪,remote_patient_monitoring,nmpa_udi,https://udi.nmpa.gov.cn/showDetailCX.html?deviceRecordKey=0697996622003320260407051218149,remote_patient_monitoring,13,14,0,2,26,远程监测风险分层与异常预警; 医生工作流、病历摘要和临床文档自动化
深圳市埃微医疗信息技术有限公司,远程动态心电记录仪,remote_patient_monitoring,nmpa_udi,https://udi.nmpa.gov.cn/showDetailCX.html?deviceRecordKey=0697996622002620260407050911285,remote_patient_monitoring,13,14,0,2,26,远程监测风险分层与异常预警; 医生工作流、病历摘要和临床文档自动化
深圳市埃微医疗信息技术有限公司,远程动态心电记录仪,remote_patient_monitoring,nmpa_udi,https://udi.nmpa.gov.cn/showDetailCX.html?deviceRecordKey=0697996622001920260407050539667,remote_patient_monitoring,13,14,0,2,26,远程监测风险分层与异常预警; 医生工作流、病历摘要和临床文档自动化
深圳市埃微医疗信息技术有限公司,远程动态心电记录仪,remote_patient_monitoring,nmpa_udi,https://udi.nmpa.gov.cn/showDetailCX.html?deviceRecordKey=0697996622000220260407050204997,remote_patient_monitoring,13,14,0,2,26,远程监测风险分层与异常预警; 医生工作流、病历摘要和临床文档自动化
深圳市埃微医疗信息技术有限公司,远程动态心电记录仪-穿戴式心电传感器,remote_patient_monitoring,nmpa_udi,https://udi.nmpa.gov.cn/showDetailCX.html?deviceRecordKey=0697996622005720260407052252779,remote_patient_monitoring,13,14,0,2,26,远程监测风险分层与异常预警; 医生工作流、病历摘要和临床文档自动化
深圳市埃微医疗信息技术有限公司,远程动态心电记录仪-穿戴式心电传感器,remote_patient_monitoring,nmpa_udi,https://udi.nmpa.gov.cn/showDetailCX.html?deviceRecordKey=0697996622004020260407051922060,remote_patient_monitoring,13,14,0,2,26,远程监测风险分层与异常预警; 医生工作流、病历摘要和临床文档自动化
深圳市安普康科技有限公司,心电导联线,remote_patient_monitoring,nmpa_udi,https://udi.nmpa.gov.cn/showDetailCX.html?deviceRecordKey=0694672553729920260513090518523,remote_patient_monitoring,13,14,0,2,26,远程监测风险分层与异常预警
深圳市安普康科技有限公司,心电导联线,remote_patient_monitoring,nmpa_udi,https://udi.nmpa.gov.cn/showDetailCX.html?deviceRecordKey=0694672553730520260513090603248,remote_patient_monitoring,13,14,0,2,26,远程监测风险分层与异常预警
深圳市安普康科技有限公司,心电导联线,remote_patient_monitoring,nmpa_udi,https://udi.nmpa.gov.cn/showDetailCX.html?deviceRecordKey=0694672553748020260513092714089,remote_patient_monitoring,13,14,0,2,26,远程监测风险分层与异常预警
深圳市安普康科技有限公司,心电导联线,remote_patient_monitoring,nmpa_udi,https://udi.nmpa.gov.cn/showDetailCX.html?deviceRecordKey=0694672553749720260513092756596,remote_patient_monitoring,13,14,0,2,26,远程监测风险分层与异常预警
深圳市安普康科技有限公司,心电导联线,remote_patient_monitoring,nmpa_udi,https://udi.nmpa.gov.cn/showDetailCX.html?deviceRecordKey=0694672550985220260513093325229,remote_patient_monitoring,13,14,0,2,26,远程监测风险分层与异常预警
深圳市安普康科技有限公司,心电导联线,remote_patient_monitoring,nmpa_udi,https://udi.nmpa.gov.cn/showDetailCX.html?deviceRecordKey=0694672550986920260513093427648,remote_patient_monitoring,13,14,0,2,26,远程监测风险分层与异常预警
深圳市安普康科技有限公司,心电导联线,remote_patient_monitoring,nmpa_udi,https://udi.nmpa.gov.cn/showDetailCX.html?deviceRecordKey=0694672550987620260513093552701,remote_patient_monitoring,13,14,0,2,26,远程监测风险分层与异常预警
深圳市安普康科技有限公司,心电导联线,remote_patient_monitoring,nmpa_udi,https://udi.nmpa.gov.cn/showDetailCX.html?deviceRecordKey=0694672553811120260513093846450,remote_patient_monitoring,13,14,0,2,26,远程监测风险分层与异常预警
深圳市安普康科技有限公司,心电导联线,remote_patient_monitoring,nmpa_udi,https://udi.nmpa.gov.cn/showDetailCX.html?deviceRecordKey=0694672553831920260513094049938,remote_patient_monitoring,13,14,0,2,26,远程监测风险分层与异常预警
深圳市安普康科技有限公司,心电导联线,remote_patient_monitoring,nmpa_udi,https://udi.nmpa.gov.cn/showDetailCX.html?deviceRecordKey=0694672554033620260513094228021,remote_patient_monitoring,13,14,0,2,26,远程监测风险分层与异常预警
深圳市安普康科技有限公司,心电导联线,remote_patient_monitoring,nmpa_udi,https://udi.nmpa.gov.cn/showDetailCX.html?deviceRecordKey=0694672554571320260513094256388,remote_patient_monitoring,13,14,0,2,26,远程监测风险分层与异常预警
深圳市安普康科技有限公司,心电导联线,remote_patient_monitoring,nmpa_udi,https://udi.nmpa.gov.cn/showDetailCX.html?deviceRecordKey=0694672554620820260513094601594,remote_patient_monitoring,13,14,0,2,26,远程监测风险分层与异常预警
深圳市安普康科技有限公司,心电导联线,remote_patient_monitoring,nmpa_udi,https://udi.nmpa.gov.cn/showDetailCX.html?deviceRecordKey=0694672550995120260513094921154,remote_patient_monitoring,13,14,0,2,26,远程监测风险分层与异常预警
深圳市安普康科技有限公司,心电导联线,remote_patient_monitoring,nmpa_udi,https://udi.nmpa.gov.cn/showDetailCX.html?deviceRecordKey=0694672550996820260513095058885,remote_patient_monitoring,13,14,0,2,26,远程监测风险分层与异常预警
深圳市安普康科技有限公司,心电导联线,remote_patient_monitoring,nmpa_udi,https://udi.nmpa.gov.cn/showDetailCX.html?deviceRecordKey=0694672550997520260513095312262,remote_patient_monitoring,13,14,0,2,26,远程监测风险分层与异常预警
深圳市安普康科技有限公司,心电导联线,remote_patient_monitoring,nmpa_udi,https://udi.nmpa.gov.cn/showDetailCX.html?deviceRecordKey=0694672550998220260513095407504,remote_patient_monitoring,13,14,0,2,26,远程监测风险分层与异常预警
深圳市安普康科技有限公司,心电导联线,remote_patient_monitoring,nmpa_udi,https://udi.nmpa.gov.cn/showDetailCX.html?deviceRecordKey=0694672550999920260513095451414,remote_patient_monitoring,13,14,0,2,26,远程监测风险分层与异常预警
深圳市安普康科技有限公司,心电导联线,remote_patient_monitoring,nmpa_udi,https://udi.nmpa.gov.cn/showDetailCX.html?deviceRecordKey=0694672551000120260513095524508,remote_patient_monitoring,13,14,0,2,26,远程监测风险分层与异常预警
深圳市安普康科技有限公司,心电导联线,remote_patient_monitoring,nmpa_udi,https://udi.nmpa.gov.cn/showDetailCX.html?deviceRecordKey=0694672551001820260513095553848,remote_patient_monitoring,13,14,0,2,26,远程监测风险分层与异常预警
深圳市安普康科技有限公司,心电导联线,remote_patient_monitoring,nmpa_udi,https://udi.nmpa.gov.cn/showDetailCX.html?deviceRecordKey=0694672551003220260513095622318,remote_patient_monitoring,13,14,0,2,26,远程监测风险分层与异常预警
深圳市安普康科技有限公司,心电导联线,remote_patient_monitoring,nmpa_udi,https://udi.nmpa.gov.cn/showDetailCX.html?deviceRecordKey=0694672551004920260513095647360,remote_patient_monitoring,13,14,0,2,26,远程监测风险分层与异常预警
深圳市安普康科技有限公司,心电导联线,remote_patient_monitoring,nmpa_udi,https://udi.nmpa.gov.cn/showDetailCX.html?deviceRecordKey=0694672551005620260513095706049,remote_patient_monitoring,13,14,0,2,26,远程监测风险分层与异常预警
深圳市安普康科技有限公司,心电导联线,remote_patient_monitoring,nmpa_udi,https://udi.nmpa.gov.cn/showDetailCX.html?deviceRecordKey=0694672551006320260513095732230,remote_patient_monitoring,13,14,0,2,26,远程监测风险分层与异常预警
深圳市安普康科技有限公司,心电导联线,remote_patient_monitoring,nmpa_udi,https://udi.nmpa.gov.cn/showDetailCX.html?deviceRecordKey=0694672550915920260513100932530,remote_patient_monitoring,13,14,0,2,26,远程监测风险分层与异常预警
深圳市安普康科技有限公司,心电导联线,remote_patient_monitoring,nmpa_udi,https://udi.nmpa.gov.cn/showDetailCX.html?deviceRecordKey=0694672550916620260513101132879,remote_patient_monitoring,13,14,0,2,26,远程监测风险分层与异常预警
深圳市安普康科技有限公司,心电导联线,remote_patient_monitoring,nmpa_udi,https://udi.nmpa.gov.cn/showDetailCX.html?deviceRecordKey=0694672551014820260513101158758,remote_patient_monitoring,13,14,0,2,26,远程监测风险分层与异常预警
深圳市安普康科技有限公司,心电导联线,remote_patient_monitoring,nmpa_udi,https://udi.nmpa.gov.cn/showDetailCX.html?deviceRecordKey=0694672551041420260513101230625,remote_patient_monitoring,13,14,0,2,26,远程监测风险分层与异常预警
深圳市安普康科技有限公司,心电导联线,remote_patient_monitoring,nmpa_udi,https://udi.nmpa.gov.cn/showDetailCX.html?deviceRecordKey=0694672551042120260513101251518,remote_patient_monitoring,13,14,0,2,26,远程监测风险分层与异常预警
深圳市安普康科技有限公司,心电导联线,remote_patient_monitoring,nmpa_udi,https://udi.nmpa.gov.cn/showDetailCX.html?deviceRecordKey=0694672551043820260513101323343,remote_patient_monitoring,13,14,0,2,26,远程监测风险分层与异常预警
深圳市安普康科技有限公司,心电导联线,remote_patient_monitoring,nmpa_udi,https://udi.nmpa.gov.cn/showDetailCX.html?deviceRecordKey=0694672551044520260513101551580,remote_patient_monitoring,13,14,0,2,26,远程监测风险分层与异常预警
深圳市安普康科技有限公司,心电导联线,remote_patient_monitoring,nmpa_udi,https://udi.nmpa.gov.cn/showDetailCX.html?deviceRecordKey=0694672551045220260513101759867,remote_patient_monitoring,13,14,0,2,26,远程监测风险分层与异常预警
深圳市安普康科技有限公司,心电导联线,remote_patient_monitoring,nmpa_udi,https://udi.nmpa.gov.cn/showDetailCX.html?deviceRecordKey=0694672551046920260513101852551,remote_patient_monitoring,13,14,0,2,26,远程监测风险分层与异常预警
深圳市安普康科技有限公司,心电导联线,remote_patient_monitoring,nmpa_udi,https://udi.nmpa.gov.cn/showDetailCX.html?deviceRecordKey=0694672551047620260513102947307,remote_patient_monitoring,13,14,0,2,26,远程监测风险分层与异常预警
深圳市安普康科技有限公司,心电导联线,remote_patient_monitoring,nmpa_udi,https://udi.nmpa.gov.cn/showDetailCX.html?deviceRecordKey=0694672551048320260513103015237,remote_patient_monitoring,13,14,0,2,26,远程监测风险分层与异常预警
深圳市安普康科技有限公司,心电导联线,remote_patient_monitoring,nmpa_udi,https://udi.nmpa.gov.cn/showDetailCX.html?deviceRecordKey=0694672551049020260513103042228,remote_patient_monitoring,13,14,0,2,26,远程监测风险分层与异常预警
深圳市安普康科技有限公司,心电导联线,remote_patient_monitoring,nmpa_udi,https://udi.nmpa.gov.cn/showDetailCX.html?deviceRecordKey=0694672551050620260513103200170,remote_patient_monitoring,13,14,0,2,26,远程监测风险分层与异常预警
深圳市安普康科技有限公司,心电导联线,remote_patient_monitoring,nmpa_udi,https://udi.nmpa.gov.cn/showDetailCX.html?deviceRecordKey=0694672551051320260513103226040,remote_patient_monitoring,13,14,0,2,26,远程监测风险分层与异常预警
深圳市安普康科技有限公司,心电导联线,remote_patient_monitoring,nmpa_udi,https://udi.nmpa.gov.cn/showDetailCX.html?deviceRecordKey=0694672551052020260513103322733,remote_patient_monitoring,13,14,0,2,26,远程监测风险分层与异常预警
深圳市安普康科技有限公司,心电导联线,remote_patient_monitoring,nmpa_udi,https://udi.nmpa.gov.cn/showDetailCX.html?deviceRecordKey=0694672551053720260513103351213,remote_patient_monitoring,13,14,0,2,26,远程监测风险分层与异常预警
深圳市安普康科技有限公司,心电导联线,remote_patient_monitoring,nmpa_udi,https://udi.nmpa.gov.cn/showDetailCX.html?deviceRecordKey=0694672551054420260513103417657,remote_patient_monitoring,13,14,0,2,26,远程监测风险分层与异常预警
深圳市安普康科技有限公司,心电导联线,remote_patient_monitoring,nmpa_udi,https://udi.nmpa.gov.cn/showDetailCX.html?deviceRecordKey=0694672551055120260513103453135,remote_patient_monitoring,13,14,0,2,26,远程监测风险分层与异常预警
深圳市安普康科技有限公司,心电导联线,remote_patient_monitoring,nmpa_udi,https://udi.nmpa.gov.cn/showDetailCX.html?deviceRecordKey=0694672551056820260513103636151,remote_patient_monitoring,13,14,0,2,26,远程监测风险分层与异常预警
深圳市安普康科技有限公司,心电导联线,remote_patient_monitoring,nmpa_udi,https://udi.nmpa.gov.cn/showDetailCX.html?deviceRecordKey=0694672551057520260513103659910,remote_patient_monitoring,13,14,0,2,26,远程监测风险分层与异常预警
深圳市安普康科技有限公司,心电导联线,remote_patient_monitoring,nmpa_udi,https://udi.nmpa.gov.cn/showDetailCX.html?deviceRecordKey=0694672551058220260513103723835,remote_patient_monitoring,13,14,0,2,26,远程监测风险分层与异常预警
深圳市安普康科技有限公司,心电导联线,remote_patient_monitoring,nmpa_udi,https://udi.nmpa.gov.cn/showDetailCX.html?deviceRecordKey=0694672551059920260513103751384,remote_patient_monitoring,13,14,0,2,26,远程监测风险分层与异常预警
深圳市安普康科技有限公司,心电导联线,remote_patient_monitoring,nmpa_udi,https://udi.nmpa.gov.cn/showDetailCX.html?deviceRecordKey=0694672551060520260513103819562,remote_patient_monitoring,13,14,0,2,26,远程监测风险分层与异常预警
深圳市安普康科技有限公司,心电导联线,remote_patient_monitoring,nmpa_udi,https://udi.nmpa.gov.cn/showDetailCX.html?deviceRecordKey=0694672551061220260513103840172,remote_patient_monitoring,13,14,0,2,26,远程监测风险分层与异常预警
深圳市安普康科技有限公司,心电导联线,remote_patient_monitoring,nmpa_udi,https://udi.nmpa.gov.cn/showDetailCX.html?deviceRecordKey=0694672551062920260513103859133,remote_patient_monitoring,13,14,0,2,26,远程监测风险分层与异常预警
深圳市安普康科技有限公司,心电导联线,remote_patient_monitoring,nmpa_udi,https://udi.nmpa.gov.cn/showDetailCX.html?deviceRecordKey=0694672551063620260513103931255,remote_patient_monitoring,13,14,0,2,26,远程监测风险分层与异常预警
深圳市安普康科技有限公司,心电导联线,remote_patient_monitoring,nmpa_udi,https://udi.nmpa.gov.cn/showDetailCX.html?deviceRecordKey=0694672551064320260513103955778,remote_patient_monitoring,13,14,0,2,26,远程监测风险分层与异常预警
深圳市安普康科技有限公司,血压袖套,remote_patient_monitoring,nmpa_udi,https://udi.nmpa.gov.cn/showDetailCX.html?deviceRecordKey=0694672552335320260512092607521,remote_patient_monitoring,13,14,0,2,26,远程监测风险分层与异常预警
深圳市安普康科技有限公司,血压袖套,remote_patient_monitoring,nmpa_udi,https://udi.nmpa.gov.cn/showDetailCX.html?deviceRecordKey=0694672552334620260512092354286,remote_patient_monitoring,13,14,0,2,26,远程监测风险分层与异常预警
深圳市安普康科技有限公司,血压袖套,remote_patient_monitoring,nmpa_udi,https://udi.nmpa.gov.cn/showDetailCX.html?deviceRecordKey=0694672552336020260512092938677,remote_patient_monitoring,13,14,0,2,26,远程监测风险分层与异常预警
深圳市安普康科技有限公司,血压袖套,remote_patient_monitoring,nmpa_udi,https://udi.nmpa.gov.cn/showDetailCX.html?deviceRecordKey=0694672552337720260512093057307,remote_patient_monitoring,13,14,0,2,26,远程监测风险分层与异常预警
深圳市安普康科技有限公司,血压袖套,remote_patient_monitoring,nmpa_udi,https://udi.nmpa.gov.cn/showDetailCX.html?deviceRecordKey=0694672552338420260512093310352,remote_patient_monitoring,13,14,0,2,26,远程监测风险分层与异常预警
深圳市安普康科技有限公司,血压袖套,remote_patient_monitoring,nmpa_udi,https://udi.nmpa.gov.cn/showDetailCX.html?deviceRecordKey=0694672552672920260512093552641,remote_patient_monitoring,13,14,0,2,26,远程监测风险分层与异常预警
深圳市安普康科技有限公司,血压袖套,remote_patient_monitoring,nmpa_udi,https://udi.nmpa.gov.cn/showDetailCX.html?deviceRecordKey=0694672552673620260512093650901,remote_patient_monitoring,13,14,0,2,26,远程监测风险分层与异常预警
深圳市安普康科技有限公司,血压袖套,remote_patient_monitoring,nmpa_udi,https://udi.nmpa.gov.cn/showDetailCX.html?deviceRecordKey=0694672552674320260512093834600,remote_patient_monitoring,13,14,0,2,26,远程监测风险分层与异常预警
深圳市安普康科技有限公司,血压袖套,remote_patient_monitoring,nmpa_udi,https://udi.nmpa.gov.cn/showDetailCX.html?deviceRecordKey=0694672552675020260512094246703,remote_patient_monitoring,13,14,0,2,26,远程监测风险分层与异常预警
深圳市安普康科技有限公司,血压袖套,remote_patient_monitoring,nmpa_udi,https://udi.nmpa.gov.cn/showDetailCX.html?deviceRecordKey=0694672552676720260512094421360,remote_patient_monitoring,13,14,0,2,26,远程监测风险分层与异常预警
深圳市安普康科技有限公司,血压袖套,remote_patient_monitoring,nmpa_udi,https://udi.nmpa.gov.cn/showDetailCX.html?deviceRecordKey=0694672552677420260512094527135,remote_patient_monitoring,13,14,0,2,26,远程监测风险分层与异常预警
深圳市安普康科技有限公司,血压袖套,remote_patient_monitoring,nmpa_udi,https://udi.nmpa.gov.cn/showDetailCX.html?deviceRecordKey=0694672552339120260512094904048,remote_patient_monitoring,13,14,0,2,26,远程监测风险分层与异常预警
深圳市安普康科技有限公司,血压袖套,remote_patient_monitoring,nmpa_udi,https://udi.nmpa.gov.cn/showDetailCX.html?deviceRecordKey=0694672559417920260512094939965,remote_patient_monitoring,13,14,0,2,26,远程监测风险分层与异常预警
深圳市安普康科技有限公司,血压袖套,remote_patient_monitoring,nmpa_udi,https://udi.nmpa.gov.cn/showDetailCX.html?deviceRecordKey=0694672552340720260512095901463,remote_patient_monitoring,13,14,0,2,26,远程监测风险分层与异常预警
深圳市安普康科技有限公司,血压袖套,remote_patient_monitoring,nmpa_udi,https://udi.nmpa.gov.cn/showDetailCX.html?deviceRecordKey=0694672552341420260512095958165,remote_patient_monitoring,13,14,0,2,26,远程监测风险分层与异常预警
深圳市安普康科技有限公司,血压袖套,remote_patient_monitoring,nmpa_udi,https://udi.nmpa.gov.cn/showDetailCX.html?deviceRecordKey=0694672552342120260512100117161,remote_patient_monitoring,13,14,0,2,26,远程监测风险分层与异常预警
深圳市安普康科技有限公司,血压袖套,remote_patient_monitoring,nmpa_udi,https://udi.nmpa.gov.cn/showDetailCX.html?deviceRecordKey=0694672552343820260512100151533,remote_patient_monitoring,13,14,0,2,26,远程监测风险分层与异常预警
深圳市安普康科技有限公司,血压袖套,remote_patient_monitoring,nmpa_udi,https://udi.nmpa.gov.cn/showDetailCX.html?deviceRecordKey=0694672552344520260512100234389,remote_patient_monitoring,13,14,0,2,26,远程监测风险分层与异常预警
深圳市安普康科技有限公司,血压袖套,remote_patient_monitoring,nmpa_udi,https://udi.nmpa.gov.cn/showDetailCX.html?deviceRecordKey=0694672552345220260512100307534,remote_patient_monitoring,13,14,0,2,26,远程监测风险分层与异常预警
深圳市安普康科技有限公司,血压袖套,remote_patient_monitoring,nmpa_udi,https://udi.nmpa.gov.cn/showDetailCX.html?deviceRecordKey=0694672552346920260512100420123,remote_patient_monitoring,13,14,0,2,26,远程监测风险分层与异常预警
深圳市安普康科技有限公司,血压袖套,remote_patient_monitoring,nmpa_udi,https://udi.nmpa.gov.cn/showDetailCX.html?deviceRecordKey=0694672552347620260512100528432,remote_patient_monitoring,13,14,0,2,26,远程监测风险分层与异常预警
深圳市安普康科技有限公司,血压袖套,remote_patient_monitoring,nmpa_udi,https://udi.nmpa.gov.cn/showDetailCX.html?deviceRecordKey=0694672552348320260512100601661,remote_patient_monitoring,13,14,0,2,26,远程监测风险分层与异常预警
深圳市安普康科技有限公司,血压袖套,remote_patient_monitoring,nmpa_udi,https://udi.nmpa.gov.cn/showDetailCX.html?deviceRecordKey=0694672552349020260512100642366,remote_patient_monitoring,13,14,0,2,26,远程监测风险分层与异常预警
深圳市安普康科技有限公司,血压袖套,remote_patient_monitoring,nmpa_udi,https://udi.nmpa.gov.cn/showDetailCX.html?deviceRecordKey=0694672552350620260512100737612,remote_patient_monitoring,13,14,0,2,26,远程监测风险分层与异常预警
深圳市安普康科技有限公司,血压袖套,remote_patient_monitoring,nmpa_udi,https://udi.nmpa.gov.cn/showDetailCX.html?deviceRecordKey=0694672552678120260512100838321,remote_patient_monitoring,13,14,0,2,26,远程监测风险分层与异常预警
深圳市安普康科技有限公司,血压袖套,remote_patient_monitoring,nmpa_udi,https://udi.nmpa.gov.cn/showDetailCX.html?deviceRecordKey=0694672552679820260512100928416,remote_patient_monitoring,13,14,0,2,26,远程监测风险分层与异常预警
深圳市安普康科技有限公司,血压袖套,remote_patient_monitoring,nmpa_udi,https://udi.nmpa.gov.cn/showDetailCX.html?deviceRecordKey=0694672552680420260512101147635,remote_patient_monitoring,13,14,0,2,26,远程监测风险分层与异常预警
深圳市安普康科技有限公司,血压袖套,remote_patient_monitoring,nmpa_udi,https://udi.nmpa.gov.cn/showDetailCX.html?deviceRecordKey=0694672552681120260512101241751,remote_patient_monitoring,13,14,0,2,26,远程监测风险分层与异常预警
深圳市安普康科技有限公司,血压袖套,remote_patient_monitoring,nmpa_udi,https://udi.nmpa.gov.cn/showDetailCX.html?deviceRecordKey=0694672552682820260512101411807,remote_patient_monitoring,13,14,0,2,26,远程监测风险分层与异常预警
深圳市安普康科技有限公司,血压袖套,remote_patient_monitoring,nmpa_udi,https://udi.nmpa.gov.cn/showDetailCX.html?deviceRecordKey=0694672552683520260512101630984,remote_patient_monitoring,13,14,0,2,26,远程监测风险分层与异常预警
深圳市安普康科技有限公司,血压袖套,remote_patient_monitoring,nmpa_udi,https://udi.nmpa.gov.cn/showDetailCX.html?deviceRecordKey=0694672552684220260512103651296,remote_patient_monitoring,13,14,0,2,26,远程监测风险分层与异常预警
深圳市安普康科技有限公司,血压袖套,remote_patient_monitoring,nmpa_udi,https://udi.nmpa.gov.cn/showDetailCX.html?deviceRecordKey=0694672552685920260512104127313,remote_patient_monitoring,13,14,0,2,26,远程监测风险分层与异常预警
深圳市安普康科技有限公司,血压袖套,remote_patient_monitoring,nmpa_udi,https://udi.nmpa.gov.cn/showDetailCX.html?deviceRecordKey=0694672552686620260512104637517,remote_patient_monitoring,13,14,0,2,26,远程监测风险分层与异常预警
深圳市安普康科技有限公司,血压袖套,remote_patient_monitoring,nmpa_udi,https://udi.nmpa.gov.cn/showDetailCX.html?deviceRecordKey=0694672552687320260512105256594,remote_patient_monitoring,13,14,0,2,26,远程监测风险分层与异常预警
深圳市安普康科技有限公司,血压袖套,remote_patient_monitoring,nmpa_udi,https://udi.nmpa.gov.cn/showDetailCX.html?deviceRecordKey=0694672552688020260512105637865,remote_patient_monitoring,13,14,0,2,26,远程监测风险分层与异常预警
深圳市安普康科技有限公司,血压袖套,remote_patient_monitoring,nmpa_udi,https://udi.nmpa.gov.cn/showDetailCX.html?deviceRecordKey=0694672552689720260512105745637,remote_patient_monitoring,13,14,0,2,26,远程监测风险分层与异常预警
深圳市安普康科技有限公司,血压袖套,remote_patient_monitoring,nmpa_udi,https://udi.nmpa.gov.cn/showDetailCX.html?deviceRecordKey=0694672556839220260512110218955,remote_patient_monitoring,13,14,0,2,26,远程监测风险分层与异常预警
深圳市安普康科技有限公司,血压袖套,remote_patient_monitoring,nmpa_udi,https://udi.nmpa.gov.cn/showDetailCX.html?deviceRecordKey=0694672552352020260512110325970,remote_patient_monitoring,13,14,0,2,26,远程监测风险分层与异常预警
深圳市安普康科技有限公司,血压袖套,remote_patient_monitoring,nmpa_udi,https://udi.nmpa.gov.cn/showDetailCX.html?deviceRecordKey=0694672552354420260512110458730,remote_patient_monitoring,13,14,0,2,26,远程监测风险分层与异常预警
深圳市安普康科技有限公司,血压袖套,remote_patient_monitoring,nmpa_udi,https://udi.nmpa.gov.cn/showDetailCX.html?deviceRecordKey=0694672552355120260512110710909,remote_patient_monitoring,13,14,0,2,26,远程监测风险分层与异常预警
深圳市安普康科技有限公司,血压袖套,remote_patient_monitoring,nmpa_udi,https://udi.nmpa.gov.cn/showDetailCX.html?deviceRecordKey=0694672552356820260512110756302,remote_patient_monitoring,13,14,0,2,26,远程监测风险分层与异常预警
深圳市安普康科技有限公司,血压袖套,remote_patient_monitoring,nmpa_udi,https://udi.nmpa.gov.cn/showDetailCX.html?deviceRecordKey=0694672552357520260512110908603,remote_patient_monitoring,13,14,0,2,26,远程监测风险分层与异常预警
深圳市安普康科技有限公司,血压袖套,remote_patient_monitoring,nmpa_udi,https://udi.nmpa.gov.cn/showDetailCX.html?deviceRecordKey=0694672552358220260512111552214,remote_patient_monitoring,13,14,0,2,26,远程监测风险分层与异常预警
深圳市理邦精密仪器股份有限公司,远程实时动态心电记录仪,remote_patient_monitoring,nmpa_udi,https://udi.nmpa.gov.cn/showDetailCX.html?deviceRecordKey=069444138319332023122702190811,remote_patient_monitoring,13,14,0,2,26,远程监测风险分层与异常预警; 医生工作流、病历摘要和临床文档自动化
深圳市理邦精密仪器股份有限公司,远程实时动态心电记录仪,remote_patient_monitoring,nmpa_udi,https://udi.nmpa.gov.cn/showDetailCX.html?deviceRecordKey=069444138319402023122702190812,remote_patient_monitoring,13,14,0,2,26,远程监测风险分层与异常预警; 医生工作流、病历摘要和临床文档自动化
深圳市理邦精密仪器股份有限公司,远程实时动态心电记录仪,remote_patient_monitoring,nmpa_udi,https://udi.nmpa.gov.cn/showDetailCX.html?deviceRecordKey=06944413831834202312270219081,remote_patient_monitoring,13,14,0,2,26,远程监测风险分层与异常预警; 医生工作流、病历摘要和临床文档自动化
深圳市理邦精密仪器股份有限公司,远程实时动态心电记录仪,remote_patient_monitoring,nmpa_udi,https://udi.nmpa.gov.cn/showDetailCX.html?deviceRecordKey=06944413831841202312270219082,remote_patient_monitoring,13,14,0,2,26,远程监测风险分层与异常预警; 医生工作流、病历摘要和临床文档自动化
深圳市理邦精密仪器股份有限公司,远程实时动态心电记录仪,remote_patient_monitoring,nmpa_udi,https://udi.nmpa.gov.cn/showDetailCX.html?deviceRecordKey=06944413831858202312270219083,remote_patient_monitoring,13,14,0,2,26,远程监测风险分层与异常预警; 医生工作流、病历摘要和临床文档自动化
深圳市理邦精密仪器股份有限公司,远程实时动态心电记录仪,remote_patient_monitoring,nmpa_udi,https://udi.nmpa.gov.cn/showDetailCX.html?deviceRecordKey=06944413831865202312270219084,remote_patient_monitoring,13,14,0,2,26,远程监测风险分层与异常预警; 医生工作流、病历摘要和临床文档自动化
深圳市理邦精密仪器股份有限公司,远程实时动态心电记录仪,remote_patient_monitoring,nmpa_udi,https://udi.nmpa.gov.cn/showDetailCX.html?deviceRecordKey=06944413831872202312270219085,remote_patient_monitoring,13,14,0,2,26,远程监测风险分层与异常预警; 医生工作流、病历摘要和临床文档自动化
深圳市理邦精密仪器股份有限公司,远程实时动态心电记录仪,remote_patient_monitoring,nmpa_udi,https://udi.nmpa.gov.cn/showDetailCX.html?deviceRecordKey=06944413831889202312270219086,remote_patient_monitoring,13,14,0,2,26,远程监测风险分层与异常预警; 医生工作流、病历摘要和临床文档自动化
深圳市理邦精密仪器股份有限公司,远程实时动态心电记录仪,remote_patient_monitoring,nmpa_udi,https://udi.nmpa.gov.cn/showDetailCX.html?deviceRecordKey=06944413831896202312270219087,remote_patient_monitoring,13,14,0,2,26,远程监测风险分层与异常预警; 医生工作流、病历摘要和临床文档自动化
深圳市理邦精密仪器股份有限公司,远程实时动态心电记录仪,remote_patient_monitoring,nmpa_udi,https://udi.nmpa.gov.cn/showDetailCX.html?deviceRecordKey=06944413831902202312270219088,remote_patient_monitoring,13,14,0,2,26,远程监测风险分层与异常预警; 医生工作流、病历摘要和临床文档自动化
深圳市理邦精密仪器股份有限公司,远程实时动态心电记录仪,remote_patient_monitoring,nmpa_udi,https://udi.nmpa.gov.cn/showDetailCX.html?deviceRecordKey=06944413831919202312270219089,remote_patient_monitoring,13,14,0,2,26,远程监测风险分层与异常预警; 医生工作流、病历摘要和临床文档自动化
深圳市理邦精密仪器股份有限公司,远程实时动态心电记录仪,remote_patient_monitoring,nmpa_udi,https://udi.nmpa.gov.cn/showDetailCX.html?deviceRecordKey=069444138319262023122702190810,remote_patient_monitoring,13,14,0,2,26,远程监测风险分层与异常预警; 医生工作流、病历摘要和临床文档自动化
深圳市美连医疗电子股份有限公司,血压袖带,remote_patient_monitoring,nmpa_udi,https://udi.nmpa.gov.cn/showDetailCX.html?deviceRecordKey=1694441404251920260511110759856,remote_patient_monitoring,13,14,0,2,26,远程监测风险分层与异常预警
湖南朗开医疗科技有限公司,肺部远程医疗会诊系统,remote_patient_monitoring,nmpa_udi,https://udi.nmpa.gov.cn/showDetailCX.html?deviceRecordKey=1697725918018420240314040805176,remote_patient_monitoring,13,14,0,2,26,远程监测风险分层与异常预警
维斯安（北京）医疗器械有限公司,远程扩展器,remote_patient_monitoring,nmpa_udi,https://udi.nmpa.gov.cn/showDetailCX.html?deviceRecordKey=3adb79ab002c4672af6070c9f3c1cf7b,remote_patient_monitoring,13,14,0,2,26,远程监测风险分层与异常预警
辽宁迪浩生物科技有限公司,远程医疗系统,remote_patient_monitoring,nmpa_udi,https://udi.nmpa.gov.cn/showDetailCX.html?deviceRecordKey=a66841e0-6ec2-410b-aeec-aa0aea963e57,remote_patient_monitoring,13,14,0,2,26,远程监测风险分层与异常预警
青岛远程科技有限公司,医用防护口罩,remote_patient_monitoring,nmpa_udi,https://udi.nmpa.gov.cn/showDetailCX.html?deviceRecordKey=0697510300027820231010040328484,remote_patient_monitoring,13,14,0,2,26,远程监测风险分层与异常预警
青岛远程科技有限公司,医用防护口罩,remote_patient_monitoring,nmpa_udi,https://udi.nmpa.gov.cn/showDetailCX.html?deviceRecordKey=0697510300026120231010040113123,remote_patient_monitoring,13,14,0,2,26,远程监测风险分层与异常预警
青岛远程科技有限公司,医用防护口罩,remote_patient_monitoring,nmpa_udi,https://udi.nmpa.gov.cn/showDetailCX.html?deviceRecordKey=0697510300042120231010034544286,remote_patient_monitoring,13,14,0,2,26,远程监测风险分层与异常预警
青岛远程科技有限公司,医用防护口罩,remote_patient_monitoring,nmpa_udi,https://udi.nmpa.gov.cn/showDetailCX.html?deviceRecordKey=0697510300041420231010034407559,remote_patient_monitoring,13,14,0,2,26,远程监测风险分层与异常预警
青岛远程科技有限公司,医用防护口罩,remote_patient_monitoring,nmpa_udi,https://udi.nmpa.gov.cn/showDetailCX.html?deviceRecordKey=0697510300040720231010033936711,remote_patient_monitoring,13,14,0,2,26,远程监测风险分层与异常预警
Amwell,Amwell platform,remote_patient_monitoring,round2_seed,https://business.amwell.com/,remote_patient_monitoring; internet_healthcare,13,12,0,0,25,远程监测风险分层与异常预警; 在线问诊分诊、问答和医患服务自动化
Babylon Health,Babylon,remote_patient_monitoring,round2_seed,https://www.babylonhealth.com/,remote_patient_monitoring; internet_healthcare,13,12,0,0,25,远程监测风险分层与异常预警; 在线问诊分诊、问答和医患服务自动化
Current Health,Current Health,remote_patient_monitoring,round2_seed,https://currenthealth.com/,remote_patient_monitoring,13,12,0,0,25,远程监测风险分层与异常预警; 医生工作流、病历摘要和临床文档自动化
Doctolib,Doctolib,remote_patient_monitoring,round2_seed,https://connect.doctolib.com/about-doctolib,remote_patient_monitoring; online_consultation,13,12,0,0,25,远程监测风险分层与异常预警; 医生工作流、病历摘要和临床文档自动化; 在线问诊分诊、问答和医患服务自动化
"Shiley, Inc.",STOCKERT-SHILEY HANDHELD REMOTE CONTROL INTRACARDI,digital_health_or_medical_device_software,openfda_device_510k,https://www.accessdata.fda.gov/scripts/cdrh/cfdocs/cfpmn/pmn.cfm?id=K844138,sleep_health,10,15,0,2,24,心理/睡眠分层干预与对话式支持
上海鹰瞳医疗科技有限公司,糖尿病视网膜病变眼底图像辅助诊断软件,samd_or_medical_software,nmpa_udi,https://udi.nmpa.gov.cn/showDetailCX.html?deviceRecordKey=0697492288000920211219105757265,samd; chronic_disease_management; clinical_workflow,19,13,10,10,24,慢病管理 AI 教练与个性化随访; 医生工作流、病历摘要和临床文档自动化
北京至真互联网技术有限公司,糖尿病视网膜病变眼底图像辅助诊断软件,samd_or_medical_software,nmpa_udi,https://udi.nmpa.gov.cn/showDetailCX.html?deviceRecordKey=0697508757001920221110021746316,samd; chronic_disease_management; clinical_workflow,19,13,10,10,24,慢病管理 AI 教练与个性化随访; 医生工作流、病历摘要和临床文档自动化
北京致远慧图科技有限公司,糖尿病视网膜病变眼底图像辅助诊断软件,samd_or_medical_software,nmpa_udi,https://udi.nmpa.gov.cn/showDetailCX.html?deviceRecordKey=0697516973001020220120030704594,samd; chronic_disease_management; clinical_workflow,19,13,10,10,24,慢病管理 AI 教练与个性化随访; 医生工作流、病历摘要和临床文档自动化
深圳硅基智能科技有限公司,糖尿病视网膜病变眼底图像辅助诊断软件,samd_or_medical_software,nmpa_udi,https://udi.nmpa.gov.cn/showDetailCX.html?deviceRecordKey=0697524021000420220706052022106,samd; chronic_disease_management; clinical_workflow,19,13,10,10,24,慢病管理 AI 教练与个性化随访; 医生工作流、病历摘要和临床文档自动化
苏州体素信息科技有限公司,糖尿病视网膜病变眼底图像辅助诊断软件,samd_or_medical_software,nmpa_udi,https://udi.nmpa.gov.cn/showDetailCX.html?deviceRecordKey=0697517062001020221026035231561,samd; chronic_disease_management; clinical_workflow,19,13,10,10,24,慢病管理 AI 教练与个性化随访; 医生工作流、病历摘要和临床文档自动化
"Corventis, Inc.",AVIVO MOBILE PATIENT MANAGEMENT SYSTEM,digital_health_or_medical_device_software,openfda_device_510k,https://www.accessdata.fda.gov/scripts/cdrh/cfdocs/cfpmn/pmn.cfm?id=K083287,health_management_platform; patient_engagement,10,14,0,2,23,远程监测风险分层与异常预警; 患者互动、留存和健康行为 nudging
"Murata Vios, Inc.",Vios Monitoring System(TM) Model 2050; Vios Central Station Monitor/Vios Central Server Software 2050,samd_or_medical_software,openfda_device_510k,https://www.accessdata.fda.gov/scripts/cdrh/cfdocs/cfpmn/pmn.cfm?id=K241728,samd; remote_patient_monitoring,13,14,4,7,23,远程监测风险分层与异常预警
Tomtec Imaging Systems GmbH,IMAGE-ARENA 4.0 AND IA APPLICATIONS 2D CARDIAC PERFORMANCE ANALYSIS 1.0,samd_or_medical_software,openfda_device_510k,https://www.accessdata.fda.gov/scripts/cdrh/cfdocs/cfpmn/pmn.cfm?id=K090461,samd; remote_patient_monitoring,13,14,4,7,23,远程监测风险分层与异常预警
上海远心医疗科技有限公司,远程遥测心电分析软件,samd_or_medical_software,nmpa_udi,https://udi.nmpa.gov.cn/showDetailCX.html?deviceRecordKey=0697830410015020251126054846763,samd; remote_patient_monitoring,13,14,4,7,23,远程监测风险分层与异常预警
北京品驰医疗设备股份有限公司,远程程控通信软件,samd_or_medical_software,nmpa_udi,https://udi.nmpa.gov.cn/showDetailCX.html?deviceRecordKey=0695980960560920250409110149243,samd; remote_patient_monitoring,13,14,4,7,23,远程监测风险分层与异常预警; 医生工作流、病历摘要和临床文档自动化
北京品驰医疗设备股份有限公司,远程程控通信软件,samd_or_medical_software,nmpa_udi,https://udi.nmpa.gov.cn/showDetailCX.html?deviceRecordKey=0695980960559320250409110357560,samd; remote_patient_monitoring,13,14,4,7,23,远程监测风险分层与异常预警; 医生工作流、病历摘要和临床文档自动化
北京品驰医疗设备股份有限公司,远程程控通信软件,samd_or_medical_software,nmpa_udi,https://udi.nmpa.gov.cn/showDetailCX.html?deviceRecordKey=0695980960576020250409110753218,samd; remote_patient_monitoring,13,14,4,7,23,远程监测风险分层与异常预警; 医生工作流、病历摘要和临床文档自动化
北京新网医讯技术有限公司,远程医学影像传输处理软件,samd_or_medical_software,nmpa_udi,https://udi.nmpa.gov.cn/showDetailCX.html?deviceRecordKey=06975940490058202301090405080,samd; remote_patient_monitoring,13,14,4,7,23,远程监测风险分层与异常预警
北京锐视康科技发展有限公司,远程医疗会诊系统软件,samd_or_medical_software,nmpa_udi,https://udi.nmpa.gov.cn/showDetailCX.html?deviceRecordKey=0697399055003620220429111501082,samd; remote_patient_monitoring,13,14,4,7,23,远程监测风险分层与异常预警
华思（天津）医疗健康管理有限公司,心电网络数据管理软件,samd_or_medical_software,nmpa_udi,https://udi.nmpa.gov.cn/showDetailCX.html?deviceRecordKey=0697452953305620230828120148244,samd; remote_patient_monitoring; health_management_platform,13,14,4,7,23,远程监测风险分层与异常预警
妙手医生,妙手医生,digital_health_or_medical_device_software,round2_seed,https://www.miaoshou.com/,online_consultation; pharmacy_ecommerce; clinical_workflow,13,12,4,0,23,医生工作流、病历摘要和临床文档自动化; 在线问诊分诊、问答和医患服务自动化; 用药咨询、处方/复购推荐和药事服务自动化
春雨医生,春雨医生,digital_health_or_medical_device_software,round2_seed,https://www.chunyuyisheng.com/,online_consultation; clinical_workflow,13,12,4,0,23,医生工作流、病历摘要和临床文档自动化; 在线问诊分诊、问答和医患服务自动化
景昱医疗科技（苏州）股份有限公司,远程程控问诊软件,samd_or_medical_software,nmpa_udi,https://udi.nmpa.gov.cn/showDetailCX.html?deviceRecordKey=0697037781066020250718070235628,samd; remote_patient_monitoring; online_consultation,13,14,4,7,23,远程监测风险分层与异常预警; 医生工作流、病历摘要和临床文档自动化; 在线问诊分诊、问答和医患服务自动化
深圳星康医疗科技有限公司,动态心电分析软件,samd_or_medical_software,nmpa_udi,https://udi.nmpa.gov.cn/showDetailCX.html?deviceRecordKey=0697521590151720260512042339217,samd; remote_patient_monitoring,13,14,4,7,23,远程监测风险分层与异常预警; 医生工作流、病历摘要和临床文档自动化
纳龙健康科技股份有限公司,动态心电分析软件,samd_or_medical_software,nmpa_udi,https://udi.nmpa.gov.cn/showDetailCX.html?deviceRecordKey=0697614113020020260424043920916,samd; remote_patient_monitoring,13,14,4,7,23,远程监测风险分层与异常预警
纳龙健康科技股份有限公司,心电分析软件,samd_or_medical_software,nmpa_udi,https://udi.nmpa.gov.cn/showDetailCX.html?deviceRecordKey=0697614113000220260402114634810,samd; remote_patient_monitoring,13,14,4,7,23,远程监测风险分层与异常预警
纳龙健康科技股份有限公司,心电及电生理网络系统软件,samd_or_medical_software,nmpa_udi,https://udi.nmpa.gov.cn/showDetailCX.html?deviceRecordKey=0697614113018720260424042645920,samd; remote_patient_monitoring,13,14,4,7,23,远程监测风险分层与异常预警
纳龙健康科技股份有限公司,心电及电生理网络系统软件,samd_or_medical_software,nmpa_udi,https://udi.nmpa.gov.cn/showDetailCX.html?deviceRecordKey=0697614113019420260424043412942,samd; remote_patient_monitoring,13,14,4,7,23,远程监测风险分层与异常预警
Ada Health,Ada,digital_health_or_medical_device_software,round2_seed,https://ada.com/,online_consultation; health_management_platform; patient_engagement,10,12,0,0,22,医生工作流、病历摘要和临床文档自动化; 在线问诊分诊、问答和医患服务自动化; 患者互动、留存和健康行为 nudging
Biofourmis,Biofourmis,digital_therapeutics_or_dtx,round2_company_site,https://biofourmis.com/,digital_therapeutics; remote_patient_monitoring; internet_healthcare,13,14,6,5,22,远程监测风险分层与异常预警; 在线问诊分诊、问答和医患服务自动化
微脉,微脉,digital_health_or_medical_device_software,round2_seed,https://www.myweimai.com/,internet_healthcare; health_management_platform; patient_engagement,10,12,0,0,22,在线问诊分诊、问答和医患服务自动化; 患者互动、留存和健康行为 nudging
Headspace Health,Headspace mental health platform,digital_health_or_medical_device_software,round2_seed,https://organizations.headspace.com/,internet_healthcare; mental_health,10,11,0,0,21,心理/睡眠分层干预与对话式支持; 在线问诊分诊、问答和医患服务自动化
丁香园,丁香园,digital_health_or_medical_device_software,round2_seed,https://www.dxy.cn/,health_management_platform; clinical_workflow; patient_engagement,18,5,4,0,21,医生工作流、病历摘要和临床文档自动化; 患者互动、留存和健康行为 nudging
Biofourmis,Biofourmis,digital_therapeutics_or_dtx,round2_seed,https://www.biofourmis.com/,digital_therapeutics; remote_patient_monitoring; internet_healthcare,13,12,6,5,20,远程监测风险分层与异常预警; 在线问诊分诊、问答和医患服务自动化
Oviva,Oviva,digital_health_or_medical_device_software,round2_company_site,https://oviva.com/global/en/,chronic_disease_management,11,8,0,0,19,慢病管理 AI 教练与个性化随访
海南齐佳智能科技有限公司,认知功能障碍康复训练软件,samd_or_medical_software,nmpa_udi,https://udi.nmpa.gov.cn/showDetailCX.html?deviceRecordKey=895bdefe706046a3bb310582ade31a21,samd; mental_health; rehabilitation,15,8,4,7,19,康复计划生成、动作/依从性反馈与 care manager copilot; 心理/睡眠分层干预与对话式支持
海南齐佳智能科技有限公司,认知功能障碍康复训练软件,samd_or_medical_software,nmpa_udi,https://udi.nmpa.gov.cn/showDetailCX.html?deviceRecordKey=e0e536cc095f4a87b44131369b77362c,samd; mental_health; rehabilitation,15,8,4,7,19,康复计划生成、动作/依从性反馈与 care manager copilot; 心理/睡眠分层干预与对话式支持
腾讯医疗健康（深圳）有限公司,认知功能训练软件,samd_or_medical_software,nmpa_udi,https://udi.nmpa.gov.cn/showDetailCX.html?deviceRecordKey=0697541034010420250630105300770,samd; mental_health,10,13,4,7,19,心理/睡眠分层干预与对话式支持; 医生工作流、病历摘要和临床文档自动化
Abbott Laboratories,SOF-TACT DIABETES MANAGEMENT SYSTEM; SOF-TACT GLUCOSE TEST STRIP; PRECISION CONTROL SOLUTIONS,digital_health_or_medical_device_software,openfda_device_510k,https://www.accessdata.fda.gov/scripts/cdrh/cfdocs/cfpmn/pmn.cfm?id=K001993,chronic_disease_management,11,8,0,2,18,慢病管理 AI 教练与个性化随访
Bio-Rad,"LIQUICHEK DIABETES CONTROL, LEVEL 1,2,3,4",digital_health_or_medical_device_software,openfda_device_510k,https://www.accessdata.fda.gov/scripts/cdrh/cfdocs/cfpmn/pmn.cfm?id=K052838,chronic_disease_management,11,8,0,2,18,慢病管理 AI 教练与个性化随访
Bio-Rad Laboratories,LYPHOCHEK DIABETES CONTROL,digital_health_or_medical_device_software,openfda_device_510k,https://www.accessdata.fda.gov/scripts/cdrh/cfdocs/cfpmn/pmn.cfm?id=K070546,chronic_disease_management,11,8,0,2,18,慢病管理 AI 教练与个性化随访
Bionime Corporation,BIONIME DIABETES MANAGEMENT SYSTEM VI.0,digital_health_or_medical_device_software,openfda_device_510k,https://www.accessdata.fda.gov/scripts/cdrh/cfdocs/cfpmn/pmn.cfm?id=K113007,chronic_disease_management,11,8,0,2,18,慢病管理 AI 教练与个性化随访
E-San Limited,THINK POSITIVE DIABETES MANAGEMENT SYSTEM (T+DIABETES SYSTEM),digital_health_or_medical_device_software,openfda_device_510k,https://www.accessdata.fda.gov/scripts/cdrh/cfdocs/cfpmn/pmn.cfm?id=K061328,chronic_disease_management,11,8,0,2,18,慢病管理 AI 教练与个性化随访
Kaia Health,Kaia Health,digital_health_or_medical_device_software,round2_company_site,https://kaiahealth.com/,rehabilitation,10,8,0,0,18,康复计划生成、动作/依从性反馈与 care manager copilot
"Lifescan, Inc.",ONE TOUCH PROFILE COMPLETE DIABETES TRACKING SYSTEM,digital_health_or_medical_device_software,openfda_device_510k,https://www.accessdata.fda.gov/scripts/cdrh/cfdocs/cfpmn/pmn.cfm?id=K950727,chronic_disease_management,11,8,0,2,18,慢病管理 AI 教练与个性化随访
"Lifescan, Inc.",ONETOUCH ZOOM DIABETES MANAGEMENT PROGRAM,digital_health_or_medical_device_software,openfda_device_510k,https://www.accessdata.fda.gov/scripts/cdrh/cfdocs/cfpmn/pmn.cfm?id=K081318,chronic_disease_management,11,8,0,2,18,慢病管理 AI 教练与个性化随访
"M2 Group Holdings, Inc.",PEARL DIABETES MANAGEMENT SYSTEM,digital_health_or_medical_device_software,openfda_device_510k,https://www.accessdata.fda.gov/scripts/cdrh/cfdocs/cfpmn/pmn.cfm?id=K100567,chronic_disease_management,11,8,0,2,18,慢病管理 AI 教练与个性化随访
"Medical Analysis Systems, Inc.",MAS DIABETES CONTROL - LYOPHILIZED ASSAYED DIABETES CONTROL,digital_health_or_medical_device_software,openfda_device_510k,https://www.accessdata.fda.gov/scripts/cdrh/cfdocs/cfpmn/pmn.cfm?id=K023307,chronic_disease_management,11,8,0,2,18,慢病管理 AI 教练与个性化随访
"Medical Analysis Systems, Inc.","MAS, DADE AND LIQUID ASSAYED DIABETES CONTROL",digital_health_or_medical_device_software,openfda_device_510k,https://www.accessdata.fda.gov/scripts/cdrh/cfdocs/cfpmn/pmn.cfm?id=K042717,chronic_disease_management,11,8,0,2,18,慢病管理 AI 教练与个性化随访
Mindmaze SA,MindMaze neurorehabilitation platform,digital_therapeutics_or_dtx,round2_company_site,https://mindmazetherapeutics.com/,digital_therapeutics; samd; rehabilitation,10,13,6,5,18,康复计划生成、动作/依从性反馈与 care manager copilot
"Mycare Team, Inc.",MCT-DIABETES,digital_health_or_medical_device_software,openfda_device_510k,https://www.accessdata.fda.gov/scripts/cdrh/cfdocs/cfpmn/pmn.cfm?id=K073699,chronic_disease_management,11,8,0,2,18,慢病管理 AI 教练与个性化随访
"Primus, Inc.",DIABETES CARE(TM) TEST PACKAGE FOR THE CLC 330(TM),digital_health_or_medical_device_software,openfda_device_510k,https://www.accessdata.fda.gov/scripts/cdrh/cfdocs/cfpmn/pmn.cfm?id=K896582,chronic_disease_management,11,8,0,2,18,慢病管理 AI 教练与个性化随访
Quantimetrix Corp.,DROPPER A1C DIABETES CONTROL,digital_health_or_medical_device_software,openfda_device_510k,https://www.accessdata.fda.gov/scripts/cdrh/cfdocs/cfpmn/pmn.cfm?id=K103744,chronic_disease_management,11,8,0,2,18,慢病管理 AI 教练与个性化随访
"Strados Labs, Inc.",Strados Remote Electronic Stethoscope Platform (RESP),digital_health_or_medical_device_software,openfda_device_510k,https://www.accessdata.fda.gov/scripts/cdrh/cfdocs/cfpmn/pmn.cfm?id=K220893,,5,14,0,2,18,医疗软件 AI 增强
"Sweetspot Diabetes Care, Inc.",SWEETSPOT DIABETES DATA MANAGEMENT SERVICE,digital_health_or_medical_device_software,openfda_device_510k,https://www.accessdata.fda.gov/scripts/cdrh/cfdocs/cfpmn/pmn.cfm?id=K111509,chronic_disease_management,11,8,0,2,18,慢病管理 AI 教练与个性化随访
"Symcare Personalized Health Solutions, Inc.",INTOUCH DIABETES,digital_health_or_medical_device_software,openfda_device_510k,https://www.accessdata.fda.gov/scripts/cdrh/cfdocs/cfpmn/pmn.cfm?id=K093789,chronic_disease_management,11,8,0,2,18,慢病管理 AI 教练与个性化随访
中山瑞福医疗器械科技有限公司,自身免疫性糖尿病抗体谱检测试剂盒（免疫印迹法）,digital_health_or_medical_device_software,nmpa_udi,https://udi.nmpa.gov.cn/showDetailCX.html?deviceRecordKey=ca378ffe533249bca57eb24c4317f7e3,chronic_disease_management,11,8,0,2,18,慢病管理 AI 教练与个性化随访
中山瑞福医疗器械科技有限公司,自身免疫性糖尿病抗体谱检测试剂盒（免疫印迹法）,digital_health_or_medical_device_software,nmpa_udi,https://udi.nmpa.gov.cn/showDetailCX.html?deviceRecordKey=7f47d18306a74c61a574c0ecc566ac5c,chronic_disease_management,11,8,0,2,18,慢病管理 AI 教练与个性化随访
中山瑞福医疗器械科技有限公司,自身免疫性糖尿病抗体谱检测试剂盒（免疫印迹法）,digital_health_or_medical_device_software,nmpa_udi,https://udi.nmpa.gov.cn/showDetailCX.html?deviceRecordKey=57440e50329f41f8aa96dbec574cee87,chronic_disease_management,11,8,0,2,18,慢病管理 AI 教练与个性化随访
中山瑞福医疗器械科技有限公司,自身免疫性糖尿病抗体谱检测试剂盒（免疫印迹法）,digital_health_or_medical_device_software,nmpa_udi,https://udi.nmpa.gov.cn/showDetailCX.html?deviceRecordKey=1affbed612da4da09939f6811a3e9c45,chronic_disease_management,11,8,0,2,18,慢病管理 AI 教练与个性化随访
中山瑞福医疗器械科技有限公司,自身免疫性糖尿病抗体谱检测试剂盒（免疫印迹法）,digital_health_or_medical_device_software,nmpa_udi,https://udi.nmpa.gov.cn/showDetailCX.html?deviceRecordKey=4e9fffbc02d14fc1b1eaabc21a3786db,chronic_disease_management,11,8,0,2,18,慢病管理 AI 教练与个性化随访
中山瑞福医疗器械科技有限公司,自身免疫性糖尿病抗体谱检测试剂盒（免疫印迹法）,digital_health_or_medical_device_software,nmpa_udi,https://udi.nmpa.gov.cn/showDetailCX.html?deviceRecordKey=9149e696753c4b50865b9c168170ae3f,chronic_disease_management,11,8,0,2,18,慢病管理 AI 教练与个性化随访
中山瑞福医疗器械科技有限公司,自身免疫性糖尿病抗体谱检测试剂盒（免疫印迹法）,digital_health_or_medical_device_software,nmpa_udi,https://udi.nmpa.gov.cn/showDetailCX.html?deviceRecordKey=bf8922dd068e4a7db79d4f50830bd46b,chronic_disease_management,11,8,0,2,18,慢病管理 AI 教练与个性化随访
中山瑞福医疗器械科技有限公司,自身免疫性糖尿病抗体谱检测试剂盒（免疫印迹法）,digital_health_or_medical_device_software,nmpa_udi,https://udi.nmpa.gov.cn/showDetailCX.html?deviceRecordKey=b4b22c8208a441498d7ad05afe460f2c,chronic_disease_management,11,8,0,2,18,慢病管理 AI 教练与个性化随访
华思（天津）医疗健康管理有限公司,指夹式脉搏血氧仪,digital_health_or_medical_device_software,nmpa_udi,https://udi.nmpa.gov.cn/showDetailCX.html?deviceRecordKey=0697452953804420240724111701364,health_management_platform,5,14,0,2,18,远程监测风险分层与异常预警
华思（天津）医疗健康管理有限公司,指夹式脉搏血氧仪,digital_health_or_medical_device_software,nmpa_udi,https://udi.nmpa.gov.cn/showDetailCX.html?deviceRecordKey=0697452953805120240724112002618,health_management_platform,5,14,0,2,18,远程监测风险分层与异常预警
华思（天津）医疗健康管理有限公司,指夹式脉搏血氧仪,digital_health_or_medical_device_software,nmpa_udi,https://udi.nmpa.gov.cn/showDetailCX.html?deviceRecordKey=0697452953806820240724112507997,health_management_platform,5,14,0,2,18,远程监测风险分层与异常预警
华思（天津）医疗健康管理有限公司,指夹式脉搏血氧仪,digital_health_or_medical_device_software,nmpa_udi,https://udi.nmpa.gov.cn/showDetailCX.html?deviceRecordKey=0697452953807520240724112759660,health_management_platform,5,14,0,2,18,远程监测风险分层与异常预警
华思（天津）医疗健康管理有限公司,腕式脉搏血氧仪,digital_health_or_medical_device_software,nmpa_udi,https://udi.nmpa.gov.cn/showDetailCX.html?deviceRecordKey=0697452953801320240724094208253,health_management_platform,5,14,0,2,18,远程监测风险分层与异常预警
华思（天津）医疗健康管理有限公司,腕式脉搏血氧仪,digital_health_or_medical_device_software,nmpa_udi,https://udi.nmpa.gov.cn/showDetailCX.html?deviceRecordKey=0697452953802020240724105957364,health_management_platform,5,14,0,2,18,远程监测风险分层与异常预警
华思（天津）医疗健康管理有限公司,腕式脉搏血氧仪,digital_health_or_medical_device_software,nmpa_udi,https://udi.nmpa.gov.cn/showDetailCX.html?deviceRecordKey=0697452953803720240724110714879,health_management_platform,5,14,0,2,18,远程监测风险分层与异常预警
华思（天津）医疗健康管理有限公司,负荷运动训练测试系统,digital_health_or_medical_device_software,nmpa_udi,https://udi.nmpa.gov.cn/showDetailCX.html?deviceRecordKey=0697452953203520260106060637132,health_management_platform,5,14,0,2,18,远程监测风险分层与异常预警
华思（天津）医疗健康管理有限公司,负荷运动训练测试系统,digital_health_or_medical_device_software,nmpa_udi,https://udi.nmpa.gov.cn/showDetailCX.html?deviceRecordKey=0697452953207320251103030218867,health_management_platform,5,14,0,2,18,远程监测风险分层与异常预警
华思（天津）医疗健康管理有限公司,负荷运动训练测试系统,digital_health_or_medical_device_software,nmpa_udi,https://udi.nmpa.gov.cn/showDetailCX.html?deviceRecordKey=0697452953217220251102082336739,health_management_platform,5,14,0,2,18,远程监测风险分层与异常预警
华思（天津）医疗健康管理有限公司,负荷运动训练测试系统,digital_health_or_medical_device_software,nmpa_udi,https://udi.nmpa.gov.cn/showDetailCX.html?deviceRecordKey=0697452953201120230412101919315,health_management_platform,5,14,0,2,18,远程监测风险分层与异常预警
华思（天津）医疗健康管理有限公司,运动心肺/代谢测试系统,digital_health_or_medical_device_software,nmpa_udi,https://udi.nmpa.gov.cn/showDetailCX.html?deviceRecordKey=0697452953104520250828052918072,health_management_platform,5,14,0,2,18,远程监测风险分层与异常预警
华思（天津）医疗健康管理有限公司,运动心肺/代谢测试系统,digital_health_or_medical_device_software,nmpa_udi,https://udi.nmpa.gov.cn/showDetailCX.html?deviceRecordKey=0697452953103820250707032157203,health_management_platform,5,14,0,2,18,远程监测风险分层与异常预警
华思（天津）医疗健康管理有限公司,运动心肺/代谢测试系统,digital_health_or_medical_device_software,nmpa_udi,https://udi.nmpa.gov.cn/showDetailCX.html?deviceRecordKey=0697452953102120241115114235894,health_management_platform,5,14,0,2,18,远程监测风险分层与异常预警
华思（天津）医疗健康管理有限公司,运动心肺/代谢测试系统,digital_health_or_medical_device_software,nmpa_udi,https://udi.nmpa.gov.cn/showDetailCX.html?deviceRecordKey=0697452953101420241115113723770,health_management_platform,5,14,0,2,18,远程监测风险分层与异常预警
深圳市亚辉龙生物科技股份有限公司,自身免疫性糖尿病抗体谱检测试剂盒（免疫印迹法）,digital_health_or_medical_device_software,nmpa_udi,https://udi.nmpa.gov.cn/showDetailCX.html?deviceRecordKey=1f59cb8b-b489-41ac-8ddf-c5f2d5198b24,chronic_disease_management,11,8,0,2,18,慢病管理 AI 教练与个性化随访
深圳市亚辉龙生物科技股份有限公司,自身免疫性糖尿病抗体谱检测试剂盒（免疫印迹法）,digital_health_or_medical_device_software,nmpa_udi,https://udi.nmpa.gov.cn/showDetailCX.html?deviceRecordKey=21f144be-e93a-432b-bc05-03bfcaa9d6e4,chronic_disease_management,11,8,0,2,18,慢病管理 AI 教练与个性化随访
深圳市亚辉龙生物科技股份有限公司,自身免疫性糖尿病抗体谱检测试剂盒（免疫印迹法）,digital_health_or_medical_device_software,nmpa_udi,https://udi.nmpa.gov.cn/showDetailCX.html?deviceRecordKey=26aa01f0-0595-4238-bf08-8c2c6eb4b632,chronic_disease_management,11,8,0,2,18,慢病管理 AI 教练与个性化随访
深圳市亚辉龙生物科技股份有限公司,自身免疫性糖尿病抗体谱检测试剂盒（免疫印迹法）,digital_health_or_medical_device_software,nmpa_udi,https://udi.nmpa.gov.cn/showDetailCX.html?deviceRecordKey=a20e27d9-1d6e-4992-a0bd-18c9a3a58c14,chronic_disease_management,11,8,0,2,18,慢病管理 AI 教练与个性化随访
深圳市伯劳特生物制品有限公司,糖尿病自身抗体免疫印迹试剂盒（免疫印迹法）,digital_health_or_medical_device_software,nmpa_udi,https://udi.nmpa.gov.cn/showDetailCX.html?deviceRecordKey=0694076750016720240529031730243,chronic_disease_management,11,8,0,2,18,慢病管理 AI 教练与个性化随访
深圳市伯劳特生物制品有限公司,糖尿病自身抗体免疫印迹试剂盒（免疫印迹法）,digital_health_or_medical_device_software,nmpa_udi,https://udi.nmpa.gov.cn/showDetailCX.html?deviceRecordKey=0694076750005120240529030448829,chronic_disease_management,11,8,0,2,18,慢病管理 AI 教练与个性化随访
深圳市伯劳特生物制品有限公司,糖尿病自身抗体检测试剂盒（斑点印迹法）,digital_health_or_medical_device_software,nmpa_udi,https://udi.nmpa.gov.cn/showDetailCX.html?deviceRecordKey=0694076750006820240529040030744,chronic_disease_management,11,8,0,2,18,慢病管理 AI 教练与个性化随访
深圳市伯劳特生物制品有限公司,糖尿病自身抗体检测试剂盒（斑点印迹法）,digital_health_or_medical_device_software,nmpa_udi,https://udi.nmpa.gov.cn/showDetailCX.html?deviceRecordKey=0694076750017420240529041546642,chronic_disease_management,11,8,0,2,18,慢病管理 AI 教练与个性化随访
深圳市昭蓝生物科技有限公司,糖尿病相关自身抗体复合质控品,digital_health_or_medical_device_software,nmpa_udi,https://udi.nmpa.gov.cn/showDetailCX.html?deviceRecordKey=06973880810523202310110930463,chronic_disease_management,11,8,0,2,18,慢病管理 AI 教练与个性化随访
美敦力糖尿病科技（成都）有限公司,一次性使用葡萄糖传感器,digital_health_or_medical_device_software,nmpa_udi,https://udi.nmpa.gov.cn/showDetailCX.html?deviceRecordKey=2076300042310420230130113906621,chronic_disease_management,11,8,0,2,18,慢病管理 AI 教练与个性化随访
美敦力糖尿病科技（成都）有限公司,发送器套装,digital_health_or_medical_device_software,nmpa_udi,https://udi.nmpa.gov.cn/showDetailCX.html?deviceRecordKey=0076300063270020230207115542933,chronic_disease_management,11,8,0,2,18,慢病管理 AI 教练与个性化随访
美敦力糖尿病科技（成都）有限公司,发送器套装,digital_health_or_medical_device_software,nmpa_udi,https://udi.nmpa.gov.cn/showDetailCX.html?deviceRecordKey=0076300068916220230203042957663,chronic_disease_management,11,8,0,2,18,慢病管理 AI 教练与个性化随访
美敦力糖尿病科技（成都）有限公司,胰岛素泵,digital_health_or_medical_device_software,nmpa_udi,https://udi.nmpa.gov.cn/showDetailCX.html?deviceRecordKey=0076300063801620230130102256142,chronic_disease_management,11,8,0,2,18,慢病管理 AI 教练与个性化随访
美敦力糖尿病科技（成都）有限公司,胰岛素泵,digital_health_or_medical_device_software,nmpa_udi,https://udi.nmpa.gov.cn/showDetailCX.html?deviceRecordKey=0076300056168020211025031037132,chronic_disease_management,11,8,0,2,18,慢病管理 AI 教练与个性化随访
腾讯医疗健康（深圳）有限公司,慢性青光眼样视神经病变眼底图像辅助诊断软件,samd_or_medical_software,nmpa_udi,https://udi.nmpa.gov.cn/showDetailCX.html?deviceRecordKey=0697541034009820250217120028629,samd; clinical_workflow,13,13,10,10,18,心理/睡眠分层干预与对话式支持; 医生工作流、病历摘要和临床文档自动化
腾讯医疗健康（深圳）有限公司,慢性青光眼样视神经病变眼底图像辅助诊断软件,samd_or_medical_software,nmpa_udi,https://udi.nmpa.gov.cn/showDetailCX.html?deviceRecordKey=06975410340067202305080350303,samd; clinical_workflow,13,13,10,10,18,心理/睡眠分层干预与对话式支持; 医生工作流、病历摘要和临床文档自动化
赛尔生物,糖尿病自身抗体联检试剂盒（玻片法）,digital_health_or_medical_device_software,nmpa_udi,https://udi.nmpa.gov.cn/showDetailCX.html?deviceRecordKey=06975491760105202206230544050,chronic_disease_management,11,8,0,2,18,慢病管理 AI 教练与个性化随访
"Advanced Brain Monitoring, Inc.",SLEEP PROFILER,digital_health_or_medical_device_software,openfda_device_510k,https://www.accessdata.fda.gov/scripts/cdrh/cfdocs/cfpmn/pmn.cfm?id=K120450,sleep_health,10,8,0,2,17,远程监测风险分层与异常预警; 心理/睡眠分层干预与对话式支持
"Apnicure, Inc.",WINX SLEEP THERAPY SYSTEM,digital_health_or_medical_device_software,openfda_device_510k,https://www.accessdata.fda.gov/scripts/cdrh/cfdocs/cfpmn/pmn.cfm?id=K130538,sleep_health,10,8,0,2,17,心理/睡眠分层干预与对话式支持
"Apple, Inc.",Sleep Apnea Notification Feature (SANF),digital_health_or_medical_device_software,openfda_device_510k,https://www.accessdata.fda.gov/scripts/cdrh/cfdocs/cfpmn/pmn.cfm?id=K240929,sleep_health,10,8,0,2,17,心理/睡眠分层干预与对话式支持
Bemco Mattress Co.,MED-OPEDIC SLEEP SYSTEM,digital_health_or_medical_device_software,openfda_device_510k,https://www.accessdata.fda.gov/scripts/cdrh/cfdocs/cfpmn/pmn.cfm?id=K834344,sleep_health,10,8,0,2,17,心理/睡眠分层干预与对话式支持
"Bioness, Inc.",H200 WIRELESS HAND REHABILITATION SYSTEM WITH OPTIONAL INTELLI-CONNECT EARPIECE TRIGGERING DEVICE,digital_health_or_medical_device_software,openfda_device_510k,https://www.accessdata.fda.gov/scripts/cdrh/cfdocs/cfpmn/pmn.cfm?id=K123636,rehabilitation,10,8,0,2,17,康复计划生成、动作/依从性反馈与 care manager copilot
"Bioness, Inc.",StimRouter Neuromodulation System,digital_health_or_medical_device_software,openfda_device_510k,https://www.accessdata.fda.gov/scripts/cdrh/cfdocs/cfpmn/pmn.cfm?id=K200482,rehabilitation,10,8,0,2,17,康复计划生成、动作/依从性反馈与 care manager copilot
Cara Care,Cara Care,digital_health_or_medical_device_software,round2_seed,https://cara.care/,chronic_disease_management,11,6,0,0,17,慢病管理 AI 教练与个性化随访
"Cereve, Inc.",Cereve Sleep System,digital_health_or_medical_device_software,openfda_device_510k,https://www.accessdata.fda.gov/scripts/cdrh/cfdocs/cfpmn/pmn.cfm?id=DEN140032,sleep_health,10,8,0,2,17,心理/睡眠分层干预与对话式支持
Craniofacial Pain Center of Idaho,SILENT SLEEP,digital_health_or_medical_device_software,openfda_device_510k,https://www.accessdata.fda.gov/scripts/cdrh/cfdocs/cfpmn/pmn.cfm?id=K082849,sleep_health,10,8,0,2,17,心理/睡眠分层干预与对话式支持
Cybex,CYBEX TORSO TESTING & REHABILITATION,digital_health_or_medical_device_software,openfda_device_510k,https://www.accessdata.fda.gov/scripts/cdrh/cfdocs/cfpmn/pmn.cfm?id=K843739,rehabilitation,10,8,0,2,17,康复计划生成、动作/依从性反馈与 care manager copilot
Diamond Orthotic Laboratory,Diamond Digital Sleep Orthotic (DDSO),digital_health_or_medical_device_software,openfda_device_510k,https://www.accessdata.fda.gov/scripts/cdrh/cfdocs/cfpmn/pmn.cfm?id=K202499,sleep_health,10,8,0,2,17,心理/睡眠分层干预与对话式支持
Dynadx Corporation,SLEEP QUALITY,digital_health_or_medical_device_software,openfda_device_510k,https://www.accessdata.fda.gov/scripts/cdrh/cfdocs/cfpmn/pmn.cfm?id=K070855,sleep_health,10,8,0,2,17,心理/睡眠分层干预与对话式支持
Ergoline GmbH,ers2 - ergoline Rehabilitation System,digital_health_or_medical_device_software,openfda_device_510k,https://www.accessdata.fda.gov/scripts/cdrh/cfdocs/cfpmn/pmn.cfm?id=K212883,rehabilitation,10,8,0,2,17,康复计划生成、动作/依从性反馈与 care manager copilot
"Happiest Baby, Inc.",SNOO Smart Sleeper,digital_health_or_medical_device_software,openfda_device_510k,https://www.accessdata.fda.gov/scripts/cdrh/cfdocs/cfpmn/pmn.cfm?id=DEN210039,sleep_health,10,8,0,2,17,心理/睡眠分层干预与对话式支持
"Hill-Rom, Inc.",CRITICAL CARE HOSPITAL BED (ICU/CCU),digital_health_or_medical_device_software,openfda_device_510k,https://www.accessdata.fda.gov/scripts/cdrh/cfdocs/cfpmn/pmn.cfm?id=K915437,sleep_health,10,8,0,2,17,心理/睡眠分层干预与对话式支持
"Hill-Rom, Inc.","DYNAMICAIRE(TM) SLEEP SURFACE, ZONEAIR(TM) SLEEP SURFACE",digital_health_or_medical_device_software,openfda_device_510k,https://www.accessdata.fda.gov/scripts/cdrh/cfdocs/cfpmn/pmn.cfm?id=K945729,sleep_health,10,8,0,2,17,心理/睡眠分层干预与对话式支持
"I-Rep, Inc.",PHYSICAL MEDICINE & REHABILITATION EQUIP,digital_health_or_medical_device_software,openfda_device_510k,https://www.accessdata.fda.gov/scripts/cdrh/cfdocs/cfpmn/pmn.cfm?id=K822906,rehabilitation,10,8,0,2,17,康复计划生成、动作/依从性反馈与 care manager copilot
"Impact Applications, Inc.",ImPACT,digital_health_or_medical_device_software,openfda_device_510k,https://www.accessdata.fda.gov/scripts/cdrh/cfdocs/cfpmn/pmn.cfm?id=K181223,mental_health,10,8,0,2,17,心理/睡眠分层干预与对话式支持
"Impact Applications, Inc.",ImPACT,digital_health_or_medical_device_software,openfda_device_510k,https://www.accessdata.fda.gov/scripts/cdrh/cfdocs/cfpmn/pmn.cfm?id=K170209,mental_health,10,8,0,2,17,心理/睡眠分层干预与对话式支持
"Impact Applications, Inc.",ImPACT Computerized Neurocognitive Concussion Management Aid,digital_health_or_medical_device_software,openfda_device_510k,https://www.accessdata.fda.gov/scripts/cdrh/cfdocs/cfpmn/pmn.cfm?id=DEN150037,mental_health,10,8,0,2,17,心理/睡眠分层干预与对话式支持
"Impact Applications, Inc.",ImPACT Quick Test,digital_health_or_medical_device_software,openfda_device_510k,https://www.accessdata.fda.gov/scripts/cdrh/cfdocs/cfpmn/pmn.cfm?id=K170551,mental_health,10,8,0,2,17,心理/睡眠分层干预与对话式支持
"Impact Applications, Inc.",ImPACT Version 4,digital_health_or_medical_device_software,openfda_device_510k,https://www.accessdata.fda.gov/scripts/cdrh/cfdocs/cfpmn/pmn.cfm?id=K231688,mental_health,10,8,0,2,17,心理/睡眠分层干预与对话式支持
"Impact Applications, Inc.",ImPACT Version 4,digital_health_or_medical_device_software,openfda_device_510k,https://www.accessdata.fda.gov/scripts/cdrh/cfdocs/cfpmn/pmn.cfm?id=K202485,mental_health,10,8,0,2,17,心理/睡眠分层干预与对话式支持
"Influence, Inc.",SLEEP-IN BONE SCREW SYSTEM,digital_health_or_medical_device_software,openfda_device_510k,https://www.accessdata.fda.gov/scripts/cdrh/cfdocs/cfpmn/pmn.cfm?id=K972023,sleep_health,10,8,0,2,17,心理/睡眠分层干预与对话式支持
"Jintronix, Inc.",Jintronix,digital_health_or_medical_device_software,openfda_device_510k,https://www.accessdata.fda.gov/scripts/cdrh/cfdocs/cfpmn/pmn.cfm?id=K143034,rehabilitation,10,8,0,2,17,康复计划生成、动作/依从性反馈与 care manager copilot
"Jintronix, Inc.",JINTRONIX REHABILITATION SYSTEM (JRS),digital_health_or_medical_device_software,openfda_device_510k,https://www.accessdata.fda.gov/scripts/cdrh/cfdocs/cfpmn/pmn.cfm?id=K130847,rehabilitation,10,8,0,2,17,康复计划生成、动作/依从性反馈与 care manager copilot
Kry/Livi,Livi,digital_health_or_medical_device_software,round2_seed,https://www.livi.co.uk/,internet_healthcare; online_consultation,5,12,0,0,17,医生工作流、病历摘要和临床文档自动化; 在线问诊分诊、问答和医患服务自动化
Lark Health,Lark Health,digital_health_or_medical_device_software,round2_seed,https://www.lark.com/,chronic_disease_management,11,6,0,0,17,慢病管理 AI 教练与个性化随访
Medicaa (Uruguay) S.A.,BALANCE REHABILITATION UNIT (BRU),digital_health_or_medical_device_software,openfda_device_510k,https://www.accessdata.fda.gov/scripts/cdrh/cfdocs/cfpmn/pmn.cfm?id=K070085,rehabilitation,10,8,0,2,17,康复计划生成、动作/依从性反馈与 care manager copilot
medrhythms,MR-001,digital_health_or_medical_device_software,round2_company_site,https://medrhythms.com/,rehabilitation,10,8,2,0,17,康复计划生成、动作/依从性反馈与 care manager copilot
Nakagawa Dental Clinic,SLEEP SPLINT,digital_health_or_medical_device_software,openfda_device_510k,https://www.accessdata.fda.gov/scripts/cdrh/cfdocs/cfpmn/pmn.cfm?id=K060122,sleep_health,10,8,0,2,17,心理/睡眠分层干预与对话式支持
"Nautilus Sports/Medical Industries, Inc.",NAUTILUS LEG EXTENSION TESTING & REHABILITATION,digital_health_or_medical_device_software,openfda_device_510k,https://www.accessdata.fda.gov/scripts/cdrh/cfdocs/cfpmn/pmn.cfm?id=K861206,rehabilitation,10,8,0,2,17,康复计划生成、动作/依从性反馈与 care manager copilot
"Neurofield, Inc.",Genesis Sleep,digital_health_or_medical_device_software,openfda_device_510k,https://www.accessdata.fda.gov/scripts/cdrh/cfdocs/cfpmn/pmn.cfm?id=K252951,sleep_health,10,8,0,2,17,心理/睡眠分层干预与对话式支持
"Neurotronics, Inc.",Polysmith Sleep System,digital_health_or_medical_device_software,openfda_device_510k,https://www.accessdata.fda.gov/scripts/cdrh/cfdocs/cfpmn/pmn.cfm?id=K142774,sleep_health,10,8,0,2,17,心理/睡眠分层干预与对话式支持
"Neurovalens , Ltd.",Modius Sleep,digital_health_or_medical_device_software,openfda_device_510k,https://www.accessdata.fda.gov/scripts/cdrh/cfdocs/cfpmn/pmn.cfm?id=K230826,sleep_health,10,8,0,2,17,心理/睡眠分层干预与对话式支持
"Neurovalens , Ltd.",Modius Stress,digital_health_or_medical_device_software,openfda_device_510k,https://www.accessdata.fda.gov/scripts/cdrh/cfdocs/cfpmn/pmn.cfm?id=K232253,sleep_health,10,8,0,2,17,心理/睡眠分层干预与对话式支持
"Nihon Kohden America, Inc.","AMBULATORY EEG/SLEEP RECORDER AND ACCESSORIES, MODEL # SSR3201",digital_health_or_medical_device_software,openfda_device_510k,https://www.accessdata.fda.gov/scripts/cdrh/cfdocs/cfpmn/pmn.cfm?id=K983072,sleep_health,10,8,0,2,17,心理/睡眠分层干预与对话式支持
Noom,Noom,digital_health_or_medical_device_software,round2_seed,https://www.noom.com/,chronic_disease_management,11,6,0,0,17,慢病管理 AI 教练与个性化随访
Omega Results,SLEEP STUDY ANALYSIS (SSA) VERSION 96.10,digital_health_or_medical_device_software,openfda_device_510k,https://www.accessdata.fda.gov/scripts/cdrh/cfdocs/cfpmn/pmn.cfm?id=K963631,sleep_health,10,8,0,2,17,心理/睡眠分层干预与对话式支持
Onera B.V.,Onera SleepMap (SLEEPMAP),digital_health_or_medical_device_software,openfda_device_510k,https://www.accessdata.fda.gov/scripts/cdrh/cfdocs/cfpmn/pmn.cfm?id=K253668,sleep_health,10,8,0,2,17,心理/睡眠分层干预与对话式支持
Oviva,Oviva,digital_health_or_medical_device_software,round2_seed,https://oviva.com/,chronic_disease_management,11,6,0,0,17,慢病管理 AI 教练与个性化随访
Oxehealth Limited,Oxevision Sleep Device,digital_health_or_medical_device_software,openfda_device_510k,https://www.accessdata.fda.gov/scripts/cdrh/cfdocs/cfpmn/pmn.cfm?id=K233618,sleep_health,10,8,0,2,17,心理/睡眠分层干预与对话式支持
"Quinton, Inc.",INSTRUCTION CHANGE FOR RIGHT ATRIAL/RAAF CATHETER,digital_health_or_medical_device_software,openfda_device_510k,https://www.accessdata.fda.gov/scripts/cdrh/cfdocs/cfpmn/pmn.cfm?id=K864949,rehabilitation,10,8,0,2,17,康复计划生成、动作/依从性反馈与 care manager copilot
"Quinton, Inc.",MODEL 880 REHABILITATION TRAINER,digital_health_or_medical_device_software,openfda_device_510k,https://www.accessdata.fda.gov/scripts/cdrh/cfdocs/cfpmn/pmn.cfm?id=K770234,rehabilitation,10,8,0,2,17,康复计划生成、动作/依从性反馈与 care manager copilot
"Quinton, Inc.","Q-TEL RMS (REHABILITATION MANAGEMENT SYSTEM), MODEL 000503",digital_health_or_medical_device_software,openfda_device_510k,https://www.accessdata.fda.gov/scripts/cdrh/cfdocs/cfpmn/pmn.cfm?id=K003576,rehabilitation,10,8,0,2,17,康复计划生成、动作/依从性反馈与 care manager copilot
"Raye'S, Inc.",MULTI FUCTIONAL REHABILITATION CHAIR,digital_health_or_medical_device_software,openfda_device_510k,https://www.accessdata.fda.gov/scripts/cdrh/cfdocs/cfpmn/pmn.cfm?id=K022407,rehabilitation,10,8,0,2,17,康复计划生成、动作/依从性反馈与 care manager copilot
"Recovr,Inc",Recovr Rehabilitation System,digital_health_or_medical_device_software,openfda_device_510k,https://www.accessdata.fda.gov/scripts/cdrh/cfdocs/cfpmn/pmn.cfm?id=K151446,rehabilitation,10,8,0,2,17,康复计划生成、动作/依从性反馈与 care manager copilot
"Respironics, Inc.","REMVIEW SLEEP RECORDER, MODEL 320",digital_health_or_medical_device_software,openfda_device_510k,https://www.accessdata.fda.gov/scripts/cdrh/cfdocs/cfpmn/pmn.cfm?id=K003499,sleep_health,10,8,0,2,17,心理/睡眠分层干预与对话式支持
"Shiley, Inc.",SHILEY SLEEP APNEA LOW PRESSURE CUFFED TRACH TUBE,digital_health_or_medical_device_software,openfda_device_510k,https://www.accessdata.fda.gov/scripts/cdrh/cfdocs/cfpmn/pmn.cfm?id=K861463,sleep_health,10,8,0,2,17,心理/睡眠分层干预与对话式支持
"Sleep Specialists, LLC",ZZOMA POSITIONAL SLEEPER MODEL 001,digital_health_or_medical_device_software,openfda_device_510k,https://www.accessdata.fda.gov/scripts/cdrh/cfdocs/cfpmn/pmn.cfm?id=K100160,sleep_health,10,8,0,2,17,心理/睡眠分层干预与对话式支持
The ScottCare Corporation,TeleRehab Aermos Cardiopulmonary Rehabilitation,digital_health_or_medical_device_software,openfda_device_510k,https://www.accessdata.fda.gov/scripts/cdrh/cfdocs/cfpmn/pmn.cfm?id=K250259,rehabilitation,10,8,0,2,17,康复计划生成、动作/依从性反馈与 care manager copilot
"The Snore Reliever Company, LLC",VITAL SLEEP,digital_health_or_medical_device_software,openfda_device_510k,https://www.accessdata.fda.gov/scripts/cdrh/cfdocs/cfpmn/pmn.cfm?id=K092942,sleep_health,10,8,0,2,17,心理/睡眠分层干预与对话式支持
"Universal Gym Equipment, Inc.",MUSCULOSKELETAL EVALUATION REHABILITATION/CONDITIO,digital_health_or_medical_device_software,openfda_device_510k,https://www.accessdata.fda.gov/scripts/cdrh/cfdocs/cfpmn/pmn.cfm?id=K873659,rehabilitation,10,8,0,2,17,康复计划生成、动作/依从性反馈与 care manager copilot
Virta Health,Virta Health,digital_health_or_medical_device_software,round2_seed,https://www.virtahealth.com/,chronic_disease_management; internet_healthcare,11,6,0,0,17,慢病管理 AI 教练与个性化随访; 在线问诊分诊、问答和医患服务自动化
Voluntis Sa.,Insulia Diabetes Management Companion,digital_health_or_medical_device_software,openfda_device_510k,https://www.accessdata.fda.gov/scripts/cdrh/cfdocs/cfpmn/pmn.cfm?id=K170669,chronic_disease_management,11,8,2,2,17,慢病管理 AI 教练与个性化随访
Wfr/Aquaplast Corp.,"ACCUFIX RADIOLUCENT PELVIS AND BELLY BOARDS, ACCUFIX CANTILEVER HEAD BOARD WITH SHOULDER DEPRESSION, ACCUFIX RADIOLUCENT",digital_health_or_medical_device_software,openfda_device_510k,https://www.accessdata.fda.gov/scripts/cdrh/cfdocs/cfpmn/pmn.cfm?id=K032156,mental_health,10,8,0,2,17,心理/睡眠分层干预与对话式支持
京东健康,京东健康,digital_health_or_medical_device_software,round2_seed,https://www.jdh.com/,internet_healthcare; pharmacy_ecommerce,5,12,0,0,17,在线问诊分诊、问答和医患服务自动化; 用药咨询、处方/复购推荐和药事服务自动化
健客,健客,digital_health_or_medical_device_software,round2_seed,https://www.jianke.com/,internet_healthcare; pharmacy_ecommerce,5,12,0,0,17,在线问诊分诊、问答和医患服务自动化; 用药咨询、处方/复购推荐和药事服务自动化
内特斯医疗系统DBA艾泰克有限公司,多导睡眠脑电记录仪,digital_health_or_medical_device_software,nmpa_udi,https://udi.nmpa.gov.cn/showDetailCX.html?deviceRecordKey=00382830027298202208310434215,sleep_health,10,8,0,2,17,心理/睡眠分层干预与对话式支持
内特斯医疗系统DBA艾泰克有限公司,多导睡眠脑电记录仪,digital_health_or_medical_device_software,nmpa_udi,https://udi.nmpa.gov.cn/showDetailCX.html?deviceRecordKey=00382830015639202208310434212,sleep_health,10,8,0,2,17,心理/睡眠分层干预与对话式支持
内特斯医疗系统DBA艾泰克有限公司,多导睡眠脑电记录仪,digital_health_or_medical_device_software,nmpa_udi,https://udi.nmpa.gov.cn/showDetailCX.html?deviceRecordKey=00382830009331202208310434214,sleep_health,10,8,0,2,17,心理/睡眠分层干预与对话式支持
内特斯医疗系统DBA艾泰克有限公司,多导睡眠脑电记录仪,digital_health_or_medical_device_software,nmpa_udi,https://udi.nmpa.gov.cn/showDetailCX.html?deviceRecordKey=00382830015950202208310434216,sleep_health,10,8,0,2,17,心理/睡眠分层干预与对话式支持
南京普爱医疗设备股份有限公司,高频移动式手术X射线机,digital_health_or_medical_device_software,nmpa_udi,https://udi.nmpa.gov.cn/showDetailCX.html?deviceRecordKey=0697387682150220260119103155945,clinical_workflow,13,7,4,2,17,医生工作流、病历摘要和临床文档自动化
叮当快药,叮当快药,digital_health_or_medical_device_software,round2_seed,https://www.ddky.com/,internet_healthcare; pharmacy_ecommerce,5,12,0,0,17,在线问诊分诊、问答和医患服务自动化; 用药咨询、处方/复购推荐和药事服务自动化
天津怡和嘉业医疗科技有限公司,单水平睡眠呼吸机,digital_health_or_medical_device_software,nmpa_udi,https://udi.nmpa.gov.cn/showDetailCX.html?deviceRecordKey=5D6A46D9CFDD2650AD9CA4CBBD7F6D20,sleep_health,10,8,0,2,17,心理/睡眠分层干预与对话式支持
天津怡和嘉业医疗科技有限公司,单水平睡眠呼吸机,digital_health_or_medical_device_software,nmpa_udi,https://udi.nmpa.gov.cn/showDetailCX.html?deviceRecordKey=6D87460732B3EA14B5542F7EC8F7D698,sleep_health,10,8,0,2,17,心理/睡眠分层干预与对话式支持
天津怡和嘉业医疗科技有限公司,单水平睡眠呼吸机,digital_health_or_medical_device_software,nmpa_udi,https://udi.nmpa.gov.cn/showDetailCX.html?deviceRecordKey=7076EE54F064FB9A997A5C9D2CA17BC1,sleep_health,10,8,0,2,17,心理/睡眠分层干预与对话式支持
天津怡和嘉业医疗科技有限公司,单水平睡眠呼吸机,digital_health_or_medical_device_software,nmpa_udi,https://udi.nmpa.gov.cn/showDetailCX.html?deviceRecordKey=0697006745307820230329020153324,sleep_health,10,8,0,2,17,心理/睡眠分层干预与对话式支持
天津怡和嘉业医疗科技有限公司,单水平睡眠呼吸机,digital_health_or_medical_device_software,nmpa_udi,https://udi.nmpa.gov.cn/showDetailCX.html?deviceRecordKey=0697006745306120230329020017491,sleep_health,10,8,0,2,17,心理/睡眠分层干预与对话式支持
天津怡和嘉业医疗科技有限公司,单水平睡眠呼吸机,digital_health_or_medical_device_software,nmpa_udi,https://udi.nmpa.gov.cn/showDetailCX.html?deviceRecordKey=435503567E1DF1025C551D6B8E067796,sleep_health,10,8,0,2,17,心理/睡眠分层干预与对话式支持
天津怡和嘉业医疗科技有限公司,单水平睡眠呼吸机,digital_health_or_medical_device_software,nmpa_udi,https://udi.nmpa.gov.cn/showDetailCX.html?deviceRecordKey=4F463B64969E247F63A84C56FDEB5789,sleep_health,10,8,0,2,17,心理/睡眠分层干预与对话式支持
天津怡和嘉业医疗科技有限公司,单水平睡眠呼吸机,digital_health_or_medical_device_software,nmpa_udi,https://udi.nmpa.gov.cn/showDetailCX.html?deviceRecordKey=73B5D1A8B401B95E9661F6682442DD9C,sleep_health,10,8,0,2,17,心理/睡眠分层干预与对话式支持
天津怡和嘉业医疗科技有限公司,单水平睡眠呼吸机,digital_health_or_medical_device_software,nmpa_udi,https://udi.nmpa.gov.cn/showDetailCX.html?deviceRecordKey=930DF2C5ED224C63994E8A7D357555DB,sleep_health,10,8,0,2,17,心理/睡眠分层干预与对话式支持
天津怡和嘉业医疗科技有限公司,单水平睡眠呼吸机,digital_health_or_medical_device_software,nmpa_udi,https://udi.nmpa.gov.cn/showDetailCX.html?deviceRecordKey=84E0A97940F139DFB5F7197FAC5AD6B0,sleep_health,10,8,0,2,17,心理/睡眠分层干预与对话式支持
天津怡和嘉业医疗科技有限公司,睡眠呼吸机,digital_health_or_medical_device_software,nmpa_udi,https://udi.nmpa.gov.cn/showDetailCX.html?deviceRecordKey=0697006745314620250424061917189,sleep_health,10,8,0,2,17,心理/睡眠分层干预与对话式支持
天津怡和嘉业医疗科技有限公司,睡眠呼吸机,digital_health_or_medical_device_software,nmpa_udi,https://udi.nmpa.gov.cn/showDetailCX.html?deviceRecordKey=0697006745315320250424062010394,sleep_health,10,8,0,2,17,心理/睡眠分层干预与对话式支持
天津怡和嘉业医疗科技有限公司,睡眠呼吸机,digital_health_or_medical_device_software,nmpa_udi,https://udi.nmpa.gov.cn/showDetailCX.html?deviceRecordKey=0697006745312220240903081202453,sleep_health,10,8,0,2,17,心理/睡眠分层干预与对话式支持
天津怡和嘉业医疗科技有限公司,睡眠呼吸机,digital_health_or_medical_device_software,nmpa_udi,https://udi.nmpa.gov.cn/showDetailCX.html?deviceRecordKey=0697006745313920240903081305401,sleep_health,10,8,0,2,17,心理/睡眠分层干预与对话式支持
天津怡和嘉业医疗科技有限公司,睡眠呼吸机,digital_health_or_medical_device_software,nmpa_udi,https://udi.nmpa.gov.cn/showDetailCX.html?deviceRecordKey=0697006745589820240903081344440,sleep_health,10,8,0,2,17,心理/睡眠分层干预与对话式支持
天津怡和嘉业医疗科技有限公司,睡眠呼吸机,digital_health_or_medical_device_software,nmpa_udi,https://udi.nmpa.gov.cn/showDetailCX.html?deviceRecordKey=0697006745590420240903081504450,sleep_health,10,8,0,2,17,心理/睡眠分层干预与对话式支持
天津怡和嘉业医疗科技有限公司,睡眠呼吸机,digital_health_or_medical_device_software,nmpa_udi,https://udi.nmpa.gov.cn/showDetailCX.html?deviceRecordKey=0697006745591120240903081539614,sleep_health,10,8,0,2,17,心理/睡眠分层干预与对话式支持
天津怡和嘉业医疗科技有限公司,睡眠呼吸机,digital_health_or_medical_device_software,nmpa_udi,https://udi.nmpa.gov.cn/showDetailCX.html?deviceRecordKey=0697006745592820240903081614501,sleep_health,10,8,0,2,17,心理/睡眠分层干预与对话式支持
天津怡和嘉业医疗科技有限公司,睡眠呼吸机,digital_health_or_medical_device_software,nmpa_udi,https://udi.nmpa.gov.cn/showDetailCX.html?deviceRecordKey=0697006745593520240903081708989,sleep_health,10,8,0,2,17,心理/睡眠分层干预与对话式支持
天津怡和嘉业医疗科技有限公司,睡眠呼吸机,digital_health_or_medical_device_software,nmpa_udi,https://udi.nmpa.gov.cn/showDetailCX.html?deviceRecordKey=0697006745594220240903081738680,sleep_health,10,8,0,2,17,心理/睡眠分层干预与对话式支持
天津怡和嘉业医疗科技有限公司,睡眠呼吸机,digital_health_or_medical_device_software,nmpa_udi,https://udi.nmpa.gov.cn/showDetailCX.html?deviceRecordKey=0697006745308520240201014722053,sleep_health,10,8,0,2,17,心理/睡眠分层干预与对话式支持
天津怡和嘉业医疗科技有限公司,睡眠呼吸机,digital_health_or_medical_device_software,nmpa_udi,https://udi.nmpa.gov.cn/showDetailCX.html?deviceRecordKey=0697006745309220240201015004282,sleep_health,10,8,0,2,17,心理/睡眠分层干预与对话式支持
天津怡和嘉业医疗科技有限公司,睡眠呼吸机,digital_health_or_medical_device_software,nmpa_udi,https://udi.nmpa.gov.cn/showDetailCX.html?deviceRecordKey=0697006745310820240201015203081,sleep_health,10,8,0,2,17,心理/睡眠分层干预与对话式支持
天津怡和嘉业医疗科技有限公司,睡眠呼吸机,digital_health_or_medical_device_software,nmpa_udi,https://udi.nmpa.gov.cn/showDetailCX.html?deviceRecordKey=0697006745311520240201015241426,sleep_health,10,8,0,2,17,心理/睡眠分层干预与对话式支持
天津怡和嘉业医疗科技有限公司,睡眠呼吸机,digital_health_or_medical_device_software,nmpa_udi,https://udi.nmpa.gov.cn/showDetailCX.html?deviceRecordKey=0697006745566920240201015320412,sleep_health,10,8,0,2,17,心理/睡眠分层干预与对话式支持
天津怡和嘉业医疗科技有限公司,睡眠呼吸机,digital_health_or_medical_device_software,nmpa_udi,https://udi.nmpa.gov.cn/showDetailCX.html?deviceRecordKey=0697006745567620240201015612019,sleep_health,10,8,0,2,17,心理/睡眠分层干预与对话式支持
天津怡和嘉业医疗科技有限公司,睡眠呼吸机,digital_health_or_medical_device_software,nmpa_udi,https://udi.nmpa.gov.cn/showDetailCX.html?deviceRecordKey=0697006745568320240201015644901,sleep_health,10,8,0,2,17,心理/睡眠分层干预与对话式支持
天津怡和嘉业医疗科技有限公司,睡眠呼吸机,digital_health_or_medical_device_software,nmpa_udi,https://udi.nmpa.gov.cn/showDetailCX.html?deviceRecordKey=0697006745569020240201015726410,sleep_health,10,8,0,2,17,心理/睡眠分层干预与对话式支持
天津怡和嘉业医疗科技有限公司,睡眠呼吸机,digital_health_or_medical_device_software,nmpa_udi,https://udi.nmpa.gov.cn/showDetailCX.html?deviceRecordKey=0697006745570620240201015758624,sleep_health,10,8,0,2,17,心理/睡眠分层干预与对话式支持
天津怡和嘉业医疗科技有限公司,睡眠呼吸机,digital_health_or_medical_device_software,nmpa_udi,https://udi.nmpa.gov.cn/showDetailCX.html?deviceRecordKey=0697006745571320240201015918919,sleep_health,10,8,0,2,17,心理/睡眠分层干预与对话式支持
天津怡和嘉业医疗科技有限公司,睡眠呼吸机,digital_health_or_medical_device_software,nmpa_udi,https://udi.nmpa.gov.cn/showDetailCX.html?deviceRecordKey=0697006745572020240201015953889,sleep_health,10,8,0,2,17,心理/睡眠分层干预与对话式支持
天津怡和嘉业医疗科技有限公司,睡眠呼吸机,digital_health_or_medical_device_software,nmpa_udi,https://udi.nmpa.gov.cn/showDetailCX.html?deviceRecordKey=0697006745565220231201033101107,sleep_health,10,8,0,2,17,心理/睡眠分层干预与对话式支持
好大夫在线,好大夫在线,digital_health_or_medical_device_software,round2_seed,https://www.haodf.com/,online_consultation,5,12,0,0,17,医生工作流、病历摘要和临床文档自动化; 在线问诊分诊、问答和医患服务自动化
安健科技（重庆）有限公司,移动式数字化医用X射线摄影系统,digital_health_or_medical_device_software,nmpa_udi,https://udi.nmpa.gov.cn/showDetailCX.html?deviceRecordKey=957b2adce4cc4ca29f70ba4d4ff07b57,clinical_workflow,13,7,4,2,17,医生工作流、病历摘要和临床文档自动化
安徽爱视睿医疗科技有限公司,移动式C形臂X射线机,digital_health_or_medical_device_software,nmpa_udi,https://udi.nmpa.gov.cn/showDetailCX.html?deviceRecordKey=0697892077001020260513021547627,clinical_workflow,13,7,4,2,17,医生工作流、病历摘要和临床文档自动化
安徽爱视睿医疗科技有限公司,移动式C形臂X射线机,digital_health_or_medical_device_software,nmpa_udi,https://udi.nmpa.gov.cn/showDetailCX.html?deviceRecordKey=0697892077002720260513024353248,clinical_workflow,13,7,4,2,17,医生工作流、病历摘要和临床文档自动化
安徽爱视睿医疗科技有限公司,移动式C形臂X射线机,digital_health_or_medical_device_software,nmpa_udi,https://udi.nmpa.gov.cn/showDetailCX.html?deviceRecordKey=0697892077003420260513024927349,clinical_workflow,13,7,4,2,17,医生工作流、病历摘要和临床文档自动化
安徽爱视睿医疗科技有限公司,移动式C形臂X射线机,digital_health_or_medical_device_software,nmpa_udi,https://udi.nmpa.gov.cn/showDetailCX.html?deviceRecordKey=0697892077004120260513025153630,clinical_workflow,13,7,4,2,17,医生工作流、病历摘要和临床文档自动化
平安健康,平安健康,digital_health_or_medical_device_software,round2_seed,https://www.pagd.net/,internet_healthcare,5,12,0,0,17,医生工作流、病历摘要和临床文档自动化; 在线问诊分诊、问答和医患服务自动化
微医,微医平台,digital_health_or_medical_device_software,round2_seed,https://www.guahao.com/,internet_healthcare,5,12,0,0,17,医生工作流、病历摘要和临床文档自动化; 在线问诊分诊、问答和医患服务自动化
武汉康录生物技术股份有限公司,慢性淋巴细胞白血病染色体及基因异常探针检测试剂盒（原位杂交法）,digital_health_or_medical_device_software,nmpa_udi,https://udi.nmpa.gov.cn/showDetailCX.html?deviceRecordKey=2d77c6be-9155-4945-b0c5-22e9056a52ac,clinical_workflow,13,7,4,2,17,医生工作流、病历摘要和临床文档自动化
武汉康录生物技术股份有限公司,慢性淋巴细胞白血病染色体及基因异常探针检测试剂盒（原位杂交法）,digital_health_or_medical_device_software,nmpa_udi,https://udi.nmpa.gov.cn/showDetailCX.html?deviceRecordKey=f8db9997-b33d-45e7-91e7-e24f5f46beb1,clinical_workflow,13,7,4,2,17,医生工作流、病历摘要和临床文档自动化
武汉康录生物技术股份有限公司,慢性淋巴细胞白血病染色体及基因异常探针检测试剂盒（原位杂交法）,digital_health_or_medical_device_software,nmpa_udi,https://udi.nmpa.gov.cn/showDetailCX.html?deviceRecordKey=68003e91-3af7-451c-b54a-20531e53ee54,clinical_workflow,13,7,4,2,17,医生工作流、病历摘要和临床文档自动化
河北深灵医疗科技有限公司,额贴式睡眠记录仪,digital_health_or_medical_device_software,nmpa_udi,https://udi.nmpa.gov.cn/showDetailCX.html?deviceRecordKey=0697758417001320250519034302079,sleep_health,10,8,0,2,17,心理/睡眠分层干预与对话式支持
海口安至科技有限公司,睡眠呼吸记录仪,digital_health_or_medical_device_software,nmpa_udi,https://udi.nmpa.gov.cn/showDetailCX.html?deviceRecordKey=0697723824006220250623012627084,sleep_health,10,8,0,2,17,心理/睡眠分层干预与对话式支持
深圳市艾利特医疗科技有限公司,认知能力测试与训练系统,digital_health_or_medical_device_software,nmpa_udi,https://udi.nmpa.gov.cn/showDetailCX.html?deviceRecordKey=0697070604106220250928113343202,mental_health,10,8,0,2,17,心理/睡眠分层干预与对话式支持
深圳市艾利特医疗科技有限公司,认知能力测试与训练系统,digital_health_or_medical_device_software,nmpa_udi,https://udi.nmpa.gov.cn/showDetailCX.html?deviceRecordKey=0697070604107920250928113516165,mental_health,10,8,0,2,17,心理/睡眠分层干预与对话式支持
瑞海胜（厦门）康复用品有限公司,手动轮椅车,digital_health_or_medical_device_software,nmpa_udi,https://udi.nmpa.gov.cn/showDetailCX.html?deviceRecordKey=06975872081720202603040234192,rehabilitation,10,8,0,2,17,康复计划生成、动作/依从性反馈与 care manager copilot
瑞海胜（厦门）康复用品有限公司,手动轮椅车,digital_health_or_medical_device_software,nmpa_udi,https://udi.nmpa.gov.cn/showDetailCX.html?deviceRecordKey=06975872081737202603040234193,rehabilitation,10,8,0,2,17,康复计划生成、动作/依从性反馈与 care manager copilot
瑞海胜（厦门）康复用品有限公司,手动轮椅车,digital_health_or_medical_device_software,nmpa_udi,https://udi.nmpa.gov.cn/showDetailCX.html?deviceRecordKey=06975872081744202603040234194,rehabilitation,10,8,0,2,17,康复计划生成、动作/依从性反馈与 care manager copilot
瑞海胜（厦门）康复用品有限公司,手动轮椅车,digital_health_or_medical_device_software,nmpa_udi,https://udi.nmpa.gov.cn/showDetailCX.html?deviceRecordKey=06975872081751202603040234195,rehabilitation,10,8,0,2,17,康复计划生成、动作/依从性反馈与 care manager copilot
瑞海胜（厦门）康复用品有限公司,手动轮椅车,digital_health_or_medical_device_software,nmpa_udi,https://udi.nmpa.gov.cn/showDetailCX.html?deviceRecordKey=06975872081768202603040234196,rehabilitation,10,8,0,2,17,康复计划生成、动作/依从性反馈与 care manager copilot
瑞海胜（厦门）康复用品有限公司,手动轮椅车,digital_health_or_medical_device_software,nmpa_udi,https://udi.nmpa.gov.cn/showDetailCX.html?deviceRecordKey=06975872081775202603040234197,rehabilitation,10,8,0,2,17,康复计划生成、动作/依从性反馈与 care manager copilot
瑞海胜（厦门）康复用品有限公司,手动轮椅车,digital_health_or_medical_device_software,nmpa_udi,https://udi.nmpa.gov.cn/showDetailCX.html?deviceRecordKey=06975872081782202603040234198,rehabilitation,10,8,0,2,17,康复计划生成、动作/依从性反馈与 care manager copilot
瑞海胜（厦门）康复用品有限公司,手动轮椅车,digital_health_or_medical_device_software,nmpa_udi,https://udi.nmpa.gov.cn/showDetailCX.html?deviceRecordKey=06975872081799202603040234199,rehabilitation,10,8,0,2,17,康复计划生成、动作/依从性反馈与 care manager copilot
瑞海胜（厦门）康复用品有限公司,手动轮椅车,digital_health_or_medical_device_software,nmpa_udi,https://udi.nmpa.gov.cn/showDetailCX.html?deviceRecordKey=069758720818052026030402341910,rehabilitation,10,8,0,2,17,康复计划生成、动作/依从性反馈与 care manager copilot
瑞海胜（厦门）康复用品有限公司,手动轮椅车,digital_health_or_medical_device_software,nmpa_udi,https://udi.nmpa.gov.cn/showDetailCX.html?deviceRecordKey=069758720818122026030402341911,rehabilitation,10,8,0,2,17,康复计划生成、动作/依从性反馈与 care manager copilot
瑞海胜（厦门）康复用品有限公司,手动轮椅车,digital_health_or_medical_device_software,nmpa_udi,https://udi.nmpa.gov.cn/showDetailCX.html?deviceRecordKey=069758720818292026030402341912,rehabilitation,10,8,0,2,17,康复计划生成、动作/依从性反馈与 care manager copilot
瑞海胜（厦门）康复用品有限公司,手动轮椅车,digital_health_or_medical_device_software,nmpa_udi,https://udi.nmpa.gov.cn/showDetailCX.html?deviceRecordKey=069758720818362026030402341913,rehabilitation,10,8,0,2,17,康复计划生成、动作/依从性反馈与 care manager copilot
瑞海胜（厦门）康复用品有限公司,手动轮椅车,digital_health_or_medical_device_software,nmpa_udi,https://udi.nmpa.gov.cn/showDetailCX.html?deviceRecordKey=069758720818432026030402341914,rehabilitation,10,8,0,2,17,康复计划生成、动作/依从性反馈与 care manager copilot
瑞海胜（厦门）康复用品有限公司,手动轮椅车,digital_health_or_medical_device_software,nmpa_udi,https://udi.nmpa.gov.cn/showDetailCX.html?deviceRecordKey=069758720818502026030402341915,rehabilitation,10,8,0,2,17,康复计划生成、动作/依从性反馈与 care manager copilot
瑞海胜（厦门）康复用品有限公司,手动轮椅车,digital_health_or_medical_device_software,nmpa_udi,https://udi.nmpa.gov.cn/showDetailCX.html?deviceRecordKey=069758720818672026030402341916,rehabilitation,10,8,0,2,17,康复计划生成、动作/依从性反馈与 care manager copilot
瑞海胜（厦门）康复用品有限公司,手动轮椅车,digital_health_or_medical_device_software,nmpa_udi,https://udi.nmpa.gov.cn/showDetailCX.html?deviceRecordKey=069758720818742026030402341917,rehabilitation,10,8,0,2,17,康复计划生成、动作/依从性反馈与 care manager copilot
瑞海胜（厦门）康复用品有限公司,手动轮椅车,digital_health_or_medical_device_software,nmpa_udi,https://udi.nmpa.gov.cn/showDetailCX.html?deviceRecordKey=069758720818812026030402341918,rehabilitation,10,8,0,2,17,康复计划生成、动作/依从性反馈与 care manager copilot
瑞海胜（厦门）康复用品有限公司,手动轮椅车,digital_health_or_medical_device_software,nmpa_udi,https://udi.nmpa.gov.cn/showDetailCX.html?deviceRecordKey=069758720818982026030402341919,rehabilitation,10,8,0,2,17,康复计划生成、动作/依从性反馈与 care manager copilot
瑞海胜（厦门）康复用品有限公司,手动轮椅车,digital_health_or_medical_device_software,nmpa_udi,https://udi.nmpa.gov.cn/showDetailCX.html?deviceRecordKey=069758720819042026030402341920,rehabilitation,10,8,0,2,17,康复计划生成、动作/依从性反馈与 care manager copilot
瑞海胜（厦门）康复用品有限公司,手动轮椅车,digital_health_or_medical_device_software,nmpa_udi,https://udi.nmpa.gov.cn/showDetailCX.html?deviceRecordKey=069758720819112026030402341921,rehabilitation,10,8,0,2,17,康复计划生成、动作/依从性反馈与 care manager copilot
瑞海胜（厦门）康复用品有限公司,手动轮椅车,digital_health_or_medical_device_software,nmpa_udi,https://udi.nmpa.gov.cn/showDetailCX.html?deviceRecordKey=069758720819282026030402341922,rehabilitation,10,8,0,2,17,康复计划生成、动作/依从性反馈与 care manager copilot
瑞海胜（厦门）康复用品有限公司,手动轮椅车,digital_health_or_medical_device_software,nmpa_udi,https://udi.nmpa.gov.cn/showDetailCX.html?deviceRecordKey=069758720819352026030402341923,rehabilitation,10,8,0,2,17,康复计划生成、动作/依从性反馈与 care manager copilot
瑞海胜（厦门）康复用品有限公司,手动轮椅车,digital_health_or_medical_device_software,nmpa_udi,https://udi.nmpa.gov.cn/showDetailCX.html?deviceRecordKey=069758720819422026030402341924,rehabilitation,10,8,0,2,17,康复计划生成、动作/依从性反馈与 care manager copilot
瑞海胜（厦门）康复用品有限公司,手动轮椅车,digital_health_or_medical_device_software,nmpa_udi,https://udi.nmpa.gov.cn/showDetailCX.html?deviceRecordKey=069758720819592026030402341925,rehabilitation,10,8,0,2,17,康复计划生成、动作/依从性反馈与 care manager copilot
瑞海胜（厦门）康复用品有限公司,手动轮椅车,digital_health_or_medical_device_software,nmpa_udi,https://udi.nmpa.gov.cn/showDetailCX.html?deviceRecordKey=069758720819662026030402341926,rehabilitation,10,8,0,2,17,康复计划生成、动作/依从性反馈与 care manager copilot
瑞海胜（厦门）康复用品有限公司,手动轮椅车,digital_health_or_medical_device_software,nmpa_udi,https://udi.nmpa.gov.cn/showDetailCX.html?deviceRecordKey=069758720819732026030402341927,rehabilitation,10,8,0,2,17,康复计划生成、动作/依从性反馈与 care manager copilot
瑞海胜（厦门）康复用品有限公司,手动轮椅车,digital_health_or_medical_device_software,nmpa_udi,https://udi.nmpa.gov.cn/showDetailCX.html?deviceRecordKey=069758720819802026030402341928,rehabilitation,10,8,0,2,17,康复计划生成、动作/依从性反馈与 care manager copilot
瑞海胜（厦门）康复用品有限公司,手动轮椅车,digital_health_or_medical_device_software,nmpa_udi,https://udi.nmpa.gov.cn/showDetailCX.html?deviceRecordKey=069758720819972026030402341929,rehabilitation,10,8,0,2,17,康复计划生成、动作/依从性反馈与 care manager copilot
瑞海胜（厦门）康复用品有限公司,手动轮椅车,digital_health_or_medical_device_software,nmpa_udi,https://udi.nmpa.gov.cn/showDetailCX.html?deviceRecordKey=069758720820002026030402341930,rehabilitation,10,8,0,2,17,康复计划生成、动作/依从性反馈与 care manager copilot
瑞海胜（厦门）康复用品有限公司,手动轮椅车,digital_health_or_medical_device_software,nmpa_udi,https://udi.nmpa.gov.cn/showDetailCX.html?deviceRecordKey=069758720820172026030402341931,rehabilitation,10,8,0,2,17,康复计划生成、动作/依从性反馈与 care manager copilot
瑞海胜（厦门）康复用品有限公司,手动轮椅车,digital_health_or_medical_device_software,nmpa_udi,https://udi.nmpa.gov.cn/showDetailCX.html?deviceRecordKey=069758720820242026030402341932,rehabilitation,10,8,0,2,17,康复计划生成、动作/依从性反馈与 care manager copilot
瑞海胜（厦门）康复用品有限公司,手动轮椅车,digital_health_or_medical_device_software,nmpa_udi,https://udi.nmpa.gov.cn/showDetailCX.html?deviceRecordKey=069758720820312026030402341933,rehabilitation,10,8,0,2,17,康复计划生成、动作/依从性反馈与 care manager copilot
瑞海胜（厦门）康复用品有限公司,手动轮椅车,digital_health_or_medical_device_software,nmpa_udi,https://udi.nmpa.gov.cn/showDetailCX.html?deviceRecordKey=069758720820482026030402341934,rehabilitation,10,8,0,2,17,康复计划生成、动作/依从性反馈与 care manager copilot
瑞海胜（厦门）康复用品有限公司,手动轮椅车,digital_health_or_medical_device_software,nmpa_udi,https://udi.nmpa.gov.cn/showDetailCX.html?deviceRecordKey=069758720820552026030402341935,rehabilitation,10,8,0,2,17,康复计划生成、动作/依从性反馈与 care manager copilot
瑞海胜（厦门）康复用品有限公司,手动轮椅车,digital_health_or_medical_device_software,nmpa_udi,https://udi.nmpa.gov.cn/showDetailCX.html?deviceRecordKey=069758720820622026030402341936,rehabilitation,10,8,0,2,17,康复计划生成、动作/依从性反馈与 care manager copilot
瑞海胜（厦门）康复用品有限公司,手动轮椅车,digital_health_or_medical_device_software,nmpa_udi,https://udi.nmpa.gov.cn/showDetailCX.html?deviceRecordKey=069758720820792026030402341937,rehabilitation,10,8,0,2,17,康复计划生成、动作/依从性反馈与 care manager copilot
瑞海胜（厦门）康复用品有限公司,手动轮椅车,digital_health_or_medical_device_software,nmpa_udi,https://udi.nmpa.gov.cn/showDetailCX.html?deviceRecordKey=069758720820862026030402341938,rehabilitation,10,8,0,2,17,康复计划生成、动作/依从性反馈与 care manager copilot
瑞海胜（厦门）康复用品有限公司,手动轮椅车,digital_health_or_medical_device_software,nmpa_udi,https://udi.nmpa.gov.cn/showDetailCX.html?deviceRecordKey=069758720820932026030402341939,rehabilitation,10,8,0,2,17,康复计划生成、动作/依从性反馈与 care manager copilot
瑞海胜（厦门）康复用品有限公司,手动轮椅车,digital_health_or_medical_device_software,nmpa_udi,https://udi.nmpa.gov.cn/showDetailCX.html?deviceRecordKey=069758720821092026030402341940,rehabilitation,10,8,0,2,17,康复计划生成、动作/依从性反馈与 care manager copilot
瑞海胜（厦门）康复用品有限公司,手动轮椅车,digital_health_or_medical_device_software,nmpa_udi,https://udi.nmpa.gov.cn/showDetailCX.html?deviceRecordKey=069758720821162026030402341941,rehabilitation,10,8,0,2,17,康复计划生成、动作/依从性反馈与 care manager copilot
瑞海胜（厦门）康复用品有限公司,手动轮椅车,digital_health_or_medical_device_software,nmpa_udi,https://udi.nmpa.gov.cn/showDetailCX.html?deviceRecordKey=069758720821232026030402341942,rehabilitation,10,8,0,2,17,康复计划生成、动作/依从性反馈与 care manager copilot
瑞海胜（厦门）康复用品有限公司,手动轮椅车,digital_health_or_medical_device_software,nmpa_udi,https://udi.nmpa.gov.cn/showDetailCX.html?deviceRecordKey=069758720821302026030402341943,rehabilitation,10,8,0,2,17,康复计划生成、动作/依从性反馈与 care manager copilot
瑞海胜（厦门）康复用品有限公司,手动轮椅车,digital_health_or_medical_device_software,nmpa_udi,https://udi.nmpa.gov.cn/showDetailCX.html?deviceRecordKey=069758720821472026030402341944,rehabilitation,10,8,0,2,17,康复计划生成、动作/依从性反馈与 care manager copilot
瑞海胜（厦门）康复用品有限公司,手动轮椅车,digital_health_or_medical_device_software,nmpa_udi,https://udi.nmpa.gov.cn/showDetailCX.html?deviceRecordKey=069758720821542026030402341945,rehabilitation,10,8,0,2,17,康复计划生成、动作/依从性反馈与 care manager copilot
阿里健康,阿里健康,digital_health_or_medical_device_software,round2_seed,https://www.alihealth.cn/,internet_healthcare; pharmacy_ecommerce,5,12,0,0,17,在线问诊分诊、问答和医患服务自动化; 用药咨询、处方/复购推荐和药事服务自动化
"Big Health, Inc.",Sleepio®,digital_health_or_medical_device_software,openfda_device_510k,https://www.accessdata.fda.gov/scripts/cdrh/cfdocs/cfpmn/pmn.cfm?id=K233577,sleep_health,10,8,2,2,16,心理/睡眠分层干预与对话式支持
"Hinge Health, Inc.",Hinge Health,digital_health_or_medical_device_software,round2_seed,https://www.hingehealth.com/,internet_healthcare; rehabilitation,10,6,0,0,16,康复计划生成、动作/依从性反馈与 care manager copilot; 在线问诊分诊、问答和医患服务自动化
Infermedica,Infermedica,digital_health_or_medical_device_software,round2_seed,https://infermedica.com/,clinical_workflow,13,5,4,0,16,医生工作流、病历摘要和临床文档自动化
Kaia Health,Kaia Health,digital_health_or_medical_device_software,round2_seed,https://www.kaiahealth.com/,rehabilitation,10,6,0,0,16,康复计划生成、动作/依从性反馈与 care manager copilot
"Medtronic, Inc.",AVIVO Mobile Patient Management (MPM) System,digital_health_or_medical_device_software,openfda_device_510k,https://www.accessdata.fda.gov/scripts/cdrh/cfdocs/cfpmn/pmn.cfm?id=K153160,health_management_platform; patient_engagement,10,7,0,2,16,患者互动、留存和健康行为 nudging
Mindmaze SA,MindMaze neurorehabilitation platform,digital_therapeutics_or_dtx,round2_seed,https://www.mindmaze.com/,digital_therapeutics; rehabilitation,10,11,6,5,16,康复计划生成、动作/依从性反馈与 care manager copilot
Sword Health,Sword Health,digital_health_or_medical_device_software,round2_seed,https://swordhealth.com/,internet_healthcare; rehabilitation,10,6,0,0,16,康复计划生成、动作/依从性反馈与 care manager copilot; 医生工作流、病历摘要和临床文档自动化; 在线问诊分诊、问答和医患服务自动化
徐州市科健高新技术有限公司,糖尿病治疗仪,digital_health_or_medical_device_software,nmpa_udi,https://udi.nmpa.gov.cn/showDetailCX.html?deviceRecordKey=06975283415138202205101045050,chronic_disease_management,11,8,2,5,16,慢病管理 AI 教练与个性化随访
长沙奥科维电子有限公司,糖尿病治疗仪,digital_health_or_medical_device_software,nmpa_udi,https://udi.nmpa.gov.cn/showDetailCX.html?deviceRecordKey=0697621210001920230423020207567,chronic_disease_management,11,8,2,5,16,慢病管理 AI 教练与个性化随访
长沙奥科维电子有限公司,糖尿病治疗仪,digital_health_or_medical_device_software,nmpa_udi,https://udi.nmpa.gov.cn/showDetailCX.html?deviceRecordKey=0697621210002620230423020039264,chronic_disease_management,11,8,2,5,16,慢病管理 AI 教练与个性化随访
Animas Corp.,EZMANAGER MAX DIABETES MANAGEMENT SOFTWARE,samd_or_medical_software,openfda_device_510k,https://www.accessdata.fda.gov/scripts/cdrh/cfdocs/cfpmn/pmn.cfm?id=K063674,samd; chronic_disease_management,11,8,4,7,15,慢病管理 AI 教练与个性化随访
"Arkray Factory USA, Inc.",ARKRAY DIABETES DATA MANAGEMENT SOFTWARE (SMBG VIEWER),samd_or_medical_software,openfda_device_510k,https://www.accessdata.fda.gov/scripts/cdrh/cfdocs/cfpmn/pmn.cfm?id=K093819,samd; chronic_disease_management,11,8,4,7,15,慢病管理 AI 教练与个性化随访
"Bayer Healthcare, LLC",GLUCOFACTS EXPRESS DIABETES MANAGEMENT SOFTWARE,samd_or_medical_software,openfda_device_510k,https://www.accessdata.fda.gov/scripts/cdrh/cfdocs/cfpmn/pmn.cfm?id=K082486,samd; chronic_disease_management,11,8,4,7,15,慢病管理 AI 教练与个性化随访
"Lifescan, Inc.",IN TOUCH DIABETES MANAGEMENT SOFTWARE,samd_or_medical_software,openfda_device_510k,https://www.accessdata.fda.gov/scripts/cdrh/cfdocs/cfpmn/pmn.cfm?id=K984527,samd; chronic_disease_management,11,8,4,7,15,慢病管理 AI 教练与个性化随访
"Lifescan, Inc.",ONETOUCH REVEAL DIABETES MANAGEMENT APPLICATION,samd_or_medical_software,openfda_device_510k,https://www.accessdata.fda.gov/scripts/cdrh/cfdocs/cfpmn/pmn.cfm?id=K120558,samd; chronic_disease_management,11,8,4,7,15,慢病管理 AI 教练与个性化随访
mySugr,mySugr,samd_or_medical_software,round2_company_site,https://www.mysugr.com/en,samd; chronic_disease_management,11,8,4,5,15,慢病管理 AI 教练与个性化随访
上海镜影信息科技有限公司,电子支气管镜影像辅助质控软件,samd_or_medical_software,nmpa_udi,https://udi.nmpa.gov.cn/showDetailCX.html?deviceRecordKey=0697755044001020260417012010264,samd,5,14,4,7,15,远程监测风险分层与异常预警; 医生工作流、病历摘要和临床文档自动化
上海镜影信息科技有限公司,电子鼻咽喉镜影像辅助质控软件,samd_or_medical_software,nmpa_udi,https://udi.nmpa.gov.cn/showDetailCX.html?deviceRecordKey=0697755044000320260416053639337,samd,5,14,4,7,15,远程监测风险分层与异常预警; 医生工作流、病历摘要和临床文档自动化
亳州融健医疗用品有限公司,盆底康复治疗仪,digital_health_or_medical_device_software,nmpa_udi,https://udi.nmpa.gov.cn/showDetailCX.html?deviceRecordKey=06973774191615202604020500141,rehabilitation,10,8,2,5,15,康复计划生成、动作/依从性反馈与 care manager copilot
华思（天津）医疗健康管理有限公司,心肺数据管理软件,samd_or_medical_software,nmpa_udi,https://udi.nmpa.gov.cn/showDetailCX.html?deviceRecordKey=0697452953602620241218023219173,samd; health_management_platform,5,14,4,7,15,远程监测风险分层与异常预警
圆心科技,圆心科技,digital_health_or_medical_device_software,round2_seed,https://www.yuanxin.com/,pharmacy_ecommerce; health_management_platform; patient_engagement,10,5,0,0,15,用药咨询、处方/复购推荐和药事服务自动化; 患者互动、留存和健康行为 nudging
思派健康,思派健康,digital_health_or_medical_device_software,round2_seed,https://www.medbanks.cn/,pharmacy_ecommerce; health_management_platform; patient_engagement,10,5,0,0,15,用药咨询、处方/复购推荐和药事服务自动化; 患者互动、留存和健康行为 nudging
武汉市九头鸟医疗仪器开发有限公司,男性性功能康复治疗仪,digital_health_or_medical_device_software,nmpa_udi,https://udi.nmpa.gov.cn/showDetailCX.html?deviceRecordKey=0697548329202720260418110923009,rehabilitation,10,8,2,5,15,康复计划生成、动作/依从性反馈与 care manager copilot
武汉市九头鸟医疗仪器开发有限公司,男性性功能康复治疗仪,digital_health_or_medical_device_software,nmpa_udi,https://udi.nmpa.gov.cn/showDetailCX.html?deviceRecordKey=0697548329203420260418111121270,rehabilitation,10,8,2,5,15,康复计划生成、动作/依从性反馈与 care manager copilot
江西思维智光医疗科技有限公司,认知障碍评估训练与脑电刺激治疗系统,digital_health_or_medical_device_software,nmpa_udi,https://udi.nmpa.gov.cn/showDetailCX.html?deviceRecordKey=069799554101862026041703374918,mental_health,10,8,2,5,15,心理/睡眠分层干预与对话式支持
江西思维智光医疗科技有限公司,认知障碍评估训练与脑电刺激治疗系统,digital_health_or_medical_device_software,nmpa_udi,https://udi.nmpa.gov.cn/showDetailCX.html?deviceRecordKey=069799554101932026041703374919,mental_health,10,8,2,5,15,心理/睡眠分层干预与对话式支持
江西思维智光医疗科技有限公司,认知障碍评估训练与脑电刺激治疗系统,digital_health_or_medical_device_software,nmpa_udi,https://udi.nmpa.gov.cn/showDetailCX.html?deviceRecordKey=069799554102092026041703374920,mental_health,10,8,2,5,15,心理/睡眠分层干预与对话式支持
江西思维智光医疗科技有限公司,认知障碍评估训练与脑电刺激治疗系统,digital_health_or_medical_device_software,nmpa_udi,https://udi.nmpa.gov.cn/showDetailCX.html?deviceRecordKey=069799554102162026041703374921,mental_health,10,8,2,5,15,心理/睡眠分层干预与对话式支持
江西思维智光医疗科技有限公司,认知障碍评估训练与脑电刺激治疗系统,digital_health_or_medical_device_software,nmpa_udi,https://udi.nmpa.gov.cn/showDetailCX.html?deviceRecordKey=069799554102232026041703374922,mental_health,10,8,2,5,15,心理/睡眠分层干预与对话式支持
江西思维智光医疗科技有限公司,认知障碍评估训练与脑电刺激治疗系统,digital_health_or_medical_device_software,nmpa_udi,https://udi.nmpa.gov.cn/showDetailCX.html?deviceRecordKey=069799554102302026041703374923,mental_health,10,8,2,5,15,心理/睡眠分层干预与对话式支持
江西思维智光医疗科技有限公司,认知障碍评估训练与脑电刺激治疗系统,digital_health_or_medical_device_software,nmpa_udi,https://udi.nmpa.gov.cn/showDetailCX.html?deviceRecordKey=069799554102472026041703374924,mental_health,10,8,2,5,15,心理/睡眠分层干预与对话式支持
江西思维智光医疗科技有限公司,认知障碍评估训练与脑电刺激治疗系统,digital_health_or_medical_device_software,nmpa_udi,https://udi.nmpa.gov.cn/showDetailCX.html?deviceRecordKey=069799554102542026041703374925,mental_health,10,8,2,5,15,心理/睡眠分层干预与对话式支持
江西思维智光医疗科技有限公司,认知障碍评估训练与脑电刺激治疗系统,digital_health_or_medical_device_software,nmpa_udi,https://udi.nmpa.gov.cn/showDetailCX.html?deviceRecordKey=069799554102612026041703374926,mental_health,10,8,2,5,15,心理/睡眠分层干预与对话式支持
江西思维智光医疗科技有限公司,认知障碍评估训练与脑电刺激治疗系统,digital_health_or_medical_device_software,nmpa_udi,https://udi.nmpa.gov.cn/showDetailCX.html?deviceRecordKey=069799554102782026041703374927,mental_health,10,8,2,5,15,心理/睡眠分层干预与对话式支持
江西思维智光医疗科技有限公司,认知障碍评估训练与脑电刺激治疗系统,digital_health_or_medical_device_software,nmpa_udi,https://udi.nmpa.gov.cn/showDetailCX.html?deviceRecordKey=069799554102852026041703374928,mental_health,10,8,2,5,15,心理/睡眠分层干预与对话式支持
江西思维智光医疗科技有限公司,认知障碍评估训练与脑电刺激治疗系统,digital_health_or_medical_device_software,nmpa_udi,https://udi.nmpa.gov.cn/showDetailCX.html?deviceRecordKey=069799554102922026041703374929,mental_health,10,8,2,5,15,心理/睡眠分层干预与对话式支持
江西思维智光医疗科技有限公司,认知障碍评估训练与脑电刺激治疗系统,digital_health_or_medical_device_software,nmpa_udi,https://udi.nmpa.gov.cn/showDetailCX.html?deviceRecordKey=069799554103082026041703374930,mental_health,10,8,2,5,15,心理/睡眠分层干预与对话式支持
江西思维智光医疗科技有限公司,认知障碍评估训练与脑电刺激治疗系统,digital_health_or_medical_device_software,nmpa_udi,https://udi.nmpa.gov.cn/showDetailCX.html?deviceRecordKey=069799554103152026041703374931,mental_health,10,8,2,5,15,心理/睡眠分层干预与对话式支持
江西思维智光医疗科技有限公司,认知障碍评估训练与脑电刺激治疗系统,digital_health_or_medical_device_software,nmpa_udi,https://udi.nmpa.gov.cn/showDetailCX.html?deviceRecordKey=069799554103222026041703374932,mental_health,10,8,2,5,15,心理/睡眠分层干预与对话式支持
江西思维智光医疗科技有限公司,认知障碍评估训练与脑电刺激治疗系统,digital_health_or_medical_device_software,nmpa_udi,https://udi.nmpa.gov.cn/showDetailCX.html?deviceRecordKey=069799554103392026041703374933,mental_health,10,8,2,5,15,心理/睡眠分层干预与对话式支持
江西思维智光医疗科技有限公司,认知障碍评估训练与脑电刺激治疗系统,digital_health_or_medical_device_software,nmpa_udi,https://udi.nmpa.gov.cn/showDetailCX.html?deviceRecordKey=069799554103462026041703374934,mental_health,10,8,2,5,15,心理/睡眠分层干预与对话式支持
江西思维智光医疗科技有限公司,认知障碍评估训练与脑电刺激治疗系统,digital_health_or_medical_device_software,nmpa_udi,https://udi.nmpa.gov.cn/showDetailCX.html?deviceRecordKey=069799554103532026041703374935,mental_health,10,8,2,5,15,心理/睡眠分层干预与对话式支持
江西思维智光医疗科技有限公司,认知障碍评估训练与脑电刺激治疗系统,digital_health_or_medical_device_software,nmpa_udi,https://udi.nmpa.gov.cn/showDetailCX.html?deviceRecordKey=069799554103602026041703374936,mental_health,10,8,2,5,15,心理/睡眠分层干预与对话式支持
江西思维智光医疗科技有限公司,认知障碍评估训练与脑电刺激治疗系统,digital_health_or_medical_device_software,nmpa_udi,https://udi.nmpa.gov.cn/showDetailCX.html?deviceRecordKey=069799554103772026041703374937,mental_health,10,8,2,5,15,心理/睡眠分层干预与对话式支持
江西思维智光医疗科技有限公司,认知障碍评估训练与脑电刺激治疗系统,digital_health_or_medical_device_software,nmpa_udi,https://udi.nmpa.gov.cn/showDetailCX.html?deviceRecordKey=069799554103842026041703374938,mental_health,10,8,2,5,15,心理/睡眠分层干预与对话式支持
江西思维智光医疗科技有限公司,认知障碍评估训练与脑电刺激治疗系统,digital_health_or_medical_device_software,nmpa_udi,https://udi.nmpa.gov.cn/showDetailCX.html?deviceRecordKey=069799554103912026041703374939,mental_health,10,8,2,5,15,心理/睡眠分层干预与对话式支持
江西思维智光医疗科技有限公司,认知障碍评估训练与脑电刺激治疗系统,digital_health_or_medical_device_software,nmpa_udi,https://udi.nmpa.gov.cn/showDetailCX.html?deviceRecordKey=069799554104072026041703374940,mental_health,10,8,2,5,15,心理/睡眠分层干预与对话式支持
江西思维智光医疗科技有限公司,认知障碍评估训练与脑电刺激治疗系统,digital_health_or_medical_device_software,nmpa_udi,https://udi.nmpa.gov.cn/showDetailCX.html?deviceRecordKey=069799554104142026041703374941,mental_health,10,8,2,5,15,心理/睡眠分层干预与对话式支持
江西思维智光医疗科技有限公司,认知障碍评估训练与脑电刺激治疗系统,digital_health_or_medical_device_software,nmpa_udi,https://udi.nmpa.gov.cn/showDetailCX.html?deviceRecordKey=069799554104212026041703374942,mental_health,10,8,2,5,15,心理/睡眠分层干预与对话式支持
江西思维智光医疗科技有限公司,认知障碍评估训练与脑电刺激治疗系统,digital_health_or_medical_device_software,nmpa_udi,https://udi.nmpa.gov.cn/showDetailCX.html?deviceRecordKey=069799554104382026041703374943,mental_health,10,8,2,5,15,心理/睡眠分层干预与对话式支持
江西思维智光医疗科技有限公司,认知障碍评估训练与脑电刺激治疗系统,digital_health_or_medical_device_software,nmpa_udi,https://udi.nmpa.gov.cn/showDetailCX.html?deviceRecordKey=069799554104452026041703374944,mental_health,10,8,2,5,15,心理/睡眠分层干预与对话式支持
江西思维智光医疗科技有限公司,认知障碍评估训练与脑电刺激治疗系统,digital_health_or_medical_device_software,nmpa_udi,https://udi.nmpa.gov.cn/showDetailCX.html?deviceRecordKey=069799554104522026041703374945,mental_health,10,8,2,5,15,心理/睡眠分层干预与对话式支持
江西思维智光医疗科技有限公司,认知障碍评估训练与脑电刺激治疗系统,digital_health_or_medical_device_software,nmpa_udi,https://udi.nmpa.gov.cn/showDetailCX.html?deviceRecordKey=069799554104692026041703374946,mental_health,10,8,2,5,15,心理/睡眠分层干预与对话式支持
江西思维智光医疗科技有限公司,认知障碍评估训练与脑电刺激治疗系统,digital_health_or_medical_device_software,nmpa_udi,https://udi.nmpa.gov.cn/showDetailCX.html?deviceRecordKey=069799554104762026041703374947,mental_health,10,8,2,5,15,心理/睡眠分层干预与对话式支持
江西思维智光医疗科技有限公司,认知障碍评估训练与脑电刺激治疗系统,digital_health_or_medical_device_software,nmpa_udi,https://udi.nmpa.gov.cn/showDetailCX.html?deviceRecordKey=069799554104832026041703374948,mental_health,10,8,2,5,15,心理/睡眠分层干预与对话式支持
深圳京柏医疗科技股份有限公司,盆底康复治疗仪,digital_health_or_medical_device_software,nmpa_udi,https://udi.nmpa.gov.cn/showDetailCX.html?deviceRecordKey=0695174055061120260430020307433,rehabilitation,10,8,2,5,15,康复计划生成、动作/依从性反馈与 care manager copilot
深圳京柏医疗科技股份有限公司,盆底康复治疗仪,digital_health_or_medical_device_software,nmpa_udi,https://udi.nmpa.gov.cn/showDetailCX.html?deviceRecordKey=0695174055062820260430021227521,rehabilitation,10,8,2,5,15,康复计划生成、动作/依从性反馈与 care manager copilot
深圳京柏医疗科技股份有限公司,盆底康复治疗仪,digital_health_or_medical_device_software,nmpa_udi,https://udi.nmpa.gov.cn/showDetailCX.html?deviceRecordKey=0695174055063520260430021753276,rehabilitation,10,8,2,5,15,康复计划生成、动作/依从性反馈与 care manager copilot
纳龙健康科技股份有限公司,中央监护系统软件,samd_or_medical_software,nmpa_udi,https://udi.nmpa.gov.cn/showDetailCX.html?deviceRecordKey=0697614113021720260424044847289,samd,5,14,4,7,15,远程监测风险分层与异常预警
纳龙健康科技股份有限公司,影像档案传输处理系统软件,samd_or_medical_software,nmpa_udi,https://udi.nmpa.gov.cn/showDetailCX.html?deviceRecordKey=0697614113017020260424042209895,samd,5,14,4,7,15,远程监测风险分层与异常预警
长沙爱孕记医疗科技有限公司,产前超声影像传输处理软件,samd_or_medical_software,nmpa_udi,https://udi.nmpa.gov.cn/showDetailCX.html?deviceRecordKey=273c8003f6164690916f8a3fdc31996c,samd,5,14,4,7,15,远程监测风险分层与异常预警
长沙爱孕记医疗科技有限公司,产前超声影像传输处理软件,samd_or_medical_software,nmpa_udi,https://udi.nmpa.gov.cn/showDetailCX.html?deviceRecordKey=aca22e4b290d4bc6beb18a4f6809902f,samd,5,14,4,7,15,远程监测风险分层与异常预警
长沙爱孕记医疗科技有限公司,产前超声影像传输处理软件,samd_or_medical_software,nmpa_udi,https://udi.nmpa.gov.cn/showDetailCX.html?deviceRecordKey=cacdbf8172a447d59acf6e9879dfee62,samd,5,14,4,7,15,远程监测风险分层与异常预警
"Argus Cognitive, Inc.",Argus Cognitive ReVISION Software,samd_or_medical_software,openfda_device_510k,https://www.accessdata.fda.gov/scripts/cdrh/cfdocs/cfpmn/pmn.cfm?id=K223322,samd; mental_health,10,8,4,7,14,心理/睡眠分层干预与对话式支持
"Mahana Therapeutics, Inc.",Mahana Parallel Digital Cognitive Behavioral Therapy (CBT) Mobile Application for Irritable Bowel Syndrome (IBS),samd_or_medical_software,openfda_device_510k,https://www.accessdata.fda.gov/scripts/cdrh/cfdocs/cfpmn/pmn.cfm?id=K211372,samd; mental_health,10,8,4,7,14,心理/睡眠分层干预与对话式支持
广州安必平医药科技股份有限公司,慢性淋巴细胞白血病染色体及基因异常探针试剂（原位杂交法）,digital_health_or_medical_device_software,nmpa_udi,https://udi.nmpa.gov.cn/showDetailCX.html?deviceRecordKey=6558657301A45FE7403F711B542256B7,clinical_workflow; samd,13,7,8,7,14,医生工作流、病历摘要和临床文档自动化
广州安必平医药科技股份有限公司,慢性淋巴细胞白血病染色体及基因异常检测试剂盒（原位杂交法）,digital_health_or_medical_device_software,nmpa_udi,https://udi.nmpa.gov.cn/showDetailCX.html?deviceRecordKey=E81B9B9654066CCE632B38DD691D1997,clinical_workflow; samd,13,7,8,7,14,医生工作流、病历摘要和临床文档自动化
"Adsis , Ltd.",REMOTE PRESENCE AND CARE SYSTEM (RPCS 5000),digital_health_or_medical_device_software,openfda_device_510k,https://www.accessdata.fda.gov/scripts/cdrh/cfdocs/cfpmn/pmn.cfm?id=K010791,,5,9,0,2,13,医疗软件 AI 增强
"Big Health, Inc.",Daylight,digital_health_or_medical_device_software,openfda_device_510k,https://www.accessdata.fda.gov/scripts/cdrh/cfdocs/cfpmn/pmn.cfm?id=K233872,digital_therapeutics; mental_health; sleep_health,10,8,6,7,13,心理/睡眠分层干预与对话式支持
"Broncus Technologies, Inc.",LUNGPOINT VIRTUAL BRONCHOSCOPIC NAVIGATION VBN SYSTEM,digital_health_or_medical_device_software,openfda_device_510k,https://www.accessdata.fda.gov/scripts/cdrh/cfdocs/cfpmn/pmn.cfm?id=K090095,,5,9,0,2,13,医疗软件 AI 增强
"Catheter Robotics, Inc.",AMIGO REMOTE CATHETER SYSTEM,digital_health_or_medical_device_software,openfda_device_510k,https://www.accessdata.fda.gov/scripts/cdrh/cfdocs/cfpmn/pmn.cfm?id=DEN140009,,5,9,0,2,13,医疗软件 AI 增强
"Image-Guided Neurologics, Inc.","REMOTE INTRODUCER, MODEL PI-1000",digital_health_or_medical_device_software,openfda_device_510k,https://www.accessdata.fda.gov/scripts/cdrh/cfdocs/cfpmn/pmn.cfm?id=K990907,,5,9,0,2,13,医疗软件 AI 增强
Mindmaze SA,MindMotion(TM) GO,digital_health_or_medical_device_software,openfda_device_510k,https://www.accessdata.fda.gov/scripts/cdrh/cfdocs/cfpmn/pmn.cfm?id=K173931,digital_therapeutics; rehabilitation; samd,10,8,6,7,13,康复计划生成、动作/依从性反馈与 care manager copilot
Mindmaze SA,MindMotionPRO,digital_health_or_medical_device_software,openfda_device_510k,https://www.accessdata.fda.gov/scripts/cdrh/cfdocs/cfpmn/pmn.cfm?id=K162748,digital_therapeutics; rehabilitation; samd,10,8,6,7,13,康复计划生成、动作/依从性反馈与 care manager copilot
mySugr,mySugr,samd_or_medical_software,round2_seed,https://www.mysugr.com/,samd; chronic_disease_management,11,6,4,5,13,慢病管理 AI 教练与个性化随访
"Power Medical Interventions, Inc.",SURGASSIST SYSTEM; WIRELESS REMOTE CONTROL (COMPONENT); WIRED REMOTE CONTROL,digital_health_or_medical_device_software,openfda_device_510k,https://www.accessdata.fda.gov/scripts/cdrh/cfdocs/cfpmn/pmn.cfm?id=K020343,,5,9,0,2,13,医疗软件 AI 增强
"Signifier Medical Technologies, Ltd.",eXciteOSA without remote control (3000);  eXciteOSA with remote control (6000),digital_health_or_medical_device_software,openfda_device_510k,https://www.accessdata.fda.gov/scripts/cdrh/cfdocs/cfpmn/pmn.cfm?id=K223446,,5,9,0,2,13,医疗软件 AI 增强
Voluntis Sa.,Theraxium,samd_or_medical_software,round2_company_site,https://aptardigitalhealth.com/,samd,5,13,6,5,13,慢病管理 AI 教练与个性化随访
"Widex Hearing Aid Co., Inc.",WIDEX BTE HEARING AID MODEL Q16 WITH REMOTE,digital_health_or_medical_device_software,openfda_device_510k,https://www.accessdata.fda.gov/scripts/cdrh/cfdocs/cfpmn/pmn.cfm?id=K897033,,5,9,0,2,13,医疗软件 AI 增强
健康160,健康160,samd_or_medical_software,round2_seed,https://www.91160.com/,samd; internet_healthcare,5,12,4,5,13,在线问诊分诊、问答和医患服务自动化
上海联影智能科技股份有限公司,肺结节CT图像辅助诊断软件,samd_or_medical_software,nmpa_udi,https://udi.nmpa.gov.cn/showDetailCX.html?deviceRecordKey=0697419760073920260413112825851,samd; clinical_workflow,13,7,10,10,12,医生工作流、病历摘要和临床文档自动化; 患者互动、留存和健康行为 nudging
广州安必平医药科技股份有限公司,宫颈细胞数字病理图像辅助诊断软件,samd_or_medical_software,nmpa_udi,https://udi.nmpa.gov.cn/showDetailCX.html?deviceRecordKey=0694850093468220260509111140206,samd; clinical_workflow,13,7,10,10,12,医生工作流、病历摘要和临床文档自动化
成都尚医信息科技有限公司,R Plus Health; 术康,samd_or_medical_software,round2_seed,https://www.prnewswire.com/news-releases/cf-pharmtech-and-chengdu-shangyi-launch-the-home-based-recovery-program-for-discharged-covid-19-patients-and-announce-todays-global-release-of-the-r-plus-health-free-app-301219070.html,samd; rehabilitation,10,6,4,5,12,康复计划生成、动作/依从性反馈与 care manager copilot
 江西维德医疗健康管理有限公司,一次性医用防护服,digital_health_or_medical_device_software,nmpa_udi,https://udi.nmpa.gov.cn/showDetailCX.html?deviceRecordKey=06970360995510202404121206390,health_management_platform,5,7,0,2,11,医疗软件 AI 增强
 江西维德医疗健康管理有限公司,医用防护口罩,digital_health_or_medical_device_software,nmpa_udi,https://udi.nmpa.gov.cn/showDetailCX.html?deviceRecordKey=06970360996036202404121206310,health_management_platform,5,7,0,2,11,医疗软件 AI 增强
"Ali-Oop Co., Inc.",DEVICE FOR REPOSITIONING A BET PATIENT,digital_health_or_medical_device_software,openfda_device_510k,https://www.accessdata.fda.gov/scripts/cdrh/cfdocs/cfpmn/pmn.cfm?id=K813356,,5,7,0,2,11,医疗软件 AI 增强
"Clinical Information Systems, Inc.",MODEL IDS640 PATIENT DATA DISPLAY & STORAGE MONIT.,digital_health_or_medical_device_software,openfda_device_510k,https://www.accessdata.fda.gov/scripts/cdrh/cfdocs/cfpmn/pmn.cfm?id=K882352,,5,7,0,2,11,医生工作流、病历摘要和临床文档自动化
"Daesung America Co., Inc.",TIGER PATIENT EXAM GLOVES,digital_health_or_medical_device_software,openfda_device_510k,https://www.accessdata.fda.gov/scripts/cdrh/cfdocs/cfpmn/pmn.cfm?id=K892978,,5,7,0,2,11,医疗软件 AI 增强
"Erbe USA, Inc.",DISPOSABLE PATIENT RETURN ELECTRODE,digital_health_or_medical_device_software,openfda_device_510k,https://www.accessdata.fda.gov/scripts/cdrh/cfdocs/cfpmn/pmn.cfm?id=K972269,,5,7,0,2,11,医疗软件 AI 增强
"Marquette Electronics, Inc.",EAGLE 4000 PATIENT MONITOR,digital_health_or_medical_device_software,openfda_device_510k,https://www.accessdata.fda.gov/scripts/cdrh/cfdocs/cfpmn/pmn.cfm?id=K964750,,5,7,0,2,11,远程监测风险分层与异常预警
"Mortara Instrument, Inc.",MORTARA SURVEYOR PATIENT MONITOR,digital_health_or_medical_device_software,openfda_device_510k,https://www.accessdata.fda.gov/scripts/cdrh/cfdocs/cfpmn/pmn.cfm?id=K123556,,5,7,0,2,11,远程监测风险分层与异常预警
Shangdong Zibo Shanchuan Medical Instruments Co.,"POWDER-FREE, YELLOW VINYL PATIENT EXAMINATION GLOVES",digital_health_or_medical_device_software,openfda_device_510k,https://www.accessdata.fda.gov/scripts/cdrh/cfdocs/cfpmn/pmn.cfm?id=K092000,,5,7,0,2,11,医疗软件 AI 增强
"Sterigard, Inc.","LATEX PATIENT EXAMINATION GLOVES, HYPOALLERGENIC",digital_health_or_medical_device_software,openfda_device_510k,https://www.accessdata.fda.gov/scripts/cdrh/cfdocs/cfpmn/pmn.cfm?id=K912083,,5,7,0,2,11,医疗软件 AI 增强
Tornier S.A.S.,BLUEPRINT Patient Specific Instrumentation,digital_health_or_medical_device_software,openfda_device_510k,https://www.accessdata.fda.gov/scripts/cdrh/cfdocs/cfpmn/pmn.cfm?id=K232265,,5,7,0,2,11,医疗软件 AI 增强
"Zdi, Solutions, LLC","Z-Box/Z-Tilt Breast and Thoracic Positioning Device, Z-Square Indexing System, Z-Foam, Z-Bar Index Bar, Z-Pulls Patient Hand Grip Overlay",digital_health_or_medical_device_software,openfda_device_510k,https://www.accessdata.fda.gov/scripts/cdrh/cfdocs/cfpmn/pmn.cfm?id=K162002,,5,7,0,2,11,医疗软件 AI 增强
卓越星河健康管理（南京）有限公司,牙周用透明质酸凝胶,digital_health_or_medical_device_software,nmpa_udi,https://udi.nmpa.gov.cn/showDetailCX.html?deviceRecordKey=f2e611e507d74fe69f35c0dca18622b4,health_management_platform,5,7,0,2,11,医疗软件 AI 增强
卓越星河健康管理（南京）有限公司,牙周用透明质酸溶液,digital_health_or_medical_device_software,nmpa_udi,https://udi.nmpa.gov.cn/showDetailCX.html?deviceRecordKey=b3f48fe79015490d99c46888a74af1fc,health_management_platform,5,7,0,2,11,医疗软件 AI 增强
济民健康管理股份有限公司,血液透析浓缩液,digital_health_or_medical_device_software,nmpa_udi,https://udi.nmpa.gov.cn/showDetailCX.html?deviceRecordKey=1f088f9d-ff2a-495e-b20b-6004c2213d40,health_management_platform,5,7,0,2,11,医疗软件 AI 增强
济民健康管理股份有限公司,血液透析浓缩液,digital_health_or_medical_device_software,nmpa_udi,https://udi.nmpa.gov.cn/showDetailCX.html?deviceRecordKey=13762f50-3526-4193-a68e-d59e7eaf846f,health_management_platform,5,7,0,2,11,医疗软件 AI 增强
济民健康管理股份有限公司,血液透析浓缩液,digital_health_or_medical_device_software,nmpa_udi,https://udi.nmpa.gov.cn/showDetailCX.html?deviceRecordKey=5766bb42-6fbf-4252-b655-7ebe9a273716,health_management_platform,5,7,0,2,11,医疗软件 AI 增强
济民健康管理股份有限公司,血液透析浓缩液,digital_health_or_medical_device_software,nmpa_udi,https://udi.nmpa.gov.cn/showDetailCX.html?deviceRecordKey=be97e3bd-69a6-4f7e-9b54-3a21e78326b7,health_management_platform,5,7,0,2,11,医疗软件 AI 增强
济民健康管理股份有限公司,血液透析浓缩液,digital_health_or_medical_device_software,nmpa_udi,https://udi.nmpa.gov.cn/showDetailCX.html?deviceRecordKey=df8a7ce3-93a2-4804-873a-31fe0eebc17c,health_management_platform,5,7,0,2,11,医疗软件 AI 增强
济民健康管理股份有限公司,血液透析浓缩液,digital_health_or_medical_device_software,nmpa_udi,https://udi.nmpa.gov.cn/showDetailCX.html?deviceRecordKey=76c1515f-b5ae-4c1f-a2b9-d508d66922ad,health_management_platform,5,7,0,2,11,医疗软件 AI 增强
济民健康管理股份有限公司,血液透析浓缩液,digital_health_or_medical_device_software,nmpa_udi,https://udi.nmpa.gov.cn/showDetailCX.html?deviceRecordKey=51b42893-ae70-4d49-b9e0-7efae3c882fe,health_management_platform,5,7,0,2,11,医疗软件 AI 增强
济民健康管理股份有限公司,血液透析浓缩液,digital_health_or_medical_device_software,nmpa_udi,https://udi.nmpa.gov.cn/showDetailCX.html?deviceRecordKey=4fc2abce-48d5-4a21-9a85-511cc0503447,health_management_platform,5,7,0,2,11,医疗软件 AI 增强
济民健康管理股份有限公司,血液透析浓缩液,digital_health_or_medical_device_software,nmpa_udi,https://udi.nmpa.gov.cn/showDetailCX.html?deviceRecordKey=70ccb72c-9042-4fd4-b63b-99895b973a95,health_management_platform,5,7,0,2,11,医疗软件 AI 增强
济民健康管理股份有限公司,血液透析浓缩液,digital_health_or_medical_device_software,nmpa_udi,https://udi.nmpa.gov.cn/showDetailCX.html?deviceRecordKey=cab332d2-3976-48f0-b53c-4653d5624176,health_management_platform,5,7,0,2,11,医疗软件 AI 增强
济民健康管理股份有限公司,血液透析浓缩液,digital_health_or_medical_device_software,nmpa_udi,https://udi.nmpa.gov.cn/showDetailCX.html?deviceRecordKey=d2504167-52e9-4da5-9901-4405ce76e565,health_management_platform,5,7,0,2,11,医疗软件 AI 增强
济民健康管理股份有限公司,血液透析浓缩液,digital_health_or_medical_device_software,nmpa_udi,https://udi.nmpa.gov.cn/showDetailCX.html?deviceRecordKey=0aed2f55-f51a-490b-bc5c-32abdcce84ac,health_management_platform,5,7,0,2,11,医疗软件 AI 增强
济民健康管理股份有限公司,预充式导管冲洗器,digital_health_or_medical_device_software,nmpa_udi,https://udi.nmpa.gov.cn/showDetailCX.html?deviceRecordKey=0697213749104120220415105508034,health_management_platform,5,7,0,2,11,医疗软件 AI 增强
济民健康管理股份有限公司,预充式导管冲洗器,digital_health_or_medical_device_software,nmpa_udi,https://udi.nmpa.gov.cn/showDetailCX.html?deviceRecordKey=0697213749105820220415105813032,health_management_platform,5,7,0,2,11,医疗软件 AI 增强
济民健康管理股份有限公司,预充式导管冲洗器,digital_health_or_medical_device_software,nmpa_udi,https://udi.nmpa.gov.cn/showDetailCX.html?deviceRecordKey=0697213749106520220415110053364,health_management_platform,5,7,0,2,11,医疗软件 AI 增强
"Barron Associates, Inc.",Virtual Occupational Therapy Application (VOTA),samd_or_medical_software,openfda_device_510k,https://www.accessdata.fda.gov/scripts/cdrh/cfdocs/cfpmn/pmn.cfm?id=K163245,samd,5,9,4,7,10,医疗软件智能化和疗效反馈闭环
"Draeger Medical Systems, Inc.","INFINITY EXPLORER SOFTWARE, C700 FOR IT PATIENT VICINITY WORKSTATION",samd_or_medical_software,openfda_device_510k,https://www.accessdata.fda.gov/scripts/cdrh/cfdocs/cfpmn/pmn.cfm?id=K141756,samd,5,7,4,7,8,医疗软件智能化和疗效反馈闭环
"Infobionic, Inc.",MoMe Software Platform,samd_or_medical_software,openfda_device_510k,https://www.accessdata.fda.gov/scripts/cdrh/cfdocs/cfpmn/pmn.cfm?id=K152491,samd,5,7,4,7,8,医疗软件智能化和疗效反馈闭环
上海联影智能科技股份有限公司,主动脉夹层CT血管造影图像辅助分诊软件,samd_or_medical_software,nmpa_udi,https://udi.nmpa.gov.cn/showDetailCX.html?deviceRecordKey=0697419760033320241126113220827,samd,5,7,4,7,8,医生工作流、病历摘要和临床文档自动化; 患者互动、留存和健康行为 nudging
上海联影智能科技股份有限公司,乳腺X射线图像辅助检测软件,samd_or_medical_software,nmpa_udi,https://udi.nmpa.gov.cn/showDetailCX.html?deviceRecordKey=0697419760060920241028111026135,samd,5,7,4,7,8,医生工作流、病历摘要和临床文档自动化; 患者互动、留存和健康行为 nudging
上海联影智能科技股份有限公司,冠状动脉CT血流储备分数计算软件,samd_or_medical_software,nmpa_udi,https://udi.nmpa.gov.cn/showDetailCX.html?deviceRecordKey=0697419760019720240429052949398,samd,5,7,4,7,8,医生工作流、病历摘要和临床文档自动化; 患者互动、留存和健康行为 nudging
上海联影智能科技股份有限公司,冠状动脉CT造影图像血管狭窄辅助评估软件,samd_or_medical_software,nmpa_udi,https://udi.nmpa.gov.cn/showDetailCX.html?deviceRecordKey=0697419760028920230824020708139,samd,5,7,4,7,8,医生工作流、病历摘要和临床文档自动化; 患者互动、留存和健康行为 nudging
上海联影智能科技股份有限公司,前列腺癌MRI图像轮廓勾画软件,samd_or_medical_software,nmpa_udi,https://udi.nmpa.gov.cn/showDetailCX.html?deviceRecordKey=0697419760035720250819103137751,samd,5,7,4,7,8,医生工作流、病历摘要和临床文档自动化; 患者互动、留存和健康行为 nudging
上海联影智能科技股份有限公司,缺血性卒中CT图像辅助评估软件,samd_or_medical_software,nmpa_udi,https://udi.nmpa.gov.cn/showDetailCX.html?deviceRecordKey=0697419760041820250826044449746,samd,5,7,4,7,8,医生工作流、病历摘要和临床文档自动化; 患者互动、留存和健康行为 nudging
上海联影智能科技股份有限公司,肺栓塞CT血管造影图像辅助分诊软件,samd_or_medical_software,nmpa_udi,https://udi.nmpa.gov.cn/showDetailCX.html?deviceRecordKey=0697419760030220240927040446847,samd,5,7,4,7,8,医生工作流、病历摘要和临床文档自动化; 患者互动、留存和健康行为 nudging
上海联影智能科技股份有限公司,肺炎CT影像辅助分诊与评估软件,samd_or_medical_software,nmpa_udi,https://udi.nmpa.gov.cn/showDetailCX.html?deviceRecordKey=0697419760002920220614032338768,samd,5,7,4,7,8,医生工作流、病历摘要和临床文档自动化; 患者互动、留存和健康行为 nudging
上海联影智能科技股份有限公司,肺结节CT图像辅助检测软件,samd_or_medical_software,nmpa_udi,https://udi.nmpa.gov.cn/showDetailCX.html?deviceRecordKey=0697419760036420231106092432531,samd,5,7,4,7,8,医生工作流、病历摘要和临床文档自动化; 患者互动、留存和健康行为 nudging
上海联影智能科技股份有限公司,肺结节CT影像辅助检测软件,samd_or_medical_software,nmpa_udi,https://udi.nmpa.gov.cn/showDetailCX.html?deviceRecordKey=0697419760001220220614031516122,samd,5,7,4,7,8,医生工作流、病历摘要和临床文档自动化; 患者互动、留存和健康行为 nudging
上海联影智能科技股份有限公司,脑缺血CT灌注图像辅助评估软件,samd_or_medical_software,nmpa_udi,https://udi.nmpa.gov.cn/showDetailCX.html?deviceRecordKey=0697419760065420250709110549577,samd,5,7,4,7,8,医生工作流、病历摘要和临床文档自动化; 患者互动、留存和健康行为 nudging
上海联影智能科技股份有限公司,颅内出血CT影像辅助分诊软件,samd_or_medical_software,nmpa_udi,https://udi.nmpa.gov.cn/showDetailCX.html?deviceRecordKey=0697419760015920220614032656358,samd,5,7,4,7,8,医生工作流、病历摘要和临床文档自动化; 患者互动、留存和健康行为 nudging
上海联影智能科技股份有限公司,颅内动脉瘤CT血管造影图像辅助检测软件,samd_or_medical_software,nmpa_udi,https://udi.nmpa.gov.cn/showDetailCX.html?deviceRecordKey=0697419760058620241008035234980,samd,5,7,4,7,8,医生工作流、病历摘要和临床文档自动化; 患者互动、留存和健康行为 nudging
上海联影智能科技股份有限公司,骨折CT影像辅助检测软件,samd_or_medical_software,nmpa_udi,https://udi.nmpa.gov.cn/showDetailCX.html?deviceRecordKey=0697419760003620220614031938232,samd,5,7,4,7,8,医生工作流、病历摘要和临床文档自动化; 患者互动、留存和健康行为 nudging
广西医准智能科技有限公司,产前超声影像处理软件,samd_or_medical_software,nmpa_udi,https://udi.nmpa.gov.cn/showDetailCX.html?deviceRecordKey=0697549183017420260424101604462,samd,5,7,4,7,8,医生工作流、病历摘要和临床文档自动化
广西医准智能科技有限公司,颈动脉超声影像处理软件,samd_or_medical_software,nmpa_udi,https://udi.nmpa.gov.cn/showDetailCX.html?deviceRecordKey=0697549183016720260204040539443,samd,5,7,4,7,8,医生工作流、病历摘要和临床文档自动化
深圳市绘云生物科技有限公司,慢性肝病风险计算软件,samd_or_medical_software,nmpa_udi,https://udi.nmpa.gov.cn/showDetailCX.html?deviceRecordKey=06975754180022202304110424121,samd,5,7,4,7,8,医生工作流、病历摘要和临床文档自动化
苏州塞伯坦医疗科技有限公司,医学影像处理软件,samd_or_medical_software,nmpa_udi,https://udi.nmpa.gov.cn/showDetailCX.html?deviceRecordKey=0697783813001520260410042043412,samd,5,7,4,7,8,医生工作流、病历摘要和临床文档自动化
麦康迪（绍兴）科技有限公司,骨骼肌指数 CT 影像处理软件,samd_or_medical_software,nmpa_udi,https://udi.nmpa.gov.cn/showDetailCX.html?deviceRecordKey=6479ba87437042aeb1168a1c055b35ca,samd,5,7,4,7,8,医生工作流、病历摘要和临床文档自动化
Sidekick Health,Sidekick Health,digital_therapeutics_or_dtx,round2_seed,https://www.sidekickhealth.com/,digital_therapeutics; chronic_disease_management,6,6,6,5,7,慢病管理 AI 教练与个性化随访
welldoc,BlueStar,digital_therapeutics_or_dtx,round2_seed,https://www.welldoc.com/,digital_therapeutics; chronic_disease_management,6,6,6,5,7,慢病管理 AI 教练与个性化随访
"3M Health Care, Sarns",FLEXIBLE ARTERIAL CANNULAE,digital_health_or_medical_device_software,openfda_device_510k,https://www.accessdata.fda.gov/scripts/cdrh/cfdocs/cfpmn/pmn.cfm?id=K771499,,5,2,0,2,6,医疗软件 AI 增强
"3M Health Care, Sarns",MODIFIED SARNS MEMBRANE OXYGENATOR,digital_health_or_medical_device_software,openfda_device_510k,https://www.accessdata.fda.gov/scripts/cdrh/cfdocs/cfpmn/pmn.cfm?id=K863902,,5,2,0,2,6,医疗软件 AI 增强
"3M Health Care, Sarns",SARNS CARDIOPLEGIA CANNULAE (VAR. TYPES,digital_health_or_medical_device_software,openfda_device_510k,https://www.accessdata.fda.gov/scripts/cdrh/cfdocs/cfpmn/pmn.cfm?id=K822210,,5,2,0,2,6,医疗软件 AI 增强
3Shape A/S,Abutment Design,digital_health_or_medical_device_software,openfda_device_510k,https://www.accessdata.fda.gov/scripts/cdrh/cfdocs/cfpmn/pmn.cfm?id=K200100,,5,2,0,2,6,医疗软件 AI 增强
Abigo Medical AB,Sorbact Wound Dressing-Ribbon Gauze,digital_health_or_medical_device_software,openfda_device_510k,https://www.accessdata.fda.gov/scripts/cdrh/cfdocs/cfpmn/pmn.cfm?id=K171225,,5,2,0,2,6,医疗软件 AI 增强
"Access Vascular, Inc.","HydroPICC 4Fr Single Lumen Marked catheter, 130 cm guidewire  - Basic Kit (70001201); HydroPICC 4Fr Single Lumen Marked catheter, 70 cm guidewire  - Basic Kit (70001202); HydroPICC 4Fr Single Lumen Marked catheter, Maximal Barrier kit (70001204); HydroPICC 4Fr Single Lumen Marked catheter, Mobile Maximal Barrier Kit (90001204)",digital_health_or_medical_device_software,openfda_device_510k,https://www.accessdata.fda.gov/scripts/cdrh/cfdocs/cfpmn/pmn.cfm?id=K243941,,5,2,0,2,6,医疗软件 AI 增强
"Actigraph, LLC",ActiGraph LEAP activity monitor (ActiGraph LEAP),digital_health_or_medical_device_software,openfda_device_510k,https://www.accessdata.fda.gov/scripts/cdrh/cfdocs/cfpmn/pmn.cfm?id=K231532,,5,2,0,2,6,远程监测风险分层与异常预警
"Adaptive Video, Inc.",AD/V IMAGEPLEX(TM),digital_health_or_medical_device_software,openfda_device_510k,https://www.accessdata.fda.gov/scripts/cdrh/cfdocs/cfpmn/pmn.cfm?id=K943158,,5,2,0,2,6,医疗软件 AI 增强
Agfa Healthcare Corporation,AGFA COMPUTED RADIOGRAPHY SYSTEMS WITH NX2008 WORKSTATIONS,digital_health_or_medical_device_software,openfda_device_510k,https://www.accessdata.fda.gov/scripts/cdrh/cfdocs/cfpmn/pmn.cfm?id=K081963,,5,2,0,2,6,医疗软件 AI 增强
"Akzona, Inc.",ORGANON ARTERIAL BLOOD SAMPLER,digital_health_or_medical_device_software,openfda_device_510k,https://www.accessdata.fda.gov/scripts/cdrh/cfdocs/cfpmn/pmn.cfm?id=K801435,,5,2,0,2,6,医疗软件 AI 增强
"Alert Care, Inc.",ELD-ARONDAK CHAIR,digital_health_or_medical_device_software,openfda_device_510k,https://www.accessdata.fda.gov/scripts/cdrh/cfdocs/cfpmn/pmn.cfm?id=K926053,,5,2,0,2,6,医疗软件 AI 增强
Allergan Medical Optics,AMO ELITE,digital_health_or_medical_device_software,openfda_device_510k,https://www.accessdata.fda.gov/scripts/cdrh/cfdocs/cfpmn/pmn.cfm?id=K924235,,5,2,0,2,6,医疗软件 AI 增强
American Pharmaseal Div. Ahsc,AIRLIFE ARTERIAL BLOOD GAS SAMPLING SYRINGE,digital_health_or_medical_device_software,openfda_device_510k,https://www.accessdata.fda.gov/scripts/cdrh/cfdocs/cfpmn/pmn.cfm?id=K870720,,5,2,0,2,6,医疗软件 AI 增强
"American Threshold Industries, Inc.","DRAW SHEET, ANTI-MICROBIAL",digital_health_or_medical_device_software,openfda_device_510k,https://www.accessdata.fda.gov/scripts/cdrh/cfdocs/cfpmn/pmn.cfm?id=K832487,,5,2,0,2,6,医疗软件 AI 增强
"Analytical Products, Inc.",ARTAP ARTERIAL BLOOD SAMPLING DEVICE,digital_health_or_medical_device_software,openfda_device_510k,https://www.accessdata.fda.gov/scripts/cdrh/cfdocs/cfpmn/pmn.cfm?id=K843360,,5,2,0,2,6,医疗软件 AI 增强
"Andover Medical, Inc.",HOLTER KIT MODEL #5000 SERIES,digital_health_or_medical_device_software,openfda_device_510k,https://www.accessdata.fda.gov/scripts/cdrh/cfdocs/cfpmn/pmn.cfm?id=K823414,,5,2,0,2,6,医疗软件 AI 增强
"Andros Analyzers, Inc.",ANGIOTEC ZX DIGITAL IMAGE PROCESSOR,digital_health_or_medical_device_software,openfda_device_510k,https://www.accessdata.fda.gov/scripts/cdrh/cfdocs/cfpmn/pmn.cfm?id=K892869,,5,2,0,2,6,医疗软件 AI 增强
"Angiosystems, Inc.",MEDICAL PROCEDURE KITS/ARTERIAL BLOOD SAMPLING,digital_health_or_medical_device_software,openfda_device_510k,https://www.accessdata.fda.gov/scripts/cdrh/cfdocs/cfpmn/pmn.cfm?id=K905464,,5,2,0,2,6,医疗软件 AI 增强
"Anulex Technologies, Inc.",FIXATE TISSUE BAND,digital_health_or_medical_device_software,openfda_device_510k,https://www.accessdata.fda.gov/scripts/cdrh/cfdocs/cfpmn/pmn.cfm?id=K112849,,5,2,0,2,6,医疗软件 AI 增强
"Applied Diabetes Research, Inc.","THINSET 1.8 ML RESERVOIR, MODEL 326A; THINSET 3.0 ML RESERVOIR, MODEL 332A",digital_health_or_medical_device_software,openfda_device_510k,https://www.accessdata.fda.gov/scripts/cdrh/cfdocs/cfpmn/pmn.cfm?id=K041152,,5,2,0,2,6,医疗软件 AI 增强
"Aqueduct Critical Care, Inc.",Smart External Drain (SED) System,digital_health_or_medical_device_software,openfda_device_510k,https://www.accessdata.fda.gov/scripts/cdrh/cfdocs/cfpmn/pmn.cfm?id=K181301,,5,2,0,2,6,医疗软件 AI 增强
"Ascensia Diabetes Care U.S., Inc.",MICROLET®NEXT 2 Lancing Device,digital_health_or_medical_device_software,openfda_device_510k,https://www.accessdata.fda.gov/scripts/cdrh/cfdocs/cfpmn/pmn.cfm?id=K250813,,5,2,0,2,6,医疗软件 AI 增强
"Atcor Medical Pty, Ltd.",SPHYGMOCOR CARDIOVASCULAR MANAGEMENT SYSTEM,digital_health_or_medical_device_software,openfda_device_510k,https://www.accessdata.fda.gov/scripts/cdrh/cfdocs/cfpmn/pmn.cfm?id=K070795,,5,2,0,2,6,医疗软件 AI 增强
"Athena Gtx, Inc.",WVSM Pro (Series) (500-0030-XX),digital_health_or_medical_device_software,openfda_device_510k,https://www.accessdata.fda.gov/scripts/cdrh/cfdocs/cfpmn/pmn.cfm?id=K233354,,5,2,0,2,6,医疗软件 AI 增强
Atheus Corp.,EXTERNAL FETAL MONITOR TRANSDUCER HOLDER,digital_health_or_medical_device_software,openfda_device_510k,https://www.accessdata.fda.gov/scripts/cdrh/cfdocs/cfpmn/pmn.cfm?id=K905606,,5,2,0,2,6,远程监测风险分层与异常预警
Athlos OY,DC-Air and Athlos-1 and Athlos-Air,digital_health_or_medical_device_software,openfda_device_510k,https://www.accessdata.fda.gov/scripts/cdrh/cfdocs/cfpmn/pmn.cfm?id=K211688,,5,2,0,2,6,医疗软件 AI 增强
"Atlantic Therapeutics, Ltd.",INNOVO,digital_health_or_medical_device_software,openfda_device_510k,https://www.accessdata.fda.gov/scripts/cdrh/cfdocs/cfpmn/pmn.cfm?id=K192357,,5,2,0,2,6,医疗软件 AI 增强
"Atrility Medical, LLC","AtriAmp, AtriAmp - Pacing Cable Medtronic Connector, AtriAmp - Pacing Cable Oscor Connector",digital_health_or_medical_device_software,openfda_device_510k,https://www.accessdata.fda.gov/scripts/cdrh/cfdocs/cfpmn/pmn.cfm?id=K200674,,5,2,0,2,6,医疗软件 AI 增强
"Auri-Stem Medical, Inc.",NET-2000 MICROCURRENT STIMULATOR,digital_health_or_medical_device_software,openfda_device_510k,https://www.accessdata.fda.gov/scripts/cdrh/cfdocs/cfpmn/pmn.cfm?id=K060158,,5,2,0,2,6,医疗软件 AI 增强
Avita Corporation,AVITA AGIL IT 101 INSTANT DIGITAL THERMOMETER,digital_health_or_medical_device_software,openfda_device_510k,https://www.accessdata.fda.gov/scripts/cdrh/cfdocs/cfpmn/pmn.cfm?id=K012136,,5,2,0,2,6,医疗软件 AI 增强
"B.Braun Medical, Inc.",PERIPHERALLY INSERTED CENTRAL CATHETER,digital_health_or_medical_device_software,openfda_device_510k,https://www.accessdata.fda.gov/scripts/cdrh/cfdocs/cfpmn/pmn.cfm?id=K964929,,5,2,0,2,6,医疗软件 AI 增强
"Basic Medical Technology, Inc.","Nitrile Powder-Free Exam Gloves 2.8, Tested for Use with Chemotherapy Drugs, Opioid Fentanyl Citrate, Simulated Gastric Acid (light blue, dark blue)",digital_health_or_medical_device_software,openfda_device_510k,https://www.accessdata.fda.gov/scripts/cdrh/cfdocs/cfpmn/pmn.cfm?id=K250193,,5,2,0,2,6,医疗软件 AI 增强
Baxter Healthcare Corp,STERILE SALINE FOR CATHETER CARE,digital_health_or_medical_device_software,openfda_device_510k,https://www.accessdata.fda.gov/scripts/cdrh/cfdocs/cfpmn/pmn.cfm?id=K974397,,5,2,0,2,6,医疗软件 AI 增强
"Becton Dickinson Infusion Therapy Systems, Inc.",BD NEXIVA CLOSED IV CATHETER SYSTEM,digital_health_or_medical_device_software,openfda_device_510k,https://www.accessdata.fda.gov/scripts/cdrh/cfdocs/cfpmn/pmn.cfm?id=K102520,,5,2,0,2,6,医疗软件 AI 增强
"Big Health, Inc.",Sleepio; Daylight,digital_therapeutics_or_dtx,round2_seed,https://www.bighealth.com/,digital_therapeutics; mental_health; sleep_health,5,6,6,5,6,心理/睡眠分层干预与对话式支持
"Bio-Research Associates, Inc.",BIOEMG II AND BIOJVA,digital_health_or_medical_device_software,openfda_device_510k,https://www.accessdata.fda.gov/scripts/cdrh/cfdocs/cfpmn/pmn.cfm?id=K003176,,5,2,0,2,6,医疗软件 AI 增强
"Bio-Research Associates, Inc.","QUADRATENS, MODEL QT-42",digital_health_or_medical_device_software,openfda_device_510k,https://www.accessdata.fda.gov/scripts/cdrh/cfdocs/cfpmn/pmn.cfm?id=K061799,,5,2,0,2,6,医疗软件 AI 增强
Bio-Scan S.A,"SOLID STATE X-RAY IMAGING DEVICES, MODEL IRIS 20 AND IRIS 41 WITH IRIS VIEW",digital_health_or_medical_device_software,openfda_device_510k,https://www.accessdata.fda.gov/scripts/cdrh/cfdocs/cfpmn/pmn.cfm?id=K013897,,5,2,0,2,6,医疗软件 AI 增强
"Biomagnetic Technologies, Inc.",MAGNES II BIOMAGNETOMETER,digital_health_or_medical_device_software,openfda_device_510k,https://www.accessdata.fda.gov/scripts/cdrh/cfdocs/cfpmn/pmn.cfm?id=K941553,,5,2,0,2,6,医疗软件 AI 增强
"Biorest, Inc.",BR-2 BIOREST,digital_health_or_medical_device_software,openfda_device_510k,https://www.accessdata.fda.gov/scripts/cdrh/cfdocs/cfpmn/pmn.cfm?id=K873920,,5,2,0,2,6,医疗软件 AI 增强
"Biosafety Systems, Inc.",P2 NITRILE EXAM GLOVES,digital_health_or_medical_device_software,openfda_device_510k,https://www.accessdata.fda.gov/scripts/cdrh/cfdocs/cfpmn/pmn.cfm?id=K944095,,5,2,0,2,6,医疗软件 AI 增强
"Biotechnology, Inc.",BIOCHECK PEC-108 PROGRAM-PULSE MONITOR,digital_health_or_medical_device_software,openfda_device_510k,https://www.accessdata.fda.gov/scripts/cdrh/cfdocs/cfpmn/pmn.cfm?id=K831752,,5,2,0,2,6,远程监测风险分层与异常预警
Biotronics Corp.,BIOTRON 18,digital_health_or_medical_device_software,openfda_device_510k,https://www.accessdata.fda.gov/scripts/cdrh/cfdocs/cfpmn/pmn.cfm?id=K771534,,5,2,0,2,6,医疗软件 AI 增强
"Biotronik, Inc.",BIOMONITOR IV (471155),digital_health_or_medical_device_software,openfda_device_510k,https://www.accessdata.fda.gov/scripts/cdrh/cfdocs/cfpmn/pmn.cfm?id=K261074,,5,2,0,2,6,远程监测风险分层与异常预警
Boehringer Mannheim Corp.,"ELECSYS PSA, MODEL 2010",digital_health_or_medical_device_software,openfda_device_510k,https://www.accessdata.fda.gov/scripts/cdrh/cfdocs/cfpmn/pmn.cfm?id=K982949,,5,2,0,2,6,医疗软件 AI 增强
Brightheart,BrightHeart View Classifier,digital_health_or_medical_device_software,openfda_device_510k,https://www.accessdata.fda.gov/scripts/cdrh/cfdocs/cfpmn/pmn.cfm?id=K251456,,5,2,0,2,6,医疗软件 AI 增强
"Bruno Independent Living Aids, Inc.","BRUNO ELECTRA-RIDE, MODEL SRE-2700",digital_health_or_medical_device_software,openfda_device_510k,https://www.accessdata.fda.gov/scripts/cdrh/cfdocs/cfpmn/pmn.cfm?id=K022509,,5,2,0,2,6,医疗软件 AI 增强
"Bryggs Medical, LLC",ULTepap Expiratory Positive Airway Pressure (EPAP) Device,digital_health_or_medical_device_software,openfda_device_510k,https://www.accessdata.fda.gov/scripts/cdrh/cfdocs/cfpmn/pmn.cfm?id=K191728,,5,2,0,2,6,医疗软件 AI 增强
"Burron Medical Products, Inc.",MEDIFIX,digital_health_or_medical_device_software,openfda_device_510k,https://www.accessdata.fda.gov/scripts/cdrh/cfdocs/cfpmn/pmn.cfm?id=K813498,,5,2,0,2,6,医疗软件 AI 增强
"C.R. Bard, Inc.",BARD DIGNISHIELD STOOL MANAGEMENT SYSTEM,digital_health_or_medical_device_software,openfda_device_510k,https://www.accessdata.fda.gov/scripts/cdrh/cfdocs/cfpmn/pmn.cfm?id=K133251,,5,2,0,2,6,医疗软件 AI 增强
"C.R. Bard, Inc.",INSPIRON MANIFOLD (SINGLE),digital_health_or_medical_device_software,openfda_device_510k,https://www.accessdata.fda.gov/scripts/cdrh/cfdocs/cfpmn/pmn.cfm?id=K772295,,5,2,0,2,6,医疗软件 AI 增强
"Cambridge Cognition , Ltd., US Agent: Clementi Associates , Ltd.",Cantab Mobile,digital_health_or_medical_device_software,openfda_device_510k,https://www.accessdata.fda.gov/scripts/cdrh/cfdocs/cfpmn/pmn.cfm?id=K161328,,5,2,0,2,6,医疗软件 AI 增强
"Card Guard Scientific Survival , Ltd.",CARD GUARD MODEL CG-900,digital_health_or_medical_device_software,openfda_device_510k,https://www.accessdata.fda.gov/scripts/cdrh/cfdocs/cfpmn/pmn.cfm?id=K960553,,5,2,0,2,6,医疗软件 AI 增强
"Cardiac Control Systems, Inc.",MAESTRO(R) SERIES 100/200 SINGLE CHAMBER PACEMAKER,digital_health_or_medical_device_software,openfda_device_510k,https://www.accessdata.fda.gov/scripts/cdrh/cfdocs/cfpmn/pmn.cfm?id=K884023,,5,2,0,2,6,医疗软件 AI 增强
"Cardiac Pacemakers, Inc.","LEAD ADAPTERS #'S 6016,6022,6017 ETC",digital_health_or_medical_device_software,openfda_device_510k,https://www.accessdata.fda.gov/scripts/cdrh/cfdocs/cfpmn/pmn.cfm?id=K831160,,5,2,0,2,6,医疗软件 AI 增强
Cardiac Telecommunications,"CARDTEL, MODEL NT-100",digital_health_or_medical_device_software,openfda_device_510k,https://www.accessdata.fda.gov/scripts/cdrh/cfdocs/cfpmn/pmn.cfm?id=K000609,,5,2,0,2,6,医疗软件 AI 增强
"Cardima, Inc.",MODIFICATION TO: CARDIMA ABLATION SYSTEM,digital_health_or_medical_device_software,openfda_device_510k,https://www.accessdata.fda.gov/scripts/cdrh/cfdocs/cfpmn/pmn.cfm?id=K060715,,5,2,0,2,6,医疗软件 AI 增强
Cardinalhealth,Cardinal Health Nitrile Examination Gloves Extended Cuff,digital_health_or_medical_device_software,openfda_device_510k,https://www.accessdata.fda.gov/scripts/cdrh/cfdocs/cfpmn/pmn.cfm?id=K252313,,5,2,0,2,6,医疗软件 AI 增强
"Cardiovascular Diagnostics, Inc.",THROMBOLYTIC ASSESSMENT SYSTEM LOW RANGE HEPARIN MANAGEMENT TEST CONTROLS,digital_health_or_medical_device_software,openfda_device_510k,https://www.accessdata.fda.gov/scripts/cdrh/cfdocs/cfpmn/pmn.cfm?id=K981178,,5,2,0,2,6,医疗软件 AI 增强
"Cardon Rehabilitation Products, Inc.",CARDON PHYSICAL THERAPY TABLE MODEL R28535,digital_health_or_medical_device_software,openfda_device_510k,https://www.accessdata.fda.gov/scripts/cdrh/cfdocs/cfpmn/pmn.cfm?id=K950360,,5,2,0,2,6,医疗软件 AI 增强
"Cardon Rehabilitation Products, Inc.",CARDON PHYSICAL THERAPY TABLE MODEL R28598,digital_health_or_medical_device_software,openfda_device_510k,https://www.accessdata.fda.gov/scripts/cdrh/cfdocs/cfpmn/pmn.cfm?id=K960332,,5,2,0,2,6,医疗软件 AI 增强
"Cardon Rehabilitation Products, Inc.",CARDON PHYSICAL THERAPY TABLE MODEL: R27841,digital_health_or_medical_device_software,openfda_device_510k,https://www.accessdata.fda.gov/scripts/cdrh/cfdocs/cfpmn/pmn.cfm?id=K950872,,5,2,0,2,6,医疗软件 AI 增强
"Cardon Rehabilitation Products, Inc.",CARDON PHYSICAL THERAPY TABLE MODEL:R40194,digital_health_or_medical_device_software,openfda_device_510k,https://www.accessdata.fda.gov/scripts/cdrh/cfdocs/cfpmn/pmn.cfm?id=K951955,,5,2,0,2,6,医疗软件 AI 增强
"Cardon Rehabilitation Products, Inc.",CARDON PHYSICAL THERAPY TABLE R27114 AND R27642,digital_health_or_medical_device_software,openfda_device_510k,https://www.accessdata.fda.gov/scripts/cdrh/cfdocs/cfpmn/pmn.cfm?id=K950362,,5,2,0,2,6,医疗软件 AI 增强
"Cardon Rehabilitation Products, Inc.",CARDON PHYSICAL THERAPY TABLE R28575,digital_health_or_medical_device_software,openfda_device_510k,https://www.accessdata.fda.gov/scripts/cdrh/cfdocs/cfpmn/pmn.cfm?id=K950361,,5,2,0,2,6,医疗软件 AI 增强
"Cardon Rehabilitation Products, Inc.",CARDON PHYSICAL THERAPY TABLES MODELS R28591 & R28592,digital_health_or_medical_device_software,openfda_device_510k,https://www.accessdata.fda.gov/scripts/cdrh/cfdocs/cfpmn/pmn.cfm?id=K951906,,5,2,0,2,6,医疗软件 AI 增强
"Cardon Rehabilitation Products, Inc.",CARDON PHYSICAL THERAPY TABLES MODELS: R27610,digital_health_or_medical_device_software,openfda_device_510k,https://www.accessdata.fda.gov/scripts/cdrh/cfdocs/cfpmn/pmn.cfm?id=K950874,,5,2,0,2,6,医疗软件 AI 增强
"Cardon Rehabilitation Products, Inc.",CARDON PHYSICAL THERAPY TABLES R27635,digital_health_or_medical_device_software,openfda_device_510k,https://www.accessdata.fda.gov/scripts/cdrh/cfdocs/cfpmn/pmn.cfm?id=K950364,,5,2,0,2,6,医疗软件 AI 增强
"Care Products, Inc.",COLONCARE,digital_health_or_medical_device_software,openfda_device_510k,https://www.accessdata.fda.gov/scripts/cdrh/cfdocs/cfpmn/pmn.cfm?id=K030216,,5,2,0,2,6,医疗软件 AI 增强
Care Wise Medical Products Corp.,ONCOPROBE SYSTEM,digital_health_or_medical_device_software,openfda_device_510k,https://www.accessdata.fda.gov/scripts/cdrh/cfdocs/cfpmn/pmn.cfm?id=K884770,,5,2,0,2,6,医疗软件 AI 增强
Carestream Health,"Lux HD Detectors, DRX-LC Detector, DRX-Revolution Mobile X-Ray System",digital_health_or_medical_device_software,openfda_device_510k,https://www.accessdata.fda.gov/scripts/cdrh/cfdocs/cfpmn/pmn.cfm?id=K253185,,5,2,0,2,6,医疗软件 AI 增强
Carestream Health,DRX-Revolution Mobile X-ray System,digital_health_or_medical_device_software,openfda_device_510k,https://www.accessdata.fda.gov/scripts/cdrh/cfdocs/cfpmn/pmn.cfm?id=K191025,,5,2,0,2,6,医疗软件 AI 增强
"Catco Medical, Inc.",CATCO FIRST PICC,digital_health_or_medical_device_software,openfda_device_510k,https://www.accessdata.fda.gov/scripts/cdrh/cfdocs/cfpmn/pmn.cfm?id=K944504,,5,2,0,2,6,医疗软件 AI 增强
"Cerebral Assessment Systems, Inc.",COGNIVUE,digital_health_or_medical_device_software,openfda_device_510k,https://www.accessdata.fda.gov/scripts/cdrh/cfdocs/cfpmn/pmn.cfm?id=DEN130033,,5,2,0,2,6,医疗软件 AI 增强
"Charnwood Dynamics , Ltd.",CODA CX1 MOTION ANALYSIS SYSTEM,digital_health_or_medical_device_software,openfda_device_510k,https://www.accessdata.fda.gov/scripts/cdrh/cfdocs/cfpmn/pmn.cfm?id=K033514,,5,2,0,2,6,医疗软件 AI 增强
"Chattanooga Group, Inc.",INTELECT,digital_health_or_medical_device_software,openfda_device_510k,https://www.accessdata.fda.gov/scripts/cdrh/cfdocs/cfpmn/pmn.cfm?id=K974497,,5,2,0,2,6,医疗软件 AI 增强
"Chattanooga Group, Inc.",INTELECT MODEL 200,digital_health_or_medical_device_software,openfda_device_510k,https://www.accessdata.fda.gov/scripts/cdrh/cfdocs/cfpmn/pmn.cfm?id=K813593,,5,2,0,2,6,医疗软件 AI 增强
Chesebrough-Pond'S U.S.A. Co.,MARZ-175 ARTERIAL BLOOD GAS SYRINGE,digital_health_or_medical_device_software,openfda_device_510k,https://www.accessdata.fda.gov/scripts/cdrh/cfdocs/cfpmn/pmn.cfm?id=K833923,,5,2,0,2,6,医疗软件 AI 增强
Ciba Corning Diagnostics Corp.,CIBA CORNING BALANCED HEPARIN FOR CA++,digital_health_or_medical_device_software,openfda_device_510k,https://www.accessdata.fda.gov/scripts/cdrh/cfdocs/cfpmn/pmn.cfm?id=K875117,,5,2,0,2,6,医疗软件 AI 增强
Ciba Vision Corporation,SOLO-CARE BRAND HARD SOLUTION,digital_health_or_medical_device_software,openfda_device_510k,https://www.accessdata.fda.gov/scripts/cdrh/cfdocs/cfpmn/pmn.cfm?id=K993949,,5,2,0,2,6,医疗软件 AI 增强
Click Therapeutics,Click Therapeutics platform,digital_therapeutics_or_dtx,round2_company_site,https://www.clicktherapeutics.com/,digital_therapeutics; samd,5,7,6,8,6,医疗软件智能化和疗效反馈闭环
"Cnd Global Technologies, Inc.",ODI HD Dental Sensor,digital_health_or_medical_device_software,openfda_device_510k,https://www.accessdata.fda.gov/scripts/cdrh/cfdocs/cfpmn/pmn.cfm?id=K190234,,5,2,0,2,6,医疗软件 AI 增强
"Cobe Laboratories, Inc.",COBE RX METER,digital_health_or_medical_device_software,openfda_device_510k,https://www.accessdata.fda.gov/scripts/cdrh/cfdocs/cfpmn/pmn.cfm?id=K830629,,5,2,0,2,6,医疗软件 AI 增强
Codonics.Incorporated,"Codonics Safe Labeling System-Point of Care Station (PCS) (SLS-700i and related 610i, 620i, 630i series enabled to retrofit RFID features); Codonics Safe Labeling System-Point of Care Station (PCS) (SLS-1, SLS XXX, Multiple Models Pending Configuration)",digital_health_or_medical_device_software,openfda_device_510k,https://www.accessdata.fda.gov/scripts/cdrh/cfdocs/cfpmn/pmn.cfm?id=K251352,,5,2,0,2,6,医疗软件 AI 增强
Colon Therapeutics,"JIMMY JOHN III RECTAL NOZZEL, MODEL CIT",digital_health_or_medical_device_software,openfda_device_510k,https://www.accessdata.fda.gov/scripts/cdrh/cfdocs/cfpmn/pmn.cfm?id=K972455,,5,2,0,2,6,医疗软件 AI 增强
Conair Corp.,HEALTH ESSENTIALS FANCY PERSONAL MASSAGER,digital_health_or_medical_device_software,openfda_device_510k,https://www.accessdata.fda.gov/scripts/cdrh/cfdocs/cfpmn/pmn.cfm?id=K924584,,5,2,0,2,6,医疗软件 AI 增强
"Concord Laboratories, Inc.",ARTERIAL BLOOD SAMPLING KITS,digital_health_or_medical_device_software,openfda_device_510k,https://www.accessdata.fda.gov/scripts/cdrh/cfdocs/cfpmn/pmn.cfm?id=K841486,,5,2,0,2,6,医疗软件 AI 增强
"Concord Laboratories, Inc.",PULSATOR ARTERIAL BLOOD SAMPLING SYRIN,digital_health_or_medical_device_software,openfda_device_510k,https://www.accessdata.fda.gov/scripts/cdrh/cfdocs/cfpmn/pmn.cfm?id=K833582,,5,2,0,2,6,医疗软件 AI 增强
"Concord Laboratories, Inc.",VAPORIZED HEPARIN,digital_health_or_medical_device_software,openfda_device_510k,https://www.accessdata.fda.gov/scripts/cdrh/cfdocs/cfpmn/pmn.cfm?id=K840987,,5,2,0,2,6,医疗软件 AI 增强
Concord/Portex,ACCU-VENT(TM) WITH NEEDLE-PRO(TM),digital_health_or_medical_device_software,openfda_device_510k,https://www.accessdata.fda.gov/scripts/cdrh/cfdocs/cfpmn/pmn.cfm?id=K912043,,5,2,0,2,6,医疗软件 AI 增强
"Cook, Inc.",Turbo-Flo PICC Sets,digital_health_or_medical_device_software,openfda_device_510k,https://www.accessdata.fda.gov/scripts/cdrh/cfdocs/cfpmn/pmn.cfm?id=K161496,,5,2,0,2,6,医疗软件 AI 增强
"Cook, Inc.",WHOLEY OCCLUSION BALLOON CATHETER,digital_health_or_medical_device_software,openfda_device_510k,https://www.accessdata.fda.gov/scripts/cdrh/cfdocs/cfpmn/pmn.cfm?id=K772011,,5,2,0,2,6,医疗软件 AI 增强
"Copal, Inc.",DIGITAL SPHYGMOMANOMETER UA-231,digital_health_or_medical_device_software,openfda_device_510k,https://www.accessdata.fda.gov/scripts/cdrh/cfdocs/cfpmn/pmn.cfm?id=K832721,,5,2,0,2,6,医疗软件 AI 增强
"CSA Medical, Inc.",truFreeze Rapid AV Spray Kit,digital_health_or_medical_device_software,openfda_device_510k,https://www.accessdata.fda.gov/scripts/cdrh/cfdocs/cfpmn/pmn.cfm?id=K171522,,5,2,0,2,6,医疗软件 AI 增强
"Currie Medical Specialties, Inc.",ABG KITS - CMS 4000 SERIES,digital_health_or_medical_device_software,openfda_device_510k,https://www.accessdata.fda.gov/scripts/cdrh/cfdocs/cfpmn/pmn.cfm?id=K830333,,5,2,0,2,6,医疗软件 AI 增强
"Customed, Inc.",BLOOD GAS KIT (NON-STERILE) REORDER NO. 0560,digital_health_or_medical_device_software,openfda_device_510k,https://www.accessdata.fda.gov/scripts/cdrh/cfdocs/cfpmn/pmn.cfm?id=K930986,,5,2,0,2,6,医疗软件 AI 增强
"Customed, Inc.",TRACHEOSTOMY CARE KIT (STERILE),digital_health_or_medical_device_software,openfda_device_510k,https://www.accessdata.fda.gov/scripts/cdrh/cfdocs/cfpmn/pmn.cfm?id=K925020,,5,2,0,2,6,医疗软件 AI 增强
"Darmiyan, Inc.",BrainSee,digital_health_or_medical_device_software,openfda_device_510k,https://www.accessdata.fda.gov/scripts/cdrh/cfdocs/cfpmn/pmn.cfm?id=DEN220066,,5,2,0,2,6,医疗软件 AI 增强
Dash Medical Gloves Sdn Bhd,DASH SILICONIZED POLYMER COATED POWDER FREE LATEX EXAMINATION GLOVES WITH PROTEIN CONTENT LABELING CLAIM (50 MICROGRAMS,digital_health_or_medical_device_software,openfda_device_510k,https://www.accessdata.fda.gov/scripts/cdrh/cfdocs/cfpmn/pmn.cfm?id=K992128,,5,2,0,2,6,医疗软件 AI 增强
"Datascope Corp., Patient Monitoring Division","PASSPORT V MONITOR, MODEL 0998-00-6100",digital_health_or_medical_device_software,openfda_device_510k,https://www.accessdata.fda.gov/scripts/cdrh/cfdocs/cfpmn/pmn.cfm?id=K091834,,5,2,0,2,6,远程监测风险分层与异常预警
"Den Tek Oral Care, Inc.",CUSTOM COMFORT NIGHTGUARD,digital_health_or_medical_device_software,openfda_device_510k,https://www.accessdata.fda.gov/scripts/cdrh/cfdocs/cfpmn/pmn.cfm?id=K083400,,5,2,0,2,6,医疗软件 AI 增强
"Denttio, Inc.",TIO-H DIGITAL RADIOGRAPHY SENSOR,digital_health_or_medical_device_software,openfda_device_510k,https://www.accessdata.fda.gov/scripts/cdrh/cfdocs/cfpmn/pmn.cfm?id=K153144,,5,2,0,2,6,医疗软件 AI 增强
"Deseret Medical, Inc.",VIALON OBTURATOR,digital_health_or_medical_device_software,openfda_device_510k,https://www.accessdata.fda.gov/scripts/cdrh/cfdocs/cfpmn/pmn.cfm?id=K904121,,5,2,0,2,6,医疗软件 AI 增强
"Devon Industries, Inc.",ABG POINT LOK NEEDLE PROTECTION DEVICE,digital_health_or_medical_device_software,openfda_device_510k,https://www.accessdata.fda.gov/scripts/cdrh/cfdocs/cfpmn/pmn.cfm?id=K954015,,5,2,0,2,6,医疗软件 AI 增强
Dhd Medical Products Div. Diemolding Corp.,ARTERIAL BLOOD SAMPLING KIT,digital_health_or_medical_device_software,openfda_device_510k,https://www.accessdata.fda.gov/scripts/cdrh/cfdocs/cfpmn/pmn.cfm?id=K832545,,5,2,0,2,6,医疗软件 AI 增强
Dhd Medical Products Div. Diemolding Corp.,ARTERIAL BLOOD SAMPLING KIT,digital_health_or_medical_device_software,openfda_device_510k,https://www.accessdata.fda.gov/scripts/cdrh/cfdocs/cfpmn/pmn.cfm?id=K821406,,5,2,0,2,6,医疗软件 AI 增强
"Diasonics, Inc.",DIGITAL FLUROGRAPHIC IMAGING SYSTEM,digital_health_or_medical_device_software,openfda_device_510k,https://www.accessdata.fda.gov/scripts/cdrh/cfdocs/cfpmn/pmn.cfm?id=K813217,,5,2,0,2,6,医疗软件 AI 增强
"Dxrad Solutions , Ltd.",DXRAD MODELS DX800 OR DX808 DIGITAL DIAGNOSTIC RADIOGRAPHIC SYSTEMS,digital_health_or_medical_device_software,openfda_device_510k,https://www.accessdata.fda.gov/scripts/cdrh/cfdocs/cfpmn/pmn.cfm?id=K082261,,5,2,0,2,6,医疗软件 AI 增强
Dynarad Corp.,"9170, 1170",digital_health_or_medical_device_software,openfda_device_510k,https://www.accessdata.fda.gov/scripts/cdrh/cfdocs/cfpmn/pmn.cfm?id=K932354,,5,2,0,2,6,医疗软件 AI 增强
E.M. Adams,TRACHEOSTOMY CARE TRAY,digital_health_or_medical_device_software,openfda_device_510k,https://www.accessdata.fda.gov/scripts/cdrh/cfdocs/cfpmn/pmn.cfm?id=K813260,,5,2,0,2,6,医疗软件 AI 增强
"Electromedical Products, Inc.",ALPHA-STIM 350,digital_health_or_medical_device_software,openfda_device_510k,https://www.accessdata.fda.gov/scripts/cdrh/cfdocs/cfpmn/pmn.cfm?id=K881753,,5,2,0,2,6,医疗软件 AI 增强
"Electromedical Products, Inc.",ALPHA-STIM CS,digital_health_or_medical_device_software,openfda_device_510k,https://www.accessdata.fda.gov/scripts/cdrh/cfdocs/cfpmn/pmn.cfm?id=K903014,,5,2,0,2,6,医疗软件 AI 增强
Emde Corp.,MARZ-175,digital_health_or_medical_device_software,openfda_device_510k,https://www.accessdata.fda.gov/scripts/cdrh/cfdocs/cfpmn/pmn.cfm?id=K811199,,5,2,0,2,6,医疗软件 AI 增强
Emde Corp.,MOSQUITO,digital_health_or_medical_device_software,openfda_device_510k,https://www.accessdata.fda.gov/scripts/cdrh/cfdocs/cfpmn/pmn.cfm?id=K771013,,5,2,0,2,6,医疗软件 AI 增强
Empi,"EMPI, MODEL 489, TENS",digital_health_or_medical_device_software,openfda_device_510k,https://www.accessdata.fda.gov/scripts/cdrh/cfdocs/cfpmn/pmn.cfm?id=K890604,,5,2,0,2,6,医疗软件 AI 增强
Engineered Medical Systems,INCENTIVE SPIROMETER,digital_health_or_medical_device_software,openfda_device_510k,https://www.accessdata.fda.gov/scripts/cdrh/cfdocs/cfpmn/pmn.cfm?id=K000314,,5,2,0,2,6,医疗软件 AI 增强
Entra Health Systems,MYHEALTHPOINT TELEHEALTH MANAGER,digital_health_or_medical_device_software,openfda_device_510k,https://www.accessdata.fda.gov/scripts/cdrh/cfdocs/cfpmn/pmn.cfm?id=K132930,internet_healthcare,5,2,0,2,6,在线问诊分诊、问答和医患服务自动化
"Epm Information Systems, Inc.",THE TRACKER,digital_health_or_medical_device_software,openfda_device_510k,https://www.accessdata.fda.gov/scripts/cdrh/cfdocs/cfpmn/pmn.cfm?id=K923033,,5,2,0,2,6,医疗软件 AI 增强
"Eyekor, LLC",EXCELSIOR,digital_health_or_medical_device_software,openfda_device_510k,https://www.accessdata.fda.gov/scripts/cdrh/cfdocs/cfpmn/pmn.cfm?id=K130453,,5,2,0,2,6,医疗软件 AI 增强
"Facial Alveodental Implant Rehabilitation, Inc.",FLEXIROOT,digital_health_or_medical_device_software,openfda_device_510k,https://www.accessdata.fda.gov/scripts/cdrh/cfdocs/cfpmn/pmn.cfm?id=K852305,,5,2,0,2,6,医疗软件 AI 增强
Feops NV,FEops HEARTguide,digital_health_or_medical_device_software,openfda_device_510k,https://www.accessdata.fda.gov/scripts/cdrh/cfdocs/cfpmn/pmn.cfm?id=DEN200030,,5,2,0,2,6,医疗软件 AI 增强
"First Source, Inc.",iQFlex Pro,digital_health_or_medical_device_software,openfda_device_510k,https://www.accessdata.fda.gov/scripts/cdrh/cfdocs/cfpmn/pmn.cfm?id=K240009,,5,2,0,2,6,医疗软件 AI 增强
Fluidotherapy Corp.,SONOPULS 434 ULTRASOUND THERAPY EQUIPMENT,digital_health_or_medical_device_software,openfda_device_510k,https://www.accessdata.fda.gov/scripts/cdrh/cfdocs/cfpmn/pmn.cfm?id=K850640,,5,2,0,2,6,医疗软件 AI 增强
"Foshan Care Medical Technology Co., Ltd.",FOSHAN CARE MEDICAL NEBULIZER MODEL KYWH2001,digital_health_or_medical_device_software,openfda_device_510k,https://www.accessdata.fda.gov/scripts/cdrh/cfdocs/cfpmn/pmn.cfm?id=K101552,,5,2,0,2,6,医疗软件 AI 增强
"Freespira, Inc.",Freespira Breathing System,digital_health_or_medical_device_software,openfda_device_510k,https://www.accessdata.fda.gov/scripts/cdrh/cfdocs/cfpmn/pmn.cfm?id=K233337,,5,2,0,2,6,医疗软件 AI 增强
Fresenius Medical Care North America,"FRESENIUS COMBILLINES SINGLE NEEDLE BLOOD TUBING SET, CATALOG #03-2290",digital_health_or_medical_device_software,openfda_device_510k,https://www.accessdata.fda.gov/scripts/cdrh/cfdocs/cfpmn/pmn.cfm?id=K000451,,5,2,0,2,6,医疗软件 AI 增强
"Fresenius Medical Care Renal Therapies Group, LLC",Bicarby Dialysate RFP-404 (RFP-404-W); Bicarby Dialysate RFP-403 (RFP-403-W); Bicarby Dialysate RFP-403 (RFP-403-G); Bicarby Dialysate RFP-453 (RFP-453-W); Bicarby Dialysate RFP-453 (RFP-453-G); Bicarby Dialysate RFP-454 (RFP-454-W); Bicarby Dialysate RFP-454 (RFP-454-G); Bicarby Dialysate RFP-456 (RFP-456-W),digital_health_or_medical_device_software,openfda_device_510k,https://www.accessdata.fda.gov/scripts/cdrh/cfdocs/cfpmn/pmn.cfm?id=K252180,,5,2,0,2,6,医疗软件 AI 增强
"Fresenius Medical Care Renal Therapies Group, LLC","CombiSet SMARTECH Hemodialysis Blood Tubing Set with attached Priming Set and Integrated Crit-Line Technology, CombiSet SMARTECH Hemodialysis Blood Tubing Set with attached Priming Set and Intergrated Crit-Line Technology, no Heparin Line",digital_health_or_medical_device_software,openfda_device_510k,https://www.accessdata.fda.gov/scripts/cdrh/cfdocs/cfpmn/pmn.cfm?id=K201207,,5,2,0,2,6,医疗软件 AI 增强
"Fujirebio Dianostics, Inc.",Lumpipulse G CA19-9-N,digital_health_or_medical_device_software,openfda_device_510k,https://www.accessdata.fda.gov/scripts/cdrh/cfdocs/cfpmn/pmn.cfm?id=K191973,,5,2,0,2,6,医疗软件 AI 增强
"Fukuda Denshi USA, Inc.",MODEL U-1000 WITH GESTATIONAL AGE CALCULATION,digital_health_or_medical_device_software,openfda_device_510k,https://www.accessdata.fda.gov/scripts/cdrh/cfdocs/cfpmn/pmn.cfm?id=K871385,,5,2,0,2,6,医疗软件 AI 增强
Ge Dec Medical Systems,SERIES 6600 DIGITAL MOBILE C-ARM,digital_health_or_medical_device_software,openfda_device_510k,https://www.accessdata.fda.gov/scripts/cdrh/cfdocs/cfpmn/pmn.cfm?id=K951765,,5,2,0,2,6,医疗软件 AI 增强
Ge Medical Systems Information Technologies,UMBILICAL CORD BLOOD SAMPLING KIT,digital_health_or_medical_device_software,openfda_device_510k,https://www.accessdata.fda.gov/scripts/cdrh/cfdocs/cfpmn/pmn.cfm?id=K900302,,5,2,0,2,6,医疗软件 AI 增强
"Ge Medical Systems, LLC",Critical Care Suite with Endotracheal Tube Positing AI algorithm,digital_health_or_medical_device_software,openfda_device_510k,https://www.accessdata.fda.gov/scripts/cdrh/cfdocs/cfpmn/pmn.cfm?id=K211161,,5,2,0,2,6,医疗软件 AI 增强
"Ge Medical Systems, LLC",Optima XR240amx,digital_health_or_medical_device_software,openfda_device_510k,https://www.accessdata.fda.gov/scripts/cdrh/cfdocs/cfpmn/pmn.cfm?id=K182234,,5,2,0,2,6,医疗软件 AI 增强
"Ge Oec Medical Systems, Inc.",OEC Elite,digital_health_or_medical_device_software,openfda_device_510k,https://www.accessdata.fda.gov/scripts/cdrh/cfdocs/cfpmn/pmn.cfm?id=K172550,,5,2,0,2,6,医疗软件 AI 增强
General Electric Co.,VECTRA MOBILE MAGNETIC RESONANCE IMAGING SYSTEM,digital_health_or_medical_device_software,openfda_device_510k,https://www.accessdata.fda.gov/scripts/cdrh/cfdocs/cfpmn/pmn.cfm?id=K931460,,5,2,0,2,6,医疗软件 AI 增强
"General X-Ray, Inc.",PORTABLE X-RAY UNIT,digital_health_or_medical_device_software,openfda_device_510k,https://www.accessdata.fda.gov/scripts/cdrh/cfdocs/cfpmn/pmn.cfm?id=K790443,,5,2,0,2,6,医疗软件 AI 增强
"General X-Ray, Inc.","X-RAY STAND, PORTABLE",digital_health_or_medical_device_software,openfda_device_510k,https://www.accessdata.fda.gov/scripts/cdrh/cfdocs/cfpmn/pmn.cfm?id=K781676,,5,2,0,2,6,医疗软件 AI 增强
Gleamer Sas,BoneMetrics (US),digital_health_or_medical_device_software,openfda_device_510k,https://www.accessdata.fda.gov/scripts/cdrh/cfdocs/cfpmn/pmn.cfm?id=K241593,,5,2,0,2,6,医疗软件 AI 增强
Glidewell Laboratories-Sleep Devices Group,THERMOFORMED MOUTHGUARDS,digital_health_or_medical_device_software,openfda_device_510k,https://www.accessdata.fda.gov/scripts/cdrh/cfdocs/cfpmn/pmn.cfm?id=K121365,,5,2,0,2,6,医疗软件 AI 增强
Grove Video Corp.,TP440 ORTHOPROBE,digital_health_or_medical_device_software,openfda_device_510k,https://www.accessdata.fda.gov/scripts/cdrh/cfdocs/cfpmn/pmn.cfm?id=K821571,,5,2,0,2,6,医疗软件 AI 增强
"Gulf Medical Technologies, Inc.",SURETEX LATEX EXAMINATION GLOVES,digital_health_or_medical_device_software,openfda_device_510k,https://www.accessdata.fda.gov/scripts/cdrh/cfdocs/cfpmn/pmn.cfm?id=K900212,,5,2,0,2,6,医疗软件 AI 增强
"Gyrus Acmi, Inc.",DOLPHIN 3 FLUID MANAGEMENT SYSTEM,digital_health_or_medical_device_software,openfda_device_510k,https://www.accessdata.fda.gov/scripts/cdrh/cfdocs/cfpmn/pmn.cfm?id=K110852,,5,2,0,2,6,医疗软件 AI 增强
"Hammer-Plane, Inc.",NEEDLE SAFETY COVER,digital_health_or_medical_device_software,openfda_device_510k,https://www.accessdata.fda.gov/scripts/cdrh/cfdocs/cfpmn/pmn.cfm?id=K950098,,5,2,0,2,6,医疗软件 AI 增强
"Healthdirections, Inc.",HP-1 (HEALTHPAX),digital_health_or_medical_device_software,openfda_device_510k,https://www.accessdata.fda.gov/scripts/cdrh/cfdocs/cfpmn/pmn.cfm?id=K883812,,5,2,0,2,6,医疗软件 AI 增强
"Heartlab, Inc.",DICOMVIEW,digital_health_or_medical_device_software,openfda_device_510k,https://www.accessdata.fda.gov/scripts/cdrh/cfdocs/cfpmn/pmn.cfm?id=K954479,,5,2,0,2,6,医疗软件 AI 增强
HelloBetter,HelloBetter,digital_therapeutics_or_dtx,round2_seed,https://hellobetter.de/,digital_therapeutics; mental_health,5,6,6,5,6,心理/睡眠分层干预与对话式支持
Hemedex Incorporated,"QFLOW 500 TITANIUM BOLT, QUAD LUMEN BOLT KIT",digital_health_or_medical_device_software,openfda_device_510k,https://www.accessdata.fda.gov/scripts/cdrh/cfdocs/cfpmn/pmn.cfm?id=K141869,,5,2,0,2,6,医疗软件 AI 增强
"Hitachi Aloka Medical,Ltd. (Hitachi Aloka Medical",PROUSOUND ALPHA 7 VER. 6.0 DIAGNOSTIC ULTRASOUND SYSTEM MODEL: PROSOUND ALPHA 7 VER. 6.0,digital_health_or_medical_device_software,openfda_device_510k,https://www.accessdata.fda.gov/scripts/cdrh/cfdocs/cfpmn/pmn.cfm?id=K122537,,5,2,0,2,6,医疗软件 AI 增强
Hospal Medical Corp.,"NEBULIZER, MOLEL 503, PART #17068",digital_health_or_medical_device_software,openfda_device_510k,https://www.accessdata.fda.gov/scripts/cdrh/cfdocs/cfpmn/pmn.cfm?id=K771105,,5,2,0,2,6,医疗软件 AI 增强
"Huntleigh Healthcare, Inc.",BABY DOPPLEX (3000),digital_health_or_medical_device_software,openfda_device_510k,https://www.accessdata.fda.gov/scripts/cdrh/cfdocs/cfpmn/pmn.cfm?id=K963711,,5,2,0,2,6,医疗软件 AI 增强
Huntsville Rehabilitation Foundation,"GOWN, OPERATING SURGICAL",digital_health_or_medical_device_software,openfda_device_510k,https://www.accessdata.fda.gov/scripts/cdrh/cfdocs/cfpmn/pmn.cfm?id=K911568,,5,2,0,2,6,医疗软件 AI 增强
"Hyland Therapeutic Div., Travenol Laboratories",HAEMOPHILUS INFLUENZAE TYPE B ANTISERUM,digital_health_or_medical_device_software,openfda_device_510k,https://www.accessdata.fda.gov/scripts/cdrh/cfdocs/cfpmn/pmn.cfm?id=K820192,,5,2,0,2,6,医疗软件 AI 增强
I3 Membrane GmbH,i3 ONE (203100-S);i3 TWO connect (203200-S);i3 TWO direct (203300-S),digital_health_or_medical_device_software,openfda_device_510k,https://www.accessdata.fda.gov/scripts/cdrh/cfdocs/cfpmn/pmn.cfm?id=K222727,,5,2,0,2,6,医疗软件 AI 增强
"Imagexray, LLC",VFSS Pro Mobile Digital Imaging System,digital_health_or_medical_device_software,openfda_device_510k,https://www.accessdata.fda.gov/scripts/cdrh/cfdocs/cfpmn/pmn.cfm?id=K212523,,5,2,0,2,6,医疗软件 AI 增强
"Imatron, Inc.",C-IOO MOBILE CINE CT UNIT,digital_health_or_medical_device_software,openfda_device_510k,https://www.accessdata.fda.gov/scripts/cdrh/cfdocs/cfpmn/pmn.cfm?id=K864046,,5,2,0,2,6,医疗软件 AI 增强
"Imd, Inc.",PROPHY CARE PASTE,digital_health_or_medical_device_software,openfda_device_510k,https://www.accessdata.fda.gov/scripts/cdrh/cfdocs/cfpmn/pmn.cfm?id=K863133,,5,2,0,2,6,医疗软件 AI 增强
Implant Management of America,VARIOUS DENTAL IMPLANTS WITH COVER SCREWS,digital_health_or_medical_device_software,openfda_device_510k,https://www.accessdata.fda.gov/scripts/cdrh/cfdocs/cfpmn/pmn.cfm?id=K961861,,5,2,0,2,6,医疗软件 AI 增强
"Implantech Associates, Inc.",IMPLATECH RP MEDICAL GRADE SILICONE GEL SHEETING,digital_health_or_medical_device_software,openfda_device_510k,https://www.accessdata.fda.gov/scripts/cdrh/cfdocs/cfpmn/pmn.cfm?id=K964846,,5,2,0,2,6,医疗软件 AI 增强
"In Light Wellness Systems, Inc.",Elysiom Polychromatic LED Light Therapy (PLLT) System (Elysiom),digital_health_or_medical_device_software,openfda_device_510k,https://www.accessdata.fda.gov/scripts/cdrh/cfdocs/cfpmn/pmn.cfm?id=K153389,,5,2,0,2,6,医疗软件 AI 增强
"Indiba USA, Inc.",Indiba Diathermia Radiofrequency Device - Activ; Indiba Diathermia Radiofrequency Device - Deep Care,digital_health_or_medical_device_software,openfda_device_510k,https://www.accessdata.fda.gov/scripts/cdrh/cfdocs/cfpmn/pmn.cfm?id=K161458,,5,2,0,2,6,医疗软件 AI 增强
"Innovative Neurological Devices, LLC",Cervella,digital_health_or_medical_device_software,openfda_device_510k,https://www.accessdata.fda.gov/scripts/cdrh/cfdocs/cfpmn/pmn.cfm?id=K182311,,5,2,0,2,6,医疗软件 AI 增强
Insulet Corporation,"Omnipod® Insulin Management System, Omnipod DASH® Insulin Management System",digital_health_or_medical_device_software,openfda_device_510k,https://www.accessdata.fda.gov/scripts/cdrh/cfdocs/cfpmn/pmn.cfm?id=K211575,,5,2,0,2,6,医疗软件 AI 增强
"Intec Medical, Inc.",GIANT LUMEN SAFETIP SERIES: ENDOMYOCARDIAL BIOPSY,digital_health_or_medical_device_software,openfda_device_510k,https://www.accessdata.fda.gov/scripts/cdrh/cfdocs/cfpmn/pmn.cfm?id=K903840,,5,2,0,2,6,医疗软件 AI 增强
Integra Neurosciences,"CAMINO SINGLE PARAMETER MONITOR, MODEL SPM-1",digital_health_or_medical_device_software,openfda_device_510k,https://www.accessdata.fda.gov/scripts/cdrh/cfdocs/cfpmn/pmn.cfm?id=K031086,,5,2,0,2,6,远程监测风险分层与异常预警
"Intelligent Retinal Imaging Systems, LLC",IRIS INTELLIGENT RETINAL IMAGING SYSTEM,digital_health_or_medical_device_software,openfda_device_510k,https://www.accessdata.fda.gov/scripts/cdrh/cfdocs/cfpmn/pmn.cfm?id=K141922,,5,2,0,2,6,医疗软件 AI 增强
Intelligent Ultrasound Limited,ScanNav Anatomy Peripheral Nerve Block,digital_health_or_medical_device_software,openfda_device_510k,https://www.accessdata.fda.gov/scripts/cdrh/cfdocs/cfpmn/pmn.cfm?id=DEN220024,,5,2,0,2,6,医疗软件 AI 增强
Interventional Therapeutics Corp.,INTHERM STASIS VALVE SYSTEM,digital_health_or_medical_device_software,openfda_device_510k,https://www.accessdata.fda.gov/scripts/cdrh/cfdocs/cfpmn/pmn.cfm?id=K931025,,5,2,0,2,6,医疗软件 AI 增强
"Intra Luminal Therapeutics, Inc.",MODIFICATION TO SAFE-CROSS RADIO FREQUENCY TOTAL OCCLUSION CROSSING SYSTEM,digital_health_or_medical_device_software,openfda_device_510k,https://www.accessdata.fda.gov/scripts/cdrh/cfdocs/cfpmn/pmn.cfm?id=K041973,,5,2,0,2,6,医疗软件 AI 增强
"Ischemaview, Inc.",Rapid ASPECTS (v3),digital_health_or_medical_device_software,openfda_device_510k,https://www.accessdata.fda.gov/scripts/cdrh/cfdocs/cfpmn/pmn.cfm?id=K232156,,5,2,0,2,6,医疗软件 AI 增强
"Ischemaview, Inc.",Rapid ICH,digital_health_or_medical_device_software,openfda_device_510k,https://www.accessdata.fda.gov/scripts/cdrh/cfdocs/cfpmn/pmn.cfm?id=K221456,,5,2,0,2,6,医疗软件 AI 增强
Jelco Laboratories,"TRAY, ARTERIAL BLOOD GAS SAMPLING",digital_health_or_medical_device_software,openfda_device_510k,https://www.accessdata.fda.gov/scripts/cdrh/cfdocs/cfpmn/pmn.cfm?id=K781857,,5,2,0,2,6,医疗软件 AI 增强
Julie Alliance,QUICKRAY DSX 730,digital_health_or_medical_device_software,openfda_device_510k,https://www.accessdata.fda.gov/scripts/cdrh/cfdocs/cfpmn/pmn.cfm?id=K990002,,5,2,0,2,6,医疗软件 AI 增强
"Kalaco Scientific, Inc.","TRANSCRANIAL ELECTROTHERAPY STIMULATOR-A, MODEL TESA-1",digital_health_or_medical_device_software,openfda_device_510k,https://www.accessdata.fda.gov/scripts/cdrh/cfdocs/cfpmn/pmn.cfm?id=K024377,,5,2,0,2,6,医疗软件 AI 增强
"Katecho, Inc.",K-DISPERSE,digital_health_or_medical_device_software,openfda_device_510k,https://www.accessdata.fda.gov/scripts/cdrh/cfdocs/cfpmn/pmn.cfm?id=K921679,,5,2,0,2,6,医疗软件 AI 增强
"Kci USA, Inc.",PREVENA RESTOR(TM) Incision Management System,digital_health_or_medical_device_software,openfda_device_510k,https://www.accessdata.fda.gov/scripts/cdrh/cfdocs/cfpmn/pmn.cfm?id=K181507,,5,2,0,2,6,医疗软件 AI 增强
Kimberly-Clark Corp.,KIMBERLY-CLARK STERLING NITRILE POWDER-FREE EXAM GLOVE (STERILE),digital_health_or_medical_device_software,openfda_device_510k,https://www.accessdata.fda.gov/scripts/cdrh/cfdocs/cfpmn/pmn.cfm?id=K081027,,5,2,0,2,6,医疗软件 AI 增强
"Kinetic Rehabilitation Instruments, Inc.",HELPING HAND,digital_health_or_medical_device_software,openfda_device_510k,https://www.accessdata.fda.gov/scripts/cdrh/cfdocs/cfpmn/pmn.cfm?id=K954427,,5,2,0,2,6,医疗软件 AI 增强
Kjaerulff Rehabilitation A/S,COMBI SELF PROPELLED SHOWER COMMODE,digital_health_or_medical_device_software,openfda_device_510k,https://www.accessdata.fda.gov/scripts/cdrh/cfdocs/cfpmn/pmn.cfm?id=K040677,,5,2,0,2,6,医疗软件 AI 增强
"Kone Instruments, Inc.",CENTRAL STATION 590,digital_health_or_medical_device_software,openfda_device_510k,https://www.accessdata.fda.gov/scripts/cdrh/cfdocs/cfpmn/pmn.cfm?id=K830432,,5,2,0,2,6,医疗软件 AI 增强
Kronner Medical,BLOOD GAS SAFETY SYRINGE,digital_health_or_medical_device_software,openfda_device_510k,https://www.accessdata.fda.gov/scripts/cdrh/cfdocs/cfpmn/pmn.cfm?id=K895171,,5,2,0,2,6,医疗软件 AI 增强
"Kub Technologies, Inc.",DIGIVIEW 250,digital_health_or_medical_device_software,openfda_device_510k,https://www.accessdata.fda.gov/scripts/cdrh/cfdocs/cfpmn/pmn.cfm?id=K103348,,5,2,0,2,6,医疗软件 AI 增强
"Kung-Ho International, Inc.",HEALTH-UP,digital_health_or_medical_device_software,openfda_device_510k,https://www.accessdata.fda.gov/scripts/cdrh/cfdocs/cfpmn/pmn.cfm?id=K840040,,5,2,0,2,6,医疗软件 AI 增强
"Lake Medical Products, Inc.",CORD-ASSURE UMBILICAL BLOOD GAS KIT,digital_health_or_medical_device_software,openfda_device_510k,https://www.accessdata.fda.gov/scripts/cdrh/cfdocs/cfpmn/pmn.cfm?id=K872244,,5,2,0,2,6,医疗软件 AI 增强
Lakeview Sleep Center,NASAL COMFORT FREEDOM,digital_health_or_medical_device_software,openfda_device_510k,https://www.accessdata.fda.gov/scripts/cdrh/cfdocs/cfpmn/pmn.cfm?id=K130686,,5,2,0,2,6,医疗软件 AI 增强
Laralab GmbH,LARALAB,digital_health_or_medical_device_software,openfda_device_510k,https://www.accessdata.fda.gov/scripts/cdrh/cfdocs/cfpmn/pmn.cfm?id=K242500,,5,2,0,2,6,医疗软件 AI 增强
"Life Balance Intl., Inc.",LB-2000 CRANIAL ELECTROTHERAPY STIMULATOR,digital_health_or_medical_device_software,openfda_device_510k,https://www.accessdata.fda.gov/scripts/cdrh/cfdocs/cfpmn/pmn.cfm?id=K910616,,5,2,0,2,6,医疗软件 AI 增强
Ligence Uab,Ligence Heart,digital_health_or_medical_device_software,openfda_device_510k,https://www.accessdata.fda.gov/scripts/cdrh/cfdocs/cfpmn/pmn.cfm?id=K253535,,5,2,0,2,6,医疗软件 AI 增强
"Loredan Biomedical, Inc.",LIDO V-TAK,digital_health_or_medical_device_software,openfda_device_510k,https://www.accessdata.fda.gov/scripts/cdrh/cfdocs/cfpmn/pmn.cfm?id=K924512,,5,2,0,2,6,医疗软件 AI 增强
"Luminopia, Inc.",Luminopia,digital_health_or_medical_device_software,openfda_device_510k,https://www.accessdata.fda.gov/scripts/cdrh/cfdocs/cfpmn/pmn.cfm?id=K233720,,5,2,0,2,6,医疗软件 AI 增强
M-Pact Worldwide Management Corp.,"IVALON PVA SURGICAL SPEAR, IVALON EYE DRAIN, 80CC, IVALON EYE DRAIN, 400CC, IVALON EYE WICK",digital_health_or_medical_device_software,openfda_device_510k,https://www.accessdata.fda.gov/scripts/cdrh/cfdocs/cfpmn/pmn.cfm?id=K971832,,5,2,0,2,6,医疗软件 AI 增强
"Macneil Baby Care , Ltd.",SINGLE HANDED BREAST PUMP,digital_health_or_medical_device_software,openfda_device_510k,https://www.accessdata.fda.gov/scripts/cdrh/cfdocs/cfpmn/pmn.cfm?id=K941112,,5,2,0,2,6,医疗软件 AI 增强
"Magnetic Research, Inc.",TELERAD STAT,digital_health_or_medical_device_software,openfda_device_510k,https://www.accessdata.fda.gov/scripts/cdrh/cfdocs/cfpmn/pmn.cfm?id=K931795,,5,2,0,2,6,医疗软件 AI 增强
Mallinckrodt Critical Care,CHOLESTEROL REAGENT,digital_health_or_medical_device_software,openfda_device_510k,https://www.accessdata.fda.gov/scripts/cdrh/cfdocs/cfpmn/pmn.cfm?id=K771313,,5,2,0,2,6,医疗软件 AI 增强
Mallinckrodt Critical Care,RIA QUANT C-PEPTIDE KIT,digital_health_or_medical_device_software,openfda_device_510k,https://www.accessdata.fda.gov/scripts/cdrh/cfdocs/cfpmn/pmn.cfm?id=K812689,,5,2,0,2,6,医疗软件 AI 增强
"Marquest Medical Products, Inc.",ASPIRATOR,digital_health_or_medical_device_software,openfda_device_510k,https://www.accessdata.fda.gov/scripts/cdrh/cfdocs/cfpmn/pmn.cfm?id=K830312,,5,2,0,2,6,医疗软件 AI 增强
"Marquest Medical Products, Inc.",AUTOSTIK,digital_health_or_medical_device_software,openfda_device_510k,https://www.accessdata.fda.gov/scripts/cdrh/cfdocs/cfpmn/pmn.cfm?id=K820875,,5,2,0,2,6,医疗软件 AI 增强
"Marquest Medical Products, Inc.",GAS-LYTE 1CC AND 3CC ARTERIAL BLOOD SAMPLERS,digital_health_or_medical_device_software,openfda_device_510k,https://www.accessdata.fda.gov/scripts/cdrh/cfdocs/cfpmn/pmn.cfm?id=K902632,,5,2,0,2,6,医疗软件 AI 增强
"Marquest Medical Products, Inc.",MARQUEST MICRO STIK 9000 SERIES,digital_health_or_medical_device_software,openfda_device_510k,https://www.accessdata.fda.gov/scripts/cdrh/cfdocs/cfpmn/pmn.cfm?id=K842008,,5,2,0,2,6,医疗软件 AI 增强
"Marquest Medical Products, Inc.",OMNISTICK,digital_health_or_medical_device_software,openfda_device_510k,https://www.accessdata.fda.gov/scripts/cdrh/cfdocs/cfpmn/pmn.cfm?id=K830310,,5,2,0,2,6,医疗软件 AI 增强
"Marquest Medical Products, Inc.","OMNISTIK, MQ 501GS",digital_health_or_medical_device_software,openfda_device_510k,https://www.accessdata.fda.gov/scripts/cdrh/cfdocs/cfpmn/pmn.cfm?id=K800860,,5,2,0,2,6,医疗软件 AI 增强
"Martech Medical Products, Inc.",NEOLINE(TM),digital_health_or_medical_device_software,openfda_device_510k,https://www.accessdata.fda.gov/scripts/cdrh/cfdocs/cfpmn/pmn.cfm?id=K914778,,5,2,0,2,6,医疗软件 AI 增强
"Martell Medical Products, Inc.",MDM ARTERIAL BLOOD GAS KIT,digital_health_or_medical_device_software,openfda_device_510k,https://www.accessdata.fda.gov/scripts/cdrh/cfdocs/cfpmn/pmn.cfm?id=K822786,,5,2,0,2,6,医疗软件 AI 增强
"Martell Medical Products, Inc.",PISTON SYRINGE,digital_health_or_medical_device_software,openfda_device_510k,https://www.accessdata.fda.gov/scripts/cdrh/cfdocs/cfpmn/pmn.cfm?id=K944941,,5,2,0,2,6,医疗软件 AI 增强
"Medaica, Inc.",Medaica M1 Telehealth Stethoscope,digital_health_or_medical_device_software,openfda_device_510k,https://www.accessdata.fda.gov/scripts/cdrh/cfdocs/cfpmn/pmn.cfm?id=K223166,internet_healthcare,5,2,0,2,6,在线问诊分诊、问答和医患服务自动化
"Medical Consultants Intl. , Ltd.",LISS CRANIAL STIMULATOR MODEL SBL201-M,digital_health_or_medical_device_software,openfda_device_510k,https://www.accessdata.fda.gov/scripts/cdrh/cfdocs/cfpmn/pmn.cfm?id=K894515,,5,2,0,2,6,医疗软件 AI 增强
"Medical Consultants Intl. , Ltd.",LISS CRANIAL STIMULATOR MODEL SBL202-B,digital_health_or_medical_device_software,openfda_device_510k,https://www.accessdata.fda.gov/scripts/cdrh/cfdocs/cfpmn/pmn.cfm?id=K903654,,5,2,0,2,6,医疗软件 AI 增强
"Medical Device Technologies, Inc.","MEICAL DEVICE TECHNOLOGIES, INC. TRU-CORE DISPOSABLE AUTOMATIC BIOPSY INSTRUMENT",digital_health_or_medical_device_software,openfda_device_510k,https://www.accessdata.fda.gov/scripts/cdrh/cfdocs/cfpmn/pmn.cfm?id=K982960,,5,2,0,2,6,医疗软件 AI 增强
"Medical Industries America, Inc.",3050 SPORT-NEB,digital_health_or_medical_device_software,openfda_device_510k,https://www.accessdata.fda.gov/scripts/cdrh/cfdocs/cfpmn/pmn.cfm?id=K964078,,5,2,0,2,6,医疗软件 AI 增强
"Medical, Inc.",INTERFACE TRANSFUSION BLOOD FILTER #30,digital_health_or_medical_device_software,openfda_device_510k,https://www.accessdata.fda.gov/scripts/cdrh/cfdocs/cfpmn/pmn.cfm?id=K823261,,5,2,0,2,6,医疗软件 AI 增强
"Medline Industries, Inc.",EUDERMIC MP LATEX EXAMINATION GLOVE-BLUE (TESTED FOR USE WITH CHEMOTHERAPY DRUGS) W/ A PROTEIN CONTENT LABEL CLAIM,digital_health_or_medical_device_software,openfda_device_510k,https://www.accessdata.fda.gov/scripts/cdrh/cfdocs/cfpmn/pmn.cfm?id=K103602,,5,2,0,2,6,医疗软件 AI 增强
medrhythms,MR-001,digital_therapeutics_or_dtx,round2_seed,https://www.medrhythms.com/,digital_therapeutics; rehabilitation,5,6,6,5,6,康复计划生成、动作/依从性反馈与 care manager copilot
"Medtronic Navigation, Inc. (Littleton)",O-ARM IMAGING SYSTEM,digital_health_or_medical_device_software,openfda_device_510k,https://www.accessdata.fda.gov/scripts/cdrh/cfdocs/cfpmn/pmn.cfm?id=K092564,,5,2,0,2,6,医疗软件 AI 增强
Medtronic Vascular,DUALSCREEN,digital_health_or_medical_device_software,openfda_device_510k,https://www.accessdata.fda.gov/scripts/cdrh/cfdocs/cfpmn/pmn.cfm?id=K955291,,5,2,0,2,6,医疗软件 AI 增强
"Menlo Care, Inc.",MODIFIED LANDMARK VENOUS ACCESS DEVICE,digital_health_or_medical_device_software,openfda_device_510k,https://www.accessdata.fda.gov/scripts/cdrh/cfdocs/cfpmn/pmn.cfm?id=K884259,,5,2,0,2,6,医疗软件 AI 增强
"Menlo Care, Inc.",VERSACATH(TM) MULTILUMEN SYSTEM,digital_health_or_medical_device_software,openfda_device_510k,https://www.accessdata.fda.gov/scripts/cdrh/cfdocs/cfpmn/pmn.cfm?id=K910566,,5,2,0,2,6,医疗软件 AI 增强
"Merit Medical Systems, Inc.","MERIT MANIFOLD WITH INTEGRATED TRANSDUCER, MODEL 203LTCHN-R; 503LTCHN-R; 203LTPHN-R,203LTCHWN-R; 503LTCHWN-R; 203L",digital_health_or_medical_device_software,openfda_device_510k,https://www.accessdata.fda.gov/scripts/cdrh/cfdocs/cfpmn/pmn.cfm?id=K100319,,5,2,0,2,6,医疗软件 AI 增强
Mermaid Care A/S,BEACON Caresystem Model 00002144,digital_health_or_medical_device_software,openfda_device_510k,https://www.accessdata.fda.gov/scripts/cdrh/cfdocs/cfpmn/pmn.cfm?id=K192584,,5,2,0,2,6,医疗软件 AI 增强
Metamorphosis GmbH,AIAS Cephalon,digital_health_or_medical_device_software,openfda_device_510k,https://www.accessdata.fda.gov/scripts/cdrh/cfdocs/cfpmn/pmn.cfm?id=K252214,,5,2,0,2,6,医疗软件 AI 增强
"Mexpo Intl., Inc.",BLOSSOM  POWDERED LATEX EXAMINATION GLOVES,digital_health_or_medical_device_software,openfda_device_510k,https://www.accessdata.fda.gov/scripts/cdrh/cfdocs/cfpmn/pmn.cfm?id=K984040,,5,2,0,2,6,医疗软件 AI 增强
"Michigan Critical Care Consultants, Inc. (D.B.A Mc3 Inc.)",VitalFlow Console,digital_health_or_medical_device_software,openfda_device_510k,https://www.accessdata.fda.gov/scripts/cdrh/cfdocs/cfpmn/pmn.cfm?id=K230364,,5,2,0,2,6,医疗软件 AI 增强
"Michigan Instruments, Inc.",CARDIOPULMONARY RESUSCITATOR,digital_health_or_medical_device_software,openfda_device_510k,https://www.accessdata.fda.gov/scripts/cdrh/cfdocs/cfpmn/pmn.cfm?id=K833879,,5,2,0,2,6,医疗软件 AI 增强
"Mick Radio-Nuclear Instruments, Inc.",GAMMA MED II,digital_health_or_medical_device_software,openfda_device_510k,https://www.accessdata.fda.gov/scripts/cdrh/cfdocs/cfpmn/pmn.cfm?id=K781274,,5,2,0,2,6,医疗软件 AI 增强
Micron Medical Corporation,"Stimulator, Stimulator Kit, External Transmitter, External Transmitter Kit",digital_health_or_medical_device_software,openfda_device_510k,https://www.accessdata.fda.gov/scripts/cdrh/cfdocs/cfpmn/pmn.cfm?id=K200848,,5,2,0,2,6,医疗软件 AI 增强
"Microtek Medical, Inc.",MICROTEK MEDICAL SURGICAL GOWN/TOGA,digital_health_or_medical_device_software,openfda_device_510k,https://www.accessdata.fda.gov/scripts/cdrh/cfdocs/cfpmn/pmn.cfm?id=K062899,,5,2,0,2,6,医疗软件 AI 增强
"Midwest Analog & Digital, Inc.",ARRHYTHMIA PROGRAM MODULE,digital_health_or_medical_device_software,openfda_device_510k,https://www.accessdata.fda.gov/scripts/cdrh/cfdocs/cfpmn/pmn.cfm?id=K780432,,5,2,0,2,6,医疗软件 AI 增强
"Minxray, Inc.",CMDR 2CW (Multiple models),digital_health_or_medical_device_software,openfda_device_510k,https://www.accessdata.fda.gov/scripts/cdrh/cfdocs/cfpmn/pmn.cfm?id=K191451,,5,2,0,2,6,医疗软件 AI 增强
"Minxray, Inc.",MINXRAY MODEL CMDR-2S,digital_health_or_medical_device_software,openfda_device_510k,https://www.accessdata.fda.gov/scripts/cdrh/cfdocs/cfpmn/pmn.cfm?id=K100449,,5,2,0,2,6,医疗软件 AI 增强
Mistogen Equipment Co.,"HUMIDIFIER, ELECTRONIC (EH147)",digital_health_or_medical_device_software,openfda_device_510k,https://www.accessdata.fda.gov/scripts/cdrh/cfdocs/cfpmn/pmn.cfm?id=K760341,,5,2,0,2,6,医疗软件 AI 增强
"Modern Rehabilitation Solutions Co., Ltd.","18 STANDARD WHEELCHAIR, MODEL MS005-4, 18 RECLINING WHEELCHAIR , MODEL MS008-1, 14 PEDIATRIC WHEELCHAIR",digital_health_or_medical_device_software,openfda_device_510k,https://www.accessdata.fda.gov/scripts/cdrh/cfdocs/cfpmn/pmn.cfm?id=K094047,,5,2,0,2,6,医疗软件 AI 增强
Monad Corp.,MENS-O-MATIC 2000,digital_health_or_medical_device_software,openfda_device_510k,https://www.accessdata.fda.gov/scripts/cdrh/cfdocs/cfpmn/pmn.cfm?id=K904235,,5,2,0,2,6,医疗软件 AI 增强
"Monarch Medical Technologies, LLC",ENDO TOOL GLUCOSE MANAGEMENT SYSTEM (EGMS),digital_health_or_medical_device_software,openfda_device_510k,https://www.accessdata.fda.gov/scripts/cdrh/cfdocs/cfpmn/pmn.cfm?id=K132547,,5,2,0,2,6,医疗软件 AI 增强
"Monarch Medical Technologies, LLC",EndoTool SubQ 2.1,digital_health_or_medical_device_software,openfda_device_510k,https://www.accessdata.fda.gov/scripts/cdrh/cfdocs/cfpmn/pmn.cfm?id=K211160,,5,2,0,2,6,医疗软件 AI 增强
Motion Analysis Corp.,FOOTTRAK,digital_health_or_medical_device_software,openfda_device_510k,https://www.accessdata.fda.gov/scripts/cdrh/cfdocs/cfpmn/pmn.cfm?id=K890075,,5,2,0,2,6,医疗软件 AI 增强
Motion Analysis Corp.,ORTHOTRAK,digital_health_or_medical_device_software,openfda_device_510k,https://www.accessdata.fda.gov/scripts/cdrh/cfdocs/cfpmn/pmn.cfm?id=K890076,,5,2,0,2,6,医疗软件 AI 增强
"Nakanishi, Inc.",IPROPHY MOBILE,digital_health_or_medical_device_software,openfda_device_510k,https://www.accessdata.fda.gov/scripts/cdrh/cfdocs/cfpmn/pmn.cfm?id=K131578,,5,2,0,2,6,医疗软件 AI 增强
"National Medical Care, Medical Products Div., Inc.","DEXTROLYTE II, SINGLE USE Y SET NO. 48-6360-1",digital_health_or_medical_device_software,openfda_device_510k,https://www.accessdata.fda.gov/scripts/cdrh/cfdocs/cfpmn/pmn.cfm?id=K896600,,5,2,0,2,6,医疗软件 AI 增强
"National Medical Care, Medical Products Div., Inc.",TWO TANK DISSOLUTION MODULE,digital_health_or_medical_device_software,openfda_device_510k,https://www.accessdata.fda.gov/scripts/cdrh/cfdocs/cfpmn/pmn.cfm?id=K893612,,5,2,0,2,6,医疗软件 AI 增强
Natural Cycles Nordic AB,Natural Cycles,digital_health_or_medical_device_software,openfda_device_510k,https://www.accessdata.fda.gov/scripts/cdrh/cfdocs/cfpmn/pmn.cfm?id=K231274,,5,2,0,2,6,医疗软件 AI 增强
"Neuralace Medical, Inc.",Axon Therapy,digital_health_or_medical_device_software,openfda_device_510k,https://www.accessdata.fda.gov/scripts/cdrh/cfdocs/cfpmn/pmn.cfm?id=K233364,,5,2,0,2,6,医疗软件 AI 增强
"Neuro-Fitness, LLC",CES ULTRA,digital_health_or_medical_device_software,openfda_device_510k,https://www.accessdata.fda.gov/scripts/cdrh/cfdocs/cfpmn/pmn.cfm?id=K062284,,5,2,0,2,6,医疗软件 AI 增强
Neurofitness,NF-1 MINDPEACE,digital_health_or_medical_device_software,openfda_device_510k,https://www.accessdata.fda.gov/scripts/cdrh/cfdocs/cfpmn/pmn.cfm?id=K895175,,5,2,0,2,6,医疗软件 AI 增强
"Neuromed, Inc.",NEUROMED OCTRODE MODEL MNR-88B/88C NEUROSTIM SYST,digital_health_or_medical_device_software,openfda_device_510k,https://www.accessdata.fda.gov/scripts/cdrh/cfdocs/cfpmn/pmn.cfm?id=K905596,,5,2,0,2,6,医疗软件 AI 增强
"Neurosigma, Inc.",Generation 2.0 Monarch external Trigeminal Nerve Stimulation (eTNS) System®,digital_health_or_medical_device_software,openfda_device_510k,https://www.accessdata.fda.gov/scripts/cdrh/cfdocs/cfpmn/pmn.cfm?id=K233293,,5,2,0,2,6,医疗软件 AI 增强
"Neurosigma, Inc.",Monarch eTNS System,digital_health_or_medical_device_software,openfda_device_510k,https://www.accessdata.fda.gov/scripts/cdrh/cfdocs/cfpmn/pmn.cfm?id=DEN180041,,5,2,0,2,6,医疗软件 AI 增强
"Neurotek, Inc.",NTI-1000,digital_health_or_medical_device_software,openfda_device_510k,https://www.accessdata.fda.gov/scripts/cdrh/cfdocs/cfpmn/pmn.cfm?id=K894097,,5,2,0,2,6,医疗软件 AI 增强
New Horizon Health Care,NH-2002,digital_health_or_medical_device_software,openfda_device_510k,https://www.accessdata.fda.gov/scripts/cdrh/cfdocs/cfpmn/pmn.cfm?id=K932050,,5,2,0,2,6,医疗软件 AI 增强
"Nipro Diabetes Systems, Inc.",AMIGO INSULIN PUMP,digital_health_or_medical_device_software,openfda_device_510k,https://www.accessdata.fda.gov/scripts/cdrh/cfdocs/cfpmn/pmn.cfm?id=K050312,,5,2,0,2,6,医疗软件 AI 增强
Nipro Medical Corp.,NIPRO SAFELET CATH,digital_health_or_medical_device_software,openfda_device_510k,https://www.accessdata.fda.gov/scripts/cdrh/cfdocs/cfpmn/pmn.cfm?id=K013287,,5,2,0,2,6,医疗软件 AI 增强
Nipro Medical Corp.,NIPRO SAFETOUCH LOCKTAIL SAFETY FISTULA NEEDLE,digital_health_or_medical_device_software,openfda_device_510k,https://www.accessdata.fda.gov/scripts/cdrh/cfdocs/cfpmn/pmn.cfm?id=K093985,,5,2,0,2,6,医疗软件 AI 增强
"Nonin Medical, Inc.",MODIFICATION TO AVANT 9600 PULSE OXIMETER,digital_health_or_medical_device_software,openfda_device_510k,https://www.accessdata.fda.gov/scripts/cdrh/cfdocs/cfpmn/pmn.cfm?id=K040589,,5,2,0,2,6,医疗软件 AI 增强
"North East Monitoring, Inc.",SD360 DIGITAL RECORDER/SD360 HOLTER DIGITAL RECORDER,digital_health_or_medical_device_software,openfda_device_510k,https://www.accessdata.fda.gov/scripts/cdrh/cfdocs/cfpmn/pmn.cfm?id=K041901,,5,2,0,2,6,远程监测风险分层与异常预警
"Oec-Diasonics, Inc.",MODIFIED MAINFRAME OF MODEL 902 MOBILE C-ARM,digital_health_or_medical_device_software,openfda_device_510k,https://www.accessdata.fda.gov/scripts/cdrh/cfdocs/cfpmn/pmn.cfm?id=K864837,,5,2,0,2,6,医疗软件 AI 增强
Omni Sales Corp.,"OMNI GRIP LATEX EXAMINATION GLOVE, POWDER-FREE",digital_health_or_medical_device_software,openfda_device_510k,https://www.accessdata.fda.gov/scripts/cdrh/cfdocs/cfpmn/pmn.cfm?id=K964563,,5,2,0,2,6,医疗软件 AI 增强
"Oncology Systems, Inc.",ACCU-SOURCE,digital_health_or_medical_device_software,openfda_device_510k,https://www.accessdata.fda.gov/scripts/cdrh/cfdocs/cfpmn/pmn.cfm?id=K051753,,5,2,0,2,6,医疗软件 AI 增强
Opti-Med Electronics,DIGITAL AVERAGING TONOMETER,digital_health_or_medical_device_software,openfda_device_510k,https://www.accessdata.fda.gov/scripts/cdrh/cfdocs/cfpmn/pmn.cfm?id=K945972,,5,2,0,2,6,医疗软件 AI 增强
Ortho Clinical Diagnostics,VITROS Immunodiagnostic Products CA 19-9TM Reagent Pack,digital_health_or_medical_device_software,openfda_device_510k,https://www.accessdata.fda.gov/scripts/cdrh/cfdocs/cfpmn/pmn.cfm?id=K231525,,5,2,0,2,6,医生工作流、病历摘要和临床文档自动化
"Orthopedic Equipment Co., Inc.",BAKER MOBILE TRACTION,digital_health_or_medical_device_software,openfda_device_510k,https://www.accessdata.fda.gov/scripts/cdrh/cfdocs/cfpmn/pmn.cfm?id=K770080,,5,2,0,2,6,医疗软件 AI 增强
"Orthoscan, Inc.",Orthoscan Tau Mini C-Arm,digital_health_or_medical_device_software,openfda_device_510k,https://www.accessdata.fda.gov/scripts/cdrh/cfdocs/cfpmn/pmn.cfm?id=K213113,,5,2,0,2,6,医疗软件 AI 增强
P.T. Wantong Industry,LATEX EXAMINATION GLOVES,digital_health_or_medical_device_software,openfda_device_510k,https://www.accessdata.fda.gov/scripts/cdrh/cfdocs/cfpmn/pmn.cfm?id=K980215,,5,2,0,2,6,医疗软件 AI 增强
Pace Medical,MODEL 4205 PULSE GENERATOR SURGICAL EXTEN CABLE,digital_health_or_medical_device_software,openfda_device_510k,https://www.accessdata.fda.gov/scripts/cdrh/cfdocs/cfpmn/pmn.cfm?id=K912545,,5,2,0,2,6,医疗软件 AI 增强
Pain Management Technologies,"JOINT STIM, MODEL 1000",digital_health_or_medical_device_software,openfda_device_510k,https://www.accessdata.fda.gov/scripts/cdrh/cfdocs/cfpmn/pmn.cfm?id=K073386,,5,2,0,2,6,医疗软件 AI 增强
Paragon Vision Sciences,PARAGON LENS CARE,digital_health_or_medical_device_software,openfda_device_510k,https://www.accessdata.fda.gov/scripts/cdrh/cfdocs/cfpmn/pmn.cfm?id=K974635,,5,2,0,2,6,医疗软件 AI 增强
"Peak Performance Technologies, Inc.",PEAK MOTUS,digital_health_or_medical_device_software,openfda_device_510k,https://www.accessdata.fda.gov/scripts/cdrh/cfdocs/cfpmn/pmn.cfm?id=K030714,,5,2,0,2,6,医疗软件 AI 增强
"Pear Therapeutics, Inc.",Somryst,digital_health_or_medical_device_software,openfda_device_510k,https://www.accessdata.fda.gov/scripts/cdrh/cfdocs/cfpmn/pmn.cfm?id=K191716,,5,2,0,2,6,医疗软件 AI 增强
"Pentax of America, Inc.","PENTAX Medical Single Use Video Bronchoscope EB11-S01, PENTAX Medical Single Use Video Bronchoscope EB15-S01, PENTAX Medical Mobile Processor ONE-M, PENTAX Medical Mobile Processor Plug-In ONE-Dock",digital_health_or_medical_device_software,openfda_device_510k,https://www.accessdata.fda.gov/scripts/cdrh/cfdocs/cfpmn/pmn.cfm?id=K231970,,5,2,0,2,6,医疗软件 AI 增强
Petroff Audio Technologies,DIGITAL TINNITUS MASKING SYSTEM,digital_health_or_medical_device_software,openfda_device_510k,https://www.accessdata.fda.gov/scripts/cdrh/cfdocs/cfpmn/pmn.cfm?id=K974501,,5,2,0,2,6,医疗软件 AI 增强
Pharmaseal Laboratories,SAMPLING KIT,digital_health_or_medical_device_software,openfda_device_510k,https://www.accessdata.fda.gov/scripts/cdrh/cfdocs/cfpmn/pmn.cfm?id=K801146,,5,2,0,2,6,医疗软件 AI 增强
"Philips Medizinsysteme Boeblingen GmbH, Cardiac AN",INTELLIVUE CL RESPIRATION POD,digital_health_or_medical_device_software,openfda_device_510k,https://www.accessdata.fda.gov/scripts/cdrh/cfdocs/cfpmn/pmn.cfm?id=K132320,,5,2,0,2,6,医疗软件 AI 增强
Philips Park,NORELCO ELECTRONIC DIGITAL BP METER HC3501,digital_health_or_medical_device_software,openfda_device_510k,https://www.accessdata.fda.gov/scripts/cdrh/cfdocs/cfpmn/pmn.cfm?id=K852128,,5,2,0,2,6,医疗软件 AI 增强
Pike Medical Co.,I.V. SENTRY ALARM DEVICE,digital_health_or_medical_device_software,openfda_device_510k,https://www.accessdata.fda.gov/scripts/cdrh/cfdocs/cfpmn/pmn.cfm?id=K802101,,5,2,0,2,6,医疗软件 AI 增强
Pinsco Inc. Dba B & L Engineering,CODA MPX30 MOTION ANALYSIS SYSTEM,digital_health_or_medical_device_software,openfda_device_510k,https://www.accessdata.fda.gov/scripts/cdrh/cfdocs/cfpmn/pmn.cfm?id=K982425,,5,2,0,2,6,医疗软件 AI 增强
"Polymedica Industries, Inc.",BASIS BABY-TEMP PACIFIER DIGITAL THEROMETER,digital_health_or_medical_device_software,openfda_device_510k,https://www.accessdata.fda.gov/scripts/cdrh/cfdocs/cfpmn/pmn.cfm?id=K962991,,5,2,0,2,6,医疗软件 AI 增强
Precise Optics,PI808 MOBILE C-ARM IMAGE INTENSIFIER,digital_health_or_medical_device_software,openfda_device_510k,https://www.accessdata.fda.gov/scripts/cdrh/cfdocs/cfpmn/pmn.cfm?id=K820178,,5,2,0,2,6,医疗软件 AI 增强
"Pride Health Care, Inc.",PRIDE SPIRIT,digital_health_or_medical_device_software,openfda_device_510k,https://www.accessdata.fda.gov/scripts/cdrh/cfdocs/cfpmn/pmn.cfm?id=K905271,,5,2,0,2,6,医疗软件 AI 增强
Pudenz-Schulte Medical Research Corp.,PS MEDICAL IPI VASCULAR ACCESS CATHETER,digital_health_or_medical_device_software,openfda_device_510k,https://www.accessdata.fda.gov/scripts/cdrh/cfdocs/cfpmn/pmn.cfm?id=K954409,,5,2,0,2,6,医疗软件 AI 增强
"Radiometer America, Inc.",QUALISTICK ARTERIAL BLOOD SAMPLER,digital_health_or_medical_device_software,openfda_device_510k,https://www.accessdata.fda.gov/scripts/cdrh/cfdocs/cfpmn/pmn.cfm?id=K831034,,5,2,0,2,6,医疗软件 AI 增强
"Ray Co., Ltd.",RAYSCAN a-Expert,digital_health_or_medical_device_software,openfda_device_510k,https://www.accessdata.fda.gov/scripts/cdrh/cfdocs/cfpmn/pmn.cfm?id=K232325,,5,2,0,2,6,医疗软件 AI 增强
"Ray Co., Ltd.",RAYSCAN A-EXPERT,digital_health_or_medical_device_software,openfda_device_510k,https://www.accessdata.fda.gov/scripts/cdrh/cfdocs/cfpmn/pmn.cfm?id=K131693,,5,2,0,2,6,医疗软件 AI 增强
Redplane AG,ELEXOMA MEDIC,digital_health_or_medical_device_software,openfda_device_510k,https://www.accessdata.fda.gov/scripts/cdrh/cfdocs/cfpmn/pmn.cfm?id=K070412,,5,2,0,2,6,医疗软件 AI 增强
Redsense Medical AB,REDSENSE-ALARM UNIT AND SENSOR,digital_health_or_medical_device_software,openfda_device_510k,https://www.accessdata.fda.gov/scripts/cdrh/cfdocs/cfpmn/pmn.cfm?id=K103242,,5,2,0,2,6,医疗软件 AI 增强
"Rehabilitation Institute,Loma Linda University Med",LOMA LINDA UNIVERSITY MEDICAL CENTER (LLUMC) CRANIAL REMOLDING HELMET,digital_health_or_medical_device_software,openfda_device_510k,https://www.accessdata.fda.gov/scripts/cdrh/cfdocs/cfpmn/pmn.cfm?id=K023572,,5,2,0,2,6,医疗软件 AI 增强
"Remedy Logic, Inc.",RemedyLogic AI MRI Lumbar Spine Reader,digital_health_or_medical_device_software,openfda_device_510k,https://www.accessdata.fda.gov/scripts/cdrh/cfdocs/cfpmn/pmn.cfm?id=K241108,,5,2,0,2,6,医疗软件 AI 增强
"Remote Diagnostic Technologies , Ltd.",TEMPUS PRO EXTENDED FEATURES,digital_health_or_medical_device_software,openfda_device_510k,https://www.accessdata.fda.gov/scripts/cdrh/cfdocs/cfpmn/pmn.cfm?id=K133988,,5,2,0,2,6,医疗软件 AI 增强
"Respiratory Care, Inc.",ARTERIAL BLOOD SAMPLING TRAY,digital_health_or_medical_device_software,openfda_device_510k,https://www.accessdata.fda.gov/scripts/cdrh/cfdocs/cfpmn/pmn.cfm?id=K771975,,5,2,0,2,6,医疗软件 AI 增强
"Respironics Inc., Sleep & Home Respiratory Group",COMFORTGEL NASAL MASK,digital_health_or_medical_device_software,openfda_device_510k,https://www.accessdata.fda.gov/scripts/cdrh/cfdocs/cfpmn/pmn.cfm?id=K092835,,5,2,0,2,6,医疗软件 AI 增强
"Respironics Inc., Sleep & Home Respiratory Group",RESPIRONICS PERFORMAX SE TOTAL FACE MASK,digital_health_or_medical_device_software,openfda_device_510k,https://www.accessdata.fda.gov/scripts/cdrh/cfdocs/cfpmn/pmn.cfm?id=K092648,,5,2,0,2,6,医疗软件 AI 增强
"Respironics Inc., Sleep & Home Respiratory Group",RESPIRONICS PERFORMAX TOTAL FACE MASK,digital_health_or_medical_device_software,openfda_device_510k,https://www.accessdata.fda.gov/scripts/cdrh/cfdocs/cfpmn/pmn.cfm?id=K091271,,5,2,0,2,6,医疗软件 AI 增强
"Respironics Inc., Sleep & Home Respiratory Group",REVOLUTIONFULL FACE MASK,digital_health_or_medical_device_software,openfda_device_510k,https://www.accessdata.fda.gov/scripts/cdrh/cfdocs/cfpmn/pmn.cfm?id=K082866,,5,2,0,2,6,医疗软件 AI 增强
"Respironics Inc., Sleep & Home Respiratory Group",WALLABY 4,digital_health_or_medical_device_software,openfda_device_510k,https://www.accessdata.fda.gov/scripts/cdrh/cfdocs/cfpmn/pmn.cfm?id=K070180,,5,2,0,2,6,医疗软件 AI 增强
"Respironics New Jersey, Inc.","MYNEB NEBULIZER, MODEL RDD100",digital_health_or_medical_device_software,openfda_device_510k,https://www.accessdata.fda.gov/scripts/cdrh/cfdocs/cfpmn/pmn.cfm?id=K053203,,5,2,0,2,6,医疗软件 AI 增强
Rich-Mar Corp.,RICH-MAR MODEL 510 ULTRASOUND,digital_health_or_medical_device_software,openfda_device_510k,https://www.accessdata.fda.gov/scripts/cdrh/cfdocs/cfpmn/pmn.cfm?id=K915557,,5,2,0,2,6,医疗软件 AI 增强
Rich-Mar Corp.,RM VI-HV,digital_health_or_medical_device_software,openfda_device_510k,https://www.accessdata.fda.gov/scripts/cdrh/cfdocs/cfpmn/pmn.cfm?id=K771157,,5,2,0,2,6,医疗软件 AI 增强
Richard Wolf Medical Instruments Corp.,BIPOLAR FORCEPS,digital_health_or_medical_device_software,openfda_device_510k,https://www.accessdata.fda.gov/scripts/cdrh/cfdocs/cfpmn/pmn.cfm?id=K023813,,5,2,0,2,6,医疗软件 AI 增强
Richard Wolf Medical Instruments Corp.,MYOMA DRILL 5MM-8383.611,digital_health_or_medical_device_software,openfda_device_510k,https://www.accessdata.fda.gov/scripts/cdrh/cfdocs/cfpmn/pmn.cfm?id=K940844,,5,2,0,2,6,医疗软件 AI 增强
"Rmds, Inc.",FAVC-M: FEMORAL ARTERY VASCULAR CLAMP-MOBILE (MODEL M100-M200) FAVC-M FEMORAL ARTERY VASCULAR CLAMP-MOBILE ADJ BELT 6005,digital_health_or_medical_device_software,openfda_device_510k,https://www.accessdata.fda.gov/scripts/cdrh/cfdocs/cfpmn/pmn.cfm?id=K970027,,5,2,0,2,6,医疗软件 AI 增强
"Roche Diabetes Care, Inc.",Accu-Chek Safe-T-Pro Uno Lancing Device,digital_health_or_medical_device_software,openfda_device_510k,https://www.accessdata.fda.gov/scripts/cdrh/cfdocs/cfpmn/pmn.cfm?id=K220364,,5,2,0,2,6,医疗软件 AI 增强
"Roche Diabetes Care, Inc.",Accu-Chek Softclix Blood Lancing System,digital_health_or_medical_device_software,openfda_device_510k,https://www.accessdata.fda.gov/scripts/cdrh/cfdocs/cfpmn/pmn.cfm?id=K214022,,5,2,0,2,6,医疗软件 AI 增强
Romedex International Srl,EVGUIDE TIP LOCATION SYSTEM,digital_health_or_medical_device_software,openfda_device_510k,https://www.accessdata.fda.gov/scripts/cdrh/cfdocs/cfpmn/pmn.cfm?id=K093775,,5,2,0,2,6,医疗软件 AI 增强
Rtx Healthcare A/S,RTX3320PSTN WIRELESS TELEHEALTH GATEWAY,digital_health_or_medical_device_software,openfda_device_510k,https://www.accessdata.fda.gov/scripts/cdrh/cfdocs/cfpmn/pmn.cfm?id=K041816,internet_healthcare,5,2,0,2,6,在线问诊分诊、问答和医患服务自动化
Samson Taiwan Corp.,VINYL EXAMINATION GLOVES,digital_health_or_medical_device_software,openfda_device_510k,https://www.accessdata.fda.gov/scripts/cdrh/cfdocs/cfpmn/pmn.cfm?id=K893102,,5,2,0,2,6,医疗软件 AI 增强
"Seabrook Medical Systems, Inc.",ELECTRI-COOL(TM) LIQUID-CIRCULAT. THERMAL THERAPY,digital_health_or_medical_device_software,openfda_device_510k,https://www.accessdata.fda.gov/scripts/cdrh/cfdocs/cfpmn/pmn.cfm?id=K902269,,5,2,0,2,6,医疗软件 AI 增强
"Sedecal., Sa.","RadPRO® Mobile 40kW; RadPRO® Mobile 40kW FLEXPLUS, Model SM-40HF-B-D-VIR",digital_health_or_medical_device_software,openfda_device_510k,https://www.accessdata.fda.gov/scripts/cdrh/cfdocs/cfpmn/pmn.cfm?id=K161345,,5,2,0,2,6,医疗软件 AI 增强
Seemac Reison AB Co.,SWEMAC REISON BIPLANAR 300,digital_health_or_medical_device_software,openfda_device_510k,https://www.accessdata.fda.gov/scripts/cdrh/cfdocs/cfpmn/pmn.cfm?id=K911739,,5,2,0,2,6,医疗软件 AI 增强
"Seigla Medical, Inc.","LiquID 061 Guide Catheter Extension, LiquID 071 Guide Catheter Extension",digital_health_or_medical_device_software,openfda_device_510k,https://www.accessdata.fda.gov/scripts/cdrh/cfdocs/cfpmn/pmn.cfm?id=K220691,,5,2,0,2,6,医疗软件 AI 增强
"Selectivemed Components, Inc.",GUARDIAN DISPOSABLE TENS AND TENS/NMES ELECTRODES,digital_health_or_medical_device_software,openfda_device_510k,https://www.accessdata.fda.gov/scripts/cdrh/cfdocs/cfpmn/pmn.cfm?id=K945676,,5,2,0,2,6,医疗软件 AI 增强
Sensus Healthcare,Sensus Healthcare Superficial X-ray Radiation Therapy System with Ultrasonic Imaging Capabilities,digital_health_or_medical_device_software,openfda_device_510k,https://www.accessdata.fda.gov/scripts/cdrh/cfdocs/cfpmn/pmn.cfm?id=K150037,,5,2,0,2,6,医疗软件 AI 增强
Sharp Electronics Corp.,MD308H DIGITAL/MB351H AUTO-BP MONITOR,digital_health_or_medical_device_software,openfda_device_510k,https://www.accessdata.fda.gov/scripts/cdrh/cfdocs/cfpmn/pmn.cfm?id=K842200,,5,2,0,2,6,远程监测风险分层与异常预警
Sherwood Medical Co.,ARGYLE VAC-U-CARE 100CC SUCT. RESERVOIR,digital_health_or_medical_device_software,openfda_device_510k,https://www.accessdata.fda.gov/scripts/cdrh/cfdocs/cfpmn/pmn.cfm?id=K801372,,5,2,0,2,6,医疗软件 AI 增强
Sherwood Medical Co.,ASPIR-PULSE(TM) ARTERIAL BLOOD GAS (ABG) SYSTEM,digital_health_or_medical_device_software,openfda_device_510k,https://www.accessdata.fda.gov/scripts/cdrh/cfdocs/cfpmn/pmn.cfm?id=K945719,,5,2,0,2,6,医疗软件 AI 增强
Sherwood Medical Co.,ASPIR-PULSE(TM) SAF-T-VENT,digital_health_or_medical_device_software,openfda_device_510k,https://www.accessdata.fda.gov/scripts/cdrh/cfdocs/cfpmn/pmn.cfm?id=K940575,,5,2,0,2,6,医疗软件 AI 增强
Sherwood Medical Co.,SHERWOOD MEDICAL ARTERIAL BLOOD GAS KIT I,digital_health_or_medical_device_software,openfda_device_510k,https://www.accessdata.fda.gov/scripts/cdrh/cfdocs/cfpmn/pmn.cfm?id=K925453,,5,2,0,2,6,医疗软件 AI 增强
Sherwood Medical Co.,SHERWOOD MEDICAL ARTERIAL BLOOD GAS KIT II,digital_health_or_medical_device_software,openfda_device_510k,https://www.accessdata.fda.gov/scripts/cdrh/cfdocs/cfpmn/pmn.cfm?id=K930471,,5,2,0,2,6,医疗软件 AI 增强
Shimadzu Medical Systems,MC125L-50 SHIMADZU MOBILE X-RAY SYSTEM,digital_health_or_medical_device_software,openfda_device_510k,https://www.accessdata.fda.gov/scripts/cdrh/cfdocs/cfpmn/pmn.cfm?id=K893637,,5,2,0,2,6,医疗软件 AI 增强
"Shimadzu Precision Instruments, Inc.",SHIMADZU MOBILE X-RAY SYSTEMS,digital_health_or_medical_device_software,openfda_device_510k,https://www.accessdata.fda.gov/scripts/cdrh/cfdocs/cfpmn/pmn.cfm?id=K940294,,5,2,0,2,6,医疗软件 AI 增强
"Sleep Devices, Inc.",SONA PILLOW,digital_health_or_medical_device_software,openfda_device_510k,https://www.accessdata.fda.gov/scripts/cdrh/cfdocs/cfpmn/pmn.cfm?id=K040161,,5,2,0,2,6,医疗软件 AI 增强
"Sleep Renewal, Inc.",THE EQUALIZER AIRWAY DEVICE,digital_health_or_medical_device_software,openfda_device_510k,https://www.accessdata.fda.gov/scripts/cdrh/cfdocs/cfpmn/pmn.cfm?id=K870501,,5,2,0,2,6,医疗软件 AI 增强
"Smiths Medical Asd, Inc.",HEMODRAW ARTERIAL BLOOD SAMPLING SYSTEM,digital_health_or_medical_device_software,openfda_device_510k,https://www.accessdata.fda.gov/scripts/cdrh/cfdocs/cfpmn/pmn.cfm?id=K071269,,5,2,0,2,6,医疗软件 AI 增强
"Smiths Medical Asd, Inc.",MEDFUSION 4000 PUMP DEVICE SPECIFIC REPORTS SOLFWARE FOR PHARMGUARD SERVER VERSION 2.0,digital_health_or_medical_device_software,openfda_device_510k,https://www.accessdata.fda.gov/scripts/cdrh/cfdocs/cfpmn/pmn.cfm?id=K141193,,5,2,0,2,6,医疗软件 AI 增强
"Smiths Medical Asd, Inc.",SECURE ARTERIAL BLOOD SAMPLING SYSTEM,digital_health_or_medical_device_software,openfda_device_510k,https://www.accessdata.fda.gov/scripts/cdrh/cfdocs/cfpmn/pmn.cfm?id=K070340,,5,2,0,2,6,医疗软件 AI 增强
"Solopak Medical Products, Inc.",MAXCESS NEEDLE FREE CONNECTOR (8200),digital_health_or_medical_device_software,openfda_device_510k,https://www.accessdata.fda.gov/scripts/cdrh/cfdocs/cfpmn/pmn.cfm?id=K960661,,5,2,0,2,6,医疗软件 AI 增强
Solutions For Tomorrow AB,Mobile X-ray unit (!M1),digital_health_or_medical_device_software,openfda_device_510k,https://www.accessdata.fda.gov/scripts/cdrh/cfdocs/cfpmn/pmn.cfm?id=K251710,,5,2,0,2,6,医疗软件 AI 增强
"Somnomed, Inc.",Rest Assure System,digital_health_or_medical_device_software,openfda_device_510k,https://www.accessdata.fda.gov/scripts/cdrh/cfdocs/cfpmn/pmn.cfm?id=K233497,,5,2,0,2,6,医疗软件 AI 增强
"Sonicaid, Inc.",MODEL AP 180 MINI-MONITOR,digital_health_or_medical_device_software,openfda_device_510k,https://www.accessdata.fda.gov/scripts/cdrh/cfdocs/cfpmn/pmn.cfm?id=K812256,,5,2,0,2,6,远程监测风险分层与异常预警
"Sound Life Sciences, Inc.",Breathe Easy Mobile Respiratory Monitor (MRM),digital_health_or_medical_device_software,openfda_device_510k,https://www.accessdata.fda.gov/scripts/cdrh/cfdocs/cfpmn/pmn.cfm?id=K211387,,5,2,0,2,6,远程监测风险分层与异常预警
"Stanford Assoc., Inc.",HEART RATE COMPUTER,digital_health_or_medical_device_software,openfda_device_510k,https://www.accessdata.fda.gov/scripts/cdrh/cfdocs/cfpmn/pmn.cfm?id=K791862,,5,2,0,2,6,医疗软件 AI 增强
Steven Frank Mercereau,VACVENT,digital_health_or_medical_device_software,openfda_device_510k,https://www.accessdata.fda.gov/scripts/cdrh/cfdocs/cfpmn/pmn.cfm?id=K931873,,5,2,0,2,6,医疗软件 AI 增强
Strato Medical Corp.,STRATOFUSE SYRINGE PIGGYBACK PUMP,digital_health_or_medical_device_software,openfda_device_510k,https://www.accessdata.fda.gov/scripts/cdrh/cfdocs/cfpmn/pmn.cfm?id=K844627,,5,2,0,2,6,医疗软件 AI 增强
Stryker Medical,STRYKER AGILITY INTENSIVE CARE BED,digital_health_or_medical_device_software,openfda_device_510k,https://www.accessdata.fda.gov/scripts/cdrh/cfdocs/cfpmn/pmn.cfm?id=K946149,,5,2,0,2,6,医疗软件 AI 增强
Summit World Trade Corp.,MOBILE MRP-20 MAGNETIC RESONANCE DIAGNOSTIC DEVICE,digital_health_or_medical_device_software,openfda_device_510k,https://www.accessdata.fda.gov/scripts/cdrh/cfdocs/cfpmn/pmn.cfm?id=K901980,,5,2,0,2,6,医疗软件 AI 增强
Sunrise SA,Sunrise,digital_health_or_medical_device_software,openfda_device_510k,https://www.accessdata.fda.gov/scripts/cdrh/cfdocs/cfpmn/pmn.cfm?id=K222262,,5,2,0,2,6,医疗软件 AI 增强
Surgi-Quip Inc.U,SELF-CONTAINED MOBILE OPHTHAL. OPER. .,digital_health_or_medical_device_software,openfda_device_510k,https://www.accessdata.fda.gov/scripts/cdrh/cfdocs/cfpmn/pmn.cfm?id=K822427,,5,2,0,2,6,医疗软件 AI 增强
"Surgikos, Inc.",HEALTH CARE EYE PROTECTION,digital_health_or_medical_device_software,openfda_device_510k,https://www.accessdata.fda.gov/scripts/cdrh/cfdocs/cfpmn/pmn.cfm?id=K875107,,5,2,0,2,6,医疗软件 AI 增强
"Sway Medical, Inc.",Sway System Sports Plus,digital_health_or_medical_device_software,openfda_device_510k,https://www.accessdata.fda.gov/scripts/cdrh/cfdocs/cfpmn/pmn.cfm?id=K241737,,5,2,0,2,6,医疗软件 AI 增强
"Takara Belmont USA, Inc.","ADR PLUS SSXI IMAGING DEVICE FOR X-RAY SYSTEMS SUCH AS X-CALIBER, X-CALIBER CM, ANA-BEL AND ANA-BEL CM",digital_health_or_medical_device_software,openfda_device_510k,https://www.accessdata.fda.gov/scripts/cdrh/cfdocs/cfpmn/pmn.cfm?id=K041834,,5,2,0,2,6,医疗软件 AI 增强
Target Therapeutics,SPINNAKER,digital_health_or_medical_device_software,openfda_device_510k,https://www.accessdata.fda.gov/scripts/cdrh/cfdocs/cfpmn/pmn.cfm?id=K965189,,5,2,0,2,6,医疗软件 AI 增强
Target Therapeutics,TAPER FLEX-TIP STEERABLE GUIDEWIRE,digital_health_or_medical_device_software,openfda_device_510k,https://www.accessdata.fda.gov/scripts/cdrh/cfdocs/cfpmn/pmn.cfm?id=K880762,,5,2,0,2,6,医疗软件 AI 增强
Target Therapeutics,"TRACKER(R) UNIBODY CATH & TRACKER 25 CATH,MODIFIED",digital_health_or_medical_device_software,openfda_device_510k,https://www.accessdata.fda.gov/scripts/cdrh/cfdocs/cfpmn/pmn.cfm?id=K915521,,5,2,0,2,6,医疗软件 AI 增强
"Technalithics Laboratories, Inc.",MODEL HS-2 TENS DEVICE,digital_health_or_medical_device_software,openfda_device_510k,https://www.accessdata.fda.gov/scripts/cdrh/cfdocs/cfpmn/pmn.cfm?id=K962951,,5,2,0,2,6,医疗软件 AI 增强
"Telcam Medical Devices, Inc.",CONVEEN LEG BAG W/TUBE-DRAINAGE BAG,digital_health_or_medical_device_software,openfda_device_510k,https://www.accessdata.fda.gov/scripts/cdrh/cfdocs/cfpmn/pmn.cfm?id=K832537,,5,2,0,2,6,医疗软件 AI 增强
Tenon Medical,CATAMARAN SI Joint Fusion System,digital_health_or_medical_device_software,openfda_device_510k,https://www.accessdata.fda.gov/scripts/cdrh/cfdocs/cfpmn/pmn.cfm?id=K260477,,5,2,0,2,6,医疗软件 AI 增强
Terumo Medical Corp.,"PREZA-PAK II, ARTERIAL BLOOD SAMPLING SY",digital_health_or_medical_device_software,openfda_device_510k,https://www.accessdata.fda.gov/scripts/cdrh/cfdocs/cfpmn/pmn.cfm?id=K812338,,5,2,0,2,6,医疗软件 AI 增强
The Biomed Group,BIO CARE OXYGEN CONCENTRATOR,digital_health_or_medical_device_software,openfda_device_510k,https://www.accessdata.fda.gov/scripts/cdrh/cfdocs/cfpmn/pmn.cfm?id=K810272,,5,2,0,2,6,医疗软件 AI 增强
The Clell Corp.,THE CELL CARE SYSTEM,digital_health_or_medical_device_software,openfda_device_510k,https://www.accessdata.fda.gov/scripts/cdrh/cfdocs/cfpmn/pmn.cfm?id=K860537,,5,2,0,2,6,医疗软件 AI 增强
Therapanacea Sas,ART-Plan,digital_health_or_medical_device_software,openfda_device_510k,https://www.accessdata.fda.gov/scripts/cdrh/cfdocs/cfpmn/pmn.cfm?id=K230023,,5,2,0,2,6,医疗软件 AI 增强
Thomasville Medical Assoc.,VARIOUS FORCEPS,digital_health_or_medical_device_software,openfda_device_510k,https://www.accessdata.fda.gov/scripts/cdrh/cfdocs/cfpmn/pmn.cfm?id=K930799,,5,2,0,2,6,医疗软件 AI 增强
"Toshiba America Medical Systems, In.C",SXT-60F/60M MOBILE C ARM X-RAY UNIT,digital_health_or_medical_device_software,openfda_device_510k,https://www.accessdata.fda.gov/scripts/cdrh/cfdocs/cfpmn/pmn.cfm?id=K896387,,5,2,0,2,6,医疗软件 AI 增强
Toshibamedical Systems Corporation,"DIGITAL RADIOGRAPHY SYSTEM WITH FLAT PANEL DETECTOR, MODEL DFP8000D",digital_health_or_medical_device_software,openfda_device_510k,https://www.accessdata.fda.gov/scripts/cdrh/cfdocs/cfpmn/pmn.cfm?id=K041027,,5,2,0,2,6,医疗软件 AI 增强
Transidyne General Corp.,MODEL 1050 - UMBILICAL CORD BLOOD SAMPLING KIT,digital_health_or_medical_device_software,openfda_device_510k,https://www.accessdata.fda.gov/scripts/cdrh/cfdocs/cfpmn/pmn.cfm?id=K897133,,5,2,0,2,6,医疗软件 AI 增强
"Transtimulation Research, Inc.",TEA Device,digital_health_or_medical_device_software,openfda_device_510k,https://www.accessdata.fda.gov/scripts/cdrh/cfdocs/cfpmn/pmn.cfm?id=K230526,,5,2,0,2,6,医疗软件 AI 增强
Trex Enterprises Corp.,PDX-2000 PORTABLE DIGITAL X-RAY SYSTEM,digital_health_or_medical_device_software,openfda_device_510k,https://www.accessdata.fda.gov/scripts/cdrh/cfdocs/cfpmn/pmn.cfm?id=K012379,,5,2,0,2,6,医疗软件 AI 增强
"U.S. Mfg. & Management, Inc.",CONTROLLED PASSIVE MOTION MACHINE,digital_health_or_medical_device_software,openfda_device_510k,https://www.accessdata.fda.gov/scripts/cdrh/cfdocs/cfpmn/pmn.cfm?id=K920860,,5,2,0,2,6,医疗软件 AI 增强
"Uni-Patch, Inc.",TENS/FES/NMES ELECTRODES,digital_health_or_medical_device_software,openfda_device_510k,https://www.accessdata.fda.gov/scripts/cdrh/cfdocs/cfpmn/pmn.cfm?id=K962332,,5,2,0,2,6,医疗软件 AI 增强
"Utah Medical Products, Inc.",ABC IN-LINE BLOOD SAMPLING KIT,digital_health_or_medical_device_software,openfda_device_510k,https://www.accessdata.fda.gov/scripts/cdrh/cfdocs/cfpmn/pmn.cfm?id=K955663,,5,2,0,2,6,医疗软件 AI 增强
"Varian Medical Systems, Inc.",ARIA Radiation Therapy Management,digital_health_or_medical_device_software,openfda_device_510k,https://www.accessdata.fda.gov/scripts/cdrh/cfdocs/cfpmn/pmn.cfm?id=K173838,,5,2,0,2,6,医疗软件 AI 增强
"Viasys Sleep Systems, LLC",MINI CPAP DEVICE AND HUMIDIFIER ACCESSORY,digital_health_or_medical_device_software,openfda_device_510k,https://www.accessdata.fda.gov/scripts/cdrh/cfdocs/cfpmn/pmn.cfm?id=K071069,,5,2,0,2,6,医疗软件 AI 增强
Vidar Systems Corp.,VIDAR VISION 2000,digital_health_or_medical_device_software,openfda_device_510k,https://www.accessdata.fda.gov/scripts/cdrh/cfdocs/cfpmn/pmn.cfm?id=K070563,,5,2,0,2,6,医疗软件 AI 增强
"Vignet, Inc.",VIGNET TELEHEALTH MANAGER,digital_health_or_medical_device_software,openfda_device_510k,https://www.accessdata.fda.gov/scripts/cdrh/cfdocs/cfpmn/pmn.cfm?id=K113446,internet_healthcare,5,2,0,2,6,在线问诊分诊、问答和医患服务自动化
"Vista Lifesciences, Inc.",ANAM Test System,digital_health_or_medical_device_software,openfda_device_510k,https://www.accessdata.fda.gov/scripts/cdrh/cfdocs/cfpmn/pmn.cfm?id=K201376,,5,2,0,2,6,医疗软件 AI 增强
"Vista Lifesciences, Inc.",ANAM Test System: Military Battery,digital_health_or_medical_device_software,openfda_device_510k,https://www.accessdata.fda.gov/scripts/cdrh/cfdocs/cfpmn/pmn.cfm?id=K150154,,5,2,0,2,6,医疗软件 AI 增强
"Viterion Telehealthcare, LLC",VITERION 100 TELEHEALTH MONITOR,digital_health_or_medical_device_software,openfda_device_510k,https://www.accessdata.fda.gov/scripts/cdrh/cfdocs/cfpmn/pmn.cfm?id=K030419,internet_healthcare,5,2,0,2,6,远程监测风险分层与异常预警; 在线问诊分诊、问答和医患服务自动化
Volcano Corporation,Volcano Visions PV .018 Digital IVUS Catheter,digital_health_or_medical_device_software,openfda_device_510k,https://www.accessdata.fda.gov/scripts/cdrh/cfdocs/cfpmn/pmn.cfm?id=K150442,,5,2,0,2,6,医疗软件 AI 增强
Warner-Lambert Co.,DESERET ARTERIAL BLOOD SAMPLING KIT,digital_health_or_medical_device_software,openfda_device_510k,https://www.accessdata.fda.gov/scripts/cdrh/cfdocs/cfpmn/pmn.cfm?id=K822248,,5,2,0,2,6,医疗软件 AI 增强
"Wen Hao, Inc.",EXAM GLOVES (MFG. GUEY HER ENT. CO. LTD),digital_health_or_medical_device_software,openfda_device_510k,https://www.accessdata.fda.gov/scripts/cdrh/cfdocs/cfpmn/pmn.cfm?id=K893025,,5,2,0,2,6,医疗软件 AI 增强
"Whiplash Analysis, Inc.",CERVICAL FUNCTION INDICATOR,digital_health_or_medical_device_software,openfda_device_510k,https://www.accessdata.fda.gov/scripts/cdrh/cfdocs/cfpmn/pmn.cfm?id=K943430,,5,2,0,2,6,医疗软件 AI 增强
Woebot Health,Woebot,digital_therapeutics_or_dtx,round2_seed,https://woebothealth.com/,digital_therapeutics; mental_health,5,6,6,5,6,心理/睡眠分层干预与对话式支持
"Wuestec Medical, Inc.",LIGHTLINE-M,digital_health_or_medical_device_software,openfda_device_510k,https://www.accessdata.fda.gov/scripts/cdrh/cfdocs/cfpmn/pmn.cfm?id=K974240,,5,2,0,2,6,医疗软件 AI 增强
上海卓昕医疗科技有限公司,移动式C形臂X射线机,digital_health_or_medical_device_software,nmpa_udi,https://udi.nmpa.gov.cn/showDetailCX.html?deviceRecordKey=0697526051015320260310102355590,,5,2,0,2,6,医生工作流、病历摘要和临床文档自动化
上海卓昕医疗科技有限公司,移动式C形臂X射线机,digital_health_or_medical_device_software,nmpa_udi,https://udi.nmpa.gov.cn/showDetailCX.html?deviceRecordKey=0697526051016020260310102633864,,5,2,0,2,6,医生工作流、病历摘要和临床文档自动化
上海卓昕医疗科技有限公司,移动式C形臂X射线机,digital_health_or_medical_device_software,nmpa_udi,https://udi.nmpa.gov.cn/showDetailCX.html?deviceRecordKey=0697526051005420250714040147634,,5,2,0,2,6,医生工作流、病历摘要和临床文档自动化
上海联影智能科技股份有限公司,放射治疗轮廓勾画软件,samd_or_medical_software,nmpa_udi,https://udi.nmpa.gov.cn/showDetailCX.html?deviceRecordKey=0697419760000520220614030658366,samd,5,7,6,10,6,医生工作流、病历摘要和临床文档自动化; 患者互动、留存和健康行为 nudging
医伟司安股份有限公司,外周血管慢性闭塞病变导管,digital_health_or_medical_device_software,nmpa_udi,https://udi.nmpa.gov.cn/showDetailCX.html?deviceRecordKey=bc1fbf9e-231d-497f-a295-00f33b8d39cd,,5,2,0,2,6,医疗软件 AI 增强
医伟司安股份有限公司,外周血管慢性闭塞病变导管,digital_health_or_medical_device_software,nmpa_udi,https://udi.nmpa.gov.cn/showDetailCX.html?deviceRecordKey=89da9d2d-88df-4b62-8ad2-1d7a9e80bf18,,5,2,0,2,6,医疗软件 AI 增强
医伟司安股份有限公司,外周血管慢性闭塞病变导管,digital_health_or_medical_device_software,nmpa_udi,https://udi.nmpa.gov.cn/showDetailCX.html?deviceRecordKey=c860aa99-8a9a-4411-a9f8-a1a6d3891313,,5,2,0,2,6,医疗软件 AI 增强
深圳迈瑞生物医疗电子股份有限公司,移动式X射线机,digital_health_or_medical_device_software,nmpa_udi,https://udi.nmpa.gov.cn/showDetailCX.html?deviceRecordKey=069030530816962026011502474526,,5,2,0,2,6,医疗软件 AI 增强
深圳迈瑞生物医疗电子股份有限公司,移动式X射线机,digital_health_or_medical_device_software,nmpa_udi,https://udi.nmpa.gov.cn/showDetailCX.html?deviceRecordKey=069030530119832026011502474527,,5,2,0,2,6,医疗软件 AI 增强
深圳迈瑞生物医疗电子股份有限公司,移动式X射线机,digital_health_or_medical_device_software,nmpa_udi,https://udi.nmpa.gov.cn/showDetailCX.html?deviceRecordKey=069030530817192026011502474528,,5,2,0,2,6,医疗软件 AI 增强
深圳迈瑞生物医疗电子股份有限公司,移动式X射线机,digital_health_or_medical_device_software,nmpa_udi,https://udi.nmpa.gov.cn/showDetailCX.html?deviceRecordKey=069030530817022026011502474529,,5,2,0,2,6,医疗软件 AI 增强
深圳迈瑞生物医疗电子股份有限公司,移动式X射线机,digital_health_or_medical_device_software,nmpa_udi,https://udi.nmpa.gov.cn/showDetailCX.html?deviceRecordKey=069030530816892026011502474530,,5,2,0,2,6,医疗软件 AI 增强
深圳迈瑞生物医疗电子股份有限公司,移动式X射线机,digital_health_or_medical_device_software,nmpa_udi,https://udi.nmpa.gov.cn/showDetailCX.html?deviceRecordKey=069030530817332026011502474531,,5,2,0,2,6,医疗软件 AI 增强
深圳迈瑞生物医疗电子股份有限公司,移动式X射线机,digital_health_or_medical_device_software,nmpa_udi,https://udi.nmpa.gov.cn/showDetailCX.html?deviceRecordKey=069030530119452026011502474532,,5,2,0,2,6,医疗软件 AI 增强
深圳迈瑞生物医疗电子股份有限公司,移动式X射线机,digital_health_or_medical_device_software,nmpa_udi,https://udi.nmpa.gov.cn/showDetailCX.html?deviceRecordKey=069030530817262026011502474533,,5,2,0,2,6,医疗软件 AI 增强
深圳迈瑞生物医疗电子股份有限公司,移动式X射线机,digital_health_or_medical_device_software,nmpa_udi,https://udi.nmpa.gov.cn/showDetailCX.html?deviceRecordKey=069030530119692026011502474534,,5,2,0,2,6,医疗软件 AI 增强
深圳迈瑞生物医疗电子股份有限公司,移动式X射线机,digital_health_or_medical_device_software,nmpa_udi,https://udi.nmpa.gov.cn/showDetailCX.html?deviceRecordKey=069030530120032026011502474535,,5,2,0,2,6,医疗软件 AI 增强
深圳迈瑞生物医疗电子股份有限公司,移动式X射线机,digital_health_or_medical_device_software,nmpa_udi,https://udi.nmpa.gov.cn/showDetailCX.html?deviceRecordKey=069030530816722026011502474536,,5,2,0,2,6,医疗软件 AI 增强
深圳迈瑞生物医疗电子股份有限公司,移动式X射线机,digital_health_or_medical_device_software,nmpa_udi,https://udi.nmpa.gov.cn/showDetailCX.html?deviceRecordKey=069030530119902026011502474537,,5,2,0,2,6,医疗软件 AI 增强
深圳迈瑞生物医疗电子股份有限公司,移动式X射线机,digital_health_or_medical_device_software,nmpa_udi,https://udi.nmpa.gov.cn/showDetailCX.html?deviceRecordKey=069030530119762026011502474538,,5,2,0,2,6,医疗软件 AI 增强
深圳迈瑞生物医疗电子股份有限公司,移动式X射线机,digital_health_or_medical_device_software,nmpa_udi,https://udi.nmpa.gov.cn/showDetailCX.html?deviceRecordKey=069030530119522026011502474539,,5,2,0,2,6,医疗软件 AI 增强
深圳迈瑞生物医疗电子股份有限公司,移动式X射线机,digital_health_or_medical_device_software,nmpa_udi,https://udi.nmpa.gov.cn/showDetailCX.html?deviceRecordKey=069030530119382026011502474540,,5,2,0,2,6,医疗软件 AI 增强
深圳迈瑞生物医疗电子股份有限公司,移动式X射线机,digital_health_or_medical_device_software,nmpa_udi,https://udi.nmpa.gov.cn/showDetailCX.html?deviceRecordKey=069030530817402026011502474541,,5,2,0,2,6,医疗软件 AI 增强
绍兴金箓生物技术有限公司,慢性淋巴细胞白血病染色体及基因异常检测试剂盒（荧光原位杂交法）,digital_health_or_medical_device_software,nmpa_udi,https://udi.nmpa.gov.cn/showDetailCX.html?deviceRecordKey=0697532900221620240626030509298,,5,2,0,2,6,医疗软件 AI 增强
绍兴金箓生物技术有限公司,慢性淋巴细胞白血病染色体及基因异常检测试剂盒（荧光原位杂交法）,digital_health_or_medical_device_software,nmpa_udi,https://udi.nmpa.gov.cn/showDetailCX.html?deviceRecordKey=0697532900220920240626030119368,,5,2,0,2,6,医疗软件 AI 增强
绍兴金箓生物技术有限公司,慢性淋巴细胞白血病染色体及基因异常检测试剂盒（荧光原位杂交法）,digital_health_or_medical_device_software,nmpa_udi,https://udi.nmpa.gov.cn/showDetailCX.html?deviceRecordKey=0697532900219320240626021306072,,5,2,0,2,6,医疗软件 AI 增强
艾科托迈德有限公司 AKTORmed GmbH,腹腔内窥镜夹持及移动控制装置,digital_health_or_medical_device_software,nmpa_udi,https://udi.nmpa.gov.cn/showDetailCX.html?deviceRecordKey=372e067a0d814590bc697daa059f7d30,,5,2,0,2,6,医疗软件 AI 增强
艾科托迈德有限公司 AKTORmed GmbH,腹腔内窥镜夹持及移动控制装置,digital_health_or_medical_device_software,nmpa_udi,https://udi.nmpa.gov.cn/showDetailCX.html?deviceRecordKey=9eb0a0a45574458db5e35749f19185c4,,5,2,0,2,6,医疗软件 AI 增强
艾科托迈德有限公司 AKTORmed GmbH,腹腔内窥镜夹持及移动控制装置,digital_health_or_medical_device_software,nmpa_udi,https://udi.nmpa.gov.cn/showDetailCX.html?deviceRecordKey=58195411190f4100959ce3dbe3194d59,,5,2,0,2,6,医疗软件 AI 增强
艾科托迈德有限公司 AKTORmed GmbH,腹腔内窥镜夹持及移动控制装置,digital_health_or_medical_device_software,nmpa_udi,https://udi.nmpa.gov.cn/showDetailCX.html?deviceRecordKey=2afc9c7825e7426e9e031a4472b6ece8,,5,2,0,2,6,医疗软件 AI 增强
艾科托迈德有限公司 AKTORmed GmbH,腹腔内窥镜夹持及移动控制装置,digital_health_or_medical_device_software,nmpa_udi,https://udi.nmpa.gov.cn/showDetailCX.html?deviceRecordKey=d4317192280443acb23c4efc985f2fc0,,5,2,0,2,6,医疗软件 AI 增强
艾科托迈德有限公司 AKTORmed GmbH,腹腔内窥镜夹持及移动控制装置,digital_health_or_medical_device_software,nmpa_udi,https://udi.nmpa.gov.cn/showDetailCX.html?deviceRecordKey=3acbf680445a440183faa80956f065c7,,5,2,0,2,6,医疗软件 AI 增强
艾科托迈德有限公司 AKTORmed GmbH,腹腔内窥镜夹持及移动控制装置,digital_health_or_medical_device_software,nmpa_udi,https://udi.nmpa.gov.cn/showDetailCX.html?deviceRecordKey=036dddb744e34291baa64b5cf4d07633,,5,2,0,2,6,医疗软件 AI 增强
艾科托迈德有限公司 AKTORmed GmbH,腹腔内窥镜夹持及移动控制装置,digital_health_or_medical_device_software,nmpa_udi,https://udi.nmpa.gov.cn/showDetailCX.html?deviceRecordKey=9b9b3048d1e746e3b82d2e8697804a09,,5,2,0,2,6,医疗软件 AI 增强
苏州一目万相科技有限公司,移动式C形臂X射线机,digital_health_or_medical_device_software,nmpa_udi,https://udi.nmpa.gov.cn/showDetailCX.html?deviceRecordKey=0697633057002220260305085826347,,5,2,0,2,6,医疗软件 AI 增强
苏州一目万相科技有限公司,移动式C形臂X射线机,digital_health_or_medical_device_software,nmpa_udi,https://udi.nmpa.gov.cn/showDetailCX.html?deviceRecordKey=0697633057003920260305085934779,,5,2,0,2,6,医疗软件 AI 增强
苏州歌锐医疗科技有限公司,移动式C形臂X射线机,digital_health_or_medical_device_software,nmpa_udi,https://udi.nmpa.gov.cn/showDetailCX.html?deviceRecordKey=0697549601006920260429074128451,,5,2,0,2,6,医疗软件 AI 增强
苏州歌锐医疗科技有限公司,移动式C形臂X射线机,digital_health_or_medical_device_software,nmpa_udi,https://udi.nmpa.gov.cn/showDetailCX.html?deviceRecordKey=0697549601005220260429075046422,,5,2,0,2,6,医疗软件 AI 增强
苏州歌锐医疗科技有限公司,移动式C形臂X射线机,digital_health_or_medical_device_software,nmpa_udi,https://udi.nmpa.gov.cn/showDetailCX.html?deviceRecordKey=0697549601007620260429075518592,,5,2,0,2,6,医疗软件 AI 增强
Akili,EndeavorRx; EndeavorOTC,digital_therapeutics_or_dtx,round2_seed,https://www.akiliinteractive.com/,digital_therapeutics; mental_health,5,6,6,8,5,心理/睡眠分层干预与对话式支持; 医生工作流、病历摘要和临床文档自动化
Click Therapeutics,Click Therapeutics platform,digital_therapeutics_or_dtx,round2_seed,https://clicktherapeutics.com/,digital_therapeutics,5,5,6,8,4,医疗软件智能化和疗效反馈闭环
ABBOTT MEDICAL,OPTIS Mobile Next Imaging System (1014932); OPTIS Integrated Next Imaging System (1014933); Ultreon 3.0 Software Upgrade Kit (ULTR300001),samd_or_medical_software,openfda_device_510k,https://www.accessdata.fda.gov/scripts/cdrh/cfdocs/cfpmn/pmn.cfm?id=K253459,samd,5,2,4,7,3,医疗软件智能化和疗效反馈闭环
ADAS3D医疗有限公司,心血管图像处理软件Medical device imaging software in the clinical domain of cardiology,samd_or_medical_software,nmpa_udi,https://udi.nmpa.gov.cn/showDetailCX.html?deviceRecordKey=0843702172204820260416013910405,samd,5,2,4,7,3,医生工作流、病历摘要和临床文档自动化
"Advanced Planimetric Services, LLC",PICTZAR DIGITAL PLANIMETRY SOFTWARE APPLICATION 7.0,samd_or_medical_software,openfda_device_510k,https://www.accessdata.fda.gov/scripts/cdrh/cfdocs/cfpmn/pmn.cfm?id=K130165,samd,5,2,4,7,3,医疗软件智能化和疗效反馈闭环
American Sleep Association,ASA ORAL APPLIANCES,samd_or_medical_software,openfda_device_510k,https://www.accessdata.fda.gov/scripts/cdrh/cfdocs/cfpmn/pmn.cfm?id=K130504,samd,5,2,4,7,3,医疗软件智能化和疗效反馈闭环
Brainlab AG,Brainlab Elements (7.0); Brainlab Elements Image Fusion (5.0); Brainlab Elements Image Fusion Angio (1.0); Brainlab Elements Contouring (5.0); Brainlab Elements Fibertracking (3.0); Brainlab Elements BOLD MRI Mapping (1.0),samd_or_medical_software,openfda_device_510k,https://www.accessdata.fda.gov/scripts/cdrh/cfdocs/cfpmn/pmn.cfm?id=K243633,samd,5,2,4,7,3,医疗软件智能化和疗效反馈闭环
"Canon, Inc.","CANON X-RAY DIGITAL CAMERA WITH ADDITIONAL SOFTWARE, LANMIX MLT",samd_or_medical_software,openfda_device_510k,https://www.accessdata.fda.gov/scripts/cdrh/cfdocs/cfpmn/pmn.cfm?id=K023124,samd,5,2,4,7,3,医疗软件智能化和疗效反馈闭环
"Canon, Inc.",DIGITAL RADIOGRAPHY MODEL CXDI-55G,digital_health_or_medical_device_software,openfda_device_510k,https://www.accessdata.fda.gov/scripts/cdrh/cfdocs/cfpmn/pmn.cfm?id=K091435,samd,5,2,4,7,3,医疗软件智能化和疗效反馈闭环
"Canon, Inc.",Enhanced Feature Software Pack CXDI Series,samd_or_medical_software,openfda_device_510k,https://www.accessdata.fda.gov/scripts/cdrh/cfdocs/cfpmn/pmn.cfm?id=K190368,samd,5,2,4,7,3,医疗软件智能化和疗效反馈闭环
Cochlear Americas,"Cochlear Baha 6 System, Cochlear Baha Fitting Software 6, Cochlear Baha Baha Smart App",samd_or_medical_software,openfda_device_510k,https://www.accessdata.fda.gov/scripts/cdrh/cfdocs/cfpmn/pmn.cfm?id=K212136,samd,5,2,4,7,3,医疗软件智能化和疗效反馈闭环
Datex-Ohmeda,DATEX-OHMEDA S/5 WEB VIEWER WITH L-6WV02 SOFTWARE,samd_or_medical_software,openfda_device_510k,https://www.accessdata.fda.gov/scripts/cdrh/cfdocs/cfpmn/pmn.cfm?id=K023497,samd,5,2,4,7,3,医疗软件智能化和疗效反馈闭环
"Elaitra, Ltd.",ViewFinder Software Version 1.1,samd_or_medical_software,openfda_device_510k,https://www.accessdata.fda.gov/scripts/cdrh/cfdocs/cfpmn/pmn.cfm?id=K223501,samd,5,2,4,7,3,医疗软件智能化和疗效反馈闭环
"Gauss Surgical, Inc.,",PIXEL APP,samd_or_medical_software,openfda_device_510k,https://www.accessdata.fda.gov/scripts/cdrh/cfdocs/cfpmn/pmn.cfm?id=K121274,samd,5,2,4,7,3,医疗软件智能化和疗效反馈闭环
GE Medical Systems Ultrasound and Primary Care Diagnostics,EchoPAC Software Only / EchoPAC Plug-in,samd_or_medical_software,openfda_device_510k,https://www.accessdata.fda.gov/scripts/cdrh/cfdocs/cfpmn/pmn.cfm?id=K251342,samd,5,2,4,7,3,医疗软件智能化和疗效反馈闭环
GE Medical Systems Ultrasound and Primary Care Diagnostics,"EchoPAC Software Only, EchoPAC Plug-in",samd_or_medical_software,openfda_device_510k,https://www.accessdata.fda.gov/scripts/cdrh/cfdocs/cfpmn/pmn.cfm?id=K220940,samd,5,2,4,7,3,医疗软件智能化和疗效反馈闭环
GE Medical Systems Ultrasound and Primary Care Diagnostics,LOGIQ Totus,digital_health_or_medical_device_software,openfda_device_510k,https://www.accessdata.fda.gov/scripts/cdrh/cfdocs/cfpmn/pmn.cfm?id=K232381,samd,5,2,4,7,3,医疗软件智能化和疗效反馈闭环
"Hypoguard USA, Inc.","GLUCOBALANCE DATA MANAGEMENT SOFTWARE, MODEL 555020",samd_or_medical_software,openfda_device_510k,https://www.accessdata.fda.gov/scripts/cdrh/cfdocs/cfpmn/pmn.cfm?id=K022545,samd,5,2,4,7,3,医疗软件智能化和疗效反馈闭环
Medtronic Minimed,MiniMed Go App,samd_or_medical_software,openfda_device_510k,https://www.accessdata.fda.gov/scripts/cdrh/cfdocs/cfpmn/pmn.cfm?id=K253512,samd,5,2,4,7,3,医疗软件智能化和疗效反馈闭环
"Nidek, Inc.",OPD-STATION SOFTWARE,samd_or_medical_software,openfda_device_510k,https://www.accessdata.fda.gov/scripts/cdrh/cfdocs/cfpmn/pmn.cfm?id=K050336,samd,5,2,4,7,3,医疗软件智能化和疗效反馈闭环
Nucletron Corp.,"CET PROSTATE APPLICATOR SET, PART NUMBER 089.066",samd_or_medical_software,openfda_device_510k,https://www.accessdata.fda.gov/scripts/cdrh/cfdocs/cfpmn/pmn.cfm?id=K990990,samd,5,2,4,7,3,医疗软件智能化和疗效反馈闭环
"Ortho Kinematics, Inc.",OKI Surgical Planning Software,samd_or_medical_software,openfda_device_510k,https://www.accessdata.fda.gov/scripts/cdrh/cfdocs/cfpmn/pmn.cfm?id=K171617,samd,5,2,4,7,3,医疗软件智能化和疗效反馈闭环
"Philips Medical Systems (Cleveland), Inc.",IQon Spectral CT,digital_health_or_medical_device_software,openfda_device_510k,https://www.accessdata.fda.gov/scripts/cdrh/cfdocs/cfpmn/pmn.cfm?id=K163711,samd,5,2,4,7,3,医疗软件智能化和疗效反馈闭环
"Philips Medical Systems (Cleveland), Inc.",SYNERVIEW MODEL 6478,digital_health_or_medical_device_software,openfda_device_510k,https://www.accessdata.fda.gov/scripts/cdrh/cfdocs/cfpmn/pmn.cfm?id=K770855,samd,5,2,4,7,3,医疗软件智能化和疗效反馈闭环
"Philips Medical Systems (Cleveland), Inc.",VOYAGER 6.0 SOFTWARE OPTION,samd_or_medical_software,openfda_device_510k,https://www.accessdata.fda.gov/scripts/cdrh/cfdocs/cfpmn/pmn.cfm?id=K000310,samd,5,2,4,7,3,医疗软件智能化和疗效反馈闭环
Puritan Bennett Corp.,PURITAN BENNETT DATAFLOW DATA MANAGEMENT SOFTWARE,samd_or_medical_software,openfda_device_510k,https://www.accessdata.fda.gov/scripts/cdrh/cfdocs/cfpmn/pmn.cfm?id=K023225,samd,5,2,4,7,3,医疗软件智能化和疗效反馈闭环
"R2 Technology, Inc.",IMAGECHECKER-CT SOFTWARE PACKAGE WITH FILLING DEFECT INDICATOR,samd_or_medical_software,openfda_device_510k,https://www.accessdata.fda.gov/scripts/cdrh/cfdocs/cfpmn/pmn.cfm?id=K041380,samd,5,2,4,7,3,医疗软件智能化和疗效反馈闭环
"Siemens Medical Solutions USA, Inc.",ACUSON P50 DIAGNOSTIC ULTRASOUND SYSTEM,digital_health_or_medical_device_software,openfda_device_510k,https://www.accessdata.fda.gov/scripts/cdrh/cfdocs/cfpmn/pmn.cfm?id=K072266,samd,5,2,4,7,3,医疗软件智能化和疗效反馈闭环
"Siemens Medical Solutions USA, Inc.",Biograph mMR with syngo MR E11P system software,samd_or_medical_software,openfda_device_510k,https://www.accessdata.fda.gov/scripts/cdrh/cfdocs/cfpmn/pmn.cfm?id=K163234,samd,5,2,4,7,3,医疗软件智能化和疗效反馈闭环
"Siemens Medical Solutions USA, Inc.",LUNGCARE CT SOFTWARE PACKAGE,samd_or_medical_software,openfda_device_510k,https://www.accessdata.fda.gov/scripts/cdrh/cfdocs/cfpmn/pmn.cfm?id=K022013,samd,5,2,4,7,3,医疗软件智能化和疗效反馈闭环
"Siemens Medical Solutions USA, Inc.",SOMATOM EXTENDED FIELD OF VIEW SOFTWARE OPTION,samd_or_medical_software,openfda_device_510k,https://www.accessdata.fda.gov/scripts/cdrh/cfdocs/cfpmn/pmn.cfm?id=K032536,samd,5,2,4,7,3,医疗软件智能化和疗效反馈闭环
St Jude Medical,myMerlin(TM) Mobile Application Model APP1001,samd_or_medical_software,openfda_device_510k,https://www.accessdata.fda.gov/scripts/cdrh/cfdocs/cfpmn/pmn.cfm?id=K173232,samd,5,2,4,7,3,医疗软件智能化和疗效反馈闭环
Stryker Corporation,"Scopis ENT Software, Scopis ENT Software with TGS, Scopis Planning Software, Electromagnetic Navigation Unit",samd_or_medical_software,openfda_device_510k,https://www.accessdata.fda.gov/scripts/cdrh/cfdocs/cfpmn/pmn.cfm?id=K221098,samd,5,2,4,7,3,医疗软件智能化和疗效反馈闭环
"Tandem Diabetes Care, Inc.",Basal-IQ Technology,digital_health_or_medical_device_software,openfda_device_510k,https://www.accessdata.fda.gov/scripts/cdrh/cfdocs/cfpmn/pmn.cfm?id=K193483,samd,5,2,4,7,3,医疗软件智能化和疗效反馈闭环
"Tandem Diabetes Care, Inc.",Control-IQ Technology,digital_health_or_medical_device_software,openfda_device_510k,https://www.accessdata.fda.gov/scripts/cdrh/cfdocs/cfpmn/pmn.cfm?id=K232382,samd,5,2,4,7,3,医疗软件智能化和疗效反馈闭环
"Tandem Diabetes Care, Inc.",Control-IQ+ technology,digital_health_or_medical_device_software,openfda_device_510k,https://www.accessdata.fda.gov/scripts/cdrh/cfdocs/cfpmn/pmn.cfm?id=K260429,samd,5,2,4,7,3,医疗软件智能化和疗效反馈闭环
"Tandem Diabetes Care, Inc.",T:CONNECT DATA MANAGEMENT SYSTEM,digital_health_or_medical_device_software,openfda_device_510k,https://www.accessdata.fda.gov/scripts/cdrh/cfdocs/cfpmn/pmn.cfm?id=K122361,samd,5,2,4,7,3,医疗软件智能化和疗效反馈闭环
"Tandem Diabetes Care, Inc.",t:flex Insulin Delivery System,digital_health_or_medical_device_software,openfda_device_510k,https://www.accessdata.fda.gov/scripts/cdrh/cfdocs/cfpmn/pmn.cfm?id=K143189,samd,5,2,4,7,3,医疗软件智能化和疗效反馈闭环
"Tandem Diabetes Care, Inc.",T:SLIM (TM) INSULIN DELIVERY SYSTEM,digital_health_or_medical_device_software,openfda_device_510k,https://www.accessdata.fda.gov/scripts/cdrh/cfdocs/cfpmn/pmn.cfm?id=K111210,samd,5,2,4,7,3,医疗软件智能化和疗效反馈闭环
"Tandem Diabetes Care, Inc.",T:SLIM INSULIN DELIVERY SYSTEM,digital_health_or_medical_device_software,openfda_device_510k,https://www.accessdata.fda.gov/scripts/cdrh/cfdocs/cfpmn/pmn.cfm?id=K133593,samd,5,2,4,7,3,医疗软件智能化和疗效反馈闭环
"Tandem Diabetes Care, Inc.",T:SLIM INSULIN DELIVERY SYSTEM,digital_health_or_medical_device_software,openfda_device_510k,https://www.accessdata.fda.gov/scripts/cdrh/cfdocs/cfpmn/pmn.cfm?id=K141758,samd,5,2,4,7,3,医疗软件智能化和疗效反馈闭环
"Tandem Diabetes Care, Inc.",t:slim X2 Insulin Pump with Interoperable Technology (with t:connect mobile app),samd_or_medical_software,openfda_device_510k,https://www.accessdata.fda.gov/scripts/cdrh/cfdocs/cfpmn/pmn.cfm?id=K203234,samd,5,2,4,7,3,医疗软件智能化和疗效反馈闭环
"Topcon Medical Systems, Inc.",IMAGENET 5 PC SOFTWARE SYSTEM,samd_or_medical_software,openfda_device_510k,https://www.accessdata.fda.gov/scripts/cdrh/cfdocs/cfpmn/pmn.cfm?id=K132438,samd,5,2,4,7,3,医疗软件智能化和疗效反馈闭环
"Toshiba America Mri, Inc.",OPART (MRT-600) VERSIONS 2 SOFTWARE UPGRADE,samd_or_medical_software,openfda_device_510k,https://www.accessdata.fda.gov/scripts/cdrh/cfdocs/cfpmn/pmn.cfm?id=K981475,samd,5,2,4,7,3,医疗软件智能化和疗效反馈闭环
"United Health Group, Inc.",Optum TeleHealth Application,samd_or_medical_software,openfda_device_510k,https://www.accessdata.fda.gov/scripts/cdrh/cfdocs/cfpmn/pmn.cfm?id=K171406,samd; internet_healthcare,5,2,4,7,3,在线问诊分诊、问答和医患服务自动化
"Vivometrics, Inc.",LIFESHIRT REAL-TIME WITH VIVOMONITOR SOFTWARE,samd_or_medical_software,openfda_device_510k,https://www.accessdata.fda.gov/scripts/cdrh/cfdocs/cfpmn/pmn.cfm?id=K043604,samd,5,2,4,7,3,远程监测风险分层与异常预警
Watermark Medical,CONNECTED CARE MOBILE APPLICATION,samd_or_medical_software,openfda_device_510k,https://www.accessdata.fda.gov/scripts/cdrh/cfdocs/cfpmn/pmn.cfm?id=K120325,samd,5,2,4,7,3,医疗软件智能化和疗效反馈闭环
上海导向医疗系统有限公司,医学图像处理软件,samd_or_medical_software,nmpa_udi,https://udi.nmpa.gov.cn/showDetailCX.html?deviceRecordKey=0694933910336220260506035412241,samd,5,2,4,7,3,医疗软件智能化和疗效反馈闭环
嘉兴允英医学检验有限公司,非小细胞肺癌（EGFR/ALK）基因突变分析软件,samd_or_medical_software,nmpa_udi,https://udi.nmpa.gov.cn/showDetailCX.html?deviceRecordKey=0697545115090820260424110259267,samd,5,2,4,7,3,医生工作流、病历摘要和临床文档自动化
执鼎医疗科技有限公司,眼科影像存储与传输软件,samd_or_medical_software,nmpa_udi,https://udi.nmpa.gov.cn/showDetailCX.html?deviceRecordKey=0697304719107620260508030807326,samd,5,2,4,7,3,医疗软件智能化和疗效反馈闭环
日本尼德克株式会社,影像存档软件,samd_or_medical_software,nmpa_udi,https://udi.nmpa.gov.cn/showDetailCX.html?deviceRecordKey=0498766910164320260403013305251,samd,5,2,4,7,3,医疗软件智能化和疗效反馈闭环
桂林优利特医疗电子有限公司,血糖数据管理软件,samd_or_medical_software,nmpa_udi,https://udi.nmpa.gov.cn/showDetailCX.html?deviceRecordKey=06935740735889202604101007341,samd,5,2,4,7,3,医疗软件智能化和疗效反馈闭环
武汉楚精灵医疗科技有限公司,胃部病变电子内窥镜图像辅助分诊软件,samd_or_medical_software,nmpa_udi,https://udi.nmpa.gov.cn/showDetailCX.html?deviceRecordKey=0697460473102520260419033246769,samd,5,2,4,7,3,医生工作流、病历摘要和临床文档自动化
深圳市宝润科技有限公司,移动式C形臂X射线机,digital_health_or_medical_device_software,nmpa_udi,https://udi.nmpa.gov.cn/showDetailCX.html?deviceRecordKey=0697442622248020260318030714128,samd,5,2,4,7,3,医疗软件智能化和疗效反馈闭环
深圳市宝润科技有限公司,移动式C形臂X射线机,digital_health_or_medical_device_software,nmpa_udi,https://udi.nmpa.gov.cn/showDetailCX.html?deviceRecordKey=0697442622249720260318030935367,samd,5,2,4,7,3,医疗软件智能化和疗效反馈闭环
深圳市宝润科技有限公司,移动式C形臂X射线机,digital_health_or_medical_device_software,nmpa_udi,https://udi.nmpa.gov.cn/showDetailCX.html?deviceRecordKey=0697442622250320260318031054926,samd,5,2,4,7,3,医疗软件智能化和疗效反馈闭环
深圳市宝润科技有限公司,移动式C形臂X射线机,digital_health_or_medical_device_software,nmpa_udi,https://udi.nmpa.gov.cn/showDetailCX.html?deviceRecordKey=0697442622251020260318033301868,samd,5,2,4,7,3,医疗软件智能化和疗效反馈闭环
深圳市宝润科技有限公司,移动式C形臂X射线机,digital_health_or_medical_device_software,nmpa_udi,https://udi.nmpa.gov.cn/showDetailCX.html?deviceRecordKey=0697442622252720260318033748815,samd,5,2,4,7,3,医疗软件智能化和疗效反馈闭环
深圳市宝润科技有限公司,移动式C形臂X射线机,digital_health_or_medical_device_software,nmpa_udi,https://udi.nmpa.gov.cn/showDetailCX.html?deviceRecordKey=0697442622253420260318033853109,samd,5,2,4,7,3,医疗软件智能化和疗效反馈闭环
深圳市宝润科技有限公司,移动式C形臂X射线机,digital_health_or_medical_device_software,nmpa_udi,https://udi.nmpa.gov.cn/showDetailCX.html?deviceRecordKey=0697442622254120260318033934881,samd,5,2,4,7,3,医疗软件智能化和疗效反馈闭环
深圳市宝润科技有限公司,移动式C形臂X射线机,digital_health_or_medical_device_software,nmpa_udi,https://udi.nmpa.gov.cn/showDetailCX.html?deviceRecordKey=0697442622255820260318034017046,samd,5,2,4,7,3,医疗软件智能化和疗效反馈闭环
深圳市资福医疗技术有限公司,图像分析软件,samd_or_medical_software,nmpa_udi,https://udi.nmpa.gov.cn/showDetailCX.html?deviceRecordKey=0697169084049520260414040017392,samd,5,2,4,7,3,医疗软件智能化和疗效反馈闭环
深圳市资福医疗技术有限公司,移动式姿态控制器,digital_health_or_medical_device_software,nmpa_udi,https://udi.nmpa.gov.cn/showDetailCX.html?deviceRecordKey=0697169084037220260414033247708,samd,5,2,4,7,3,医疗软件智能化和疗效反馈闭环
深圳市资福医疗技术有限公司,移动式姿态控制器,digital_health_or_medical_device_software,nmpa_udi,https://udi.nmpa.gov.cn/showDetailCX.html?deviceRecordKey=0697169084036520260410053044422,samd,5,2,4,7,3,医疗软件智能化和疗效反馈闭环
深圳麦科田生物医疗技术股份有限公司,中央监护系统软件,samd_or_medical_software,nmpa_udi,https://udi.nmpa.gov.cn/showDetailCX.html?deviceRecordKey=0692680261465520260509060024941,samd,5,2,4,7,3,医疗软件智能化和疗效反馈闭环
深圳麦科田生物医疗技术股份有限公司,中央监护系统软件,samd_or_medical_software,nmpa_udi,https://udi.nmpa.gov.cn/showDetailCX.html?deviceRecordKey=0692680261464820260509055950241,samd,5,2,4,7,3,医疗软件智能化和疗效反馈闭环
深圳麦科田生物医疗技术股份有限公司,中央监护系统软件,samd_or_medical_software,nmpa_udi,https://udi.nmpa.gov.cn/showDetailCX.html?deviceRecordKey=0692680261463120260509055903124,samd,5,2,4,7,3,医疗软件智能化和疗效反馈闭环
深圳麦科田生物医疗技术股份有限公司,中央监护系统软件,samd_or_medical_software,nmpa_udi,https://udi.nmpa.gov.cn/showDetailCX.html?deviceRecordKey=0692680261460020260509055741246,samd,5,2,4,7,3,医疗软件智能化和疗效反馈闭环
爱乔（上海）医疗科技有限公司,爱乔医疗交互软件,samd_or_medical_software,nmpa_udi,https://udi.nmpa.gov.cn/showDetailCX.html?deviceRecordKey=0697153589112520220518112542940,samd,5,2,4,7,3,医疗软件智能化和疗效反馈闭环
爱乔（上海）医疗科技有限公司,爱乔医疗交互软件,samd_or_medical_software,nmpa_udi,https://udi.nmpa.gov.cn/showDetailCX.html?deviceRecordKey=0697153589102620211215105645730,samd,5,2,4,7,3,医疗软件智能化和疗效反馈闭环
环科医学影像公司,心血管图像处理软件Cardiovascular image processing software,samd_or_medical_software,nmpa_udi,https://udi.nmpa.gov.cn/showDetailCX.html?deviceRecordKey=0088291600001120260415110044685,samd,5,2,4,7,3,医疗软件智能化和疗效反馈闭环
美敦力导航股份有限公司,移动式O形臂X射线机,digital_health_or_medical_device_software,nmpa_udi,https://udi.nmpa.gov.cn/showDetailCX.html?deviceRecordKey=d224c319c6044a5a8d3eb3ec41dee51a,samd,5,2,4,7,3,医疗软件智能化和疗效反馈闭环
美敦力导航股份有限公司,移动式O形臂X射线机,samd_or_medical_software,nmpa_udi,https://udi.nmpa.gov.cn/showDetailCX.html?deviceRecordKey=958548c565ea4318808e2b899bb1fca7,samd,5,2,4,7,3,医疗软件智能化和疗效反馈闭环
语坤（北京）网络科技有限公司,医学图像处理软件,samd_or_medical_software,nmpa_udi,https://udi.nmpa.gov.cn/showDetailCX.html?deviceRecordKey=0697418338085020260506052020828,samd,5,2,4,7,3,医疗软件智能化和疗效反馈闭环
Orexo digital therapeutics,MODIA; deprexis,digital_health_or_medical_device_software,round2_company_site,https://www.orexo.com/therapeutic-focus/opioid-use-disorder/,digital_therapeutics,5,2,6,5,2,医疗软件智能化和疗效反馈闭环
Voluntis Sa.,Theraxium,digital_therapeutics_or_dtx,round2_seed,https://www.aptardigitalhealth.com/,digital_therapeutics; samd,0,6,6,5,1,慢病管理 AI 教练与个性化随访
广州视景医疗软件有限公司,视觉功能训练治疗软件,digital_therapeutics_or_dtx,nmpa_udi,https://udi.nmpa.gov.cn/showDetailCX.html?deviceRecordKey=0697104746013020260330021851550,digital_therapeutics; samd,5,2,6,10,1,医疗软件智能化和疗效反馈闭环
广州视景医疗软件有限公司,视觉功能训练治疗软件,digital_therapeutics_or_dtx,nmpa_udi,https://udi.nmpa.gov.cn/showDetailCX.html?deviceRecordKey=0697104746015420260330022516896,digital_therapeutics; samd,5,2,6,10,1,医疗软件智能化和疗效反馈闭环
广州视景医疗软件有限公司,视觉功能训练治疗软件,digital_therapeutics_or_dtx,nmpa_udi,https://udi.nmpa.gov.cn/showDetailCX.html?deviceRecordKey=0697104746016120260330022655847,digital_therapeutics; samd,5,2,6,10,1,医疗软件智能化和疗效反馈闭环
广州视景医疗软件有限公司,视觉功能训练治疗软件,digital_therapeutics_or_dtx,nmpa_udi,https://udi.nmpa.gov.cn/showDetailCX.html?deviceRecordKey=0697104746014720260330022313332,digital_therapeutics; samd,5,2,6,10,1,医疗软件智能化和疗效反馈闭环
广州视景医疗软件有限公司,视觉功能训练治疗软件,digital_therapeutics_or_dtx,nmpa_udi,https://udi.nmpa.gov.cn/showDetailCX.html?deviceRecordKey=0697104746017820260330023033072,digital_therapeutics; samd,5,2,6,10,1,医疗软件智能化和疗效反馈闭环
广州视景医疗软件有限公司,视觉功能训练治疗软件,digital_therapeutics_or_dtx,nmpa_udi,https://udi.nmpa.gov.cn/showDetailCX.html?deviceRecordKey=0697104746018520260330023251946,digital_therapeutics; samd,5,2,6,10,1,医疗软件智能化和疗效反馈闭环
广州视景医疗软件有限公司,视觉功能训练治疗软件,digital_therapeutics_or_dtx,nmpa_udi,https://udi.nmpa.gov.cn/showDetailCX.html?deviceRecordKey=0697104746019220260330023517651,digital_therapeutics; samd,5,2,6,10,1,医疗软件智能化和疗效反馈闭环
广州视景医疗软件有限公司,视觉功能训练治疗软件,digital_therapeutics_or_dtx,nmpa_udi,https://udi.nmpa.gov.cn/showDetailCX.html?deviceRecordKey=0697104746020820260330023741972,digital_therapeutics; samd,5,2,6,10,1,医疗软件智能化和疗效反馈闭环
广州视景医疗软件有限公司,视觉功能训练治疗软件,digital_therapeutics_or_dtx,nmpa_udi,https://udi.nmpa.gov.cn/showDetailCX.html?deviceRecordKey=0697104746021520260330023935953,digital_therapeutics; samd,5,2,6,10,1,医疗软件智能化和疗效反馈闭环
广州视景医疗软件有限公司,视觉功能训练治疗软件,digital_therapeutics_or_dtx,nmpa_udi,https://udi.nmpa.gov.cn/showDetailCX.html?deviceRecordKey=0697104746022220260330024121658,digital_therapeutics; samd,5,2,6,10,1,医疗软件智能化和疗效反馈闭环
广州视景医疗软件有限公司,视觉功能训练治疗软件,digital_therapeutics_or_dtx,nmpa_udi,https://udi.nmpa.gov.cn/showDetailCX.html?deviceRecordKey=0697104746012320260330020926099,digital_therapeutics; samd,5,2,6,10,1,医疗软件智能化和疗效反馈闭环
AppliedVR,RelieVRx,digital_therapeutics_or_dtx,round2_seed,https://www.appliedvr.io/,digital_therapeutics,0,0,6,5,0,医疗软件智能化和疗效反馈闭环
Orexo digital therapeutics,MODIA; deprexis,digital_therapeutics_or_dtx,round2_seed,https://www.orexo.com/therapeutic-focus/opioid-use-disorder-oud/,digital_therapeutics,0,0,6,5,0,医疗软件智能化和疗效反馈闭环
