companyName,sourceType,sourceUrl,capturedAt,evidenceSummary,evidenceStrength,permissionFlag
RecoveryPlus.health,ai_opportunity_scoring,https://www.recoveryplus.health/about/,2026-05-14,opportunityScore=85; 远程监测风险分层与异常预警; 慢病管理 AI 教练与个性化随访; 康复计划生成、动作/依从性反馈与 care manager copilot; 在线问诊分诊、问答和医患服务自动化,strong_ai_opportunity,derived_from_stage2_public_evidence
"Teladoc Health, Inc.",ai_opportunity_scoring,https://www.sec.gov/edgar/browse/?CIK=1477449,2026-05-14,opportunityScore=79; 远程监测风险分层与异常预警; 慢病管理 AI 教练与个性化随访; 心理/睡眠分层干预与对话式支持; 医生工作流、病历摘要和临床文档自动化; 在线问诊分诊、问答和医患服务自动化,strong_ai_opportunity,derived_from_stage2_public_evidence
医联,ai_opportunity_scoring,https://www.medlinker.com/,2026-05-14,opportunityScore=75; 慢病管理 AI 教练与个性化随访; 医生工作流、病历摘要和临床文档自动化; 在线问诊分诊、问答和医患服务自动化,strong_ai_opportunity,derived_from_stage2_public_evidence
深圳市理邦精密仪器股份有限公司,ai_opportunity_scoring,https://udi.nmpa.gov.cn/showDetailCX.html?deviceRecordKey=069444138319332023122702190811,2026-05-14,opportunityScore=75; 远程监测风险分层与异常预警; 医生工作流、病历摘要和临床文档自动化,strong_ai_opportunity,derived_from_stage2_public_evidence
天津致远慧图科技有限公司,ai_opportunity_scoring,https://udi.nmpa.gov.cn/showDetailCX.html?deviceRecordKey=0697549021014420230320104547712,2026-05-14,opportunityScore=73; 远程监测风险分层与异常预警; 慢病管理 AI 教练与个性化随访; 康复计划生成、动作/依从性反馈与 care manager copilot,strong_ai_opportunity,derived_from_stage2_public_evidence
武汉兰丁智能医学股份有限公司,ai_opportunity_scoring,https://udi.nmpa.gov.cn/showDetailCX.html?deviceRecordKey=06975866142710202507090242481,2026-05-14,opportunityScore=72; 远程监测风险分层与异常预警; 医生工作流、病历摘要和临床文档自动化,strong_ai_opportunity,derived_from_stage2_public_evidence
上海联影智能科技股份有限公司,ai_opportunity_scoring,https://udi.nmpa.gov.cn/showDetailCX.html?deviceRecordKey=0697419760002920220614032338768,2026-05-14,opportunityScore=70; 医生工作流、病历摘要和临床文档自动化; 患者互动、留存和健康行为 nudging,strong_ai_opportunity,derived_from_stage2_public_evidence
智云健康,ai_opportunity_scoring,https://www.cloudr.cn/,2026-05-14,opportunityScore=70; 慢病管理 AI 教练与个性化随访; 医生工作流、病历摘要和临床文档自动化; 在线问诊分诊、问答和医患服务自动化,strong_ai_opportunity,derived_from_stage2_public_evidence
Livongo,ai_opportunity_scoring,https://www.teladochealth.com/livongo,2026-05-14,opportunityScore=69; 远程监测风险分层与异常预警; 慢病管理 AI 教练与个性化随访; 在线问诊分诊、问答和医患服务自动化,medium_ai_opportunity,derived_from_stage2_public_evidence
"Omada Health, Inc.",ai_opportunity_scoring,https://www.sec.gov/edgar/browse/?CIK=1611115,2026-05-14,opportunityScore=69; 远程监测风险分层与异常预警; 慢病管理 AI 教练与个性化随访; 在线问诊分诊、问答和医患服务自动化,medium_ai_opportunity,derived_from_stage2_public_evidence
北京品驰医疗设备股份有限公司,ai_opportunity_scoring,https://udi.nmpa.gov.cn/showDetailCX.html?deviceRecordKey=0695980960560920250409110149243,2026-05-14,opportunityScore=68; 远程监测风险分层与异常预警; 医生工作流、病历摘要和临床文档自动化,medium_ai_opportunity,derived_from_stage2_public_evidence
深圳市埃微医疗信息技术有限公司,ai_opportunity_scoring,https://udi.nmpa.gov.cn/showDetailCX.html?deviceRecordKey=0697996622005720260407052252779,2026-05-14,opportunityScore=67; 远程监测风险分层与异常预警; 医生工作流、病历摘要和临床文档自动化,medium_ai_opportunity,derived_from_stage2_public_evidence
上海镜影信息科技有限公司,ai_opportunity_scoring,https://udi.nmpa.gov.cn/showDetailCX.html?deviceRecordKey=0697755044001020260417012010264,2026-05-14,opportunityScore=66; 远程监测风险分层与异常预警; 医生工作流、病历摘要和临床文档自动化,medium_ai_opportunity,derived_from_stage2_public_evidence
华思（天津）医疗健康管理有限公司,ai_opportunity_scoring,https://udi.nmpa.gov.cn/showDetailCX.html?deviceRecordKey=0697452953104520250828052918072,2026-05-14,opportunityScore=65; 远程监测风险分层与异常预警,medium_ai_opportunity,derived_from_stage2_public_evidence
景昱医疗科技（苏州）股份有限公司,ai_opportunity_scoring,https://udi.nmpa.gov.cn/showDetailCX.html?deviceRecordKey=0697037781066020250718070235628,2026-05-14,opportunityScore=65; 远程监测风险分层与异常预警; 医生工作流、病历摘要和临床文档自动化; 在线问诊分诊、问答和医患服务自动化,medium_ai_opportunity,derived_from_stage2_public_evidence
北京至真互联网技术有限公司,ai_opportunity_scoring,https://udi.nmpa.gov.cn/showDetailCX.html?deviceRecordKey=0697508757001920221110021746316,2026-05-14,opportunityScore=64; 慢病管理 AI 教练与个性化随访; 医生工作流、病历摘要和临床文档自动化,medium_ai_opportunity,derived_from_stage2_public_evidence
成都云卫康医疗科技有限公司,ai_opportunity_scoring,https://udi.nmpa.gov.cn/showDetailCX.html?deviceRecordKey=MA.156.M0.101195.0YWK0033202403220556523,2026-05-14,opportunityScore=64; 远程监测风险分层与异常预警; 心理/睡眠分层干预与对话式支持,medium_ai_opportunity,derived_from_stage2_public_evidence
深圳星康医疗科技有限公司,ai_opportunity_scoring,https://udi.nmpa.gov.cn/showDetailCX.html?deviceRecordKey=0697521590151720260512042339217,2026-05-14,opportunityScore=64; 远程监测风险分层与异常预警; 医生工作流、病历摘要和临床文档自动化,medium_ai_opportunity,derived_from_stage2_public_evidence
"Abbott Diabetes Care, Inc.",ai_opportunity_scoring,https://www.accessdata.fda.gov/scripts/cdrh/cfdocs/cfpmn/pmn.cfm?id=K060768,2026-05-14,opportunityScore=63; 远程监测风险分层与异常预警; 慢病管理 AI 教练与个性化随访,medium_ai_opportunity,derived_from_stage2_public_evidence
腾讯医疗健康（深圳）有限公司,ai_opportunity_scoring,https://udi.nmpa.gov.cn/showDetailCX.html?deviceRecordKey=0697541034009820250217120028629,2026-05-14,opportunityScore=63; 心理/睡眠分层干预与对话式支持; 医生工作流、病历摘要和临床文档自动化,medium_ai_opportunity,derived_from_stage2_public_evidence
英国雅培糖尿病护理公司,ai_opportunity_scoring,https://udi.nmpa.gov.cn/showDetailCX.html?deviceRecordKey=0502179100284920241010051926155,2026-05-14,opportunityScore=63; 远程监测风险分层与异常预警; 慢病管理 AI 教练与个性化随访,medium_ai_opportunity,derived_from_stage2_public_evidence
"ACON Laboratories, Inc.",ai_opportunity_scoring,https://www.accessdata.fda.gov/scripts/cdrh/cfdocs/cfpmn/pmn.cfm?id=K101371,2026-05-14,opportunityScore=61; 远程监测风险分层与异常预警; 慢病管理 AI 教练与个性化随访,medium_ai_opportunity,derived_from_stage2_public_evidence
"Agamatrix, Inc.",ai_opportunity_scoring,https://www.accessdata.fda.gov/scripts/cdrh/cfdocs/cfpmn/pmn.cfm?id=K103544,2026-05-14,opportunityScore=61; 远程监测风险分层与异常预警; 慢病管理 AI 教练与个性化随访,medium_ai_opportunity,derived_from_stage2_public_evidence
纳龙健康科技股份有限公司,ai_opportunity_scoring,https://udi.nmpa.gov.cn/showDetailCX.html?deviceRecordKey=0697614113017020260424042209895,2026-05-14,opportunityScore=61; 远程监测风险分层与异常预警,medium_ai_opportunity,derived_from_stage2_public_evidence
Biofourmis,ai_opportunity_scoring,https://www.biofourmis.com/,2026-05-14,opportunityScore=60; 远程监测风险分层与异常预警; 在线问诊分诊、问答和医患服务自动化,medium_ai_opportunity,derived_from_stage2_public_evidence
Glooko,ai_opportunity_scoring,https://glooko.com/,2026-05-14,opportunityScore=60; 远程监测风险分层与异常预警; 慢病管理 AI 教练与个性化随访,medium_ai_opportunity,derived_from_stage2_public_evidence
上海鹰瞳医疗科技有限公司,ai_opportunity_scoring,https://udi.nmpa.gov.cn/showDetailCX.html?deviceRecordKey=0697492288000920211219105757265,2026-05-14,opportunityScore=60; 慢病管理 AI 教练与个性化随访; 医生工作流、病历摘要和临床文档自动化,medium_ai_opportunity,derived_from_stage2_public_evidence
山东正心医疗科技有限公司,ai_opportunity_scoring,https://udi.nmpa.gov.cn/showDetailCX.html?deviceRecordKey=0697246767051220240530041724743,2026-05-14,opportunityScore=60; 远程监测风险分层与异常预警; 医生工作流、病历摘要和临床文档自动化,medium_ai_opportunity,derived_from_stage2_public_evidence
深圳硅基智能科技有限公司,ai_opportunity_scoring,https://udi.nmpa.gov.cn/showDetailCX.html?deviceRecordKey=0697524021000420220706052022106,2026-05-14,opportunityScore=60; 慢病管理 AI 教练与个性化随访; 医生工作流、病历摘要和临床文档自动化,medium_ai_opportunity,derived_from_stage2_public_evidence
Amwell,ai_opportunity_scoring,https://business.amwell.com/,2026-05-14,opportunityScore=59; 远程监测风险分层与异常预警; 在线问诊分诊、问答和医患服务自动化,medium_ai_opportunity,derived_from_stage2_public_evidence
"Hinge Health, Inc.",ai_opportunity_scoring,https://www.sec.gov/edgar/browse/?CIK=1673743,2026-05-14,opportunityScore=59; 康复计划生成、动作/依从性反馈与 care manager copilot; 在线问诊分诊、问答和医患服务自动化,medium_ai_opportunity,derived_from_stage2_public_evidence
方舟健客,ai_opportunity_scoring,https://www.jianke.com/,2026-05-14,opportunityScore=58; 慢病管理 AI 教练与个性化随访; 在线问诊分诊、问答和医患服务自动化; 用药咨询、处方/复购推荐和药事服务自动化,medium_ai_opportunity,derived_from_stage2_public_evidence
Mindmaze SA,ai_opportunity_scoring,https://www.accessdata.fda.gov/scripts/cdrh/cfdocs/cfpmn/pmn.cfm?id=K173931,2026-05-14,opportunityScore=57; 康复计划生成、动作/依从性反馈与 care manager copilot,medium_ai_opportunity,derived_from_stage2_public_evidence
北京致远慧图科技有限公司,ai_opportunity_scoring,https://udi.nmpa.gov.cn/showDetailCX.html?deviceRecordKey=0697516973001020220120030704594,2026-05-14,opportunityScore=57; 慢病管理 AI 教练与个性化随访; 医生工作流、病历摘要和临床文档自动化,medium_ai_opportunity,derived_from_stage2_public_evidence
妙手医生,ai_opportunity_scoring,https://www.miaoshou.com/,2026-05-14,opportunityScore=57; 医生工作流、病历摘要和临床文档自动化; 在线问诊分诊、问答和医患服务自动化; 用药咨询、处方/复购推荐和药事服务自动化,medium_ai_opportunity,derived_from_stage2_public_evidence
长沙爱孕记医疗科技有限公司,ai_opportunity_scoring,https://udi.nmpa.gov.cn/showDetailCX.html?deviceRecordKey=273c8003f6164690916f8a3fdc31996c,2026-05-14,opportunityScore=57; 远程监测风险分层与异常预警,medium_ai_opportunity,derived_from_stage2_public_evidence
Doctolib,ai_opportunity_scoring,https://connect.doctolib.com/about-doctolib,2026-05-14,opportunityScore=56; 远程监测风险分层与异常预警; 医生工作流、病历摘要和临床文档自动化; 在线问诊分诊、问答和医患服务自动化,medium_ai_opportunity,derived_from_stage2_public_evidence
平安健康,ai_opportunity_scoring,https://www.pagd.net/,2026-05-14,opportunityScore=56; 医生工作流、病历摘要和临床文档自动化; 在线问诊分诊、问答和医患服务自动化,medium_ai_opportunity,derived_from_stage2_public_evidence
苏州体素信息科技有限公司,ai_opportunity_scoring,https://udi.nmpa.gov.cn/showDetailCX.html?deviceRecordKey=0697517062001020221026035231561,2026-05-14,opportunityScore=56; 慢病管理 AI 教练与个性化随访; 医生工作流、病历摘要和临床文档自动化,medium_ai_opportunity,derived_from_stage2_public_evidence
"Corventis, Inc.",ai_opportunity_scoring,https://www.accessdata.fda.gov/scripts/cdrh/cfdocs/cfpmn/pmn.cfm?id=K090696,2026-05-14,opportunityScore=55; 远程监测风险分层与异常预警; 患者互动、留存和健康行为 nudging,medium_ai_opportunity,derived_from_stage2_public_evidence
Voluntis Sa.,ai_opportunity_scoring,https://www.accessdata.fda.gov/scripts/cdrh/cfdocs/cfpmn/pmn.cfm?id=K170669,2026-05-14,opportunityScore=55; 慢病管理 AI 教练与个性化随访,medium_ai_opportunity,derived_from_stage2_public_evidence
合肥合滨智能机器人有限公司,ai_opportunity_scoring,https://udi.nmpa.gov.cn/showDetailCX.html?deviceRecordKey=0697545144001620240327110556534,2026-05-14,opportunityScore=54; 远程监测风险分层与异常预警; 医生工作流、病历摘要和临床文档自动化,medium_ai_opportunity,derived_from_stage2_public_evidence
Headspace Health,ai_opportunity_scoring,https://organizations.headspace.com/,2026-05-14,opportunityScore=52; 心理/睡眠分层干预与对话式支持; 在线问诊分诊、问答和医患服务自动化,medium_ai_opportunity,derived_from_stage2_public_evidence
春雨医生,ai_opportunity_scoring,https://www.chunyuyisheng.com/,2026-05-14,opportunityScore=52; 医生工作流、病历摘要和临床文档自动化; 在线问诊分诊、问答和医患服务自动化,medium_ai_opportunity,derived_from_stage2_public_evidence
"Big Health, Inc.",ai_opportunity_scoring,https://www.accessdata.fda.gov/scripts/cdrh/cfdocs/cfpmn/pmn.cfm?id=K233577,2026-05-14,opportunityScore=51; 心理/睡眠分层干预与对话式支持,medium_ai_opportunity,derived_from_stage2_public_evidence
丁香园,ai_opportunity_scoring,https://www.dxy.cn/,2026-05-14,opportunityScore=51; 医生工作流、病历摘要和临床文档自动化; 患者互动、留存和健康行为 nudging,medium_ai_opportunity,derived_from_stage2_public_evidence
广州安必平医药科技股份有限公司,ai_opportunity_scoring,https://udi.nmpa.gov.cn/showDetailCX.html?deviceRecordKey=0694850093468220260509111140206,2026-05-14,opportunityScore=51; 医生工作流、病历摘要和临床文档自动化,medium_ai_opportunity,derived_from_stage2_public_evidence
广西医准智能科技有限公司,ai_opportunity_scoring,https://udi.nmpa.gov.cn/showDetailCX.html?deviceRecordKey=0697549183016720260204040539443,2026-05-14,opportunityScore=51; 医生工作流、病历摘要和临床文档自动化,medium_ai_opportunity,derived_from_stage2_public_evidence
Ada Health,ai_opportunity_scoring,https://ada.com/,2026-05-14,opportunityScore=50; 医生工作流、病历摘要和临床文档自动化; 在线问诊分诊、问答和医患服务自动化; 患者互动、留存和健康行为 nudging,medium_ai_opportunity,derived_from_stage2_public_evidence
mySugr,ai_opportunity_scoring,https://www.mysugr.com/,2026-05-14,opportunityScore=50; 慢病管理 AI 教练与个性化随访,medium_ai_opportunity,derived_from_stage2_public_evidence
Babylon Health,ai_opportunity_scoring,https://www.babylonhealth.com/,2026-05-14,opportunityScore=49; 远程监测风险分层与异常预警; 在线问诊分诊、问答和医患服务自动化,medium_ai_opportunity,derived_from_stage2_public_evidence
medrhythms,ai_opportunity_scoring,https://dtxalliance.org/members/medrhythms/,2026-05-14,opportunityScore=49; 康复计划生成、动作/依从性反馈与 care manager copilot,medium_ai_opportunity,derived_from_stage2_public_evidence
Sword Health,ai_opportunity_scoring,https://swordhealth.com/,2026-05-14,opportunityScore=49; 康复计划生成、动作/依从性反馈与 care manager copilot; 医生工作流、病历摘要和临床文档自动化; 在线问诊分诊、问答和医患服务自动化,medium_ai_opportunity,derived_from_stage2_public_evidence
深圳市保身欣科技电子有限公司,ai_opportunity_scoring,https://udi.nmpa.gov.cn/showDetailCX.html?deviceRecordKey=0692048530807820260512095841386,2026-05-14,opportunityScore=49; 远程监测风险分层与异常预警,medium_ai_opportunity,derived_from_stage2_public_evidence
"Lifescan, Inc.",ai_opportunity_scoring,https://www.accessdata.fda.gov/scripts/cdrh/cfdocs/cfpmn/pmn.cfm?id=K120558,2026-05-14,opportunityScore=48; 慢病管理 AI 教练与个性化随访,medium_ai_opportunity,derived_from_stage2_public_evidence
上海远心医疗科技有限公司,ai_opportunity_scoring,https://udi.nmpa.gov.cn/showDetailCX.html?deviceRecordKey=0697830410015020251126054846763,2026-05-14,opportunityScore=48; 远程监测风险分层与异常预警,medium_ai_opportunity,derived_from_stage2_public_evidence
北京新网医讯技术有限公司,ai_opportunity_scoring,https://udi.nmpa.gov.cn/showDetailCX.html?deviceRecordKey=06975940490058202301090405080,2026-05-14,opportunityScore=48; 远程监测风险分层与异常预警,medium_ai_opportunity,derived_from_stage2_public_evidence
海南齐佳智能科技有限公司,ai_opportunity_scoring,https://udi.nmpa.gov.cn/showDetailCX.html?deviceRecordKey=895bdefe706046a3bb310582ade31a21,2026-05-14,opportunityScore=48; 康复计划生成、动作/依从性反馈与 care manager copilot; 心理/睡眠分层干预与对话式支持,medium_ai_opportunity,derived_from_stage2_public_evidence
"Murata Vios, Inc.",ai_opportunity_scoring,https://www.accessdata.fda.gov/scripts/cdrh/cfdocs/cfpmn/pmn.cfm?id=K241728,2026-05-14,opportunityScore=47; 远程监测风险分层与异常预警,medium_ai_opportunity,derived_from_stage2_public_evidence
Tomtec Imaging Systems GmbH,ai_opportunity_scoring,https://www.accessdata.fda.gov/scripts/cdrh/cfdocs/cfpmn/pmn.cfm?id=K090461,2026-05-14,opportunityScore=47; 远程监测风险分层与异常预警,medium_ai_opportunity,derived_from_stage2_public_evidence
Virta Health,ai_opportunity_scoring,https://www.virtahealth.com/,2026-05-14,opportunityScore=47; 慢病管理 AI 教练与个性化随访; 在线问诊分诊、问答和医患服务自动化,medium_ai_opportunity,derived_from_stage2_public_evidence
京东健康,ai_opportunity_scoring,https://www.jdh.com/,2026-05-14,opportunityScore=47; 在线问诊分诊、问答和医患服务自动化; 用药咨询、处方/复购推荐和药事服务自动化,medium_ai_opportunity,derived_from_stage2_public_evidence
北京锐视康科技发展有限公司,ai_opportunity_scoring,https://udi.nmpa.gov.cn/showDetailCX.html?deviceRecordKey=0697399055003620220429111501082,2026-05-14,opportunityScore=47; 远程监测风险分层与异常预警,medium_ai_opportunity,derived_from_stage2_public_evidence
微脉,ai_opportunity_scoring,https://www.myweimai.com/,2026-05-14,opportunityScore=47; 在线问诊分诊、问答和医患服务自动化; 患者互动、留存和健康行为 nudging,medium_ai_opportunity,derived_from_stage2_public_evidence
阿里健康,ai_opportunity_scoring,https://www.alihealth.cn/,2026-05-14,opportunityScore=47; 在线问诊分诊、问答和医患服务自动化; 用药咨询、处方/复购推荐和药事服务自动化,medium_ai_opportunity,derived_from_stage2_public_evidence
伯乐实验有限公司,ai_opportunity_scoring,https://udi.nmpa.gov.cn/showDetailCX.html?deviceRecordKey=036105223607342025092803570325,2026-05-14,opportunityScore=46; 远程监测风险分层与异常预警; 慢病管理 AI 教练与个性化随访,medium_ai_opportunity,derived_from_stage2_public_evidence
安徽爱视睿医疗科技有限公司,ai_opportunity_scoring,https://udi.nmpa.gov.cn/showDetailCX.html?deviceRecordKey=0697892077001020260513021547627,2026-05-14,opportunityScore=46; 医生工作流、病历摘要和临床文档自动化,medium_ai_opportunity,derived_from_stage2_public_evidence
英国雅培糖尿病护理公司Abbott Diabetes Care Ltd.,ai_opportunity_scoring,https://udi.nmpa.gov.cn/showDetailCX.html?deviceRecordKey=00093815713579202205260441100,2026-05-14,opportunityScore=46; 远程监测风险分层与异常预警; 慢病管理 AI 教练与个性化随访,medium_ai_opportunity,derived_from_stage2_public_evidence
welldoc,ai_opportunity_scoring,https://dtxalliance.org/members/welldoc/,2026-05-14,opportunityScore=45; 慢病管理 AI 教练与个性化随访,medium_ai_opportunity,derived_from_stage2_public_evidence
深圳市安普康科技有限公司,ai_opportunity_scoring,https://udi.nmpa.gov.cn/showDetailCX.html?deviceRecordKey=0694672552335320260512092607521,2026-05-14,opportunityScore=45; 远程监测风险分层与异常预警,medium_ai_opportunity,derived_from_stage2_public_evidence
健客,ai_opportunity_scoring,https://www.jianke.com/,2026-05-14,opportunityScore=44; 在线问诊分诊、问答和医患服务自动化; 用药咨询、处方/复购推荐和药事服务自动化,medium_ai_opportunity,derived_from_stage2_public_evidence
叮当快药,ai_opportunity_scoring,https://www.ddky.com/,2026-05-14,opportunityScore=44; 在线问诊分诊、问答和医患服务自动化; 用药咨询、处方/复购推荐和药事服务自动化,medium_ai_opportunity,derived_from_stage2_public_evidence
好大夫在线,ai_opportunity_scoring,https://www.haodf.com/,2026-05-14,opportunityScore=44; 医生工作流、病历摘要和临床文档自动化; 在线问诊分诊、问答和医患服务自动化,medium_ai_opportunity,derived_from_stage2_public_evidence
深圳市绘云生物科技有限公司,ai_opportunity_scoring,https://udi.nmpa.gov.cn/showDetailCX.html?deviceRecordKey=06975754180022202304110424121,2026-05-14,opportunityScore=44; 医生工作流、病历摘要和临床文档自动化,medium_ai_opportunity,derived_from_stage2_public_evidence
"Arkray Factory USA, Inc.",ai_opportunity_scoring,https://www.accessdata.fda.gov/scripts/cdrh/cfdocs/cfpmn/pmn.cfm?id=K093819,2026-05-14,opportunityScore=43; 慢病管理 AI 教练与个性化随访,medium_ai_opportunity,derived_from_stage2_public_evidence
"United Health Group, Inc.",ai_opportunity_scoring,https://www.accessdata.fda.gov/scripts/cdrh/cfdocs/cfpmn/pmn.cfm?id=K171406,2026-05-14,opportunityScore=43; 在线问诊分诊、问答和医患服务自动化,medium_ai_opportunity,derived_from_stage2_public_evidence
健康160,ai_opportunity_scoring,https://www.91160.com/,2026-05-14,opportunityScore=43; 在线问诊分诊、问答和医患服务自动化,medium_ai_opportunity,derived_from_stage2_public_evidence
苏州塞伯坦医疗科技有限公司,ai_opportunity_scoring,https://udi.nmpa.gov.cn/showDetailCX.html?deviceRecordKey=0697783813001520260410042043412,2026-05-14,opportunityScore=43; 医生工作流、病历摘要和临床文档自动化,medium_ai_opportunity,derived_from_stage2_public_evidence
青岛远程科技有限公司,ai_opportunity_scoring,https://udi.nmpa.gov.cn/showDetailCX.html?deviceRecordKey=0697510300027820231010040328484,2026-05-14,opportunityScore=43; 远程监测风险分层与异常预警,medium_ai_opportunity,derived_from_stage2_public_evidence
麦康迪（绍兴）科技有限公司,ai_opportunity_scoring,https://udi.nmpa.gov.cn/showDetailCX.html?deviceRecordKey=6479ba87437042aeb1168a1c055b35ca,2026-05-14,opportunityScore=43; 医生工作流、病历摘要和临床文档自动化,medium_ai_opportunity,derived_from_stage2_public_evidence
Akili,ai_opportunity_scoring,https://dtxalliance.org/members/akili-interactive/,2026-05-14,opportunityScore=42; 心理/睡眠分层干预与对话式支持; 医生工作流、病历摘要和临床文档自动化,medium_ai_opportunity,derived_from_stage2_public_evidence
"Impact Applications, Inc.",ai_opportunity_scoring,https://www.accessdata.fda.gov/scripts/cdrh/cfdocs/cfpmn/pmn.cfm?id=K181223,2026-05-14,opportunityScore=42; 心理/睡眠分层干预与对话式支持,medium_ai_opportunity,derived_from_stage2_public_evidence
Kry/Livi,ai_opportunity_scoring,https://www.livi.co.uk/,2026-05-14,opportunityScore=42; 医生工作流、病历摘要和临床文档自动化; 在线问诊分诊、问答和医患服务自动化,medium_ai_opportunity,derived_from_stage2_public_evidence
"Tandem Diabetes Care, Inc.",ai_opportunity_scoring,https://www.accessdata.fda.gov/scripts/cdrh/cfdocs/cfpmn/pmn.cfm?id=K122361,2026-05-14,opportunityScore=42; 医疗软件智能化和疗效反馈闭环,medium_ai_opportunity,derived_from_stage2_public_evidence
Bd Becton Dickinson Vacutainer Systems Preanalytic,ai_opportunity_scoring,https://www.accessdata.fda.gov/scripts/cdrh/cfdocs/cfpmn/pmn.cfm?id=K780939,2026-05-14,opportunityScore=41; 远程监测风险分层与异常预警,medium_ai_opportunity,derived_from_stage2_public_evidence
Cedars-Sinai Medical Center,ai_opportunity_scoring,https://www.accessdata.fda.gov/scripts/cdrh/cfdocs/cfpmn/pmn.cfm?id=K172609,2026-05-14,opportunityScore=41; 远程监测风险分层与异常预警,medium_ai_opportunity,derived_from_stage2_public_evidence
Oviva,ai_opportunity_scoring,https://oviva.com/,2026-05-14,opportunityScore=41; 慢病管理 AI 教练与个性化随访,medium_ai_opportunity,derived_from_stage2_public_evidence
Woebot Health,ai_opportunity_scoring,https://woebothealth.com/,2026-05-14,opportunityScore=41; 心理/睡眠分层干预与对话式支持,medium_ai_opportunity,derived_from_stage2_public_evidence
武汉康录生物技术股份有限公司,ai_opportunity_scoring,https://udi.nmpa.gov.cn/showDetailCX.html?deviceRecordKey=2d77c6be-9155-4945-b0c5-22e9056a52ac,2026-05-14,opportunityScore=41; 医生工作流、病历摘要和临床文档自动化,medium_ai_opportunity,derived_from_stage2_public_evidence
江西思维智光医疗科技有限公司,ai_opportunity_scoring,https://udi.nmpa.gov.cn/showDetailCX.html?deviceRecordKey=069799554101862026041703374918,2026-05-14,opportunityScore=41; 心理/睡眠分层干预与对话式支持,medium_ai_opportunity,derived_from_stage2_public_evidence
瑞海胜（厦门）康复用品有限公司,ai_opportunity_scoring,https://udi.nmpa.gov.cn/showDetailCX.html?deviceRecordKey=06975872081720202603040234192,2026-05-14,opportunityScore=41; 康复计划生成、动作/依从性反馈与 care manager copilot,medium_ai_opportunity,derived_from_stage2_public_evidence
Animas Corp.,ai_opportunity_scoring,https://www.accessdata.fda.gov/scripts/cdrh/cfdocs/cfpmn/pmn.cfm?id=K063674,2026-05-14,opportunityScore=40; 慢病管理 AI 教练与个性化随访,medium_ai_opportunity,derived_from_stage2_public_evidence
"Bayer Healthcare, LLC",ai_opportunity_scoring,https://www.accessdata.fda.gov/scripts/cdrh/cfdocs/cfpmn/pmn.cfm?id=K082486,2026-05-14,opportunityScore=40; 慢病管理 AI 教练与个性化随访,medium_ai_opportunity,derived_from_stage2_public_evidence
Kaia Health,ai_opportunity_scoring,https://www.kaiahealth.com/,2026-05-14,opportunityScore=40; 康复计划生成、动作/依从性反馈与 care manager copilot,medium_ai_opportunity,derived_from_stage2_public_evidence
中山瑞福医疗器械科技有限公司,ai_opportunity_scoring,https://udi.nmpa.gov.cn/showDetailCX.html?deviceRecordKey=ca378ffe533249bca57eb24c4317f7e3,2026-05-14,opportunityScore=40; 慢病管理 AI 教练与个性化随访,medium_ai_opportunity,derived_from_stage2_public_evidence
思澜科技（成都）有限公司,ai_opportunity_scoring,https://udi.nmpa.gov.cn/showDetailCX.html?deviceRecordKey=4425365e8e2f450280940b64ac1c59dc,2026-05-14,opportunityScore=40; 远程监测风险分层与异常预警; 心理/睡眠分层干预与对话式支持,medium_ai_opportunity,derived_from_stage2_public_evidence
"Argus Cognitive, Inc.",ai_opportunity_scoring,https://www.accessdata.fda.gov/scripts/cdrh/cfdocs/cfpmn/pmn.cfm?id=K223322,2026-05-14,opportunityScore=39; 心理/睡眠分层干预与对话式支持,medium_ai_opportunity,derived_from_stage2_public_evidence
"Dexcom, Inc.",ai_opportunity_scoring,https://www.accessdata.fda.gov/scripts/cdrh/cfdocs/cfpmn/pmn.cfm?id=K192787,2026-05-14,opportunityScore=39; 远程监测风险分层与异常预警,medium_ai_opportunity,derived_from_stage2_public_evidence
Infermedica,ai_opportunity_scoring,https://infermedica.com/,2026-05-14,opportunityScore=39; 医生工作流、病历摘要和临床文档自动化,medium_ai_opportunity,derived_from_stage2_public_evidence
"Mahana Therapeutics, Inc.",ai_opportunity_scoring,https://www.accessdata.fda.gov/scripts/cdrh/cfdocs/cfpmn/pmn.cfm?id=K211372,2026-05-14,opportunityScore=39; 心理/睡眠分层干预与对话式支持,medium_ai_opportunity,derived_from_stage2_public_evidence
"Medtronic, Inc.",ai_opportunity_scoring,https://www.accessdata.fda.gov/scripts/cdrh/cfdocs/cfpmn/pmn.cfm?id=K153160,2026-05-14,opportunityScore=39; 患者互动、留存和健康行为 nudging,medium_ai_opportunity,derived_from_stage2_public_evidence
亳州融健医疗用品有限公司,ai_opportunity_scoring,https://udi.nmpa.gov.cn/showDetailCX.html?deviceRecordKey=06973774191615202604020500141,2026-05-14,opportunityScore=39; 康复计划生成、动作/依从性反馈与 care manager copilot,medium_ai_opportunity,derived_from_stage2_public_evidence
微医,ai_opportunity_scoring,https://www.guahao.com/,2026-05-14,opportunityScore=39; 医生工作流、病历摘要和临床文档自动化; 在线问诊分诊、问答和医患服务自动化,medium_ai_opportunity,derived_from_stage2_public_evidence
思派健康,ai_opportunity_scoring,https://www.medbanks.cn/,2026-05-14,opportunityScore=39; 用药咨询、处方/复购推荐和药事服务自动化; 患者互动、留存和健康行为 nudging,medium_ai_opportunity,derived_from_stage2_public_evidence
成都尚医信息科技有限公司,ai_opportunity_scoring,https://www.prnewswire.com/news-releases/cf-pharmtech-and-chengdu-shangyi-launch-the-home-based-recovery-program-for-discharged-covid-19-patients-and-announce-todays-global-release-of-the-r-plus-health-free-app-301219070.html,2026-05-14,opportunityScore=39; 康复计划生成、动作/依从性反馈与 care manager copilot,medium_ai_opportunity,derived_from_stage2_public_evidence
深圳市亚辉龙生物科技股份有限公司,ai_opportunity_scoring,https://udi.nmpa.gov.cn/showDetailCX.html?deviceRecordKey=1f59cb8b-b489-41ac-8ddf-c5f2d5198b24,2026-05-14,opportunityScore=39; 慢病管理 AI 教练与个性化随访,medium_ai_opportunity,derived_from_stage2_public_evidence
深圳市伯劳特生物制品有限公司,ai_opportunity_scoring,https://udi.nmpa.gov.cn/showDetailCX.html?deviceRecordKey=0694076750016720240529031730243,2026-05-14,opportunityScore=39; 慢病管理 AI 教练与个性化随访,medium_ai_opportunity,derived_from_stage2_public_evidence
美敦力糖尿病科技（成都）有限公司,ai_opportunity_scoring,https://udi.nmpa.gov.cn/showDetailCX.html?deviceRecordKey=0076300063270020230207115542933,2026-05-14,opportunityScore=39; 慢病管理 AI 教练与个性化随访,medium_ai_opportunity,derived_from_stage2_public_evidence
Current Health,ai_opportunity_scoring,https://currenthealth.com/,2026-05-14,opportunityScore=38; 远程监测风险分层与异常预警; 医生工作流、病历摘要和临床文档自动化,medium_ai_opportunity,derived_from_stage2_public_evidence
Diagnostic Monitoring Software,ai_opportunity_scoring,https://www.accessdata.fda.gov/scripts/cdrh/cfdocs/cfpmn/pmn.cfm?id=K133014,2026-05-14,opportunityScore=38; 远程监测风险分层与异常预警,medium_ai_opportunity,derived_from_stage2_public_evidence
Hewlett-Packard GmbH,ai_opportunity_scoring,https://www.accessdata.fda.gov/scripts/cdrh/cfdocs/cfpmn/pmn.cfm?id=K991773,2026-05-14,opportunityScore=38; 远程监测风险分层与异常预警,medium_ai_opportunity,derived_from_stage2_public_evidence
Prosomnus Sleep Technologies,ai_opportunity_scoring,https://www.accessdata.fda.gov/scripts/cdrh/cfdocs/cfpmn/pmn.cfm?id=K221889,2026-05-14,opportunityScore=38; 远程监测风险分层与异常预警; 心理/睡眠分层干预与对话式支持,medium_ai_opportunity,derived_from_stage2_public_evidence
"Quinton, Inc.",ai_opportunity_scoring,https://www.accessdata.fda.gov/scripts/cdrh/cfdocs/cfpmn/pmn.cfm?id=K864949,2026-05-14,opportunityScore=38; 康复计划生成、动作/依从性反馈与 care manager copilot,medium_ai_opportunity,derived_from_stage2_public_evidence
北京新兴阳升科技有限公司,ai_opportunity_scoring,https://udi.nmpa.gov.cn/showDetailCX.html?deviceRecordKey=0697568534000720230304082002422,2026-05-14,opportunityScore=38; 远程监测风险分层与异常预警; 心理/睡眠分层干预与对话式支持,medium_ai_opportunity,derived_from_stage2_public_evidence
北京航天卡迪技术开发研究所,ai_opportunity_scoring,https://udi.nmpa.gov.cn/showDetailCX.html?deviceRecordKey=0692066571720120251017011019242,2026-05-14,opportunityScore=38; 远程监测风险分层与异常预警; 心理/睡眠分层干预与对话式支持,medium_ai_opportunity,derived_from_stage2_public_evidence
深圳京柏医疗科技股份有限公司,ai_opportunity_scoring,https://udi.nmpa.gov.cn/showDetailCX.html?deviceRecordKey=0695174055061120260430020307433,2026-05-14,opportunityScore=38; 康复计划生成、动作/依从性反馈与 care manager copilot,medium_ai_opportunity,derived_from_stage2_public_evidence
深圳市宝润科技有限公司,ai_opportunity_scoring,https://udi.nmpa.gov.cn/showDetailCX.html?deviceRecordKey=0697442622248020260318030714128,2026-05-14,opportunityScore=38; 医疗软件智能化和疗效反馈闭环,medium_ai_opportunity,derived_from_stage2_public_evidence
"Medaica, Inc.",ai_opportunity_scoring,https://www.accessdata.fda.gov/scripts/cdrh/cfdocs/cfpmn/pmn.cfm?id=K223166,2026-05-14,opportunityScore=37; 在线问诊分诊、问答和医患服务自动化,medium_ai_opportunity,derived_from_stage2_public_evidence
云智康医疗科技（内蒙古）有限公司,ai_opportunity_scoring,https://udi.nmpa.gov.cn/showDetailCX.html?deviceRecordKey=13ff18ac57eb4e89a3dee8cc6d094806,2026-05-14,opportunityScore=37; 远程监测风险分层与异常预警; 心理/睡眠分层干预与对话式支持,medium_ai_opportunity,derived_from_stage2_public_evidence
广州视景医疗软件有限公司,ai_opportunity_scoring,https://udi.nmpa.gov.cn/showDetailCX.html?deviceRecordKey=0697104746013020260330021851550,2026-05-14,opportunityScore=37; 医疗软件智能化和疗效反馈闭环,medium_ai_opportunity,derived_from_stage2_public_evidence
河南华南医电科技有限公司,ai_opportunity_scoring,https://udi.nmpa.gov.cn/showDetailCX.html?deviceRecordKey=0697456412010520230131012921496,2026-05-14,opportunityScore=37; 远程监测风险分层与异常预警; 心理/睡眠分层干预与对话式支持,medium_ai_opportunity,derived_from_stage2_public_evidence
Bio-Rad Laboratories,ai_opportunity_scoring,https://www.accessdata.fda.gov/scripts/cdrh/cfdocs/cfpmn/pmn.cfm?id=K070546,2026-05-14,opportunityScore=36; 慢病管理 AI 教练与个性化随访,medium_ai_opportunity,derived_from_stage2_public_evidence
"Canon, Inc.",ai_opportunity_scoring,https://www.accessdata.fda.gov/scripts/cdrh/cfdocs/cfpmn/pmn.cfm?id=K023124,2026-05-14,opportunityScore=36; 医疗软件智能化和疗效反馈闭环,medium_ai_opportunity,derived_from_stage2_public_evidence
Click Therapeutics,ai_opportunity_scoring,https://clicktherapeutics.com/,2026-05-14,opportunityScore=36; 医疗软件智能化和疗效反馈闭环,medium_ai_opportunity,derived_from_stage2_public_evidence
Lark Health,ai_opportunity_scoring,https://www.lark.com/,2026-05-14,opportunityScore=36; 慢病管理 AI 教练与个性化随访,medium_ai_opportunity,derived_from_stage2_public_evidence
"Ppg Industries, Inc.",ai_opportunity_scoring,https://www.accessdata.fda.gov/scripts/cdrh/cfdocs/cfpmn/pmn.cfm?id=K912627,2026-05-14,opportunityScore=36; 远程监测风险分层与异常预警,medium_ai_opportunity,derived_from_stage2_public_evidence
深圳麦科田生物医疗技术股份有限公司,ai_opportunity_scoring,https://udi.nmpa.gov.cn/showDetailCX.html?deviceRecordKey=0692680261465520260509060024941,2026-05-14,opportunityScore=36; 医疗软件智能化和疗效反馈闭环,medium_ai_opportunity,derived_from_stage2_public_evidence
湖南朗开医疗科技有限公司,ai_opportunity_scoring,https://udi.nmpa.gov.cn/showDetailCX.html?deviceRecordKey=1697725918018420240314040805176,2026-05-14,opportunityScore=36; 远程监测风险分层与异常预警,medium_ai_opportunity,derived_from_stage2_public_evidence
"Infopia Co, Ltd.",ai_opportunity_scoring,https://www.accessdata.fda.gov/scripts/cdrh/cfdocs/cfpmn/pmn.cfm?id=K132406,2026-05-14,opportunityScore=35; 远程监测风险分层与异常预警,medium_ai_opportunity,derived_from_stage2_public_evidence
Orexo digital therapeutics,ai_opportunity_scoring,https://www.orexo.com/therapeutic-focus/opioid-use-disorder-oud/,2026-05-14,opportunityScore=35; 医疗软件智能化和疗效反馈闭环,medium_ai_opportunity,derived_from_stage2_public_evidence
武汉市九头鸟医疗仪器开发有限公司,ai_opportunity_scoring,https://udi.nmpa.gov.cn/showDetailCX.html?deviceRecordKey=0697548329202720260418110923009,2026-05-14,opportunityScore=35; 康复计划生成、动作/依从性反馈与 care manager copilot,medium_ai_opportunity,derived_from_stage2_public_evidence
济民健康管理股份有限公司,ai_opportunity_scoring,https://udi.nmpa.gov.cn/showDetailCX.html?deviceRecordKey=1f088f9d-ff2a-495e-b20b-6004c2213d40,2026-05-14,opportunityScore=35; ,medium_ai_opportunity,derived_from_stage2_public_evidence
Abbott Laboratories,ai_opportunity_scoring,https://www.accessdata.fda.gov/scripts/cdrh/cfdocs/cfpmn/pmn.cfm?id=K001993,2026-05-14,opportunityScore=34; 慢病管理 AI 教练与个性化随访,medium_ai_opportunity,derived_from_stage2_public_evidence
Entra Health Systems,ai_opportunity_scoring,https://www.accessdata.fda.gov/scripts/cdrh/cfdocs/cfpmn/pmn.cfm?id=K132930,2026-05-14,opportunityScore=34; 在线问诊分诊、问答和医患服务自动化,medium_ai_opportunity,derived_from_stage2_public_evidence
Rtx Healthcare A/S,ai_opportunity_scoring,https://www.accessdata.fda.gov/scripts/cdrh/cfdocs/cfpmn/pmn.cfm?id=K041816,2026-05-14,opportunityScore=34; 在线问诊分诊、问答和医患服务自动化,medium_ai_opportunity,derived_from_stage2_public_evidence
Sidekick Health,ai_opportunity_scoring,https://www.sidekickhealth.com/,2026-05-14,opportunityScore=34; 慢病管理 AI 教练与个性化随访,medium_ai_opportunity,derived_from_stage2_public_evidence
"Siemens Medical Solutions USA, Inc.",ai_opportunity_scoring,https://www.accessdata.fda.gov/scripts/cdrh/cfdocs/cfpmn/pmn.cfm?id=K032536,2026-05-14,opportunityScore=34; 医疗软件智能化和疗效反馈闭环,medium_ai_opportunity,derived_from_stage2_public_evidence
"Sweetspot Diabetes Care, Inc.",ai_opportunity_scoring,https://www.accessdata.fda.gov/scripts/cdrh/cfdocs/cfpmn/pmn.cfm?id=K111509,2026-05-14,opportunityScore=34; 慢病管理 AI 教练与个性化随访,medium_ai_opportunity,derived_from_stage2_public_evidence
"Vignet, Inc.",ai_opportunity_scoring,https://www.accessdata.fda.gov/scripts/cdrh/cfdocs/cfpmn/pmn.cfm?id=K113446,2026-05-14,opportunityScore=34; 在线问诊分诊、问答和医患服务自动化,medium_ai_opportunity,derived_from_stage2_public_evidence
"Viterion Telehealthcare, LLC",ai_opportunity_scoring,https://www.accessdata.fda.gov/scripts/cdrh/cfdocs/cfpmn/pmn.cfm?id=K030419,2026-05-14,opportunityScore=34; 远程监测风险分层与异常预警; 在线问诊分诊、问答和医患服务自动化,medium_ai_opportunity,derived_from_stage2_public_evidence
上海微创医疗机器人（集团）股份有限公司,ai_opportunity_scoring,https://udi.nmpa.gov.cn/showDetailCX.html?deviceRecordKey=0697162154189720250714111901457,2026-05-14,opportunityScore=34; 远程监测风险分层与异常预警,medium_ai_opportunity,derived_from_stage2_public_evidence
南京普爱医疗设备股份有限公司,ai_opportunity_scoring,https://udi.nmpa.gov.cn/showDetailCX.html?deviceRecordKey=0697387682150220260119103155945,2026-05-14,opportunityScore=34; 医生工作流、病历摘要和临床文档自动化,medium_ai_opportunity,derived_from_stage2_public_evidence
圆心科技,ai_opportunity_scoring,https://www.yuanxin.com/,2026-05-14,opportunityScore=34; 用药咨询、处方/复购推荐和药事服务自动化; 患者互动、留存和健康行为 nudging,medium_ai_opportunity,derived_from_stage2_public_evidence
安健科技（重庆）有限公司,ai_opportunity_scoring,https://udi.nmpa.gov.cn/showDetailCX.html?deviceRecordKey=957b2adce4cc4ca29f70ba4d4ff07b57,2026-05-14,opportunityScore=34; 医生工作流、病历摘要和临床文档自动化,medium_ai_opportunity,derived_from_stage2_public_evidence
深圳市资福医疗技术有限公司,ai_opportunity_scoring,https://udi.nmpa.gov.cn/showDetailCX.html?deviceRecordKey=0697169084049520260414040017392,2026-05-14,opportunityScore=34; 医疗软件智能化和疗效反馈闭环,medium_ai_opportunity,derived_from_stage2_public_evidence
维斯安（北京）医疗器械有限公司,ai_opportunity_scoring,https://udi.nmpa.gov.cn/showDetailCX.html?deviceRecordKey=3adb79ab002c4672af6070c9f3c1cf7b,2026-05-14,opportunityScore=34; 远程监测风险分层与异常预警,medium_ai_opportunity,derived_from_stage2_public_evidence
"Arzco Medical Electronics, Inc.",ai_opportunity_scoring,https://www.accessdata.fda.gov/scripts/cdrh/cfdocs/cfpmn/pmn.cfm?id=K904943,2026-05-14,opportunityScore=33; 远程监测风险分层与异常预警,medium_ai_opportunity,derived_from_stage2_public_evidence
"Boston Scientific Cardiac Diagnostic Technologies, Inc.",ai_opportunity_scoring,https://www.accessdata.fda.gov/scripts/cdrh/cfdocs/cfpmn/pmn.cfm?id=K243349,2026-05-14,opportunityScore=33; 远程监测风险分层与异常预警,medium_ai_opportunity,derived_from_stage2_public_evidence
"Cambridge Heart, Inc.",ai_opportunity_scoring,https://www.accessdata.fda.gov/scripts/cdrh/cfdocs/cfpmn/pmn.cfm?id=K983102,2026-05-14,opportunityScore=33; 远程监测风险分层与异常预警,medium_ai_opportunity,derived_from_stage2_public_evidence
Capsule Technologie Sas,ai_opportunity_scoring,https://www.accessdata.fda.gov/scripts/cdrh/cfdocs/cfpmn/pmn.cfm?id=K200856,2026-05-14,opportunityScore=33; 远程监测风险分层与异常预警,medium_ai_opportunity,derived_from_stage2_public_evidence
Cara Care,ai_opportunity_scoring,https://cara.care/,2026-05-14,opportunityScore=33; 慢病管理 AI 教练与个性化随访,medium_ai_opportunity,derived_from_stage2_public_evidence
Conmedcorp,ai_opportunity_scoring,https://www.accessdata.fda.gov/scripts/cdrh/cfdocs/cfpmn/pmn.cfm?id=K963787,2026-05-14,opportunityScore=33; 远程监测风险分层与异常预警,medium_ai_opportunity,derived_from_stage2_public_evidence
"Conphar, Inc.",ai_opportunity_scoring,https://www.accessdata.fda.gov/scripts/cdrh/cfdocs/cfpmn/pmn.cfm?id=K813385,2026-05-14,opportunityScore=33; 远程监测风险分层与异常预警,medium_ai_opportunity,derived_from_stage2_public_evidence
"Galix Biomedical Instrumentation, Inc.",ai_opportunity_scoring,https://www.accessdata.fda.gov/scripts/cdrh/cfdocs/cfpmn/pmn.cfm?id=K971670,2026-05-14,opportunityScore=33; 远程监测风险分层与异常预警,medium_ai_opportunity,derived_from_stage2_public_evidence
"General Life Biotechnology Co., Ltd.",ai_opportunity_scoring,https://www.accessdata.fda.gov/scripts/cdrh/cfdocs/cfpmn/pmn.cfm?id=K123090,2026-05-14,opportunityScore=33; 远程监测风险分层与异常预警,medium_ai_opportunity,derived_from_stage2_public_evidence
Instrumentation Laboratory CO,ai_opportunity_scoring,https://www.accessdata.fda.gov/scripts/cdrh/cfdocs/cfpmn/pmn.cfm?id=K771977,2026-05-14,opportunityScore=33; 远程监测风险分层与异常预警,medium_ai_opportunity,derived_from_stage2_public_evidence
"Lawrence Medical Systems, Inc.",ai_opportunity_scoring,https://www.accessdata.fda.gov/scripts/cdrh/cfdocs/cfpmn/pmn.cfm?id=K874885,2026-05-14,opportunityScore=33; 远程监测风险分层与异常预警,medium_ai_opportunity,derived_from_stage2_public_evidence
"Macon & Co., Inc.",ai_opportunity_scoring,https://www.accessdata.fda.gov/scripts/cdrh/cfdocs/cfpmn/pmn.cfm?id=K902802,2026-05-14,opportunityScore=33; 远程监测风险分层与异常预警,medium_ai_opportunity,derived_from_stage2_public_evidence
"Medical Analysis Systems, Inc.",ai_opportunity_scoring,https://www.accessdata.fda.gov/scripts/cdrh/cfdocs/cfpmn/pmn.cfm?id=K042717,2026-05-14,opportunityScore=33; 慢病管理 AI 教练与个性化随访,medium_ai_opportunity,derived_from_stage2_public_evidence
Microlife Intellectual Property GmbH,ai_opportunity_scoring,https://www.accessdata.fda.gov/scripts/cdrh/cfdocs/cfpmn/pmn.cfm?id=K171937,2026-05-14,opportunityScore=33; 远程监测风险分层与异常预警,medium_ai_opportunity,derived_from_stage2_public_evidence
"Nikomed U.S.A., Inc.",ai_opportunity_scoring,https://www.accessdata.fda.gov/scripts/cdrh/cfdocs/cfpmn/pmn.cfm?id=K950473,2026-05-14,opportunityScore=33; 远程监测风险分层与异常预警,medium_ai_opportunity,derived_from_stage2_public_evidence
Noom,ai_opportunity_scoring,https://www.noom.com/,2026-05-14,opportunityScore=33; 慢病管理 AI 教练与个性化随访,medium_ai_opportunity,derived_from_stage2_public_evidence
Omega Critical Care Limited,ai_opportunity_scoring,https://www.accessdata.fda.gov/scripts/cdrh/cfdocs/cfpmn/pmn.cfm?id=K081776,2026-05-14,opportunityScore=33; 远程监测风险分层与异常预警,medium_ai_opportunity,derived_from_stage2_public_evidence
"Paceart, Inc.",ai_opportunity_scoring,https://www.accessdata.fda.gov/scripts/cdrh/cfdocs/cfpmn/pmn.cfm?id=K012407,2026-05-14,opportunityScore=33; 远程监测风险分层与异常预警,medium_ai_opportunity,derived_from_stage2_public_evidence
"Philips Medical Systems, Inc.",ai_opportunity_scoring,https://www.accessdata.fda.gov/scripts/cdrh/cfdocs/cfpmn/pmn.cfm?id=K922622,2026-05-14,opportunityScore=33; 远程监测风险分层与异常预警,medium_ai_opportunity,derived_from_stage2_public_evidence
R D Intl.,ai_opportunity_scoring,https://www.accessdata.fda.gov/scripts/cdrh/cfdocs/cfpmn/pmn.cfm?id=K960312,2026-05-14,opportunityScore=33; 远程监测风险分层与异常预警,medium_ai_opportunity,derived_from_stage2_public_evidence
R2 Corp.,ai_opportunity_scoring,https://www.accessdata.fda.gov/scripts/cdrh/cfdocs/cfpmn/pmn.cfm?id=K832516,2026-05-14,opportunityScore=33; 远程监测风险分层与异常预警,medium_ai_opportunity,derived_from_stage2_public_evidence
"Raye'S, Inc.",ai_opportunity_scoring,https://www.accessdata.fda.gov/scripts/cdrh/cfdocs/cfpmn/pmn.cfm?id=K022407,2026-05-14,opportunityScore=33; 康复计划生成、动作/依从性反馈与 care manager copilot,medium_ai_opportunity,derived_from_stage2_public_evidence
Roche Diagnostics,ai_opportunity_scoring,https://www.accessdata.fda.gov/scripts/cdrh/cfdocs/cfpmn/pmn.cfm?id=K121679,2026-05-14,opportunityScore=33; 远程监测风险分层与异常预警,medium_ai_opportunity,derived_from_stage2_public_evidence
Sk Med,ai_opportunity_scoring,https://www.accessdata.fda.gov/scripts/cdrh/cfdocs/cfpmn/pmn.cfm?id=K031860,2026-05-14,opportunityScore=33; 远程监测风险分层与异常预警,medium_ai_opportunity,derived_from_stage2_public_evidence
"Zoe Medical, Inc.",ai_opportunity_scoring,https://www.accessdata.fda.gov/scripts/cdrh/cfdocs/cfpmn/pmn.cfm?id=K130740,2026-05-14,opportunityScore=33; 远程监测风险分层与异常预警,medium_ai_opportunity,derived_from_stage2_public_evidence
天津怡和嘉业医疗科技有限公司,ai_opportunity_scoring,https://udi.nmpa.gov.cn/showDetailCX.html?deviceRecordKey=5D6A46D9CFDD2650AD9CA4CBBD7F6D20,2026-05-14,opportunityScore=33; 心理/睡眠分层干预与对话式支持,medium_ai_opportunity,derived_from_stage2_public_evidence
深圳市美连医疗电子股份有限公司,ai_opportunity_scoring,https://udi.nmpa.gov.cn/showDetailCX.html?deviceRecordKey=1694441404251920260511110759856,2026-05-14,opportunityScore=33; 远程监测风险分层与异常预警,medium_ai_opportunity,derived_from_stage2_public_evidence
辽宁迪浩生物科技有限公司,ai_opportunity_scoring,https://udi.nmpa.gov.cn/showDetailCX.html?deviceRecordKey=a66841e0-6ec2-410b-aeec-aa0aea963e57,2026-05-14,opportunityScore=33; 远程监测风险分层与异常预警,medium_ai_opportunity,derived_from_stage2_public_evidence
ADAS3D医疗有限公司,ai_opportunity_scoring,https://udi.nmpa.gov.cn/showDetailCX.html?deviceRecordKey=0843702172204820260416013910405,2026-05-14,opportunityScore=32; 医生工作流、病历摘要和临床文档自动化,medium_ai_opportunity,derived_from_stage2_public_evidence
"Barron Associates, Inc.",ai_opportunity_scoring,https://www.accessdata.fda.gov/scripts/cdrh/cfdocs/cfpmn/pmn.cfm?id=K163245,2026-05-14,opportunityScore=32; 医疗软件智能化和疗效反馈闭环,medium_ai_opportunity,derived_from_stage2_public_evidence
"Bioness, Inc.",ai_opportunity_scoring,https://www.accessdata.fda.gov/scripts/cdrh/cfdocs/cfpmn/pmn.cfm?id=K123636,2026-05-14,opportunityScore=32; 康复计划生成、动作/依从性反馈与 care manager copilot,medium_ai_opportunity,derived_from_stage2_public_evidence
"Jintronix, Inc.",ai_opportunity_scoring,https://www.accessdata.fda.gov/scripts/cdrh/cfdocs/cfpmn/pmn.cfm?id=K143034,2026-05-14,opportunityScore=32; 康复计划生成、动作/依从性反馈与 care manager copilot,medium_ai_opportunity,derived_from_stage2_public_evidence
广西雅斯生物科技有限公司,ai_opportunity_scoring,https://udi.nmpa.gov.cn/showDetailCX.html?deviceRecordKey=16bcea9cc731422194ffa7c765da0323,2026-05-14,opportunityScore=32; 远程监测风险分层与异常预警,medium_ai_opportunity,derived_from_stage2_public_evidence
深圳市艾利特医疗科技有限公司,ai_opportunity_scoring,https://udi.nmpa.gov.cn/showDetailCX.html?deviceRecordKey=0697070604106220250928113343202,2026-05-14,opportunityScore=32; 心理/睡眠分层干预与对话式支持,medium_ai_opportunity,derived_from_stage2_public_evidence
长沙奥科维电子有限公司,ai_opportunity_scoring,https://udi.nmpa.gov.cn/showDetailCX.html?deviceRecordKey=0697621210001920230423020207567,2026-05-14,opportunityScore=32; 慢病管理 AI 教练与个性化随访,medium_ai_opportunity,derived_from_stage2_public_evidence
Bio-Rad,ai_opportunity_scoring,https://www.accessdata.fda.gov/scripts/cdrh/cfdocs/cfpmn/pmn.cfm?id=K052838,2026-05-14,opportunityScore=31; 慢病管理 AI 教练与个性化随访,medium_ai_opportunity,derived_from_stage2_public_evidence
Bionime Corporation,ai_opportunity_scoring,https://www.accessdata.fda.gov/scripts/cdrh/cfdocs/cfpmn/pmn.cfm?id=K113007,2026-05-14,opportunityScore=31; 慢病管理 AI 教练与个性化随访,medium_ai_opportunity,derived_from_stage2_public_evidence
E-San Limited,ai_opportunity_scoring,https://www.accessdata.fda.gov/scripts/cdrh/cfdocs/cfpmn/pmn.cfm?id=K061328,2026-05-14,opportunityScore=31; 慢病管理 AI 教练与个性化随访,medium_ai_opportunity,derived_from_stage2_public_evidence
GE Medical Systems Ultrasound and Primary Care Diagnostics,ai_opportunity_scoring,https://www.accessdata.fda.gov/scripts/cdrh/cfdocs/cfpmn/pmn.cfm?id=K220940,2026-05-14,opportunityScore=31; 医疗软件智能化和疗效反馈闭环,medium_ai_opportunity,derived_from_stage2_public_evidence
"M2 Group Holdings, Inc.",ai_opportunity_scoring,https://www.accessdata.fda.gov/scripts/cdrh/cfdocs/cfpmn/pmn.cfm?id=K100567,2026-05-14,opportunityScore=31; 慢病管理 AI 教练与个性化随访,medium_ai_opportunity,derived_from_stage2_public_evidence
"Mycare Team, Inc.",ai_opportunity_scoring,https://www.accessdata.fda.gov/scripts/cdrh/cfdocs/cfpmn/pmn.cfm?id=K073699,2026-05-14,opportunityScore=31; 慢病管理 AI 教练与个性化随访,medium_ai_opportunity,derived_from_stage2_public_evidence
"Philips Medical Systems (Cleveland), Inc.",ai_opportunity_scoring,https://www.accessdata.fda.gov/scripts/cdrh/cfdocs/cfpmn/pmn.cfm?id=K000310,2026-05-14,opportunityScore=31; 医疗软件智能化和疗效反馈闭环,medium_ai_opportunity,derived_from_stage2_public_evidence
"Primus, Inc.",ai_opportunity_scoring,https://www.accessdata.fda.gov/scripts/cdrh/cfdocs/cfpmn/pmn.cfm?id=K896582,2026-05-14,opportunityScore=31; 慢病管理 AI 教练与个性化随访,medium_ai_opportunity,derived_from_stage2_public_evidence
Quantimetrix Corp.,ai_opportunity_scoring,https://www.accessdata.fda.gov/scripts/cdrh/cfdocs/cfpmn/pmn.cfm?id=K103744,2026-05-14,opportunityScore=31; 慢病管理 AI 教练与个性化随访,medium_ai_opportunity,derived_from_stage2_public_evidence
Stryker Corporation,ai_opportunity_scoring,https://www.accessdata.fda.gov/scripts/cdrh/cfdocs/cfpmn/pmn.cfm?id=K221098,2026-05-14,opportunityScore=31; 医疗软件智能化和疗效反馈闭环,medium_ai_opportunity,derived_from_stage2_public_evidence
"Symcare Personalized Health Solutions, Inc.",ai_opportunity_scoring,https://www.accessdata.fda.gov/scripts/cdrh/cfdocs/cfpmn/pmn.cfm?id=K093789,2026-05-14,opportunityScore=31; 慢病管理 AI 教练与个性化随访,medium_ai_opportunity,derived_from_stage2_public_evidence
深圳市昭蓝生物科技有限公司,ai_opportunity_scoring,https://udi.nmpa.gov.cn/showDetailCX.html?deviceRecordKey=06973880810523202310110930463,2026-05-14,opportunityScore=31; 慢病管理 AI 教练与个性化随访,medium_ai_opportunity,derived_from_stage2_public_evidence
美敦力导航股份有限公司,ai_opportunity_scoring,https://udi.nmpa.gov.cn/showDetailCX.html?deviceRecordKey=d224c319c6044a5a8d3eb3ec41dee51a,2026-05-14,opportunityScore=31; 医疗软件智能化和疗效反馈闭环,medium_ai_opportunity,derived_from_stage2_public_evidence
Cybex,ai_opportunity_scoring,https://www.accessdata.fda.gov/scripts/cdrh/cfdocs/cfpmn/pmn.cfm?id=K843739,2026-05-14,opportunityScore=30; 康复计划生成、动作/依从性反馈与 care manager copilot,medium_ai_opportunity,derived_from_stage2_public_evidence
Ergoline GmbH,ai_opportunity_scoring,https://www.accessdata.fda.gov/scripts/cdrh/cfdocs/cfpmn/pmn.cfm?id=K212883,2026-05-14,opportunityScore=30; 康复计划生成、动作/依从性反馈与 care manager copilot,medium_ai_opportunity,derived_from_stage2_public_evidence
"Hill-Rom, Inc.",ai_opportunity_scoring,https://www.accessdata.fda.gov/scripts/cdrh/cfdocs/cfpmn/pmn.cfm?id=K945729,2026-05-14,opportunityScore=30; 心理/睡眠分层干预与对话式支持,medium_ai_opportunity,derived_from_stage2_public_evidence
"I-Rep, Inc.",ai_opportunity_scoring,https://www.accessdata.fda.gov/scripts/cdrh/cfdocs/cfpmn/pmn.cfm?id=K822906,2026-05-14,opportunityScore=30; 康复计划生成、动作/依从性反馈与 care manager copilot,medium_ai_opportunity,derived_from_stage2_public_evidence
Medicaa (Uruguay) S.A.,ai_opportunity_scoring,https://www.accessdata.fda.gov/scripts/cdrh/cfdocs/cfpmn/pmn.cfm?id=K070085,2026-05-14,opportunityScore=30; 康复计划生成、动作/依从性反馈与 care manager copilot,medium_ai_opportunity,derived_from_stage2_public_evidence
"Nautilus Sports/Medical Industries, Inc.",ai_opportunity_scoring,https://www.accessdata.fda.gov/scripts/cdrh/cfdocs/cfpmn/pmn.cfm?id=K861206,2026-05-14,opportunityScore=30; 康复计划生成、动作/依从性反馈与 care manager copilot,medium_ai_opportunity,derived_from_stage2_public_evidence
"Recovr,Inc",ai_opportunity_scoring,https://www.accessdata.fda.gov/scripts/cdrh/cfdocs/cfpmn/pmn.cfm?id=K151446,2026-05-14,opportunityScore=30; 康复计划生成、动作/依从性反馈与 care manager copilot,medium_ai_opportunity,derived_from_stage2_public_evidence
"Shiley, Inc.",ai_opportunity_scoring,https://www.accessdata.fda.gov/scripts/cdrh/cfdocs/cfpmn/pmn.cfm?id=K844138,2026-05-14,opportunityScore=30; 心理/睡眠分层干预与对话式支持,medium_ai_opportunity,derived_from_stage2_public_evidence
The ScottCare Corporation,ai_opportunity_scoring,https://www.accessdata.fda.gov/scripts/cdrh/cfdocs/cfpmn/pmn.cfm?id=K250259,2026-05-14,opportunityScore=30; 康复计划生成、动作/依从性反馈与 care manager copilot,medium_ai_opportunity,derived_from_stage2_public_evidence
"Universal Gym Equipment, Inc.",ai_opportunity_scoring,https://www.accessdata.fda.gov/scripts/cdrh/cfdocs/cfpmn/pmn.cfm?id=K873659,2026-05-14,opportunityScore=30; 康复计划生成、动作/依从性反馈与 care manager copilot,medium_ai_opportunity,derived_from_stage2_public_evidence
Wfr/Aquaplast Corp.,ai_opportunity_scoring,https://www.accessdata.fda.gov/scripts/cdrh/cfdocs/cfpmn/pmn.cfm?id=K032156,2026-05-14,opportunityScore=30; 心理/睡眠分层干预与对话式支持,medium_ai_opportunity,derived_from_stage2_public_evidence
上海导向医疗系统有限公司,ai_opportunity_scoring,https://udi.nmpa.gov.cn/showDetailCX.html?deviceRecordKey=0694933910336220260506035412241,2026-05-14,opportunityScore=30; 医疗软件智能化和疗效反馈闭环,medium_ai_opportunity,derived_from_stage2_public_evidence
徐州市科健高新技术有限公司,ai_opportunity_scoring,https://udi.nmpa.gov.cn/showDetailCX.html?deviceRecordKey=06975283415138202205101045050,2026-05-14,opportunityScore=30; 慢病管理 AI 教练与个性化随访,medium_ai_opportunity,derived_from_stage2_public_evidence
语坤（北京）网络科技有限公司,ai_opportunity_scoring,https://udi.nmpa.gov.cn/showDetailCX.html?deviceRecordKey=0697418338085020260506052020828,2026-05-14,opportunityScore=30; 医疗软件智能化和疗效反馈闭环,medium_ai_opportunity,derived_from_stage2_public_evidence
赛尔生物,ai_opportunity_scoring,https://udi.nmpa.gov.cn/showDetailCX.html?deviceRecordKey=06975491760105202206230544050,2026-05-14,opportunityScore=30; 慢病管理 AI 教练与个性化随访,medium_ai_opportunity,derived_from_stage2_public_evidence
Brainlab AG,ai_opportunity_scoring,https://www.accessdata.fda.gov/scripts/cdrh/cfdocs/cfpmn/pmn.cfm?id=K243633,2026-05-14,opportunityScore=29; 医疗软件智能化和疗效反馈闭环,medium_ai_opportunity,derived_from_stage2_public_evidence
"Elaitra, Ltd.",ai_opportunity_scoring,https://www.accessdata.fda.gov/scripts/cdrh/cfdocs/cfpmn/pmn.cfm?id=K223501,2026-05-14,opportunityScore=29; 医疗软件智能化和疗效反馈闭环,medium_ai_opportunity,derived_from_stage2_public_evidence
"Hypoguard USA, Inc.",ai_opportunity_scoring,https://www.accessdata.fda.gov/scripts/cdrh/cfdocs/cfpmn/pmn.cfm?id=K022545,2026-05-14,opportunityScore=29; 医疗软件智能化和疗效反馈闭环,medium_ai_opportunity,derived_from_stage2_public_evidence
"Infobionic, Inc.",ai_opportunity_scoring,https://www.accessdata.fda.gov/scripts/cdrh/cfdocs/cfpmn/pmn.cfm?id=K152491,2026-05-14,opportunityScore=29; 医疗软件智能化和疗效反馈闭环,medium_ai_opportunity,derived_from_stage2_public_evidence
Puritan Bennett Corp.,ai_opportunity_scoring,https://www.accessdata.fda.gov/scripts/cdrh/cfdocs/cfpmn/pmn.cfm?id=K023225,2026-05-14,opportunityScore=29; 医疗软件智能化和疗效反馈闭环,medium_ai_opportunity,derived_from_stage2_public_evidence
内特斯医疗系统DBA艾泰克有限公司,ai_opportunity_scoring,https://udi.nmpa.gov.cn/showDetailCX.html?deviceRecordKey=00382830027298202208310434215,2026-05-14,opportunityScore=29; 心理/睡眠分层干预与对话式支持,medium_ai_opportunity,derived_from_stage2_public_evidence
嘉兴允英医学检验有限公司,ai_opportunity_scoring,https://udi.nmpa.gov.cn/showDetailCX.html?deviceRecordKey=0697545115090820260424110259267,2026-05-14,opportunityScore=29; 医生工作流、病历摘要和临床文档自动化,medium_ai_opportunity,derived_from_stage2_public_evidence
日本尼德克株式会社,ai_opportunity_scoring,https://udi.nmpa.gov.cn/showDetailCX.html?deviceRecordKey=0498766910164320260403013305251,2026-05-14,opportunityScore=29; 医疗软件智能化和疗效反馈闭环,medium_ai_opportunity,derived_from_stage2_public_evidence
桂林优利特医疗电子有限公司,ai_opportunity_scoring,https://udi.nmpa.gov.cn/showDetailCX.html?deviceRecordKey=06935740735889202604101007341,2026-05-14,opportunityScore=29; 医疗软件智能化和疗效反馈闭环,medium_ai_opportunity,derived_from_stage2_public_evidence
深圳迈瑞生物医疗电子股份有限公司,ai_opportunity_scoring,https://udi.nmpa.gov.cn/showDetailCX.html?deviceRecordKey=069030530816962026011502474526,2026-05-14,opportunityScore=29; ,medium_ai_opportunity,derived_from_stage2_public_evidence
环科医学影像公司,ai_opportunity_scoring,https://udi.nmpa.gov.cn/showDetailCX.html?deviceRecordKey=0088291600001120260415110044685,2026-05-14,opportunityScore=29; 医疗软件智能化和疗效反馈闭环,medium_ai_opportunity,derived_from_stage2_public_evidence
AppliedVR,ai_opportunity_scoring,https://www.appliedvr.io/,2026-05-14,opportunityScore=28; 医疗软件智能化和疗效反馈闭环,medium_ai_opportunity,derived_from_stage2_public_evidence
"Cardon Rehabilitation Products, Inc.",ai_opportunity_scoring,https://www.accessdata.fda.gov/scripts/cdrh/cfdocs/cfpmn/pmn.cfm?id=K951955,2026-05-14,opportunityScore=28; ,medium_ai_opportunity,derived_from_stage2_public_evidence
HelloBetter,ai_opportunity_scoring,https://hellobetter.de/,2026-05-14,opportunityScore=28; 心理/睡眠分层干预与对话式支持,medium_ai_opportunity,derived_from_stage2_public_evidence
爱乔（上海）医疗科技有限公司,ai_opportunity_scoring,https://udi.nmpa.gov.cn/showDetailCX.html?deviceRecordKey=0697153589112520220518112542940,2026-05-14,opportunityScore=28; 医疗软件智能化和疗效反馈闭环,medium_ai_opportunity,derived_from_stage2_public_evidence
艾科托迈德有限公司 AKTORmed GmbH,ai_opportunity_scoring,https://udi.nmpa.gov.cn/showDetailCX.html?deviceRecordKey=372e067a0d814590bc697daa059f7d30,2026-05-14,opportunityScore=28; ,medium_ai_opportunity,derived_from_stage2_public_evidence
ABBOTT MEDICAL,ai_opportunity_scoring,https://www.accessdata.fda.gov/scripts/cdrh/cfdocs/cfpmn/pmn.cfm?id=K253459,2026-05-14,opportunityScore=26; 医疗软件智能化和疗效反馈闭环,medium_ai_opportunity,derived_from_stage2_public_evidence
"Advanced Planimetric Services, LLC",ai_opportunity_scoring,https://www.accessdata.fda.gov/scripts/cdrh/cfdocs/cfpmn/pmn.cfm?id=K130165,2026-05-14,opportunityScore=26; 医疗软件智能化和疗效反馈闭环,medium_ai_opportunity,derived_from_stage2_public_evidence
American Sleep Association,ai_opportunity_scoring,https://www.accessdata.fda.gov/scripts/cdrh/cfdocs/cfpmn/pmn.cfm?id=K130504,2026-05-14,opportunityScore=26; 医疗软件智能化和疗效反馈闭环,medium_ai_opportunity,derived_from_stage2_public_evidence
Cochlear Americas,ai_opportunity_scoring,https://www.accessdata.fda.gov/scripts/cdrh/cfdocs/cfpmn/pmn.cfm?id=K212136,2026-05-14,opportunityScore=26; 医疗软件智能化和疗效反馈闭环,medium_ai_opportunity,derived_from_stage2_public_evidence
Datex-Ohmeda,ai_opportunity_scoring,https://www.accessdata.fda.gov/scripts/cdrh/cfdocs/cfpmn/pmn.cfm?id=K023497,2026-05-14,opportunityScore=26; 医疗软件智能化和疗效反馈闭环,medium_ai_opportunity,derived_from_stage2_public_evidence
"Draeger Medical Systems, Inc.",ai_opportunity_scoring,https://www.accessdata.fda.gov/scripts/cdrh/cfdocs/cfpmn/pmn.cfm?id=K141756,2026-05-14,opportunityScore=26; 医疗软件智能化和疗效反馈闭环,medium_ai_opportunity,derived_from_stage2_public_evidence
"Gauss Surgical, Inc.,",ai_opportunity_scoring,https://www.accessdata.fda.gov/scripts/cdrh/cfdocs/cfpmn/pmn.cfm?id=K121274,2026-05-14,opportunityScore=26; 医疗软件智能化和疗效反馈闭环,medium_ai_opportunity,derived_from_stage2_public_evidence
"Marquest Medical Products, Inc.",ai_opportunity_scoring,https://www.accessdata.fda.gov/scripts/cdrh/cfdocs/cfpmn/pmn.cfm?id=K902632,2026-05-14,opportunityScore=26; ,medium_ai_opportunity,derived_from_stage2_public_evidence
Medtronic Minimed,ai_opportunity_scoring,https://www.accessdata.fda.gov/scripts/cdrh/cfdocs/cfpmn/pmn.cfm?id=K253512,2026-05-14,opportunityScore=26; 医疗软件智能化和疗效反馈闭环,medium_ai_opportunity,derived_from_stage2_public_evidence
"Nidek, Inc.",ai_opportunity_scoring,https://www.accessdata.fda.gov/scripts/cdrh/cfdocs/cfpmn/pmn.cfm?id=K050336,2026-05-14,opportunityScore=26; 医疗软件智能化和疗效反馈闭环,medium_ai_opportunity,derived_from_stage2_public_evidence
Nucletron Corp.,ai_opportunity_scoring,https://www.accessdata.fda.gov/scripts/cdrh/cfdocs/cfpmn/pmn.cfm?id=K990990,2026-05-14,opportunityScore=26; 医疗软件智能化和疗效反馈闭环,medium_ai_opportunity,derived_from_stage2_public_evidence
"Ortho Kinematics, Inc.",ai_opportunity_scoring,https://www.accessdata.fda.gov/scripts/cdrh/cfdocs/cfpmn/pmn.cfm?id=K171617,2026-05-14,opportunityScore=26; 医疗软件智能化和疗效反馈闭环,medium_ai_opportunity,derived_from_stage2_public_evidence
"R2 Technology, Inc.",ai_opportunity_scoring,https://www.accessdata.fda.gov/scripts/cdrh/cfdocs/cfpmn/pmn.cfm?id=K041380,2026-05-14,opportunityScore=26; 医疗软件智能化和疗效反馈闭环,medium_ai_opportunity,derived_from_stage2_public_evidence
St Jude Medical,ai_opportunity_scoring,https://www.accessdata.fda.gov/scripts/cdrh/cfdocs/cfpmn/pmn.cfm?id=K173232,2026-05-14,opportunityScore=26; 医疗软件智能化和疗效反馈闭环,medium_ai_opportunity,derived_from_stage2_public_evidence
"Strados Labs, Inc.",ai_opportunity_scoring,https://www.accessdata.fda.gov/scripts/cdrh/cfdocs/cfpmn/pmn.cfm?id=K220893,2026-05-14,opportunityScore=26; ,medium_ai_opportunity,derived_from_stage2_public_evidence
"Topcon Medical Systems, Inc.",ai_opportunity_scoring,https://www.accessdata.fda.gov/scripts/cdrh/cfdocs/cfpmn/pmn.cfm?id=K132438,2026-05-14,opportunityScore=26; 医疗软件智能化和疗效反馈闭环,medium_ai_opportunity,derived_from_stage2_public_evidence
"Toshiba America Mri, Inc.",ai_opportunity_scoring,https://www.accessdata.fda.gov/scripts/cdrh/cfdocs/cfpmn/pmn.cfm?id=K981475,2026-05-14,opportunityScore=26; 医疗软件智能化和疗效反馈闭环,medium_ai_opportunity,derived_from_stage2_public_evidence
"Vivometrics, Inc.",ai_opportunity_scoring,https://www.accessdata.fda.gov/scripts/cdrh/cfdocs/cfpmn/pmn.cfm?id=K043604,2026-05-14,opportunityScore=26; 远程监测风险分层与异常预警,medium_ai_opportunity,derived_from_stage2_public_evidence
Watermark Medical,ai_opportunity_scoring,https://www.accessdata.fda.gov/scripts/cdrh/cfdocs/cfpmn/pmn.cfm?id=K120325,2026-05-14,opportunityScore=26; 医疗软件智能化和疗效反馈闭环,medium_ai_opportunity,derived_from_stage2_public_evidence
"Widex Hearing Aid Co., Inc.",ai_opportunity_scoring,https://www.accessdata.fda.gov/scripts/cdrh/cfdocs/cfpmn/pmn.cfm?id=K897033,2026-05-14,opportunityScore=26; ,medium_ai_opportunity,derived_from_stage2_public_evidence
执鼎医疗科技有限公司,ai_opportunity_scoring,https://udi.nmpa.gov.cn/showDetailCX.html?deviceRecordKey=0697304719107620260508030807326,2026-05-14,opportunityScore=26; 医疗软件智能化和疗效反馈闭环,medium_ai_opportunity,derived_from_stage2_public_evidence
武汉楚精灵医疗科技有限公司,ai_opportunity_scoring,https://udi.nmpa.gov.cn/showDetailCX.html?deviceRecordKey=0697460473102520260419033246769,2026-05-14,opportunityScore=26; 医生工作流、病历摘要和临床文档自动化,medium_ai_opportunity,derived_from_stage2_public_evidence
 江西维德医疗健康管理有限公司,ai_opportunity_scoring,https://udi.nmpa.gov.cn/showDetailCX.html?deviceRecordKey=06970360996036202404121206310,2026-05-14,opportunityScore=25; ,medium_ai_opportunity,derived_from_stage2_public_evidence
"Advanced Brain Monitoring, Inc.",ai_opportunity_scoring,https://www.accessdata.fda.gov/scripts/cdrh/cfdocs/cfpmn/pmn.cfm?id=K120450,2026-05-14,opportunityScore=25; 远程监测风险分层与异常预警; 心理/睡眠分层干预与对话式支持,medium_ai_opportunity,derived_from_stage2_public_evidence
"Apple, Inc.",ai_opportunity_scoring,https://www.accessdata.fda.gov/scripts/cdrh/cfdocs/cfpmn/pmn.cfm?id=K240929,2026-05-14,opportunityScore=25; 心理/睡眠分层干预与对话式支持,medium_ai_opportunity,derived_from_stage2_public_evidence
Craniofacial Pain Center of Idaho,ai_opportunity_scoring,https://www.accessdata.fda.gov/scripts/cdrh/cfdocs/cfpmn/pmn.cfm?id=K082849,2026-05-14,opportunityScore=25; 心理/睡眠分层干预与对话式支持,medium_ai_opportunity,derived_from_stage2_public_evidence
Nakagawa Dental Clinic,ai_opportunity_scoring,https://www.accessdata.fda.gov/scripts/cdrh/cfdocs/cfpmn/pmn.cfm?id=K060122,2026-05-14,opportunityScore=25; 心理/睡眠分层干预与对话式支持,medium_ai_opportunity,derived_from_stage2_public_evidence
"Respironics Inc., Sleep & Home Respiratory Group",ai_opportunity_scoring,https://www.accessdata.fda.gov/scripts/cdrh/cfdocs/cfpmn/pmn.cfm?id=K082866,2026-05-14,opportunityScore=25; ,medium_ai_opportunity,derived_from_stage2_public_evidence
Sherwood Medical Co.,ai_opportunity_scoring,https://www.accessdata.fda.gov/scripts/cdrh/cfdocs/cfpmn/pmn.cfm?id=K930471,2026-05-14,opportunityScore=25; ,medium_ai_opportunity,derived_from_stage2_public_evidence
上海卓昕医疗科技有限公司,ai_opportunity_scoring,https://udi.nmpa.gov.cn/showDetailCX.html?deviceRecordKey=0697526051015320260310102355590,2026-05-14,opportunityScore=25; 医生工作流、病历摘要和临床文档自动化,medium_ai_opportunity,derived_from_stage2_public_evidence
卓越星河健康管理（南京）有限公司,ai_opportunity_scoring,https://udi.nmpa.gov.cn/showDetailCX.html?deviceRecordKey=b3f48fe79015490d99c46888a74af1fc,2026-05-14,opportunityScore=25; ,medium_ai_opportunity,derived_from_stage2_public_evidence
"Neurovalens , Ltd.",ai_opportunity_scoring,https://www.accessdata.fda.gov/scripts/cdrh/cfdocs/cfpmn/pmn.cfm?id=K230826,2026-05-14,opportunityScore=24; 心理/睡眠分层干预与对话式支持,medium_ai_opportunity,derived_from_stage2_public_evidence
医伟司安股份有限公司,ai_opportunity_scoring,https://udi.nmpa.gov.cn/showDetailCX.html?deviceRecordKey=bc1fbf9e-231d-497f-a295-00f33b8d39cd,2026-05-14,opportunityScore=24; ,medium_ai_opportunity,derived_from_stage2_public_evidence
绍兴金箓生物技术有限公司,ai_opportunity_scoring,https://udi.nmpa.gov.cn/showDetailCX.html?deviceRecordKey=0697532900221620240626030509298,2026-05-14,opportunityScore=24; ,medium_ai_opportunity,derived_from_stage2_public_evidence
苏州歌锐医疗科技有限公司,ai_opportunity_scoring,https://udi.nmpa.gov.cn/showDetailCX.html?deviceRecordKey=0697549601006920260429074128451,2026-05-14,opportunityScore=24; ,medium_ai_opportunity,derived_from_stage2_public_evidence
"Adsis , Ltd.",ai_opportunity_scoring,https://www.accessdata.fda.gov/scripts/cdrh/cfdocs/cfpmn/pmn.cfm?id=K010791,2026-05-14,opportunityScore=23; ,medium_ai_opportunity,derived_from_stage2_public_evidence
"Broncus Technologies, Inc.",ai_opportunity_scoring,https://www.accessdata.fda.gov/scripts/cdrh/cfdocs/cfpmn/pmn.cfm?id=K090095,2026-05-14,opportunityScore=23; ,medium_ai_opportunity,derived_from_stage2_public_evidence
"Catheter Robotics, Inc.",ai_opportunity_scoring,https://www.accessdata.fda.gov/scripts/cdrh/cfdocs/cfpmn/pmn.cfm?id=DEN140009,2026-05-14,opportunityScore=23; ,medium_ai_opportunity,derived_from_stage2_public_evidence
"Clinical Information Systems, Inc.",ai_opportunity_scoring,https://www.accessdata.fda.gov/scripts/cdrh/cfdocs/cfpmn/pmn.cfm?id=K882352,2026-05-14,opportunityScore=23; 医生工作流、病历摘要和临床文档自动化,medium_ai_opportunity,derived_from_stage2_public_evidence
"Image-Guided Neurologics, Inc.",ai_opportunity_scoring,https://www.accessdata.fda.gov/scripts/cdrh/cfdocs/cfpmn/pmn.cfm?id=K990907,2026-05-14,opportunityScore=23; ,medium_ai_opportunity,derived_from_stage2_public_evidence
"Power Medical Interventions, Inc.",ai_opportunity_scoring,https://www.accessdata.fda.gov/scripts/cdrh/cfdocs/cfpmn/pmn.cfm?id=K020343,2026-05-14,opportunityScore=23; ,medium_ai_opportunity,derived_from_stage2_public_evidence
"Remote Diagnostic Technologies , Ltd.",ai_opportunity_scoring,https://www.accessdata.fda.gov/scripts/cdrh/cfdocs/cfpmn/pmn.cfm?id=K133988,2026-05-14,opportunityScore=23; ,medium_ai_opportunity,derived_from_stage2_public_evidence
"Signifier Medical Technologies, Ltd.",ai_opportunity_scoring,https://www.accessdata.fda.gov/scripts/cdrh/cfdocs/cfpmn/pmn.cfm?id=K223446,2026-05-14,opportunityScore=23; ,medium_ai_opportunity,derived_from_stage2_public_evidence
"3M Health Care, Sarns",ai_opportunity_scoring,https://www.accessdata.fda.gov/scripts/cdrh/cfdocs/cfpmn/pmn.cfm?id=K771499,2026-05-14,opportunityScore=22; ,medium_ai_opportunity,derived_from_stage2_public_evidence
"Apnicure, Inc.",ai_opportunity_scoring,https://www.accessdata.fda.gov/scripts/cdrh/cfdocs/cfpmn/pmn.cfm?id=K130538,2026-05-14,opportunityScore=22; 心理/睡眠分层干预与对话式支持,medium_ai_opportunity,derived_from_stage2_public_evidence
Bemco Mattress Co.,ai_opportunity_scoring,https://www.accessdata.fda.gov/scripts/cdrh/cfdocs/cfpmn/pmn.cfm?id=K834344,2026-05-14,opportunityScore=22; 心理/睡眠分层干预与对话式支持,medium_ai_opportunity,derived_from_stage2_public_evidence
"Cereve, Inc.",ai_opportunity_scoring,https://www.accessdata.fda.gov/scripts/cdrh/cfdocs/cfpmn/pmn.cfm?id=DEN140032,2026-05-14,opportunityScore=22; 心理/睡眠分层干预与对话式支持,medium_ai_opportunity,derived_from_stage2_public_evidence
"Concord Laboratories, Inc.",ai_opportunity_scoring,https://www.accessdata.fda.gov/scripts/cdrh/cfdocs/cfpmn/pmn.cfm?id=K833582,2026-05-14,opportunityScore=22; ,medium_ai_opportunity,derived_from_stage2_public_evidence
Diamond Orthotic Laboratory,ai_opportunity_scoring,https://www.accessdata.fda.gov/scripts/cdrh/cfdocs/cfpmn/pmn.cfm?id=K202499,2026-05-14,opportunityScore=22; 心理/睡眠分层干预与对话式支持,medium_ai_opportunity,derived_from_stage2_public_evidence
Dynadx Corporation,ai_opportunity_scoring,https://www.accessdata.fda.gov/scripts/cdrh/cfdocs/cfpmn/pmn.cfm?id=K070855,2026-05-14,opportunityScore=22; 心理/睡眠分层干预与对话式支持,medium_ai_opportunity,derived_from_stage2_public_evidence
"Ge Medical Systems, LLC",ai_opportunity_scoring,https://www.accessdata.fda.gov/scripts/cdrh/cfdocs/cfpmn/pmn.cfm?id=K182234,2026-05-14,opportunityScore=22; ,medium_ai_opportunity,derived_from_stage2_public_evidence
"Happiest Baby, Inc.",ai_opportunity_scoring,https://www.accessdata.fda.gov/scripts/cdrh/cfdocs/cfpmn/pmn.cfm?id=DEN210039,2026-05-14,opportunityScore=22; 心理/睡眠分层干预与对话式支持,medium_ai_opportunity,derived_from_stage2_public_evidence
"Influence, Inc.",ai_opportunity_scoring,https://www.accessdata.fda.gov/scripts/cdrh/cfdocs/cfpmn/pmn.cfm?id=K972023,2026-05-14,opportunityScore=22; 心理/睡眠分层干预与对话式支持,medium_ai_opportunity,derived_from_stage2_public_evidence
"Neurofield, Inc.",ai_opportunity_scoring,https://www.accessdata.fda.gov/scripts/cdrh/cfdocs/cfpmn/pmn.cfm?id=K252951,2026-05-14,opportunityScore=22; 心理/睡眠分层干预与对话式支持,medium_ai_opportunity,derived_from_stage2_public_evidence
"Neurotronics, Inc.",ai_opportunity_scoring,https://www.accessdata.fda.gov/scripts/cdrh/cfdocs/cfpmn/pmn.cfm?id=K142774,2026-05-14,opportunityScore=22; 心理/睡眠分层干预与对话式支持,medium_ai_opportunity,derived_from_stage2_public_evidence
"Nihon Kohden America, Inc.",ai_opportunity_scoring,https://www.accessdata.fda.gov/scripts/cdrh/cfdocs/cfpmn/pmn.cfm?id=K983072,2026-05-14,opportunityScore=22; 心理/睡眠分层干预与对话式支持,medium_ai_opportunity,derived_from_stage2_public_evidence
Nipro Medical Corp.,ai_opportunity_scoring,https://www.accessdata.fda.gov/scripts/cdrh/cfdocs/cfpmn/pmn.cfm?id=K093985,2026-05-14,opportunityScore=22; ,medium_ai_opportunity,derived_from_stage2_public_evidence
Omega Results,ai_opportunity_scoring,https://www.accessdata.fda.gov/scripts/cdrh/cfdocs/cfpmn/pmn.cfm?id=K963631,2026-05-14,opportunityScore=22; 心理/睡眠分层干预与对话式支持,medium_ai_opportunity,derived_from_stage2_public_evidence
Onera B.V.,ai_opportunity_scoring,https://www.accessdata.fda.gov/scripts/cdrh/cfdocs/cfpmn/pmn.cfm?id=K253668,2026-05-14,opportunityScore=22; 心理/睡眠分层干预与对话式支持,medium_ai_opportunity,derived_from_stage2_public_evidence
Oxehealth Limited,ai_opportunity_scoring,https://www.accessdata.fda.gov/scripts/cdrh/cfdocs/cfpmn/pmn.cfm?id=K233618,2026-05-14,opportunityScore=22; 心理/睡眠分层干预与对话式支持,medium_ai_opportunity,derived_from_stage2_public_evidence
"Respironics, Inc.",ai_opportunity_scoring,https://www.accessdata.fda.gov/scripts/cdrh/cfdocs/cfpmn/pmn.cfm?id=K003499,2026-05-14,opportunityScore=22; 心理/睡眠分层干预与对话式支持,medium_ai_opportunity,derived_from_stage2_public_evidence
"Sleep Specialists, LLC",ai_opportunity_scoring,https://www.accessdata.fda.gov/scripts/cdrh/cfdocs/cfpmn/pmn.cfm?id=K100160,2026-05-14,opportunityScore=22; 心理/睡眠分层干预与对话式支持,medium_ai_opportunity,derived_from_stage2_public_evidence
"Smiths Medical Asd, Inc.",ai_opportunity_scoring,https://www.accessdata.fda.gov/scripts/cdrh/cfdocs/cfpmn/pmn.cfm?id=K141193,2026-05-14,opportunityScore=22; ,medium_ai_opportunity,derived_from_stage2_public_evidence
Target Therapeutics,ai_opportunity_scoring,https://www.accessdata.fda.gov/scripts/cdrh/cfdocs/cfpmn/pmn.cfm?id=K880762,2026-05-14,opportunityScore=22; ,medium_ai_opportunity,derived_from_stage2_public_evidence
"The Snore Reliever Company, LLC",ai_opportunity_scoring,https://www.accessdata.fda.gov/scripts/cdrh/cfdocs/cfpmn/pmn.cfm?id=K092942,2026-05-14,opportunityScore=22; 心理/睡眠分层干预与对话式支持,medium_ai_opportunity,derived_from_stage2_public_evidence
苏州一目万相科技有限公司,ai_opportunity_scoring,https://udi.nmpa.gov.cn/showDetailCX.html?deviceRecordKey=0697633057002220260305085826347,2026-05-14,opportunityScore=22; ,medium_ai_opportunity,derived_from_stage2_public_evidence
河北深灵医疗科技有限公司,ai_opportunity_scoring,https://udi.nmpa.gov.cn/showDetailCX.html?deviceRecordKey=0697758417001320250519034302079,2026-05-14,opportunityScore=21; 心理/睡眠分层干预与对话式支持,medium_ai_opportunity,derived_from_stage2_public_evidence
海口安至科技有限公司,ai_opportunity_scoring,https://udi.nmpa.gov.cn/showDetailCX.html?deviceRecordKey=0697723824006220250623012627084,2026-05-14,opportunityScore=21; 心理/睡眠分层干预与对话式支持,medium_ai_opportunity,derived_from_stage2_public_evidence
"Alert Care, Inc.",ai_opportunity_scoring,https://www.accessdata.fda.gov/scripts/cdrh/cfdocs/cfpmn/pmn.cfm?id=K926053,2026-05-14,opportunityScore=20; ,medium_ai_opportunity,derived_from_stage2_public_evidence
American Pharmaseal Div. Ahsc,ai_opportunity_scoring,https://www.accessdata.fda.gov/scripts/cdrh/cfdocs/cfpmn/pmn.cfm?id=K870720,2026-05-14,opportunityScore=20; ,medium_ai_opportunity,derived_from_stage2_public_evidence
"Aqueduct Critical Care, Inc.",ai_opportunity_scoring,https://www.accessdata.fda.gov/scripts/cdrh/cfdocs/cfpmn/pmn.cfm?id=K181301,2026-05-14,opportunityScore=20; ,medium_ai_opportunity,derived_from_stage2_public_evidence
Athlos OY,ai_opportunity_scoring,https://www.accessdata.fda.gov/scripts/cdrh/cfdocs/cfpmn/pmn.cfm?id=K211688,2026-05-14,opportunityScore=20; ,medium_ai_opportunity,derived_from_stage2_public_evidence
"Bruno Independent Living Aids, Inc.",ai_opportunity_scoring,https://www.accessdata.fda.gov/scripts/cdrh/cfdocs/cfpmn/pmn.cfm?id=K022509,2026-05-14,opportunityScore=20; ,medium_ai_opportunity,derived_from_stage2_public_evidence
"Bryggs Medical, LLC",ai_opportunity_scoring,https://www.accessdata.fda.gov/scripts/cdrh/cfdocs/cfpmn/pmn.cfm?id=K191728,2026-05-14,opportunityScore=20; ,medium_ai_opportunity,derived_from_stage2_public_evidence
Conair Corp.,ai_opportunity_scoring,https://www.accessdata.fda.gov/scripts/cdrh/cfdocs/cfpmn/pmn.cfm?id=K924584,2026-05-14,opportunityScore=20; ,medium_ai_opportunity,derived_from_stage2_public_evidence
"Darmiyan, Inc.",ai_opportunity_scoring,https://www.accessdata.fda.gov/scripts/cdrh/cfdocs/cfpmn/pmn.cfm?id=DEN220066,2026-05-14,opportunityScore=20; ,medium_ai_opportunity,derived_from_stage2_public_evidence
Dash Medical Gloves Sdn Bhd,ai_opportunity_scoring,https://www.accessdata.fda.gov/scripts/cdrh/cfdocs/cfpmn/pmn.cfm?id=K992128,2026-05-14,opportunityScore=20; ,medium_ai_opportunity,derived_from_stage2_public_evidence
"Datascope Corp., Patient Monitoring Division",ai_opportunity_scoring,https://www.accessdata.fda.gov/scripts/cdrh/cfdocs/cfpmn/pmn.cfm?id=K091834,2026-05-14,opportunityScore=20; 远程监测风险分层与异常预警,medium_ai_opportunity,derived_from_stage2_public_evidence
General Electric Co.,ai_opportunity_scoring,https://www.accessdata.fda.gov/scripts/cdrh/cfdocs/cfpmn/pmn.cfm?id=K931460,2026-05-14,opportunityScore=20; ,medium_ai_opportunity,derived_from_stage2_public_evidence
Insulet Corporation,ai_opportunity_scoring,https://www.accessdata.fda.gov/scripts/cdrh/cfdocs/cfpmn/pmn.cfm?id=K211575,2026-05-14,opportunityScore=20; ,medium_ai_opportunity,derived_from_stage2_public_evidence
Kimberly-Clark Corp.,ai_opportunity_scoring,https://www.accessdata.fda.gov/scripts/cdrh/cfdocs/cfpmn/pmn.cfm?id=K081027,2026-05-14,opportunityScore=20; ,medium_ai_opportunity,derived_from_stage2_public_evidence
M-Pact Worldwide Management Corp.,ai_opportunity_scoring,https://www.accessdata.fda.gov/scripts/cdrh/cfdocs/cfpmn/pmn.cfm?id=K971832,2026-05-14,opportunityScore=20; ,medium_ai_opportunity,derived_from_stage2_public_evidence
"Medline Industries, Inc.",ai_opportunity_scoring,https://www.accessdata.fda.gov/scripts/cdrh/cfdocs/cfpmn/pmn.cfm?id=K103602,2026-05-14,opportunityScore=20; ,medium_ai_opportunity,derived_from_stage2_public_evidence
"Merit Medical Systems, Inc.",ai_opportunity_scoring,https://www.accessdata.fda.gov/scripts/cdrh/cfdocs/cfpmn/pmn.cfm?id=K100319,2026-05-14,opportunityScore=20; ,medium_ai_opportunity,derived_from_stage2_public_evidence
Mermaid Care A/S,ai_opportunity_scoring,https://www.accessdata.fda.gov/scripts/cdrh/cfdocs/cfpmn/pmn.cfm?id=K192584,2026-05-14,opportunityScore=20; ,medium_ai_opportunity,derived_from_stage2_public_evidence
Metamorphosis GmbH,ai_opportunity_scoring,https://www.accessdata.fda.gov/scripts/cdrh/cfdocs/cfpmn/pmn.cfm?id=K252214,2026-05-14,opportunityScore=20; ,medium_ai_opportunity,derived_from_stage2_public_evidence
"Modern Rehabilitation Solutions Co., Ltd.",ai_opportunity_scoring,https://www.accessdata.fda.gov/scripts/cdrh/cfdocs/cfpmn/pmn.cfm?id=K094047,2026-05-14,opportunityScore=20; ,medium_ai_opportunity,derived_from_stage2_public_evidence
"Oec-Diasonics, Inc.",ai_opportunity_scoring,https://www.accessdata.fda.gov/scripts/cdrh/cfdocs/cfpmn/pmn.cfm?id=K864837,2026-05-14,opportunityScore=20; ,medium_ai_opportunity,derived_from_stage2_public_evidence
Ortho Clinical Diagnostics,ai_opportunity_scoring,https://www.accessdata.fda.gov/scripts/cdrh/cfdocs/cfpmn/pmn.cfm?id=K231525,2026-05-14,opportunityScore=20; 医生工作流、病历摘要和临床文档自动化,medium_ai_opportunity,derived_from_stage2_public_evidence
Pain Management Technologies,ai_opportunity_scoring,https://www.accessdata.fda.gov/scripts/cdrh/cfdocs/cfpmn/pmn.cfm?id=K073386,2026-05-14,opportunityScore=20; ,medium_ai_opportunity,derived_from_stage2_public_evidence
"Remedy Logic, Inc.",ai_opportunity_scoring,https://www.accessdata.fda.gov/scripts/cdrh/cfdocs/cfpmn/pmn.cfm?id=K241108,2026-05-14,opportunityScore=20; ,medium_ai_opportunity,derived_from_stage2_public_evidence
Samson Taiwan Corp.,ai_opportunity_scoring,https://www.accessdata.fda.gov/scripts/cdrh/cfdocs/cfpmn/pmn.cfm?id=K893102,2026-05-14,opportunityScore=20; ,medium_ai_opportunity,derived_from_stage2_public_evidence
Sensus Healthcare,ai_opportunity_scoring,https://www.accessdata.fda.gov/scripts/cdrh/cfdocs/cfpmn/pmn.cfm?id=K150037,2026-05-14,opportunityScore=20; ,medium_ai_opportunity,derived_from_stage2_public_evidence
"Sleep Renewal, Inc.",ai_opportunity_scoring,https://www.accessdata.fda.gov/scripts/cdrh/cfdocs/cfpmn/pmn.cfm?id=K870501,2026-05-14,opportunityScore=20; ,medium_ai_opportunity,derived_from_stage2_public_evidence
"Sonicaid, Inc.",ai_opportunity_scoring,https://www.accessdata.fda.gov/scripts/cdrh/cfdocs/cfpmn/pmn.cfm?id=K812256,2026-05-14,opportunityScore=20; 远程监测风险分层与异常预警,medium_ai_opportunity,derived_from_stage2_public_evidence
Surgi-Quip Inc.U,ai_opportunity_scoring,https://www.accessdata.fda.gov/scripts/cdrh/cfdocs/cfpmn/pmn.cfm?id=K822427,2026-05-14,opportunityScore=20; ,medium_ai_opportunity,derived_from_stage2_public_evidence
"Telcam Medical Devices, Inc.",ai_opportunity_scoring,https://www.accessdata.fda.gov/scripts/cdrh/cfdocs/cfpmn/pmn.cfm?id=K832537,2026-05-14,opportunityScore=20; ,medium_ai_opportunity,derived_from_stage2_public_evidence
Tenon Medical,ai_opportunity_scoring,https://www.accessdata.fda.gov/scripts/cdrh/cfdocs/cfpmn/pmn.cfm?id=K260477,2026-05-14,opportunityScore=20; ,medium_ai_opportunity,derived_from_stage2_public_evidence
Trex Enterprises Corp.,ai_opportunity_scoring,https://www.accessdata.fda.gov/scripts/cdrh/cfdocs/cfpmn/pmn.cfm?id=K012379,2026-05-14,opportunityScore=20; ,medium_ai_opportunity,derived_from_stage2_public_evidence
"Utah Medical Products, Inc.",ai_opportunity_scoring,https://www.accessdata.fda.gov/scripts/cdrh/cfdocs/cfpmn/pmn.cfm?id=K955663,2026-05-14,opportunityScore=20; ,medium_ai_opportunity,derived_from_stage2_public_evidence
"Bio-Research Associates, Inc.",ai_opportunity_scoring,https://www.accessdata.fda.gov/scripts/cdrh/cfdocs/cfpmn/pmn.cfm?id=K003176,2026-05-14,opportunityScore=19; ,medium_ai_opportunity,derived_from_stage2_public_evidence
"C.R. Bard, Inc.",ai_opportunity_scoring,https://www.accessdata.fda.gov/scripts/cdrh/cfdocs/cfpmn/pmn.cfm?id=K772295,2026-05-14,opportunityScore=19; ,medium_ai_opportunity,derived_from_stage2_public_evidence
Carestream Health,ai_opportunity_scoring,https://www.accessdata.fda.gov/scripts/cdrh/cfdocs/cfpmn/pmn.cfm?id=K253185,2026-05-14,opportunityScore=19; ,medium_ai_opportunity,derived_from_stage2_public_evidence
"Chattanooga Group, Inc.",ai_opportunity_scoring,https://www.accessdata.fda.gov/scripts/cdrh/cfdocs/cfpmn/pmn.cfm?id=K813593,2026-05-14,opportunityScore=19; ,medium_ai_opportunity,derived_from_stage2_public_evidence
"Cook, Inc.",ai_opportunity_scoring,https://www.accessdata.fda.gov/scripts/cdrh/cfdocs/cfpmn/pmn.cfm?id=K772011,2026-05-14,opportunityScore=19; ,medium_ai_opportunity,derived_from_stage2_public_evidence
"Customed, Inc.",ai_opportunity_scoring,https://www.accessdata.fda.gov/scripts/cdrh/cfdocs/cfpmn/pmn.cfm?id=K930986,2026-05-14,opportunityScore=19; ,medium_ai_opportunity,derived_from_stage2_public_evidence
Dhd Medical Products Div. Diemolding Corp.,ai_opportunity_scoring,https://www.accessdata.fda.gov/scripts/cdrh/cfdocs/cfpmn/pmn.cfm?id=K832545,2026-05-14,opportunityScore=19; ,medium_ai_opportunity,derived_from_stage2_public_evidence
"Electromedical Products, Inc.",ai_opportunity_scoring,https://www.accessdata.fda.gov/scripts/cdrh/cfdocs/cfpmn/pmn.cfm?id=K903014,2026-05-14,opportunityScore=19; ,medium_ai_opportunity,derived_from_stage2_public_evidence
Emde Corp.,ai_opportunity_scoring,https://www.accessdata.fda.gov/scripts/cdrh/cfdocs/cfpmn/pmn.cfm?id=K771013,2026-05-14,opportunityScore=19; ,medium_ai_opportunity,derived_from_stage2_public_evidence
"Fresenius Medical Care Renal Therapies Group, LLC",ai_opportunity_scoring,https://www.accessdata.fda.gov/scripts/cdrh/cfdocs/cfpmn/pmn.cfm?id=K201207,2026-05-14,opportunityScore=19; ,medium_ai_opportunity,derived_from_stage2_public_evidence
"General X-Ray, Inc.",ai_opportunity_scoring,https://www.accessdata.fda.gov/scripts/cdrh/cfdocs/cfpmn/pmn.cfm?id=K790443,2026-05-14,opportunityScore=19; ,medium_ai_opportunity,derived_from_stage2_public_evidence
"Ischemaview, Inc.",ai_opportunity_scoring,https://www.accessdata.fda.gov/scripts/cdrh/cfdocs/cfpmn/pmn.cfm?id=K232156,2026-05-14,opportunityScore=19; ,medium_ai_opportunity,derived_from_stage2_public_evidence
Mallinckrodt Critical Care,ai_opportunity_scoring,https://www.accessdata.fda.gov/scripts/cdrh/cfdocs/cfpmn/pmn.cfm?id=K771313,2026-05-14,opportunityScore=19; ,medium_ai_opportunity,derived_from_stage2_public_evidence
"Martell Medical Products, Inc.",ai_opportunity_scoring,https://www.accessdata.fda.gov/scripts/cdrh/cfdocs/cfpmn/pmn.cfm?id=K822786,2026-05-14,opportunityScore=19; ,medium_ai_opportunity,derived_from_stage2_public_evidence
"Medical Consultants Intl. , Ltd.",ai_opportunity_scoring,https://www.accessdata.fda.gov/scripts/cdrh/cfdocs/cfpmn/pmn.cfm?id=K903654,2026-05-14,opportunityScore=19; ,medium_ai_opportunity,derived_from_stage2_public_evidence
"Menlo Care, Inc.",ai_opportunity_scoring,https://www.accessdata.fda.gov/scripts/cdrh/cfdocs/cfpmn/pmn.cfm?id=K884259,2026-05-14,opportunityScore=19; ,medium_ai_opportunity,derived_from_stage2_public_evidence
"Minxray, Inc.",ai_opportunity_scoring,https://www.accessdata.fda.gov/scripts/cdrh/cfdocs/cfpmn/pmn.cfm?id=K191451,2026-05-14,opportunityScore=19; ,medium_ai_opportunity,derived_from_stage2_public_evidence
"Monarch Medical Technologies, LLC",ai_opportunity_scoring,https://www.accessdata.fda.gov/scripts/cdrh/cfdocs/cfpmn/pmn.cfm?id=K211160,2026-05-14,opportunityScore=19; ,medium_ai_opportunity,derived_from_stage2_public_evidence
Motion Analysis Corp.,ai_opportunity_scoring,https://www.accessdata.fda.gov/scripts/cdrh/cfdocs/cfpmn/pmn.cfm?id=K890076,2026-05-14,opportunityScore=19; ,medium_ai_opportunity,derived_from_stage2_public_evidence
"National Medical Care, Medical Products Div., Inc.",ai_opportunity_scoring,https://www.accessdata.fda.gov/scripts/cdrh/cfdocs/cfpmn/pmn.cfm?id=K893612,2026-05-14,opportunityScore=19; ,medium_ai_opportunity,derived_from_stage2_public_evidence
"Neurosigma, Inc.",ai_opportunity_scoring,https://www.accessdata.fda.gov/scripts/cdrh/cfdocs/cfpmn/pmn.cfm?id=K233293,2026-05-14,opportunityScore=19; ,medium_ai_opportunity,derived_from_stage2_public_evidence
Pfizer,ai_opportunity_scoring,https://dtxalliance.org/members/pfizer/,2026-05-14,opportunityScore=19; 医疗软件智能化和疗效反馈闭环,medium_ai_opportunity,derived_from_stage2_public_evidence
"Ray Co., Ltd.",ai_opportunity_scoring,https://www.accessdata.fda.gov/scripts/cdrh/cfdocs/cfpmn/pmn.cfm?id=K131693,2026-05-14,opportunityScore=19; ,medium_ai_opportunity,derived_from_stage2_public_evidence
Rich-Mar Corp.,ai_opportunity_scoring,https://www.accessdata.fda.gov/scripts/cdrh/cfdocs/cfpmn/pmn.cfm?id=K771157,2026-05-14,opportunityScore=19; ,medium_ai_opportunity,derived_from_stage2_public_evidence
Richard Wolf Medical Instruments Corp.,ai_opportunity_scoring,https://www.accessdata.fda.gov/scripts/cdrh/cfdocs/cfpmn/pmn.cfm?id=K940844,2026-05-14,opportunityScore=19; ,medium_ai_opportunity,derived_from_stage2_public_evidence
"Roche Diabetes Care, Inc.",ai_opportunity_scoring,https://www.accessdata.fda.gov/scripts/cdrh/cfdocs/cfpmn/pmn.cfm?id=K214022,2026-05-14,opportunityScore=19; ,medium_ai_opportunity,derived_from_stage2_public_evidence
"Vista Lifesciences, Inc.",ai_opportunity_scoring,https://www.accessdata.fda.gov/scripts/cdrh/cfdocs/cfpmn/pmn.cfm?id=K150154,2026-05-14,opportunityScore=19; ,medium_ai_opportunity,derived_from_stage2_public_evidence
3Shape A/S,ai_opportunity_scoring,https://www.accessdata.fda.gov/scripts/cdrh/cfdocs/cfpmn/pmn.cfm?id=K200100,2026-05-14,opportunityScore=17; ,medium_ai_opportunity,derived_from_stage2_public_evidence
Abigo Medical AB,ai_opportunity_scoring,https://www.accessdata.fda.gov/scripts/cdrh/cfdocs/cfpmn/pmn.cfm?id=K171225,2026-05-14,opportunityScore=17; ,medium_ai_opportunity,derived_from_stage2_public_evidence
"Access Vascular, Inc.",ai_opportunity_scoring,https://www.accessdata.fda.gov/scripts/cdrh/cfdocs/cfpmn/pmn.cfm?id=K243941,2026-05-14,opportunityScore=17; ,medium_ai_opportunity,derived_from_stage2_public_evidence
"Actigraph, LLC",ai_opportunity_scoring,https://www.accessdata.fda.gov/scripts/cdrh/cfdocs/cfpmn/pmn.cfm?id=K231532,2026-05-14,opportunityScore=17; 远程监测风险分层与异常预警,medium_ai_opportunity,derived_from_stage2_public_evidence
"Adaptive Video, Inc.",ai_opportunity_scoring,https://www.accessdata.fda.gov/scripts/cdrh/cfdocs/cfpmn/pmn.cfm?id=K943158,2026-05-14,opportunityScore=17; ,medium_ai_opportunity,derived_from_stage2_public_evidence
Agfa Healthcare Corporation,ai_opportunity_scoring,https://www.accessdata.fda.gov/scripts/cdrh/cfdocs/cfpmn/pmn.cfm?id=K081963,2026-05-14,opportunityScore=17; ,medium_ai_opportunity,derived_from_stage2_public_evidence
"Akzona, Inc.",ai_opportunity_scoring,https://www.accessdata.fda.gov/scripts/cdrh/cfdocs/cfpmn/pmn.cfm?id=K801435,2026-05-14,opportunityScore=17; ,medium_ai_opportunity,derived_from_stage2_public_evidence
"Ali-Oop Co., Inc.",ai_opportunity_scoring,https://www.accessdata.fda.gov/scripts/cdrh/cfdocs/cfpmn/pmn.cfm?id=K813356,2026-05-14,opportunityScore=17; ,medium_ai_opportunity,derived_from_stage2_public_evidence
Allergan Medical Optics,ai_opportunity_scoring,https://www.accessdata.fda.gov/scripts/cdrh/cfdocs/cfpmn/pmn.cfm?id=K924235,2026-05-14,opportunityScore=17; ,medium_ai_opportunity,derived_from_stage2_public_evidence
"American Threshold Industries, Inc.",ai_opportunity_scoring,https://www.accessdata.fda.gov/scripts/cdrh/cfdocs/cfpmn/pmn.cfm?id=K832487,2026-05-14,opportunityScore=17; ,medium_ai_opportunity,derived_from_stage2_public_evidence
"Analytical Products, Inc.",ai_opportunity_scoring,https://www.accessdata.fda.gov/scripts/cdrh/cfdocs/cfpmn/pmn.cfm?id=K843360,2026-05-14,opportunityScore=17; ,medium_ai_opportunity,derived_from_stage2_public_evidence
"Andover Medical, Inc.",ai_opportunity_scoring,https://www.accessdata.fda.gov/scripts/cdrh/cfdocs/cfpmn/pmn.cfm?id=K823414,2026-05-14,opportunityScore=17; ,medium_ai_opportunity,derived_from_stage2_public_evidence
"Andros Analyzers, Inc.",ai_opportunity_scoring,https://www.accessdata.fda.gov/scripts/cdrh/cfdocs/cfpmn/pmn.cfm?id=K892869,2026-05-14,opportunityScore=17; ,medium_ai_opportunity,derived_from_stage2_public_evidence
"Angiosystems, Inc.",ai_opportunity_scoring,https://www.accessdata.fda.gov/scripts/cdrh/cfdocs/cfpmn/pmn.cfm?id=K905464,2026-05-14,opportunityScore=17; ,medium_ai_opportunity,derived_from_stage2_public_evidence
"Anulex Technologies, Inc.",ai_opportunity_scoring,https://www.accessdata.fda.gov/scripts/cdrh/cfdocs/cfpmn/pmn.cfm?id=K112849,2026-05-14,opportunityScore=17; ,medium_ai_opportunity,derived_from_stage2_public_evidence
"Applied Diabetes Research, Inc.",ai_opportunity_scoring,https://www.accessdata.fda.gov/scripts/cdrh/cfdocs/cfpmn/pmn.cfm?id=K041152,2026-05-14,opportunityScore=17; ,medium_ai_opportunity,derived_from_stage2_public_evidence
"Ascensia Diabetes Care U.S., Inc.",ai_opportunity_scoring,https://www.accessdata.fda.gov/scripts/cdrh/cfdocs/cfpmn/pmn.cfm?id=K250813,2026-05-14,opportunityScore=17; ,medium_ai_opportunity,derived_from_stage2_public_evidence
"Atcor Medical Pty, Ltd.",ai_opportunity_scoring,https://www.accessdata.fda.gov/scripts/cdrh/cfdocs/cfpmn/pmn.cfm?id=K070795,2026-05-14,opportunityScore=17; ,medium_ai_opportunity,derived_from_stage2_public_evidence
"Athena Gtx, Inc.",ai_opportunity_scoring,https://www.accessdata.fda.gov/scripts/cdrh/cfdocs/cfpmn/pmn.cfm?id=K233354,2026-05-14,opportunityScore=17; ,medium_ai_opportunity,derived_from_stage2_public_evidence
Atheus Corp.,ai_opportunity_scoring,https://www.accessdata.fda.gov/scripts/cdrh/cfdocs/cfpmn/pmn.cfm?id=K905606,2026-05-14,opportunityScore=17; 远程监测风险分层与异常预警,medium_ai_opportunity,derived_from_stage2_public_evidence
"Atlantic Therapeutics, Ltd.",ai_opportunity_scoring,https://www.accessdata.fda.gov/scripts/cdrh/cfdocs/cfpmn/pmn.cfm?id=K192357,2026-05-14,opportunityScore=17; ,medium_ai_opportunity,derived_from_stage2_public_evidence
"Atrility Medical, LLC",ai_opportunity_scoring,https://www.accessdata.fda.gov/scripts/cdrh/cfdocs/cfpmn/pmn.cfm?id=K200674,2026-05-14,opportunityScore=17; ,medium_ai_opportunity,derived_from_stage2_public_evidence
"Auri-Stem Medical, Inc.",ai_opportunity_scoring,https://www.accessdata.fda.gov/scripts/cdrh/cfdocs/cfpmn/pmn.cfm?id=K060158,2026-05-14,opportunityScore=17; ,medium_ai_opportunity,derived_from_stage2_public_evidence
Avita Corporation,ai_opportunity_scoring,https://www.accessdata.fda.gov/scripts/cdrh/cfdocs/cfpmn/pmn.cfm?id=K012136,2026-05-14,opportunityScore=17; ,medium_ai_opportunity,derived_from_stage2_public_evidence
"B.Braun Medical, Inc.",ai_opportunity_scoring,https://www.accessdata.fda.gov/scripts/cdrh/cfdocs/cfpmn/pmn.cfm?id=K964929,2026-05-14,opportunityScore=17; ,medium_ai_opportunity,derived_from_stage2_public_evidence
"Basic Medical Technology, Inc.",ai_opportunity_scoring,https://www.accessdata.fda.gov/scripts/cdrh/cfdocs/cfpmn/pmn.cfm?id=K250193,2026-05-14,opportunityScore=17; ,medium_ai_opportunity,derived_from_stage2_public_evidence
Baxter Healthcare Corp,ai_opportunity_scoring,https://www.accessdata.fda.gov/scripts/cdrh/cfdocs/cfpmn/pmn.cfm?id=K974397,2026-05-14,opportunityScore=17; ,medium_ai_opportunity,derived_from_stage2_public_evidence
"Becton Dickinson Infusion Therapy Systems, Inc.",ai_opportunity_scoring,https://www.accessdata.fda.gov/scripts/cdrh/cfdocs/cfpmn/pmn.cfm?id=K102520,2026-05-14,opportunityScore=17; ,medium_ai_opportunity,derived_from_stage2_public_evidence
Bio-Scan S.A,ai_opportunity_scoring,https://www.accessdata.fda.gov/scripts/cdrh/cfdocs/cfpmn/pmn.cfm?id=K013897,2026-05-14,opportunityScore=17; ,medium_ai_opportunity,derived_from_stage2_public_evidence
"Biomagnetic Technologies, Inc.",ai_opportunity_scoring,https://www.accessdata.fda.gov/scripts/cdrh/cfdocs/cfpmn/pmn.cfm?id=K941553,2026-05-14,opportunityScore=17; ,medium_ai_opportunity,derived_from_stage2_public_evidence
"Biorest, Inc.",ai_opportunity_scoring,https://www.accessdata.fda.gov/scripts/cdrh/cfdocs/cfpmn/pmn.cfm?id=K873920,2026-05-14,opportunityScore=17; ,medium_ai_opportunity,derived_from_stage2_public_evidence
"Biosafety Systems, Inc.",ai_opportunity_scoring,https://www.accessdata.fda.gov/scripts/cdrh/cfdocs/cfpmn/pmn.cfm?id=K944095,2026-05-14,opportunityScore=17; ,medium_ai_opportunity,derived_from_stage2_public_evidence
"Biotechnology, Inc.",ai_opportunity_scoring,https://www.accessdata.fda.gov/scripts/cdrh/cfdocs/cfpmn/pmn.cfm?id=K831752,2026-05-14,opportunityScore=17; 远程监测风险分层与异常预警,medium_ai_opportunity,derived_from_stage2_public_evidence
Biotronics Corp.,ai_opportunity_scoring,https://www.accessdata.fda.gov/scripts/cdrh/cfdocs/cfpmn/pmn.cfm?id=K771534,2026-05-14,opportunityScore=17; ,medium_ai_opportunity,derived_from_stage2_public_evidence
"Biotronik, Inc.",ai_opportunity_scoring,https://www.accessdata.fda.gov/scripts/cdrh/cfdocs/cfpmn/pmn.cfm?id=K261074,2026-05-14,opportunityScore=17; 远程监测风险分层与异常预警,medium_ai_opportunity,derived_from_stage2_public_evidence
Boehringer Mannheim Corp.,ai_opportunity_scoring,https://www.accessdata.fda.gov/scripts/cdrh/cfdocs/cfpmn/pmn.cfm?id=K982949,2026-05-14,opportunityScore=17; ,medium_ai_opportunity,derived_from_stage2_public_evidence
Brightheart,ai_opportunity_scoring,https://www.accessdata.fda.gov/scripts/cdrh/cfdocs/cfpmn/pmn.cfm?id=K251456,2026-05-14,opportunityScore=17; ,medium_ai_opportunity,derived_from_stage2_public_evidence
"Burron Medical Products, Inc.",ai_opportunity_scoring,https://www.accessdata.fda.gov/scripts/cdrh/cfdocs/cfpmn/pmn.cfm?id=K813498,2026-05-14,opportunityScore=17; ,medium_ai_opportunity,derived_from_stage2_public_evidence
"Cambridge Cognition , Ltd., US Agent: Clementi Associates , Ltd.",ai_opportunity_scoring,https://www.accessdata.fda.gov/scripts/cdrh/cfdocs/cfpmn/pmn.cfm?id=K161328,2026-05-14,opportunityScore=17; ,medium_ai_opportunity,derived_from_stage2_public_evidence
"Card Guard Scientific Survival , Ltd.",ai_opportunity_scoring,https://www.accessdata.fda.gov/scripts/cdrh/cfdocs/cfpmn/pmn.cfm?id=K960553,2026-05-14,opportunityScore=17; ,medium_ai_opportunity,derived_from_stage2_public_evidence
"Cardiac Control Systems, Inc.",ai_opportunity_scoring,https://www.accessdata.fda.gov/scripts/cdrh/cfdocs/cfpmn/pmn.cfm?id=K884023,2026-05-14,opportunityScore=17; ,medium_ai_opportunity,derived_from_stage2_public_evidence
"Cardiac Pacemakers, Inc.",ai_opportunity_scoring,https://www.accessdata.fda.gov/scripts/cdrh/cfdocs/cfpmn/pmn.cfm?id=K831160,2026-05-14,opportunityScore=17; ,medium_ai_opportunity,derived_from_stage2_public_evidence
Cardiac Telecommunications,ai_opportunity_scoring,https://www.accessdata.fda.gov/scripts/cdrh/cfdocs/cfpmn/pmn.cfm?id=K000609,2026-05-14,opportunityScore=17; ,medium_ai_opportunity,derived_from_stage2_public_evidence
"Cardima, Inc.",ai_opportunity_scoring,https://www.accessdata.fda.gov/scripts/cdrh/cfdocs/cfpmn/pmn.cfm?id=K060715,2026-05-14,opportunityScore=17; ,medium_ai_opportunity,derived_from_stage2_public_evidence
Cardinalhealth,ai_opportunity_scoring,https://www.accessdata.fda.gov/scripts/cdrh/cfdocs/cfpmn/pmn.cfm?id=K252313,2026-05-14,opportunityScore=17; ,medium_ai_opportunity,derived_from_stage2_public_evidence
"Cardiovascular Diagnostics, Inc.",ai_opportunity_scoring,https://www.accessdata.fda.gov/scripts/cdrh/cfdocs/cfpmn/pmn.cfm?id=K981178,2026-05-14,opportunityScore=17; ,medium_ai_opportunity,derived_from_stage2_public_evidence
"Care Products, Inc.",ai_opportunity_scoring,https://www.accessdata.fda.gov/scripts/cdrh/cfdocs/cfpmn/pmn.cfm?id=K030216,2026-05-14,opportunityScore=17; ,medium_ai_opportunity,derived_from_stage2_public_evidence
Care Wise Medical Products Corp.,ai_opportunity_scoring,https://www.accessdata.fda.gov/scripts/cdrh/cfdocs/cfpmn/pmn.cfm?id=K884770,2026-05-14,opportunityScore=17; ,medium_ai_opportunity,derived_from_stage2_public_evidence
"Catco Medical, Inc.",ai_opportunity_scoring,https://www.accessdata.fda.gov/scripts/cdrh/cfdocs/cfpmn/pmn.cfm?id=K944504,2026-05-14,opportunityScore=17; ,medium_ai_opportunity,derived_from_stage2_public_evidence
"Cerebral Assessment Systems, Inc.",ai_opportunity_scoring,https://www.accessdata.fda.gov/scripts/cdrh/cfdocs/cfpmn/pmn.cfm?id=DEN130033,2026-05-14,opportunityScore=17; ,medium_ai_opportunity,derived_from_stage2_public_evidence
"Charnwood Dynamics , Ltd.",ai_opportunity_scoring,https://www.accessdata.fda.gov/scripts/cdrh/cfdocs/cfpmn/pmn.cfm?id=K033514,2026-05-14,opportunityScore=17; ,medium_ai_opportunity,derived_from_stage2_public_evidence
Chesebrough-Pond'S U.S.A. Co.,ai_opportunity_scoring,https://www.accessdata.fda.gov/scripts/cdrh/cfdocs/cfpmn/pmn.cfm?id=K833923,2026-05-14,opportunityScore=17; ,medium_ai_opportunity,derived_from_stage2_public_evidence
Ciba Corning Diagnostics Corp.,ai_opportunity_scoring,https://www.accessdata.fda.gov/scripts/cdrh/cfdocs/cfpmn/pmn.cfm?id=K875117,2026-05-14,opportunityScore=17; ,medium_ai_opportunity,derived_from_stage2_public_evidence
Ciba Vision Corporation,ai_opportunity_scoring,https://www.accessdata.fda.gov/scripts/cdrh/cfdocs/cfpmn/pmn.cfm?id=K993949,2026-05-14,opportunityScore=17; ,medium_ai_opportunity,derived_from_stage2_public_evidence
"Cnd Global Technologies, Inc.",ai_opportunity_scoring,https://www.accessdata.fda.gov/scripts/cdrh/cfdocs/cfpmn/pmn.cfm?id=K190234,2026-05-14,opportunityScore=17; ,medium_ai_opportunity,derived_from_stage2_public_evidence
"Cobe Laboratories, Inc.",ai_opportunity_scoring,https://www.accessdata.fda.gov/scripts/cdrh/cfdocs/cfpmn/pmn.cfm?id=K830629,2026-05-14,opportunityScore=17; ,medium_ai_opportunity,derived_from_stage2_public_evidence
Codonics.Incorporated,ai_opportunity_scoring,https://www.accessdata.fda.gov/scripts/cdrh/cfdocs/cfpmn/pmn.cfm?id=K251352,2026-05-14,opportunityScore=17; ,medium_ai_opportunity,derived_from_stage2_public_evidence
Colon Therapeutics,ai_opportunity_scoring,https://www.accessdata.fda.gov/scripts/cdrh/cfdocs/cfpmn/pmn.cfm?id=K972455,2026-05-14,opportunityScore=17; ,medium_ai_opportunity,derived_from_stage2_public_evidence
Concord/Portex,ai_opportunity_scoring,https://www.accessdata.fda.gov/scripts/cdrh/cfdocs/cfpmn/pmn.cfm?id=K912043,2026-05-14,opportunityScore=17; ,medium_ai_opportunity,derived_from_stage2_public_evidence
"Copal, Inc.",ai_opportunity_scoring,https://www.accessdata.fda.gov/scripts/cdrh/cfdocs/cfpmn/pmn.cfm?id=K832721,2026-05-14,opportunityScore=17; ,medium_ai_opportunity,derived_from_stage2_public_evidence
"CSA Medical, Inc.",ai_opportunity_scoring,https://www.accessdata.fda.gov/scripts/cdrh/cfdocs/cfpmn/pmn.cfm?id=K171522,2026-05-14,opportunityScore=17; ,medium_ai_opportunity,derived_from_stage2_public_evidence
"Currie Medical Specialties, Inc.",ai_opportunity_scoring,https://www.accessdata.fda.gov/scripts/cdrh/cfdocs/cfpmn/pmn.cfm?id=K830333,2026-05-14,opportunityScore=17; ,medium_ai_opportunity,derived_from_stage2_public_evidence
"Daesung America Co., Inc.",ai_opportunity_scoring,https://www.accessdata.fda.gov/scripts/cdrh/cfdocs/cfpmn/pmn.cfm?id=K892978,2026-05-14,opportunityScore=17; ,medium_ai_opportunity,derived_from_stage2_public_evidence
"Den Tek Oral Care, Inc.",ai_opportunity_scoring,https://www.accessdata.fda.gov/scripts/cdrh/cfdocs/cfpmn/pmn.cfm?id=K083400,2026-05-14,opportunityScore=17; ,medium_ai_opportunity,derived_from_stage2_public_evidence
"Denttio, Inc.",ai_opportunity_scoring,https://www.accessdata.fda.gov/scripts/cdrh/cfdocs/cfpmn/pmn.cfm?id=K153144,2026-05-14,opportunityScore=17; ,medium_ai_opportunity,derived_from_stage2_public_evidence
"Deseret Medical, Inc.",ai_opportunity_scoring,https://www.accessdata.fda.gov/scripts/cdrh/cfdocs/cfpmn/pmn.cfm?id=K904121,2026-05-14,opportunityScore=17; ,medium_ai_opportunity,derived_from_stage2_public_evidence
"Devon Industries, Inc.",ai_opportunity_scoring,https://www.accessdata.fda.gov/scripts/cdrh/cfdocs/cfpmn/pmn.cfm?id=K954015,2026-05-14,opportunityScore=17; ,medium_ai_opportunity,derived_from_stage2_public_evidence
"Diasonics, Inc.",ai_opportunity_scoring,https://www.accessdata.fda.gov/scripts/cdrh/cfdocs/cfpmn/pmn.cfm?id=K813217,2026-05-14,opportunityScore=17; ,medium_ai_opportunity,derived_from_stage2_public_evidence
"Dxrad Solutions , Ltd.",ai_opportunity_scoring,https://www.accessdata.fda.gov/scripts/cdrh/cfdocs/cfpmn/pmn.cfm?id=K082261,2026-05-14,opportunityScore=17; ,medium_ai_opportunity,derived_from_stage2_public_evidence
Dynarad Corp.,ai_opportunity_scoring,https://www.accessdata.fda.gov/scripts/cdrh/cfdocs/cfpmn/pmn.cfm?id=K932354,2026-05-14,opportunityScore=17; ,medium_ai_opportunity,derived_from_stage2_public_evidence
E.M. Adams,ai_opportunity_scoring,https://www.accessdata.fda.gov/scripts/cdrh/cfdocs/cfpmn/pmn.cfm?id=K813260,2026-05-14,opportunityScore=17; ,medium_ai_opportunity,derived_from_stage2_public_evidence
Empi,ai_opportunity_scoring,https://www.accessdata.fda.gov/scripts/cdrh/cfdocs/cfpmn/pmn.cfm?id=K890604,2026-05-14,opportunityScore=17; ,medium_ai_opportunity,derived_from_stage2_public_evidence
Engineered Medical Systems,ai_opportunity_scoring,https://www.accessdata.fda.gov/scripts/cdrh/cfdocs/cfpmn/pmn.cfm?id=K000314,2026-05-14,opportunityScore=17; ,medium_ai_opportunity,derived_from_stage2_public_evidence
"Epm Information Systems, Inc.",ai_opportunity_scoring,https://www.accessdata.fda.gov/scripts/cdrh/cfdocs/cfpmn/pmn.cfm?id=K923033,2026-05-14,opportunityScore=17; ,medium_ai_opportunity,derived_from_stage2_public_evidence
"Erbe USA, Inc.",ai_opportunity_scoring,https://www.accessdata.fda.gov/scripts/cdrh/cfdocs/cfpmn/pmn.cfm?id=K972269,2026-05-14,opportunityScore=17; ,medium_ai_opportunity,derived_from_stage2_public_evidence
"Eyekor, LLC",ai_opportunity_scoring,https://www.accessdata.fda.gov/scripts/cdrh/cfdocs/cfpmn/pmn.cfm?id=K130453,2026-05-14,opportunityScore=17; ,medium_ai_opportunity,derived_from_stage2_public_evidence
"Facial Alveodental Implant Rehabilitation, Inc.",ai_opportunity_scoring,https://www.accessdata.fda.gov/scripts/cdrh/cfdocs/cfpmn/pmn.cfm?id=K852305,2026-05-14,opportunityScore=17; ,medium_ai_opportunity,derived_from_stage2_public_evidence
Feops NV,ai_opportunity_scoring,https://www.accessdata.fda.gov/scripts/cdrh/cfdocs/cfpmn/pmn.cfm?id=DEN200030,2026-05-14,opportunityScore=17; ,medium_ai_opportunity,derived_from_stage2_public_evidence
"First Source, Inc.",ai_opportunity_scoring,https://www.accessdata.fda.gov/scripts/cdrh/cfdocs/cfpmn/pmn.cfm?id=K240009,2026-05-14,opportunityScore=17; ,medium_ai_opportunity,derived_from_stage2_public_evidence
Fluidotherapy Corp.,ai_opportunity_scoring,https://www.accessdata.fda.gov/scripts/cdrh/cfdocs/cfpmn/pmn.cfm?id=K850640,2026-05-14,opportunityScore=17; ,medium_ai_opportunity,derived_from_stage2_public_evidence
"Foshan Care Medical Technology Co., Ltd.",ai_opportunity_scoring,https://www.accessdata.fda.gov/scripts/cdrh/cfdocs/cfpmn/pmn.cfm?id=K101552,2026-05-14,opportunityScore=17; ,medium_ai_opportunity,derived_from_stage2_public_evidence
"Freespira, Inc.",ai_opportunity_scoring,https://www.accessdata.fda.gov/scripts/cdrh/cfdocs/cfpmn/pmn.cfm?id=K233337,2026-05-14,opportunityScore=17; ,medium_ai_opportunity,derived_from_stage2_public_evidence
Fresenius Medical Care North America,ai_opportunity_scoring,https://www.accessdata.fda.gov/scripts/cdrh/cfdocs/cfpmn/pmn.cfm?id=K000451,2026-05-14,opportunityScore=17; ,medium_ai_opportunity,derived_from_stage2_public_evidence
"Fujirebio Dianostics, Inc.",ai_opportunity_scoring,https://www.accessdata.fda.gov/scripts/cdrh/cfdocs/cfpmn/pmn.cfm?id=K191973,2026-05-14,opportunityScore=17; ,medium_ai_opportunity,derived_from_stage2_public_evidence
"Fukuda Denshi USA, Inc.",ai_opportunity_scoring,https://www.accessdata.fda.gov/scripts/cdrh/cfdocs/cfpmn/pmn.cfm?id=K871385,2026-05-14,opportunityScore=17; ,medium_ai_opportunity,derived_from_stage2_public_evidence
Ge Dec Medical Systems,ai_opportunity_scoring,https://www.accessdata.fda.gov/scripts/cdrh/cfdocs/cfpmn/pmn.cfm?id=K951765,2026-05-14,opportunityScore=17; ,medium_ai_opportunity,derived_from_stage2_public_evidence
Ge Medical Systems Information Technologies,ai_opportunity_scoring,https://www.accessdata.fda.gov/scripts/cdrh/cfdocs/cfpmn/pmn.cfm?id=K900302,2026-05-14,opportunityScore=17; ,medium_ai_opportunity,derived_from_stage2_public_evidence
"Ge Oec Medical Systems, Inc.",ai_opportunity_scoring,https://www.accessdata.fda.gov/scripts/cdrh/cfdocs/cfpmn/pmn.cfm?id=K172550,2026-05-14,opportunityScore=17; ,medium_ai_opportunity,derived_from_stage2_public_evidence
Gleamer Sas,ai_opportunity_scoring,https://www.accessdata.fda.gov/scripts/cdrh/cfdocs/cfpmn/pmn.cfm?id=K241593,2026-05-14,opportunityScore=17; ,medium_ai_opportunity,derived_from_stage2_public_evidence
Glidewell Laboratories-Sleep Devices Group,ai_opportunity_scoring,https://www.accessdata.fda.gov/scripts/cdrh/cfdocs/cfpmn/pmn.cfm?id=K121365,2026-05-14,opportunityScore=17; ,medium_ai_opportunity,derived_from_stage2_public_evidence
Grove Video Corp.,ai_opportunity_scoring,https://www.accessdata.fda.gov/scripts/cdrh/cfdocs/cfpmn/pmn.cfm?id=K821571,2026-05-14,opportunityScore=17; ,medium_ai_opportunity,derived_from_stage2_public_evidence
"Gulf Medical Technologies, Inc.",ai_opportunity_scoring,https://www.accessdata.fda.gov/scripts/cdrh/cfdocs/cfpmn/pmn.cfm?id=K900212,2026-05-14,opportunityScore=17; ,medium_ai_opportunity,derived_from_stage2_public_evidence
"Gyrus Acmi, Inc.",ai_opportunity_scoring,https://www.accessdata.fda.gov/scripts/cdrh/cfdocs/cfpmn/pmn.cfm?id=K110852,2026-05-14,opportunityScore=17; ,medium_ai_opportunity,derived_from_stage2_public_evidence
"Hammer-Plane, Inc.",ai_opportunity_scoring,https://www.accessdata.fda.gov/scripts/cdrh/cfdocs/cfpmn/pmn.cfm?id=K950098,2026-05-14,opportunityScore=17; ,medium_ai_opportunity,derived_from_stage2_public_evidence
"Healthdirections, Inc.",ai_opportunity_scoring,https://www.accessdata.fda.gov/scripts/cdrh/cfdocs/cfpmn/pmn.cfm?id=K883812,2026-05-14,opportunityScore=17; ,medium_ai_opportunity,derived_from_stage2_public_evidence
"Heartlab, Inc.",ai_opportunity_scoring,https://www.accessdata.fda.gov/scripts/cdrh/cfdocs/cfpmn/pmn.cfm?id=K954479,2026-05-14,opportunityScore=17; ,medium_ai_opportunity,derived_from_stage2_public_evidence
Hemedex Incorporated,ai_opportunity_scoring,https://www.accessdata.fda.gov/scripts/cdrh/cfdocs/cfpmn/pmn.cfm?id=K141869,2026-05-14,opportunityScore=17; ,medium_ai_opportunity,derived_from_stage2_public_evidence
"Hitachi Aloka Medical,Ltd. (Hitachi Aloka Medical",ai_opportunity_scoring,https://www.accessdata.fda.gov/scripts/cdrh/cfdocs/cfpmn/pmn.cfm?id=K122537,2026-05-14,opportunityScore=17; ,medium_ai_opportunity,derived_from_stage2_public_evidence
Hospal Medical Corp.,ai_opportunity_scoring,https://www.accessdata.fda.gov/scripts/cdrh/cfdocs/cfpmn/pmn.cfm?id=K771105,2026-05-14,opportunityScore=17; ,medium_ai_opportunity,derived_from_stage2_public_evidence
"Huntleigh Healthcare, Inc.",ai_opportunity_scoring,https://www.accessdata.fda.gov/scripts/cdrh/cfdocs/cfpmn/pmn.cfm?id=K963711,2026-05-14,opportunityScore=17; ,medium_ai_opportunity,derived_from_stage2_public_evidence
Huntsville Rehabilitation Foundation,ai_opportunity_scoring,https://www.accessdata.fda.gov/scripts/cdrh/cfdocs/cfpmn/pmn.cfm?id=K911568,2026-05-14,opportunityScore=17; ,medium_ai_opportunity,derived_from_stage2_public_evidence
"Hyland Therapeutic Div., Travenol Laboratories",ai_opportunity_scoring,https://www.accessdata.fda.gov/scripts/cdrh/cfdocs/cfpmn/pmn.cfm?id=K820192,2026-05-14,opportunityScore=17; ,medium_ai_opportunity,derived_from_stage2_public_evidence
I3 Membrane GmbH,ai_opportunity_scoring,https://www.accessdata.fda.gov/scripts/cdrh/cfdocs/cfpmn/pmn.cfm?id=K222727,2026-05-14,opportunityScore=17; ,medium_ai_opportunity,derived_from_stage2_public_evidence
"Imagexray, LLC",ai_opportunity_scoring,https://www.accessdata.fda.gov/scripts/cdrh/cfdocs/cfpmn/pmn.cfm?id=K212523,2026-05-14,opportunityScore=17; ,medium_ai_opportunity,derived_from_stage2_public_evidence
"Imatron, Inc.",ai_opportunity_scoring,https://www.accessdata.fda.gov/scripts/cdrh/cfdocs/cfpmn/pmn.cfm?id=K864046,2026-05-14,opportunityScore=17; ,medium_ai_opportunity,derived_from_stage2_public_evidence
"Imd, Inc.",ai_opportunity_scoring,https://www.accessdata.fda.gov/scripts/cdrh/cfdocs/cfpmn/pmn.cfm?id=K863133,2026-05-14,opportunityScore=17; ,medium_ai_opportunity,derived_from_stage2_public_evidence
Implant Management of America,ai_opportunity_scoring,https://www.accessdata.fda.gov/scripts/cdrh/cfdocs/cfpmn/pmn.cfm?id=K961861,2026-05-14,opportunityScore=17; ,medium_ai_opportunity,derived_from_stage2_public_evidence
"Implantech Associates, Inc.",ai_opportunity_scoring,https://www.accessdata.fda.gov/scripts/cdrh/cfdocs/cfpmn/pmn.cfm?id=K964846,2026-05-14,opportunityScore=17; ,medium_ai_opportunity,derived_from_stage2_public_evidence
"In Light Wellness Systems, Inc.",ai_opportunity_scoring,https://www.accessdata.fda.gov/scripts/cdrh/cfdocs/cfpmn/pmn.cfm?id=K153389,2026-05-14,opportunityScore=17; ,medium_ai_opportunity,derived_from_stage2_public_evidence
"Indiba USA, Inc.",ai_opportunity_scoring,https://www.accessdata.fda.gov/scripts/cdrh/cfdocs/cfpmn/pmn.cfm?id=K161458,2026-05-14,opportunityScore=17; ,medium_ai_opportunity,derived_from_stage2_public_evidence
"Innovative Neurological Devices, LLC",ai_opportunity_scoring,https://www.accessdata.fda.gov/scripts/cdrh/cfdocs/cfpmn/pmn.cfm?id=K182311,2026-05-14,opportunityScore=17; ,medium_ai_opportunity,derived_from_stage2_public_evidence
"Intec Medical, Inc.",ai_opportunity_scoring,https://www.accessdata.fda.gov/scripts/cdrh/cfdocs/cfpmn/pmn.cfm?id=K903840,2026-05-14,opportunityScore=17; ,medium_ai_opportunity,derived_from_stage2_public_evidence
Integra Neurosciences,ai_opportunity_scoring,https://www.accessdata.fda.gov/scripts/cdrh/cfdocs/cfpmn/pmn.cfm?id=K031086,2026-05-14,opportunityScore=17; 远程监测风险分层与异常预警,medium_ai_opportunity,derived_from_stage2_public_evidence
"Intelligent Retinal Imaging Systems, LLC",ai_opportunity_scoring,https://www.accessdata.fda.gov/scripts/cdrh/cfdocs/cfpmn/pmn.cfm?id=K141922,2026-05-14,opportunityScore=17; ,medium_ai_opportunity,derived_from_stage2_public_evidence
Intelligent Ultrasound Limited,ai_opportunity_scoring,https://www.accessdata.fda.gov/scripts/cdrh/cfdocs/cfpmn/pmn.cfm?id=DEN220024,2026-05-14,opportunityScore=17; ,medium_ai_opportunity,derived_from_stage2_public_evidence
Interventional Therapeutics Corp.,ai_opportunity_scoring,https://www.accessdata.fda.gov/scripts/cdrh/cfdocs/cfpmn/pmn.cfm?id=K931025,2026-05-14,opportunityScore=17; ,medium_ai_opportunity,derived_from_stage2_public_evidence
"Intra Luminal Therapeutics, Inc.",ai_opportunity_scoring,https://www.accessdata.fda.gov/scripts/cdrh/cfdocs/cfpmn/pmn.cfm?id=K041973,2026-05-14,opportunityScore=17; ,medium_ai_opportunity,derived_from_stage2_public_evidence
Jelco Laboratories,ai_opportunity_scoring,https://www.accessdata.fda.gov/scripts/cdrh/cfdocs/cfpmn/pmn.cfm?id=K781857,2026-05-14,opportunityScore=17; ,medium_ai_opportunity,derived_from_stage2_public_evidence
Julie Alliance,ai_opportunity_scoring,https://www.accessdata.fda.gov/scripts/cdrh/cfdocs/cfpmn/pmn.cfm?id=K990002,2026-05-14,opportunityScore=17; ,medium_ai_opportunity,derived_from_stage2_public_evidence
"Kalaco Scientific, Inc.",ai_opportunity_scoring,https://www.accessdata.fda.gov/scripts/cdrh/cfdocs/cfpmn/pmn.cfm?id=K024377,2026-05-14,opportunityScore=17; ,medium_ai_opportunity,derived_from_stage2_public_evidence
"Katecho, Inc.",ai_opportunity_scoring,https://www.accessdata.fda.gov/scripts/cdrh/cfdocs/cfpmn/pmn.cfm?id=K921679,2026-05-14,opportunityScore=17; ,medium_ai_opportunity,derived_from_stage2_public_evidence
"Kci USA, Inc.",ai_opportunity_scoring,https://www.accessdata.fda.gov/scripts/cdrh/cfdocs/cfpmn/pmn.cfm?id=K181507,2026-05-14,opportunityScore=17; ,medium_ai_opportunity,derived_from_stage2_public_evidence
"Kinetic Rehabilitation Instruments, Inc.",ai_opportunity_scoring,https://www.accessdata.fda.gov/scripts/cdrh/cfdocs/cfpmn/pmn.cfm?id=K954427,2026-05-14,opportunityScore=17; ,medium_ai_opportunity,derived_from_stage2_public_evidence
Kjaerulff Rehabilitation A/S,ai_opportunity_scoring,https://www.accessdata.fda.gov/scripts/cdrh/cfdocs/cfpmn/pmn.cfm?id=K040677,2026-05-14,opportunityScore=17; ,medium_ai_opportunity,derived_from_stage2_public_evidence
"Kone Instruments, Inc.",ai_opportunity_scoring,https://www.accessdata.fda.gov/scripts/cdrh/cfdocs/cfpmn/pmn.cfm?id=K830432,2026-05-14,opportunityScore=17; ,medium_ai_opportunity,derived_from_stage2_public_evidence
Kronner Medical,ai_opportunity_scoring,https://www.accessdata.fda.gov/scripts/cdrh/cfdocs/cfpmn/pmn.cfm?id=K895171,2026-05-14,opportunityScore=17; ,medium_ai_opportunity,derived_from_stage2_public_evidence
"Kub Technologies, Inc.",ai_opportunity_scoring,https://www.accessdata.fda.gov/scripts/cdrh/cfdocs/cfpmn/pmn.cfm?id=K103348,2026-05-14,opportunityScore=17; ,medium_ai_opportunity,derived_from_stage2_public_evidence
"Kung-Ho International, Inc.",ai_opportunity_scoring,https://www.accessdata.fda.gov/scripts/cdrh/cfdocs/cfpmn/pmn.cfm?id=K840040,2026-05-14,opportunityScore=17; ,medium_ai_opportunity,derived_from_stage2_public_evidence
"Lake Medical Products, Inc.",ai_opportunity_scoring,https://www.accessdata.fda.gov/scripts/cdrh/cfdocs/cfpmn/pmn.cfm?id=K872244,2026-05-14,opportunityScore=17; ,medium_ai_opportunity,derived_from_stage2_public_evidence
Lakeview Sleep Center,ai_opportunity_scoring,https://www.accessdata.fda.gov/scripts/cdrh/cfdocs/cfpmn/pmn.cfm?id=K130686,2026-05-14,opportunityScore=17; ,medium_ai_opportunity,derived_from_stage2_public_evidence
Laralab GmbH,ai_opportunity_scoring,https://www.accessdata.fda.gov/scripts/cdrh/cfdocs/cfpmn/pmn.cfm?id=K242500,2026-05-14,opportunityScore=17; ,medium_ai_opportunity,derived_from_stage2_public_evidence
"Life Balance Intl., Inc.",ai_opportunity_scoring,https://www.accessdata.fda.gov/scripts/cdrh/cfdocs/cfpmn/pmn.cfm?id=K910616,2026-05-14,opportunityScore=17; ,medium_ai_opportunity,derived_from_stage2_public_evidence
Ligence Uab,ai_opportunity_scoring,https://www.accessdata.fda.gov/scripts/cdrh/cfdocs/cfpmn/pmn.cfm?id=K253535,2026-05-14,opportunityScore=17; ,medium_ai_opportunity,derived_from_stage2_public_evidence
"Loredan Biomedical, Inc.",ai_opportunity_scoring,https://www.accessdata.fda.gov/scripts/cdrh/cfdocs/cfpmn/pmn.cfm?id=K924512,2026-05-14,opportunityScore=17; ,medium_ai_opportunity,derived_from_stage2_public_evidence
"Luminopia, Inc.",ai_opportunity_scoring,https://www.accessdata.fda.gov/scripts/cdrh/cfdocs/cfpmn/pmn.cfm?id=K233720,2026-05-14,opportunityScore=17; ,medium_ai_opportunity,derived_from_stage2_public_evidence
"Macneil Baby Care , Ltd.",ai_opportunity_scoring,https://www.accessdata.fda.gov/scripts/cdrh/cfdocs/cfpmn/pmn.cfm?id=K941112,2026-05-14,opportunityScore=17; ,medium_ai_opportunity,derived_from_stage2_public_evidence
"Magnetic Research, Inc.",ai_opportunity_scoring,https://www.accessdata.fda.gov/scripts/cdrh/cfdocs/cfpmn/pmn.cfm?id=K931795,2026-05-14,opportunityScore=17; ,medium_ai_opportunity,derived_from_stage2_public_evidence
"Marquette Electronics, Inc.",ai_opportunity_scoring,https://www.accessdata.fda.gov/scripts/cdrh/cfdocs/cfpmn/pmn.cfm?id=K964750,2026-05-14,opportunityScore=17; 远程监测风险分层与异常预警,medium_ai_opportunity,derived_from_stage2_public_evidence
"Martech Medical Products, Inc.",ai_opportunity_scoring,https://www.accessdata.fda.gov/scripts/cdrh/cfdocs/cfpmn/pmn.cfm?id=K914778,2026-05-14,opportunityScore=17; ,medium_ai_opportunity,derived_from_stage2_public_evidence
"Medical Device Technologies, Inc.",ai_opportunity_scoring,https://www.accessdata.fda.gov/scripts/cdrh/cfdocs/cfpmn/pmn.cfm?id=K982960,2026-05-14,opportunityScore=17; ,medium_ai_opportunity,derived_from_stage2_public_evidence
"Medical Industries America, Inc.",ai_opportunity_scoring,https://www.accessdata.fda.gov/scripts/cdrh/cfdocs/cfpmn/pmn.cfm?id=K964078,2026-05-14,opportunityScore=17; ,medium_ai_opportunity,derived_from_stage2_public_evidence
"Medical, Inc.",ai_opportunity_scoring,https://www.accessdata.fda.gov/scripts/cdrh/cfdocs/cfpmn/pmn.cfm?id=K823261,2026-05-14,opportunityScore=17; ,medium_ai_opportunity,derived_from_stage2_public_evidence
"Medtronic Navigation, Inc. (Littleton)",ai_opportunity_scoring,https://www.accessdata.fda.gov/scripts/cdrh/cfdocs/cfpmn/pmn.cfm?id=K092564,2026-05-14,opportunityScore=17; ,medium_ai_opportunity,derived_from_stage2_public_evidence
Medtronic Vascular,ai_opportunity_scoring,https://www.accessdata.fda.gov/scripts/cdrh/cfdocs/cfpmn/pmn.cfm?id=K955291,2026-05-14,opportunityScore=17; ,medium_ai_opportunity,derived_from_stage2_public_evidence
"Mexpo Intl., Inc.",ai_opportunity_scoring,https://www.accessdata.fda.gov/scripts/cdrh/cfdocs/cfpmn/pmn.cfm?id=K984040,2026-05-14,opportunityScore=17; ,medium_ai_opportunity,derived_from_stage2_public_evidence
"Michigan Critical Care Consultants, Inc. (D.B.A Mc3 Inc.)",ai_opportunity_scoring,https://www.accessdata.fda.gov/scripts/cdrh/cfdocs/cfpmn/pmn.cfm?id=K230364,2026-05-14,opportunityScore=17; ,medium_ai_opportunity,derived_from_stage2_public_evidence
"Michigan Instruments, Inc.",ai_opportunity_scoring,https://www.accessdata.fda.gov/scripts/cdrh/cfdocs/cfpmn/pmn.cfm?id=K833879,2026-05-14,opportunityScore=17; ,medium_ai_opportunity,derived_from_stage2_public_evidence
"Mick Radio-Nuclear Instruments, Inc.",ai_opportunity_scoring,https://www.accessdata.fda.gov/scripts/cdrh/cfdocs/cfpmn/pmn.cfm?id=K781274,2026-05-14,opportunityScore=17; ,medium_ai_opportunity,derived_from_stage2_public_evidence
Micron Medical Corporation,ai_opportunity_scoring,https://www.accessdata.fda.gov/scripts/cdrh/cfdocs/cfpmn/pmn.cfm?id=K200848,2026-05-14,opportunityScore=17; ,medium_ai_opportunity,derived_from_stage2_public_evidence
"Microtek Medical, Inc.",ai_opportunity_scoring,https://www.accessdata.fda.gov/scripts/cdrh/cfdocs/cfpmn/pmn.cfm?id=K062899,2026-05-14,opportunityScore=17; ,medium_ai_opportunity,derived_from_stage2_public_evidence
"Midwest Analog & Digital, Inc.",ai_opportunity_scoring,https://www.accessdata.fda.gov/scripts/cdrh/cfdocs/cfpmn/pmn.cfm?id=K780432,2026-05-14,opportunityScore=17; ,medium_ai_opportunity,derived_from_stage2_public_evidence
Mistogen Equipment Co.,ai_opportunity_scoring,https://www.accessdata.fda.gov/scripts/cdrh/cfdocs/cfpmn/pmn.cfm?id=K760341,2026-05-14,opportunityScore=17; ,medium_ai_opportunity,derived_from_stage2_public_evidence
Monad Corp.,ai_opportunity_scoring,https://www.accessdata.fda.gov/scripts/cdrh/cfdocs/cfpmn/pmn.cfm?id=K904235,2026-05-14,opportunityScore=17; ,medium_ai_opportunity,derived_from_stage2_public_evidence
"Mortara Instrument, Inc.",ai_opportunity_scoring,https://www.accessdata.fda.gov/scripts/cdrh/cfdocs/cfpmn/pmn.cfm?id=K123556,2026-05-14,opportunityScore=17; 远程监测风险分层与异常预警,medium_ai_opportunity,derived_from_stage2_public_evidence
"Nakanishi, Inc.",ai_opportunity_scoring,https://www.accessdata.fda.gov/scripts/cdrh/cfdocs/cfpmn/pmn.cfm?id=K131578,2026-05-14,opportunityScore=17; ,medium_ai_opportunity,derived_from_stage2_public_evidence
Natural Cycles Nordic AB,ai_opportunity_scoring,https://www.accessdata.fda.gov/scripts/cdrh/cfdocs/cfpmn/pmn.cfm?id=K231274,2026-05-14,opportunityScore=17; ,medium_ai_opportunity,derived_from_stage2_public_evidence
"Neuralace Medical, Inc.",ai_opportunity_scoring,https://www.accessdata.fda.gov/scripts/cdrh/cfdocs/cfpmn/pmn.cfm?id=K233364,2026-05-14,opportunityScore=17; ,medium_ai_opportunity,derived_from_stage2_public_evidence
"Neuro-Fitness, LLC",ai_opportunity_scoring,https://www.accessdata.fda.gov/scripts/cdrh/cfdocs/cfpmn/pmn.cfm?id=K062284,2026-05-14,opportunityScore=17; ,medium_ai_opportunity,derived_from_stage2_public_evidence
Neurofitness,ai_opportunity_scoring,https://www.accessdata.fda.gov/scripts/cdrh/cfdocs/cfpmn/pmn.cfm?id=K895175,2026-05-14,opportunityScore=17; ,medium_ai_opportunity,derived_from_stage2_public_evidence
"Neuromed, Inc.",ai_opportunity_scoring,https://www.accessdata.fda.gov/scripts/cdrh/cfdocs/cfpmn/pmn.cfm?id=K905596,2026-05-14,opportunityScore=17; ,medium_ai_opportunity,derived_from_stage2_public_evidence
"Neurotek, Inc.",ai_opportunity_scoring,https://www.accessdata.fda.gov/scripts/cdrh/cfdocs/cfpmn/pmn.cfm?id=K894097,2026-05-14,opportunityScore=17; ,medium_ai_opportunity,derived_from_stage2_public_evidence
New Horizon Health Care,ai_opportunity_scoring,https://www.accessdata.fda.gov/scripts/cdrh/cfdocs/cfpmn/pmn.cfm?id=K932050,2026-05-14,opportunityScore=17; ,medium_ai_opportunity,derived_from_stage2_public_evidence
"Nipro Diabetes Systems, Inc.",ai_opportunity_scoring,https://www.accessdata.fda.gov/scripts/cdrh/cfdocs/cfpmn/pmn.cfm?id=K050312,2026-05-14,opportunityScore=17; ,medium_ai_opportunity,derived_from_stage2_public_evidence
"Nonin Medical, Inc.",ai_opportunity_scoring,https://www.accessdata.fda.gov/scripts/cdrh/cfdocs/cfpmn/pmn.cfm?id=K040589,2026-05-14,opportunityScore=17; ,medium_ai_opportunity,derived_from_stage2_public_evidence
"North East Monitoring, Inc.",ai_opportunity_scoring,https://www.accessdata.fda.gov/scripts/cdrh/cfdocs/cfpmn/pmn.cfm?id=K041901,2026-05-14,opportunityScore=17; 远程监测风险分层与异常预警,medium_ai_opportunity,derived_from_stage2_public_evidence
Omni Sales Corp.,ai_opportunity_scoring,https://www.accessdata.fda.gov/scripts/cdrh/cfdocs/cfpmn/pmn.cfm?id=K964563,2026-05-14,opportunityScore=17; ,medium_ai_opportunity,derived_from_stage2_public_evidence
"Oncology Systems, Inc.",ai_opportunity_scoring,https://www.accessdata.fda.gov/scripts/cdrh/cfdocs/cfpmn/pmn.cfm?id=K051753,2026-05-14,opportunityScore=17; ,medium_ai_opportunity,derived_from_stage2_public_evidence
Opti-Med Electronics,ai_opportunity_scoring,https://www.accessdata.fda.gov/scripts/cdrh/cfdocs/cfpmn/pmn.cfm?id=K945972,2026-05-14,opportunityScore=17; ,medium_ai_opportunity,derived_from_stage2_public_evidence
"Orthopedic Equipment Co., Inc.",ai_opportunity_scoring,https://www.accessdata.fda.gov/scripts/cdrh/cfdocs/cfpmn/pmn.cfm?id=K770080,2026-05-14,opportunityScore=17; ,medium_ai_opportunity,derived_from_stage2_public_evidence
"Orthoscan, Inc.",ai_opportunity_scoring,https://www.accessdata.fda.gov/scripts/cdrh/cfdocs/cfpmn/pmn.cfm?id=K213113,2026-05-14,opportunityScore=17; ,medium_ai_opportunity,derived_from_stage2_public_evidence
P.T. Wantong Industry,ai_opportunity_scoring,https://www.accessdata.fda.gov/scripts/cdrh/cfdocs/cfpmn/pmn.cfm?id=K980215,2026-05-14,opportunityScore=17; ,medium_ai_opportunity,derived_from_stage2_public_evidence
Pace Medical,ai_opportunity_scoring,https://www.accessdata.fda.gov/scripts/cdrh/cfdocs/cfpmn/pmn.cfm?id=K912545,2026-05-14,opportunityScore=17; ,medium_ai_opportunity,derived_from_stage2_public_evidence
Paragon Vision Sciences,ai_opportunity_scoring,https://www.accessdata.fda.gov/scripts/cdrh/cfdocs/cfpmn/pmn.cfm?id=K974635,2026-05-14,opportunityScore=17; ,medium_ai_opportunity,derived_from_stage2_public_evidence
"Peak Performance Technologies, Inc.",ai_opportunity_scoring,https://www.accessdata.fda.gov/scripts/cdrh/cfdocs/cfpmn/pmn.cfm?id=K030714,2026-05-14,opportunityScore=17; ,medium_ai_opportunity,derived_from_stage2_public_evidence
"Pear Therapeutics, Inc.",ai_opportunity_scoring,https://www.accessdata.fda.gov/scripts/cdrh/cfdocs/cfpmn/pmn.cfm?id=K191716,2026-05-14,opportunityScore=17; ,medium_ai_opportunity,derived_from_stage2_public_evidence
"Pentax of America, Inc.",ai_opportunity_scoring,https://www.accessdata.fda.gov/scripts/cdrh/cfdocs/cfpmn/pmn.cfm?id=K231970,2026-05-14,opportunityScore=17; ,medium_ai_opportunity,derived_from_stage2_public_evidence
Petroff Audio Technologies,ai_opportunity_scoring,https://www.accessdata.fda.gov/scripts/cdrh/cfdocs/cfpmn/pmn.cfm?id=K974501,2026-05-14,opportunityScore=17; ,medium_ai_opportunity,derived_from_stage2_public_evidence
Pharmaseal Laboratories,ai_opportunity_scoring,https://www.accessdata.fda.gov/scripts/cdrh/cfdocs/cfpmn/pmn.cfm?id=K801146,2026-05-14,opportunityScore=17; ,medium_ai_opportunity,derived_from_stage2_public_evidence
"Philips Medizinsysteme Boeblingen GmbH, Cardiac AN",ai_opportunity_scoring,https://www.accessdata.fda.gov/scripts/cdrh/cfdocs/cfpmn/pmn.cfm?id=K132320,2026-05-14,opportunityScore=17; ,medium_ai_opportunity,derived_from_stage2_public_evidence
Philips Park,ai_opportunity_scoring,https://www.accessdata.fda.gov/scripts/cdrh/cfdocs/cfpmn/pmn.cfm?id=K852128,2026-05-14,opportunityScore=17; ,medium_ai_opportunity,derived_from_stage2_public_evidence
Pike Medical Co.,ai_opportunity_scoring,https://www.accessdata.fda.gov/scripts/cdrh/cfdocs/cfpmn/pmn.cfm?id=K802101,2026-05-14,opportunityScore=17; ,medium_ai_opportunity,derived_from_stage2_public_evidence
Pinsco Inc. Dba B & L Engineering,ai_opportunity_scoring,https://www.accessdata.fda.gov/scripts/cdrh/cfdocs/cfpmn/pmn.cfm?id=K982425,2026-05-14,opportunityScore=17; ,medium_ai_opportunity,derived_from_stage2_public_evidence
"Polymedica Industries, Inc.",ai_opportunity_scoring,https://www.accessdata.fda.gov/scripts/cdrh/cfdocs/cfpmn/pmn.cfm?id=K962991,2026-05-14,opportunityScore=17; ,medium_ai_opportunity,derived_from_stage2_public_evidence
Precise Optics,ai_opportunity_scoring,https://www.accessdata.fda.gov/scripts/cdrh/cfdocs/cfpmn/pmn.cfm?id=K820178,2026-05-14,opportunityScore=17; ,medium_ai_opportunity,derived_from_stage2_public_evidence
"Pride Health Care, Inc.",ai_opportunity_scoring,https://www.accessdata.fda.gov/scripts/cdrh/cfdocs/cfpmn/pmn.cfm?id=K905271,2026-05-14,opportunityScore=17; ,medium_ai_opportunity,derived_from_stage2_public_evidence
Pudenz-Schulte Medical Research Corp.,ai_opportunity_scoring,https://www.accessdata.fda.gov/scripts/cdrh/cfdocs/cfpmn/pmn.cfm?id=K954409,2026-05-14,opportunityScore=17; ,medium_ai_opportunity,derived_from_stage2_public_evidence
"Radiometer America, Inc.",ai_opportunity_scoring,https://www.accessdata.fda.gov/scripts/cdrh/cfdocs/cfpmn/pmn.cfm?id=K831034,2026-05-14,opportunityScore=17; ,medium_ai_opportunity,derived_from_stage2_public_evidence
Redplane AG,ai_opportunity_scoring,https://www.accessdata.fda.gov/scripts/cdrh/cfdocs/cfpmn/pmn.cfm?id=K070412,2026-05-14,opportunityScore=17; ,medium_ai_opportunity,derived_from_stage2_public_evidence
Redsense Medical AB,ai_opportunity_scoring,https://www.accessdata.fda.gov/scripts/cdrh/cfdocs/cfpmn/pmn.cfm?id=K103242,2026-05-14,opportunityScore=17; ,medium_ai_opportunity,derived_from_stage2_public_evidence
"Rehabilitation Institute,Loma Linda University Med",ai_opportunity_scoring,https://www.accessdata.fda.gov/scripts/cdrh/cfdocs/cfpmn/pmn.cfm?id=K023572,2026-05-14,opportunityScore=17; ,medium_ai_opportunity,derived_from_stage2_public_evidence
"Respiratory Care, Inc.",ai_opportunity_scoring,https://www.accessdata.fda.gov/scripts/cdrh/cfdocs/cfpmn/pmn.cfm?id=K771975,2026-05-14,opportunityScore=17; ,medium_ai_opportunity,derived_from_stage2_public_evidence
"Respironics New Jersey, Inc.",ai_opportunity_scoring,https://www.accessdata.fda.gov/scripts/cdrh/cfdocs/cfpmn/pmn.cfm?id=K053203,2026-05-14,opportunityScore=17; ,medium_ai_opportunity,derived_from_stage2_public_evidence
"Rmds, Inc.",ai_opportunity_scoring,https://www.accessdata.fda.gov/scripts/cdrh/cfdocs/cfpmn/pmn.cfm?id=K970027,2026-05-14,opportunityScore=17; ,medium_ai_opportunity,derived_from_stage2_public_evidence
Romedex International Srl,ai_opportunity_scoring,https://www.accessdata.fda.gov/scripts/cdrh/cfdocs/cfpmn/pmn.cfm?id=K093775,2026-05-14,opportunityScore=17; ,medium_ai_opportunity,derived_from_stage2_public_evidence
"Seabrook Medical Systems, Inc.",ai_opportunity_scoring,https://www.accessdata.fda.gov/scripts/cdrh/cfdocs/cfpmn/pmn.cfm?id=K902269,2026-05-14,opportunityScore=17; ,medium_ai_opportunity,derived_from_stage2_public_evidence
"Sedecal., Sa.",ai_opportunity_scoring,https://www.accessdata.fda.gov/scripts/cdrh/cfdocs/cfpmn/pmn.cfm?id=K161345,2026-05-14,opportunityScore=17; ,medium_ai_opportunity,derived_from_stage2_public_evidence
Seemac Reison AB Co.,ai_opportunity_scoring,https://www.accessdata.fda.gov/scripts/cdrh/cfdocs/cfpmn/pmn.cfm?id=K911739,2026-05-14,opportunityScore=17; ,medium_ai_opportunity,derived_from_stage2_public_evidence
"Seigla Medical, Inc.",ai_opportunity_scoring,https://www.accessdata.fda.gov/scripts/cdrh/cfdocs/cfpmn/pmn.cfm?id=K220691,2026-05-14,opportunityScore=17; ,medium_ai_opportunity,derived_from_stage2_public_evidence
"Selectivemed Components, Inc.",ai_opportunity_scoring,https://www.accessdata.fda.gov/scripts/cdrh/cfdocs/cfpmn/pmn.cfm?id=K945676,2026-05-14,opportunityScore=17; ,medium_ai_opportunity,derived_from_stage2_public_evidence
Shangdong Zibo Shanchuan Medical Instruments Co.,ai_opportunity_scoring,https://www.accessdata.fda.gov/scripts/cdrh/cfdocs/cfpmn/pmn.cfm?id=K092000,2026-05-14,opportunityScore=17; ,medium_ai_opportunity,derived_from_stage2_public_evidence
Sharp Electronics Corp.,ai_opportunity_scoring,https://www.accessdata.fda.gov/scripts/cdrh/cfdocs/cfpmn/pmn.cfm?id=K842200,2026-05-14,opportunityScore=17; 远程监测风险分层与异常预警,medium_ai_opportunity,derived_from_stage2_public_evidence
Shimadzu Medical Systems,ai_opportunity_scoring,https://www.accessdata.fda.gov/scripts/cdrh/cfdocs/cfpmn/pmn.cfm?id=K893637,2026-05-14,opportunityScore=17; ,medium_ai_opportunity,derived_from_stage2_public_evidence
"Shimadzu Precision Instruments, Inc.",ai_opportunity_scoring,https://www.accessdata.fda.gov/scripts/cdrh/cfdocs/cfpmn/pmn.cfm?id=K940294,2026-05-14,opportunityScore=17; ,medium_ai_opportunity,derived_from_stage2_public_evidence
"Sleep Devices, Inc.",ai_opportunity_scoring,https://www.accessdata.fda.gov/scripts/cdrh/cfdocs/cfpmn/pmn.cfm?id=K040161,2026-05-14,opportunityScore=17; ,medium_ai_opportunity,derived_from_stage2_public_evidence
"Solopak Medical Products, Inc.",ai_opportunity_scoring,https://www.accessdata.fda.gov/scripts/cdrh/cfdocs/cfpmn/pmn.cfm?id=K960661,2026-05-14,opportunityScore=17; ,medium_ai_opportunity,derived_from_stage2_public_evidence
Solutions For Tomorrow AB,ai_opportunity_scoring,https://www.accessdata.fda.gov/scripts/cdrh/cfdocs/cfpmn/pmn.cfm?id=K251710,2026-05-14,opportunityScore=17; ,medium_ai_opportunity,derived_from_stage2_public_evidence
"Somnomed, Inc.",ai_opportunity_scoring,https://www.accessdata.fda.gov/scripts/cdrh/cfdocs/cfpmn/pmn.cfm?id=K233497,2026-05-14,opportunityScore=17; ,medium_ai_opportunity,derived_from_stage2_public_evidence
"Sound Life Sciences, Inc.",ai_opportunity_scoring,https://www.accessdata.fda.gov/scripts/cdrh/cfdocs/cfpmn/pmn.cfm?id=K211387,2026-05-14,opportunityScore=17; 远程监测风险分层与异常预警,medium_ai_opportunity,derived_from_stage2_public_evidence
"Stanford Assoc., Inc.",ai_opportunity_scoring,https://www.accessdata.fda.gov/scripts/cdrh/cfdocs/cfpmn/pmn.cfm?id=K791862,2026-05-14,opportunityScore=17; ,medium_ai_opportunity,derived_from_stage2_public_evidence
"Sterigard, Inc.",ai_opportunity_scoring,https://www.accessdata.fda.gov/scripts/cdrh/cfdocs/cfpmn/pmn.cfm?id=K912083,2026-05-14,opportunityScore=17; ,medium_ai_opportunity,derived_from_stage2_public_evidence
Steven Frank Mercereau,ai_opportunity_scoring,https://www.accessdata.fda.gov/scripts/cdrh/cfdocs/cfpmn/pmn.cfm?id=K931873,2026-05-14,opportunityScore=17; ,medium_ai_opportunity,derived_from_stage2_public_evidence
Strato Medical Corp.,ai_opportunity_scoring,https://www.accessdata.fda.gov/scripts/cdrh/cfdocs/cfpmn/pmn.cfm?id=K844627,2026-05-14,opportunityScore=17; ,medium_ai_opportunity,derived_from_stage2_public_evidence
Stryker Medical,ai_opportunity_scoring,https://www.accessdata.fda.gov/scripts/cdrh/cfdocs/cfpmn/pmn.cfm?id=K946149,2026-05-14,opportunityScore=17; ,medium_ai_opportunity,derived_from_stage2_public_evidence
Summit World Trade Corp.,ai_opportunity_scoring,https://www.accessdata.fda.gov/scripts/cdrh/cfdocs/cfpmn/pmn.cfm?id=K901980,2026-05-14,opportunityScore=17; ,medium_ai_opportunity,derived_from_stage2_public_evidence
Sunrise SA,ai_opportunity_scoring,https://www.accessdata.fda.gov/scripts/cdrh/cfdocs/cfpmn/pmn.cfm?id=K222262,2026-05-14,opportunityScore=17; ,medium_ai_opportunity,derived_from_stage2_public_evidence
"Surgikos, Inc.",ai_opportunity_scoring,https://www.accessdata.fda.gov/scripts/cdrh/cfdocs/cfpmn/pmn.cfm?id=K875107,2026-05-14,opportunityScore=17; ,medium_ai_opportunity,derived_from_stage2_public_evidence
"Sway Medical, Inc.",ai_opportunity_scoring,https://www.accessdata.fda.gov/scripts/cdrh/cfdocs/cfpmn/pmn.cfm?id=K241737,2026-05-14,opportunityScore=17; ,medium_ai_opportunity,derived_from_stage2_public_evidence
"Takara Belmont USA, Inc.",ai_opportunity_scoring,https://www.accessdata.fda.gov/scripts/cdrh/cfdocs/cfpmn/pmn.cfm?id=K041834,2026-05-14,opportunityScore=17; ,medium_ai_opportunity,derived_from_stage2_public_evidence
"Technalithics Laboratories, Inc.",ai_opportunity_scoring,https://www.accessdata.fda.gov/scripts/cdrh/cfdocs/cfpmn/pmn.cfm?id=K962951,2026-05-14,opportunityScore=17; ,medium_ai_opportunity,derived_from_stage2_public_evidence
Terumo Medical Corp.,ai_opportunity_scoring,https://www.accessdata.fda.gov/scripts/cdrh/cfdocs/cfpmn/pmn.cfm?id=K812338,2026-05-14,opportunityScore=17; ,medium_ai_opportunity,derived_from_stage2_public_evidence
The Biomed Group,ai_opportunity_scoring,https://www.accessdata.fda.gov/scripts/cdrh/cfdocs/cfpmn/pmn.cfm?id=K810272,2026-05-14,opportunityScore=17; ,medium_ai_opportunity,derived_from_stage2_public_evidence
The Clell Corp.,ai_opportunity_scoring,https://www.accessdata.fda.gov/scripts/cdrh/cfdocs/cfpmn/pmn.cfm?id=K860537,2026-05-14,opportunityScore=17; ,medium_ai_opportunity,derived_from_stage2_public_evidence
Therapanacea Sas,ai_opportunity_scoring,https://www.accessdata.fda.gov/scripts/cdrh/cfdocs/cfpmn/pmn.cfm?id=K230023,2026-05-14,opportunityScore=17; ,medium_ai_opportunity,derived_from_stage2_public_evidence
Thomasville Medical Assoc.,ai_opportunity_scoring,https://www.accessdata.fda.gov/scripts/cdrh/cfdocs/cfpmn/pmn.cfm?id=K930799,2026-05-14,opportunityScore=17; ,medium_ai_opportunity,derived_from_stage2_public_evidence
Tornier S.A.S.,ai_opportunity_scoring,https://www.accessdata.fda.gov/scripts/cdrh/cfdocs/cfpmn/pmn.cfm?id=K232265,2026-05-14,opportunityScore=17; ,medium_ai_opportunity,derived_from_stage2_public_evidence
"Toshiba America Medical Systems, In.C",ai_opportunity_scoring,https://www.accessdata.fda.gov/scripts/cdrh/cfdocs/cfpmn/pmn.cfm?id=K896387,2026-05-14,opportunityScore=17; ,medium_ai_opportunity,derived_from_stage2_public_evidence
Toshibamedical Systems Corporation,ai_opportunity_scoring,https://www.accessdata.fda.gov/scripts/cdrh/cfdocs/cfpmn/pmn.cfm?id=K041027,2026-05-14,opportunityScore=17; ,medium_ai_opportunity,derived_from_stage2_public_evidence
Transidyne General Corp.,ai_opportunity_scoring,https://www.accessdata.fda.gov/scripts/cdrh/cfdocs/cfpmn/pmn.cfm?id=K897133,2026-05-14,opportunityScore=17; ,medium_ai_opportunity,derived_from_stage2_public_evidence
"Transtimulation Research, Inc.",ai_opportunity_scoring,https://www.accessdata.fda.gov/scripts/cdrh/cfdocs/cfpmn/pmn.cfm?id=K230526,2026-05-14,opportunityScore=17; ,medium_ai_opportunity,derived_from_stage2_public_evidence
"U.S. Mfg. & Management, Inc.",ai_opportunity_scoring,https://www.accessdata.fda.gov/scripts/cdrh/cfdocs/cfpmn/pmn.cfm?id=K920860,2026-05-14,opportunityScore=17; ,medium_ai_opportunity,derived_from_stage2_public_evidence
"Uni-Patch, Inc.",ai_opportunity_scoring,https://www.accessdata.fda.gov/scripts/cdrh/cfdocs/cfpmn/pmn.cfm?id=K962332,2026-05-14,opportunityScore=17; ,medium_ai_opportunity,derived_from_stage2_public_evidence
"Varian Medical Systems, Inc.",ai_opportunity_scoring,https://www.accessdata.fda.gov/scripts/cdrh/cfdocs/cfpmn/pmn.cfm?id=K173838,2026-05-14,opportunityScore=17; ,medium_ai_opportunity,derived_from_stage2_public_evidence
"Viasys Sleep Systems, LLC",ai_opportunity_scoring,https://www.accessdata.fda.gov/scripts/cdrh/cfdocs/cfpmn/pmn.cfm?id=K071069,2026-05-14,opportunityScore=17; ,medium_ai_opportunity,derived_from_stage2_public_evidence
Vidar Systems Corp.,ai_opportunity_scoring,https://www.accessdata.fda.gov/scripts/cdrh/cfdocs/cfpmn/pmn.cfm?id=K070563,2026-05-14,opportunityScore=17; ,medium_ai_opportunity,derived_from_stage2_public_evidence
Volcano Corporation,ai_opportunity_scoring,https://www.accessdata.fda.gov/scripts/cdrh/cfdocs/cfpmn/pmn.cfm?id=K150442,2026-05-14,opportunityScore=17; ,medium_ai_opportunity,derived_from_stage2_public_evidence
Warner-Lambert Co.,ai_opportunity_scoring,https://www.accessdata.fda.gov/scripts/cdrh/cfdocs/cfpmn/pmn.cfm?id=K822248,2026-05-14,opportunityScore=17; ,medium_ai_opportunity,derived_from_stage2_public_evidence
"Wen Hao, Inc.",ai_opportunity_scoring,https://www.accessdata.fda.gov/scripts/cdrh/cfdocs/cfpmn/pmn.cfm?id=K893025,2026-05-14,opportunityScore=17; ,medium_ai_opportunity,derived_from_stage2_public_evidence
"Whiplash Analysis, Inc.",ai_opportunity_scoring,https://www.accessdata.fda.gov/scripts/cdrh/cfdocs/cfpmn/pmn.cfm?id=K943430,2026-05-14,opportunityScore=17; ,medium_ai_opportunity,derived_from_stage2_public_evidence
"Wuestec Medical, Inc.",ai_opportunity_scoring,https://www.accessdata.fda.gov/scripts/cdrh/cfdocs/cfpmn/pmn.cfm?id=K974240,2026-05-14,opportunityScore=17; ,medium_ai_opportunity,derived_from_stage2_public_evidence
"Zdi, Solutions, LLC",ai_opportunity_scoring,https://www.accessdata.fda.gov/scripts/cdrh/cfdocs/cfpmn/pmn.cfm?id=K162002,2026-05-14,opportunityScore=17; ,medium_ai_opportunity,derived_from_stage2_public_evidence
"Co-Diagnostics, Inc.",ai_opportunity_scoring,https://www.sec.gov/edgar/browse/?CIK=1692415,2026-05-14,opportunityScore=13; ,medium_ai_opportunity,derived_from_stage2_public_evidence
R F INDUSTRIES LTD,ai_opportunity_scoring,https://www.sec.gov/edgar/browse/?CIK=740664,2026-05-14,opportunityScore=13; ,medium_ai_opportunity,derived_from_stage2_public_evidence
Hewlett Packard Enterprise Co,ai_opportunity_scoring,https://www.sec.gov/edgar/browse/?CIK=1645590,2026-05-14,opportunityScore=12; ,medium_ai_opportunity,derived_from_stage2_public_evidence
BECTON DICKINSON & CO,ai_opportunity_scoring,https://www.sec.gov/edgar/browse/?CIK=10795,2026-05-14,opportunityScore=9; ,medium_ai_opportunity,derived_from_stage2_public_evidence
Fresenius Medical Care AG,ai_opportunity_scoring,https://www.sec.gov/edgar/browse/?CIK=1333141,2026-05-14,opportunityScore=9; ,medium_ai_opportunity,derived_from_stage2_public_evidence
MindMaze Therapeutics Holding SA,ai_opportunity_scoring,https://www.sec.gov/edgar/browse/?CIK=1854078,2026-05-14,opportunityScore=9; ,medium_ai_opportunity,derived_from_stage2_public_evidence
"Traeger, Inc.",ai_opportunity_scoring,https://www.sec.gov/edgar/browse/?CIK=1857853,2026-05-14,opportunityScore=9; ,medium_ai_opportunity,derived_from_stage2_public_evidence
"ADAMS DIVERSIFIED EQUITY FUND, INC.",ai_opportunity_scoring,https://www.sec.gov/edgar/browse/?CIK=2230,2026-05-14,opportunityScore=8; ,medium_ai_opportunity,derived_from_stage2_public_evidence
American Well Corp,ai_opportunity_scoring,https://www.sec.gov/edgar/browse/?CIK=1393584,2026-05-14,opportunityScore=8; ,medium_ai_opportunity,derived_from_stage2_public_evidence
"AVITA Medical, Inc.",ai_opportunity_scoring,https://www.sec.gov/edgar/browse/?CIK=1762303,2026-05-14,opportunityScore=8; ,medium_ai_opportunity,derived_from_stage2_public_evidence
BEST BUY CO INC,ai_opportunity_scoring,https://www.sec.gov/edgar/browse/?CIK=764478,2026-05-14,opportunityScore=8; ,medium_ai_opportunity,derived_from_stage2_public_evidence
BOSTON SCIENTIFIC CORP,ai_opportunity_scoring,https://www.sec.gov/edgar/browse/?CIK=885725,2026-05-14,opportunityScore=8; ,medium_ai_opportunity,derived_from_stage2_public_evidence
"BROWN & BROWN, INC.",ai_opportunity_scoring,https://www.sec.gov/edgar/browse/?CIK=79282,2026-05-14,opportunityScore=8; ,medium_ai_opportunity,derived_from_stage2_public_evidence
E-Power Inc.,ai_opportunity_scoring,https://www.sec.gov/edgar/browse/?CIK=1780731,2026-05-14,opportunityScore=8; ,medium_ai_opportunity,derived_from_stage2_public_evidence
HITACHI LTD,ai_opportunity_scoring,https://www.sec.gov/edgar/browse/?CIK=47710,2026-05-14,opportunityScore=8; ,medium_ai_opportunity,derived_from_stage2_public_evidence
Medline Inc.,ai_opportunity_scoring,https://www.sec.gov/edgar/browse/?CIK=2046386,2026-05-14,opportunityScore=8; ,medium_ai_opportunity,derived_from_stage2_public_evidence
RADIAN GROUP INC,ai_opportunity_scoring,https://www.sec.gov/edgar/browse/?CIK=890926,2026-05-14,opportunityScore=8; ,medium_ai_opportunity,derived_from_stage2_public_evidence
SAN JUAN BASIN ROYALTY TRUST,ai_opportunity_scoring,https://www.sec.gov/edgar/browse/?CIK=319655,2026-05-14,opportunityScore=8; ,medium_ai_opportunity,derived_from_stage2_public_evidence
Sanofi,ai_opportunity_scoring,https://www.sec.gov/edgar/browse/?CIK=1121404,2026-05-14,opportunityScore=8; ,medium_ai_opportunity,derived_from_stage2_public_evidence
"STEM, INC.",ai_opportunity_scoring,https://www.sec.gov/edgar/browse/?CIK=1758766,2026-05-14,opportunityScore=8; ,medium_ai_opportunity,derived_from_stage2_public_evidence
"Sunrise Realty Trust, Inc.",ai_opportunity_scoring,https://www.sec.gov/edgar/browse/?CIK=2012706,2026-05-14,opportunityScore=8; ,medium_ai_opportunity,derived_from_stage2_public_evidence
TARGET CORP,ai_opportunity_scoring,https://www.sec.gov/edgar/browse/?CIK=27419,2026-05-14,opportunityScore=8; ,medium_ai_opportunity,derived_from_stage2_public_evidence
TEAM INC,ai_opportunity_scoring,https://www.sec.gov/edgar/browse/?CIK=318833,2026-05-14,opportunityScore=8; ,medium_ai_opportunity,derived_from_stage2_public_evidence
TREX CO INC,ai_opportunity_scoring,https://www.sec.gov/edgar/browse/?CIK=1069878,2026-05-14,opportunityScore=8; ,medium_ai_opportunity,derived_from_stage2_public_evidence
Viatris Inc,ai_opportunity_scoring,https://www.sec.gov/edgar/browse/?CIK=1792044,2026-05-14,opportunityScore=8; ,medium_ai_opportunity,derived_from_stage2_public_evidence
"Vir Biotechnology, Inc.",ai_opportunity_scoring,https://www.sec.gov/edgar/browse/?CIK=1706431,2026-05-14,opportunityScore=8; ,medium_ai_opportunity,derived_from_stage2_public_evidence
RecoveryPlus.health,linkedin_jobs,,2026-05-14,browser_required_not_executed; query emitted in job_search_queries.csv,gated_job_source,browser_or_login_required
RecoveryPlus.health,indeed_jobs,,2026-05-14,browser_required_not_executed; query emitted in job_search_queries.csv,gated_job_source,browser_or_login_required
RecoveryPlus.health,boss_jobs,,2026-05-14,browser_required_not_executed; query emitted in job_search_queries.csv,gated_job_source,browser_or_login_required
RecoveryPlus.health,51job_jobs,,2026-05-14,browser_required_not_executed; query emitted in job_search_queries.csv,gated_job_source,browser_or_login_required
"Teladoc Health, Inc.",linkedin_jobs,,2026-05-14,browser_required_not_executed; query emitted in job_search_queries.csv,gated_job_source,browser_or_login_required
"Teladoc Health, Inc.",indeed_jobs,,2026-05-14,browser_required_not_executed; query emitted in job_search_queries.csv,gated_job_source,browser_or_login_required
"Teladoc Health, Inc.",boss_jobs,,2026-05-14,browser_required_not_executed; query emitted in job_search_queries.csv,gated_job_source,browser_or_login_required
"Teladoc Health, Inc.",51job_jobs,,2026-05-14,browser_required_not_executed; query emitted in job_search_queries.csv,gated_job_source,browser_or_login_required
医联,linkedin_jobs,,2026-05-14,browser_required_not_executed; query emitted in job_search_queries.csv,gated_job_source,browser_or_login_required
医联,indeed_jobs,,2026-05-14,browser_required_not_executed; query emitted in job_search_queries.csv,gated_job_source,browser_or_login_required
医联,boss_jobs,,2026-05-14,browser_required_not_executed; query emitted in job_search_queries.csv,gated_job_source,browser_or_login_required
医联,51job_jobs,,2026-05-14,browser_required_not_executed; query emitted in job_search_queries.csv,gated_job_source,browser_or_login_required
深圳市理邦精密仪器股份有限公司,linkedin_jobs,,2026-05-14,browser_required_not_executed; query emitted in job_search_queries.csv,gated_job_source,browser_or_login_required
深圳市理邦精密仪器股份有限公司,indeed_jobs,,2026-05-14,browser_required_not_executed; query emitted in job_search_queries.csv,gated_job_source,browser_or_login_required
深圳市理邦精密仪器股份有限公司,boss_jobs,,2026-05-14,browser_required_not_executed; query emitted in job_search_queries.csv,gated_job_source,browser_or_login_required
深圳市理邦精密仪器股份有限公司,51job_jobs,,2026-05-14,browser_required_not_executed; query emitted in job_search_queries.csv,gated_job_source,browser_or_login_required
天津致远慧图科技有限公司,linkedin_jobs,,2026-05-14,browser_required_not_executed; query emitted in job_search_queries.csv,gated_job_source,browser_or_login_required
天津致远慧图科技有限公司,indeed_jobs,,2026-05-14,browser_required_not_executed; query emitted in job_search_queries.csv,gated_job_source,browser_or_login_required
天津致远慧图科技有限公司,boss_jobs,,2026-05-14,browser_required_not_executed; query emitted in job_search_queries.csv,gated_job_source,browser_or_login_required
天津致远慧图科技有限公司,51job_jobs,,2026-05-14,browser_required_not_executed; query emitted in job_search_queries.csv,gated_job_source,browser_or_login_required
武汉兰丁智能医学股份有限公司,linkedin_jobs,,2026-05-14,browser_required_not_executed; query emitted in job_search_queries.csv,gated_job_source,browser_or_login_required
武汉兰丁智能医学股份有限公司,indeed_jobs,,2026-05-14,browser_required_not_executed; query emitted in job_search_queries.csv,gated_job_source,browser_or_login_required
武汉兰丁智能医学股份有限公司,boss_jobs,,2026-05-14,browser_required_not_executed; query emitted in job_search_queries.csv,gated_job_source,browser_or_login_required
武汉兰丁智能医学股份有限公司,51job_jobs,,2026-05-14,browser_required_not_executed; query emitted in job_search_queries.csv,gated_job_source,browser_or_login_required
上海联影智能科技股份有限公司,linkedin_jobs,,2026-05-14,browser_required_not_executed; query emitted in job_search_queries.csv,gated_job_source,browser_or_login_required
上海联影智能科技股份有限公司,indeed_jobs,,2026-05-14,browser_required_not_executed; query emitted in job_search_queries.csv,gated_job_source,browser_or_login_required
上海联影智能科技股份有限公司,boss_jobs,,2026-05-14,browser_required_not_executed; query emitted in job_search_queries.csv,gated_job_source,browser_or_login_required
上海联影智能科技股份有限公司,51job_jobs,,2026-05-14,browser_required_not_executed; query emitted in job_search_queries.csv,gated_job_source,browser_or_login_required
智云健康,linkedin_jobs,,2026-05-14,browser_required_not_executed; query emitted in job_search_queries.csv,gated_job_source,browser_or_login_required
智云健康,indeed_jobs,,2026-05-14,browser_required_not_executed; query emitted in job_search_queries.csv,gated_job_source,browser_or_login_required
智云健康,boss_jobs,,2026-05-14,browser_required_not_executed; query emitted in job_search_queries.csv,gated_job_source,browser_or_login_required
智云健康,51job_jobs,,2026-05-14,browser_required_not_executed; query emitted in job_search_queries.csv,gated_job_source,browser_or_login_required
Livongo,linkedin_jobs,,2026-05-14,browser_required_not_executed; query emitted in job_search_queries.csv,gated_job_source,browser_or_login_required
Livongo,indeed_jobs,,2026-05-14,browser_required_not_executed; query emitted in job_search_queries.csv,gated_job_source,browser_or_login_required
Livongo,boss_jobs,,2026-05-14,browser_required_not_executed; query emitted in job_search_queries.csv,gated_job_source,browser_or_login_required
Livongo,51job_jobs,,2026-05-14,browser_required_not_executed; query emitted in job_search_queries.csv,gated_job_source,browser_or_login_required
"Omada Health, Inc.",official_greenhouse,https://job-boards.greenhouse.io/omadahealth/jobs/7788457,2026-05-14,"Associate Product Manager, Data Governance; Remote, USA; verified_active",strong_official_job,public_job_posting
"Omada Health, Inc.",official_greenhouse,https://job-boards.greenhouse.io/omadahealth/jobs/7800367,2026-05-14,"Senior Data Analyst, Product Analytics (Fixed Term 10 Months); Remote, USA; verified_active",strong_official_job,public_job_posting
"Omada Health, Inc.",official_greenhouse,https://job-boards.greenhouse.io/omadahealth/jobs/7800365,2026-05-14,"Senior IT Engineer, AI Enablement; Remote, USA; verified_active",strong_official_job,public_job_posting
"Omada Health, Inc.",official_greenhouse,https://job-boards.greenhouse.io/omadahealth/jobs/7415707,2026-05-14,"Senior IT Engineer, Automation; Remote, USA; verified_active",strong_official_job,public_job_posting
"Omada Health, Inc.",official_greenhouse,https://job-boards.greenhouse.io/omadahealth/jobs/7759052,2026-05-14,"Senior Product Manager, Data Enablement; Remote, USA; verified_active",strong_official_job,public_job_posting
"Omada Health, Inc.",official_greenhouse,https://job-boards.greenhouse.io/omadahealth/jobs/7685483,2026-05-14,"Senior Software Engineer; Remote, USA; verified_active",strong_official_job,public_job_posting
"Omada Health, Inc.",official_greenhouse,https://job-boards.greenhouse.io/omadahealth/jobs/7822840,2026-05-14,"Senior Software Engineer; Remote, USA; verified_active",strong_official_job,public_job_posting
"Omada Health, Inc.",official_greenhouse,https://job-boards.greenhouse.io/omadahealth/jobs/7871522,2026-05-14,"Senior Software Engineer, Data Engineering; Remote, USA; verified_active",strong_official_job,public_job_posting
"Omada Health, Inc.",official_greenhouse,https://job-boards.greenhouse.io/omadahealth/jobs/7915113,2026-05-14,"Staff Software Engineer; Remote, USA; verified_active",strong_official_job,public_job_posting
"Omada Health, Inc.",linkedin_jobs,,2026-05-14,browser_required_not_executed; query emitted in job_search_queries.csv,gated_job_source,browser_or_login_required
"Omada Health, Inc.",indeed_jobs,,2026-05-14,browser_required_not_executed; query emitted in job_search_queries.csv,gated_job_source,browser_or_login_required
"Omada Health, Inc.",boss_jobs,,2026-05-14,browser_required_not_executed; query emitted in job_search_queries.csv,gated_job_source,browser_or_login_required
"Omada Health, Inc.",51job_jobs,,2026-05-14,browser_required_not_executed; query emitted in job_search_queries.csv,gated_job_source,browser_or_login_required
北京品驰医疗设备股份有限公司,linkedin_jobs,,2026-05-14,browser_required_not_executed; query emitted in job_search_queries.csv,gated_job_source,browser_or_login_required
北京品驰医疗设备股份有限公司,indeed_jobs,,2026-05-14,browser_required_not_executed; query emitted in job_search_queries.csv,gated_job_source,browser_or_login_required
北京品驰医疗设备股份有限公司,boss_jobs,,2026-05-14,browser_required_not_executed; query emitted in job_search_queries.csv,gated_job_source,browser_or_login_required
北京品驰医疗设备股份有限公司,51job_jobs,,2026-05-14,browser_required_not_executed; query emitted in job_search_queries.csv,gated_job_source,browser_or_login_required
深圳市埃微医疗信息技术有限公司,linkedin_jobs,,2026-05-14,browser_required_not_executed; query emitted in job_search_queries.csv,gated_job_source,browser_or_login_required
深圳市埃微医疗信息技术有限公司,indeed_jobs,,2026-05-14,browser_required_not_executed; query emitted in job_search_queries.csv,gated_job_source,browser_or_login_required
深圳市埃微医疗信息技术有限公司,boss_jobs,,2026-05-14,browser_required_not_executed; query emitted in job_search_queries.csv,gated_job_source,browser_or_login_required
深圳市埃微医疗信息技术有限公司,51job_jobs,,2026-05-14,browser_required_not_executed; query emitted in job_search_queries.csv,gated_job_source,browser_or_login_required
上海镜影信息科技有限公司,linkedin_jobs,,2026-05-14,browser_required_not_executed; query emitted in job_search_queries.csv,gated_job_source,browser_or_login_required
上海镜影信息科技有限公司,indeed_jobs,,2026-05-14,browser_required_not_executed; query emitted in job_search_queries.csv,gated_job_source,browser_or_login_required
上海镜影信息科技有限公司,boss_jobs,,2026-05-14,browser_required_not_executed; query emitted in job_search_queries.csv,gated_job_source,browser_or_login_required
上海镜影信息科技有限公司,51job_jobs,,2026-05-14,browser_required_not_executed; query emitted in job_search_queries.csv,gated_job_source,browser_or_login_required
华思（天津）医疗健康管理有限公司,linkedin_jobs,,2026-05-14,browser_required_not_executed; query emitted in job_search_queries.csv,gated_job_source,browser_or_login_required
华思（天津）医疗健康管理有限公司,indeed_jobs,,2026-05-14,browser_required_not_executed; query emitted in job_search_queries.csv,gated_job_source,browser_or_login_required
华思（天津）医疗健康管理有限公司,boss_jobs,,2026-05-14,browser_required_not_executed; query emitted in job_search_queries.csv,gated_job_source,browser_or_login_required
华思（天津）医疗健康管理有限公司,51job_jobs,,2026-05-14,browser_required_not_executed; query emitted in job_search_queries.csv,gated_job_source,browser_or_login_required
景昱医疗科技（苏州）股份有限公司,linkedin_jobs,,2026-05-14,browser_required_not_executed; query emitted in job_search_queries.csv,gated_job_source,browser_or_login_required
景昱医疗科技（苏州）股份有限公司,indeed_jobs,,2026-05-14,browser_required_not_executed; query emitted in job_search_queries.csv,gated_job_source,browser_or_login_required
景昱医疗科技（苏州）股份有限公司,boss_jobs,,2026-05-14,browser_required_not_executed; query emitted in job_search_queries.csv,gated_job_source,browser_or_login_required
景昱医疗科技（苏州）股份有限公司,51job_jobs,,2026-05-14,browser_required_not_executed; query emitted in job_search_queries.csv,gated_job_source,browser_or_login_required
北京至真互联网技术有限公司,linkedin_jobs,,2026-05-14,browser_required_not_executed; query emitted in job_search_queries.csv,gated_job_source,browser_or_login_required
北京至真互联网技术有限公司,indeed_jobs,,2026-05-14,browser_required_not_executed; query emitted in job_search_queries.csv,gated_job_source,browser_or_login_required
北京至真互联网技术有限公司,boss_jobs,,2026-05-14,browser_required_not_executed; query emitted in job_search_queries.csv,gated_job_source,browser_or_login_required
北京至真互联网技术有限公司,51job_jobs,,2026-05-14,browser_required_not_executed; query emitted in job_search_queries.csv,gated_job_source,browser_or_login_required
成都云卫康医疗科技有限公司,linkedin_jobs,,2026-05-14,browser_required_not_executed; query emitted in job_search_queries.csv,gated_job_source,browser_or_login_required
成都云卫康医疗科技有限公司,indeed_jobs,,2026-05-14,browser_required_not_executed; query emitted in job_search_queries.csv,gated_job_source,browser_or_login_required
成都云卫康医疗科技有限公司,boss_jobs,,2026-05-14,browser_required_not_executed; query emitted in job_search_queries.csv,gated_job_source,browser_or_login_required
成都云卫康医疗科技有限公司,51job_jobs,,2026-05-14,browser_required_not_executed; query emitted in job_search_queries.csv,gated_job_source,browser_or_login_required
深圳星康医疗科技有限公司,linkedin_jobs,,2026-05-14,browser_required_not_executed; query emitted in job_search_queries.csv,gated_job_source,browser_or_login_required
深圳星康医疗科技有限公司,indeed_jobs,,2026-05-14,browser_required_not_executed; query emitted in job_search_queries.csv,gated_job_source,browser_or_login_required
深圳星康医疗科技有限公司,boss_jobs,,2026-05-14,browser_required_not_executed; query emitted in job_search_queries.csv,gated_job_source,browser_or_login_required
深圳星康医疗科技有限公司,51job_jobs,,2026-05-14,browser_required_not_executed; query emitted in job_search_queries.csv,gated_job_source,browser_or_login_required
"Abbott Diabetes Care, Inc.",linkedin_jobs,,2026-05-14,browser_required_not_executed; query emitted in job_search_queries.csv,gated_job_source,browser_or_login_required
"Abbott Diabetes Care, Inc.",indeed_jobs,,2026-05-14,browser_required_not_executed; query emitted in job_search_queries.csv,gated_job_source,browser_or_login_required
"Abbott Diabetes Care, Inc.",boss_jobs,,2026-05-14,browser_required_not_executed; query emitted in job_search_queries.csv,gated_job_source,browser_or_login_required
"Abbott Diabetes Care, Inc.",51job_jobs,,2026-05-14,browser_required_not_executed; query emitted in job_search_queries.csv,gated_job_source,browser_or_login_required
腾讯医疗健康（深圳）有限公司,linkedin_jobs,,2026-05-14,browser_required_not_executed; query emitted in job_search_queries.csv,gated_job_source,browser_or_login_required
腾讯医疗健康（深圳）有限公司,indeed_jobs,,2026-05-14,browser_required_not_executed; query emitted in job_search_queries.csv,gated_job_source,browser_or_login_required
腾讯医疗健康（深圳）有限公司,boss_jobs,,2026-05-14,browser_required_not_executed; query emitted in job_search_queries.csv,gated_job_source,browser_or_login_required
腾讯医疗健康（深圳）有限公司,51job_jobs,,2026-05-14,browser_required_not_executed; query emitted in job_search_queries.csv,gated_job_source,browser_or_login_required
英国雅培糖尿病护理公司,linkedin_jobs,,2026-05-14,browser_required_not_executed; query emitted in job_search_queries.csv,gated_job_source,browser_or_login_required
英国雅培糖尿病护理公司,indeed_jobs,,2026-05-14,browser_required_not_executed; query emitted in job_search_queries.csv,gated_job_source,browser_or_login_required
英国雅培糖尿病护理公司,boss_jobs,,2026-05-14,browser_required_not_executed; query emitted in job_search_queries.csv,gated_job_source,browser_or_login_required
英国雅培糖尿病护理公司,51job_jobs,,2026-05-14,browser_required_not_executed; query emitted in job_search_queries.csv,gated_job_source,browser_or_login_required
"ACON Laboratories, Inc.",linkedin_jobs,,2026-05-14,browser_required_not_executed; query emitted in job_search_queries.csv,gated_job_source,browser_or_login_required
"ACON Laboratories, Inc.",indeed_jobs,,2026-05-14,browser_required_not_executed; query emitted in job_search_queries.csv,gated_job_source,browser_or_login_required
"ACON Laboratories, Inc.",boss_jobs,,2026-05-14,browser_required_not_executed; query emitted in job_search_queries.csv,gated_job_source,browser_or_login_required
"ACON Laboratories, Inc.",51job_jobs,,2026-05-14,browser_required_not_executed; query emitted in job_search_queries.csv,gated_job_source,browser_or_login_required
"Agamatrix, Inc.",linkedin_jobs,,2026-05-14,browser_required_not_executed; query emitted in job_search_queries.csv,gated_job_source,browser_or_login_required
"Agamatrix, Inc.",indeed_jobs,,2026-05-14,browser_required_not_executed; query emitted in job_search_queries.csv,gated_job_source,browser_or_login_required
"Agamatrix, Inc.",boss_jobs,,2026-05-14,browser_required_not_executed; query emitted in job_search_queries.csv,gated_job_source,browser_or_login_required
"Agamatrix, Inc.",51job_jobs,,2026-05-14,browser_required_not_executed; query emitted in job_search_queries.csv,gated_job_source,browser_or_login_required
纳龙健康科技股份有限公司,linkedin_jobs,,2026-05-14,browser_required_not_executed; query emitted in job_search_queries.csv,gated_job_source,browser_or_login_required
纳龙健康科技股份有限公司,indeed_jobs,,2026-05-14,browser_required_not_executed; query emitted in job_search_queries.csv,gated_job_source,browser_or_login_required
纳龙健康科技股份有限公司,boss_jobs,,2026-05-14,browser_required_not_executed; query emitted in job_search_queries.csv,gated_job_source,browser_or_login_required
纳龙健康科技股份有限公司,51job_jobs,,2026-05-14,browser_required_not_executed; query emitted in job_search_queries.csv,gated_job_source,browser_or_login_required
Biofourmis,linkedin_jobs,,2026-05-14,browser_required_not_executed; query emitted in job_search_queries.csv,gated_job_source,browser_or_login_required
Biofourmis,indeed_jobs,,2026-05-14,browser_required_not_executed; query emitted in job_search_queries.csv,gated_job_source,browser_or_login_required
Biofourmis,boss_jobs,,2026-05-14,browser_required_not_executed; query emitted in job_search_queries.csv,gated_job_source,browser_or_login_required
Biofourmis,51job_jobs,,2026-05-14,browser_required_not_executed; query emitted in job_search_queries.csv,gated_job_source,browser_or_login_required
Glooko,linkedin_jobs,,2026-05-14,browser_required_not_executed; query emitted in job_search_queries.csv,gated_job_source,browser_or_login_required
Glooko,indeed_jobs,,2026-05-14,browser_required_not_executed; query emitted in job_search_queries.csv,gated_job_source,browser_or_login_required
Glooko,boss_jobs,,2026-05-14,browser_required_not_executed; query emitted in job_search_queries.csv,gated_job_source,browser_or_login_required
Glooko,51job_jobs,,2026-05-14,browser_required_not_executed; query emitted in job_search_queries.csv,gated_job_source,browser_or_login_required
上海鹰瞳医疗科技有限公司,linkedin_jobs,,2026-05-14,browser_required_not_executed; query emitted in job_search_queries.csv,gated_job_source,browser_or_login_required
上海鹰瞳医疗科技有限公司,indeed_jobs,,2026-05-14,browser_required_not_executed; query emitted in job_search_queries.csv,gated_job_source,browser_or_login_required
上海鹰瞳医疗科技有限公司,boss_jobs,,2026-05-14,browser_required_not_executed; query emitted in job_search_queries.csv,gated_job_source,browser_or_login_required
上海鹰瞳医疗科技有限公司,51job_jobs,,2026-05-14,browser_required_not_executed; query emitted in job_search_queries.csv,gated_job_source,browser_or_login_required
山东正心医疗科技有限公司,linkedin_jobs,,2026-05-14,browser_required_not_executed; query emitted in job_search_queries.csv,gated_job_source,browser_or_login_required
山东正心医疗科技有限公司,indeed_jobs,,2026-05-14,browser_required_not_executed; query emitted in job_search_queries.csv,gated_job_source,browser_or_login_required
山东正心医疗科技有限公司,boss_jobs,,2026-05-14,browser_required_not_executed; query emitted in job_search_queries.csv,gated_job_source,browser_or_login_required
山东正心医疗科技有限公司,51job_jobs,,2026-05-14,browser_required_not_executed; query emitted in job_search_queries.csv,gated_job_source,browser_or_login_required
深圳硅基智能科技有限公司,linkedin_jobs,,2026-05-14,browser_required_not_executed; query emitted in job_search_queries.csv,gated_job_source,browser_or_login_required
深圳硅基智能科技有限公司,indeed_jobs,,2026-05-14,browser_required_not_executed; query emitted in job_search_queries.csv,gated_job_source,browser_or_login_required
深圳硅基智能科技有限公司,boss_jobs,,2026-05-14,browser_required_not_executed; query emitted in job_search_queries.csv,gated_job_source,browser_or_login_required
深圳硅基智能科技有限公司,51job_jobs,,2026-05-14,browser_required_not_executed; query emitted in job_search_queries.csv,gated_job_source,browser_or_login_required
Amwell,linkedin_jobs,,2026-05-14,browser_required_not_executed; query emitted in job_search_queries.csv,gated_job_source,browser_or_login_required
Amwell,indeed_jobs,,2026-05-14,browser_required_not_executed; query emitted in job_search_queries.csv,gated_job_source,browser_or_login_required
Amwell,boss_jobs,,2026-05-14,browser_required_not_executed; query emitted in job_search_queries.csv,gated_job_source,browser_or_login_required
Amwell,51job_jobs,,2026-05-14,browser_required_not_executed; query emitted in job_search_queries.csv,gated_job_source,browser_or_login_required
"Hinge Health, Inc.",official_ashby,https://jobs.ashbyhq.com/hinge-health/148e6d63-1fa8-4423-9b16-ac4b85765a65,2026-05-14,"Staff Software Engineer, Growth; ; verified_active",strong_official_job,public_job_posting
"Hinge Health, Inc.",official_ashby,https://jobs.ashbyhq.com/hinge-health/e206ad9f-58ab-4dea-afa6-77a2240293c9,2026-05-14,"Product Manager, Conversational AI ; ; verified_active",strong_official_job,public_job_posting
"Hinge Health, Inc.",official_ashby,https://jobs.ashbyhq.com/hinge-health/52fe3126-23ad-418b-8d40-e0cad5ab7d91,2026-05-14,"Product Manager, Commercial Solutions; ; verified_active",strong_official_job,public_job_posting
"Hinge Health, Inc.",official_ashby,https://jobs.ashbyhq.com/hinge-health/9e0de34e-f7cc-4ea2-919c-45d0552b6476,2026-05-14,"Senior Product Manager, Identity & Entitlements; ; verified_active",strong_official_job,public_job_posting
"Hinge Health, Inc.",official_ashby,https://jobs.ashbyhq.com/hinge-health/4356b10b-1df5-4c44-b681-119c8413a796,2026-05-14,"Senior Product Manager, Consumer Experiences; ; verified_active",strong_official_job,public_job_posting
"Hinge Health, Inc.",official_ashby,https://jobs.ashbyhq.com/hinge-health/da6da560-9790-45a5-b805-a780c2aba505,2026-05-14,"Staff Software Engineer - Brain Health, AI; ; verified_active",strong_official_job,public_job_posting
"Hinge Health, Inc.",official_ashby,https://jobs.ashbyhq.com/hinge-health/8c81f0c5-a2e8-43ba-8347-34c6302c1c3a,2026-05-14,"Staff Software Engineer, Hinge Select; ; verified_active",strong_official_job,public_job_posting
"Hinge Health, Inc.",official_ashby,https://jobs.ashbyhq.com/hinge-health/4fba45fc-b27f-4ac8-9eac-2b8ac66c0a58,2026-05-14,"Staff Software Engineer, Proactive Communications; ; verified_active",strong_official_job,public_job_posting
"Hinge Health, Inc.",official_ashby,https://jobs.ashbyhq.com/hinge-health/f5b06c49-aa7d-4516-8c55-3ad518e98d9a,2026-05-14,Senior Engineering Manager - Brain Health; ; verified_active,strong_official_job,public_job_posting
"Hinge Health, Inc.",official_ashby,https://jobs.ashbyhq.com/hinge-health/8390aad0-ade1-4875-92d1-28a7ff4676a1,2026-05-14,Senior Software Engineer; ; verified_active,strong_official_job,public_job_posting
"Hinge Health, Inc.",official_ashby,https://jobs.ashbyhq.com/hinge-health/fafa425b-fdc4-497d-93d4-f52203eeb5d8,2026-05-14,Lead Data Analyst; ; verified_active,strong_official_job,public_job_posting
"Hinge Health, Inc.",official_ashby,https://jobs.ashbyhq.com/hinge-health/3e4727c3-6842-4a74-8b3f-00f47c787ddb,2026-05-14,Mechanical Engineer II; ; verified_active,strong_official_job,public_job_posting
"Hinge Health, Inc.",official_ashby,https://jobs.ashbyhq.com/hinge-health/1156e183-c32e-4a5b-8c2e-d06cc97dde95,2026-05-14,Electrical Engineer II; ; verified_active,strong_official_job,public_job_posting
"Hinge Health, Inc.",official_ashby,https://jobs.ashbyhq.com/hinge-health/1c12ab11-054c-45be-9be5-054aaa81414b,2026-05-14,Data Science Manager; ; verified_active,strong_official_job,public_job_posting
"Hinge Health, Inc.",official_ashby,https://jobs.ashbyhq.com/hinge-health/d686db55-9932-4ecd-aa05-51d5d7bc3be9,2026-05-14,Senior Data Scientist - Claims Data; ; verified_active,strong_official_job,public_job_posting
"Hinge Health, Inc.",official_ashby,https://jobs.ashbyhq.com/hinge-health/116315f4-07d8-42c7-a527-a4db855a3973,2026-05-14,Senior Software Engineer; ; verified_active,strong_official_job,public_job_posting
"Hinge Health, Inc.",official_ashby,https://jobs.ashbyhq.com/hinge-health/62606e75-fd9f-4f9e-85c2-63a82e849db2,2026-05-14,Software Engineer II; ; verified_active,strong_official_job,public_job_posting
"Hinge Health, Inc.",official_ashby,https://jobs.ashbyhq.com/hinge-health/03cb8e88-0ea7-4db1-bdf8-2cfacf697521,2026-05-14,"Senior Product Manager, Vertical Programs; ; verified_active",strong_official_job,public_job_posting
"Hinge Health, Inc.",official_ashby,https://jobs.ashbyhq.com/hinge-health/c01f66d5-0092-4651-8442-a92f151a6503,2026-05-14,"Senior Software Engineer, Fullstack; ; verified_active",strong_official_job,public_job_posting
"Hinge Health, Inc.",official_ashby,https://jobs.ashbyhq.com/hinge-health/c8f3a994-f736-4f49-aaf3-cceb7610c702,2026-05-14,Senior Software Engineer - Accounts; ; verified_active,strong_official_job,public_job_posting
"Hinge Health, Inc.",official_ashby,https://jobs.ashbyhq.com/hinge-health/45e3a1d2-e640-4545-b9d2-c9b337fb228d,2026-05-14,Staff Regulatory Affairs Engineer; ; verified_active,strong_official_job,public_job_posting
"Hinge Health, Inc.",official_ashby,https://jobs.ashbyhq.com/hinge-health/1b52c1a5-bf9c-4cfb-828e-03405ef7c1bd,2026-05-14,"Sr. Project Manager / AI Implementations, Growth Marketing Operations; ; verified_active",strong_official_job,public_job_posting
"Hinge Health, Inc.",official_ashby,https://jobs.ashbyhq.com/hinge-health/12ec2655-34d6-4990-a148-4504b91b7796,2026-05-14,Firmware Engineer II; ; verified_active,strong_official_job,public_job_posting
"Hinge Health, Inc.",official_ashby,https://jobs.ashbyhq.com/hinge-health/25e98df9-f165-4cde-9eed-579370008428,2026-05-14,Engineering Manager; ; verified_active,strong_official_job,public_job_posting
"Hinge Health, Inc.",official_ashby,https://jobs.ashbyhq.com/hinge-health/d7ed5d8f-351e-4c50-a9af-362523eb2d87,2026-05-14,Lead Product Manager - Agentic AI; ; verified_active,strong_official_job,public_job_posting
"Hinge Health, Inc.",official_ashby,https://jobs.ashbyhq.com/hinge-health/a2ff546f-48b3-470a-b3ad-e9cbe6216346,2026-05-14,Senior Data Scientist; ; verified_active,strong_official_job,public_job_posting
"Hinge Health, Inc.",official_ashby,https://jobs.ashbyhq.com/hinge-health/547ca385-1f61-4155-91c2-6f39db733e4c,2026-05-14,"Engineering Manager, Design Systems; ; verified_active",strong_official_job,public_job_posting
"Hinge Health, Inc.",official_ashby,https://jobs.ashbyhq.com/hinge-health/383dd2f7-f67a-49ab-a61b-e3c9eec51a4a,2026-05-14,"Engineering Manager, Outcomes; ; verified_active",strong_official_job,public_job_posting
"Hinge Health, Inc.",official_ashby,https://jobs.ashbyhq.com/hinge-health/c1fddddd-93d1-4eae-b34b-3ff6f9dc2bab,2026-05-14,"Engineering Manager, Home Library; ; verified_active",strong_official_job,public_job_posting
"Hinge Health, Inc.",official_ashby,https://jobs.ashbyhq.com/hinge-health/2d739073-cf92-4681-991c-f3ac871cdb7a,2026-05-14,Staff Software Engineer; ; verified_active,strong_official_job,public_job_posting
"Hinge Health, Inc.",official_ashby,https://jobs.ashbyhq.com/hinge-health/87b9c2f0-43f6-470e-bac5-6c5e701ddcbd,2026-05-14,Senior Software Engineer - Frontend; ; verified_active,strong_official_job,public_job_posting
"Hinge Health, Inc.",official_ashby,https://jobs.ashbyhq.com/hinge-health/9fa0966d-ea95-4948-bc28-c8511944b320,2026-05-14,Senior Software Engineer - Search; ; verified_active,strong_official_job,public_job_posting
"Hinge Health, Inc.",official_ashby,https://jobs.ashbyhq.com/hinge-health/2e024e56-5b4c-450e-8f3f-1b1cb43f19b1,2026-05-14,IT Engineer; ; verified_active,strong_official_job,public_job_posting
"Hinge Health, Inc.",official_ashby,https://jobs.ashbyhq.com/hinge-health/da7155c4-75c7-418a-a693-2171d6095d4b,2026-05-14,Lead Security Engineer; ; verified_active,strong_official_job,public_job_posting
"Hinge Health, Inc.",official_ashby,https://jobs.ashbyhq.com/hinge-health/8b4e1896-3520-4a5b-9e8e-53e0ccd736f9,2026-05-14,Software Engineer II; ; verified_active,strong_official_job,public_job_posting
"Hinge Health, Inc.",official_ashby,https://jobs.ashbyhq.com/hinge-health/d4e9486b-46e7-4b07-8679-a2868fff8355,2026-05-14,Sr. Engineering Manager; ; verified_active,strong_official_job,public_job_posting
"Hinge Health, Inc.",linkedin_jobs,,2026-05-14,browser_required_not_executed; query emitted in job_search_queries.csv,gated_job_source,browser_or_login_required
"Hinge Health, Inc.",indeed_jobs,,2026-05-14,browser_required_not_executed; query emitted in job_search_queries.csv,gated_job_source,browser_or_login_required
"Hinge Health, Inc.",boss_jobs,,2026-05-14,browser_required_not_executed; query emitted in job_search_queries.csv,gated_job_source,browser_or_login_required
"Hinge Health, Inc.",51job_jobs,,2026-05-14,browser_required_not_executed; query emitted in job_search_queries.csv,gated_job_source,browser_or_login_required
方舟健客,linkedin_jobs,,2026-05-14,browser_required_not_executed; query emitted in job_search_queries.csv,gated_job_source,browser_or_login_required
方舟健客,indeed_jobs,,2026-05-14,browser_required_not_executed; query emitted in job_search_queries.csv,gated_job_source,browser_or_login_required
方舟健客,boss_jobs,,2026-05-14,browser_required_not_executed; query emitted in job_search_queries.csv,gated_job_source,browser_or_login_required
方舟健客,51job_jobs,,2026-05-14,browser_required_not_executed; query emitted in job_search_queries.csv,gated_job_source,browser_or_login_required
Mindmaze SA,linkedin_jobs,,2026-05-14,browser_required_not_executed; query emitted in job_search_queries.csv,gated_job_source,browser_or_login_required
Mindmaze SA,indeed_jobs,,2026-05-14,browser_required_not_executed; query emitted in job_search_queries.csv,gated_job_source,browser_or_login_required
Mindmaze SA,boss_jobs,,2026-05-14,browser_required_not_executed; query emitted in job_search_queries.csv,gated_job_source,browser_or_login_required
Mindmaze SA,51job_jobs,,2026-05-14,browser_required_not_executed; query emitted in job_search_queries.csv,gated_job_source,browser_or_login_required
北京致远慧图科技有限公司,linkedin_jobs,,2026-05-14,browser_required_not_executed; query emitted in job_search_queries.csv,gated_job_source,browser_or_login_required
北京致远慧图科技有限公司,indeed_jobs,,2026-05-14,browser_required_not_executed; query emitted in job_search_queries.csv,gated_job_source,browser_or_login_required
北京致远慧图科技有限公司,boss_jobs,,2026-05-14,browser_required_not_executed; query emitted in job_search_queries.csv,gated_job_source,browser_or_login_required
北京致远慧图科技有限公司,51job_jobs,,2026-05-14,browser_required_not_executed; query emitted in job_search_queries.csv,gated_job_source,browser_or_login_required
妙手医生,linkedin_jobs,,2026-05-14,browser_required_not_executed; query emitted in job_search_queries.csv,gated_job_source,browser_or_login_required
妙手医生,indeed_jobs,,2026-05-14,browser_required_not_executed; query emitted in job_search_queries.csv,gated_job_source,browser_or_login_required
妙手医生,boss_jobs,,2026-05-14,browser_required_not_executed; query emitted in job_search_queries.csv,gated_job_source,browser_or_login_required
妙手医生,51job_jobs,,2026-05-14,browser_required_not_executed; query emitted in job_search_queries.csv,gated_job_source,browser_or_login_required
长沙爱孕记医疗科技有限公司,linkedin_jobs,,2026-05-14,browser_required_not_executed; query emitted in job_search_queries.csv,gated_job_source,browser_or_login_required
长沙爱孕记医疗科技有限公司,indeed_jobs,,2026-05-14,browser_required_not_executed; query emitted in job_search_queries.csv,gated_job_source,browser_or_login_required
长沙爱孕记医疗科技有限公司,boss_jobs,,2026-05-14,browser_required_not_executed; query emitted in job_search_queries.csv,gated_job_source,browser_or_login_required
长沙爱孕记医疗科技有限公司,51job_jobs,,2026-05-14,browser_required_not_executed; query emitted in job_search_queries.csv,gated_job_source,browser_or_login_required
Doctolib,official_careers_timeout,https://www.doctolib.fr/,2026-05-14,company verification timed out after 45000ms,gated_or_unavailable_job_source,timeout
平安健康,linkedin_jobs,,2026-05-14,browser_required_not_executed; query emitted in job_search_queries.csv,gated_job_source,browser_or_login_required
平安健康,indeed_jobs,,2026-05-14,browser_required_not_executed; query emitted in job_search_queries.csv,gated_job_source,browser_or_login_required
平安健康,boss_jobs,,2026-05-14,browser_required_not_executed; query emitted in job_search_queries.csv,gated_job_source,browser_or_login_required
平安健康,51job_jobs,,2026-05-14,browser_required_not_executed; query emitted in job_search_queries.csv,gated_job_source,browser_or_login_required
苏州体素信息科技有限公司,linkedin_jobs,,2026-05-14,browser_required_not_executed; query emitted in job_search_queries.csv,gated_job_source,browser_or_login_required
苏州体素信息科技有限公司,indeed_jobs,,2026-05-14,browser_required_not_executed; query emitted in job_search_queries.csv,gated_job_source,browser_or_login_required
苏州体素信息科技有限公司,boss_jobs,,2026-05-14,browser_required_not_executed; query emitted in job_search_queries.csv,gated_job_source,browser_or_login_required
苏州体素信息科技有限公司,51job_jobs,,2026-05-14,browser_required_not_executed; query emitted in job_search_queries.csv,gated_job_source,browser_or_login_required
"Corventis, Inc.",linkedin_jobs,,2026-05-14,browser_required_not_executed; query emitted in job_search_queries.csv,gated_job_source,browser_or_login_required
"Corventis, Inc.",indeed_jobs,,2026-05-14,browser_required_not_executed; query emitted in job_search_queries.csv,gated_job_source,browser_or_login_required
"Corventis, Inc.",boss_jobs,,2026-05-14,browser_required_not_executed; query emitted in job_search_queries.csv,gated_job_source,browser_or_login_required
"Corventis, Inc.",51job_jobs,,2026-05-14,browser_required_not_executed; query emitted in job_search_queries.csv,gated_job_source,browser_or_login_required
Voluntis Sa.,linkedin_jobs,,2026-05-14,browser_required_not_executed; query emitted in job_search_queries.csv,gated_job_source,browser_or_login_required
Voluntis Sa.,indeed_jobs,,2026-05-14,browser_required_not_executed; query emitted in job_search_queries.csv,gated_job_source,browser_or_login_required
Voluntis Sa.,boss_jobs,,2026-05-14,browser_required_not_executed; query emitted in job_search_queries.csv,gated_job_source,browser_or_login_required
Voluntis Sa.,51job_jobs,,2026-05-14,browser_required_not_executed; query emitted in job_search_queries.csv,gated_job_source,browser_or_login_required
合肥合滨智能机器人有限公司,linkedin_jobs,,2026-05-14,browser_required_not_executed; query emitted in job_search_queries.csv,gated_job_source,browser_or_login_required
合肥合滨智能机器人有限公司,indeed_jobs,,2026-05-14,browser_required_not_executed; query emitted in job_search_queries.csv,gated_job_source,browser_or_login_required
合肥合滨智能机器人有限公司,boss_jobs,,2026-05-14,browser_required_not_executed; query emitted in job_search_queries.csv,gated_job_source,browser_or_login_required
合肥合滨智能机器人有限公司,51job_jobs,,2026-05-14,browser_required_not_executed; query emitted in job_search_queries.csv,gated_job_source,browser_or_login_required
Headspace Health,official_greenhouse,https://job-boards.greenhouse.io/hs/jobs/7391268,2026-05-14,Bilingual (French/English) Part Time Flex Mental Health Coach; Remote - United States; expired_or_closed,medium_job_board,public_job_posting
Headspace Health,official_greenhouse,https://job-boards.greenhouse.io/hs/jobs/5969696,2026-05-14,"California Remote Therapist, W2 Part Time (CA Residents); Remote - United States; expired_or_closed",medium_job_board,public_job_posting
Headspace Health,official_greenhouse,https://job-boards.greenhouse.io/hs/jobs/7822035,2026-05-14,Data Governance Manager; Remote - United States; verified_active,strong_official_job,public_job_posting
Headspace Health,official_greenhouse,https://job-boards.greenhouse.io/hs/jobs/7908962,2026-05-14,"Director, AI Enablement; Remote - United States; San Francisco - Hybrid; verified_active",strong_official_job,public_job_posting
Headspace Health,official_greenhouse,https://job-boards.greenhouse.io/hs/jobs/7868660,2026-05-14,"Director, Data Science; Remote - United States; verified_active",strong_official_job,public_job_posting
Headspace Health,official_greenhouse,https://job-boards.greenhouse.io/hs/jobs/6579382,2026-05-14,"Georgia Remote Licensed Mental Health Therapist, 1099 Contractor; Remote - United States; expired_or_closed",medium_job_board,public_job_posting
Headspace Health,official_greenhouse,https://job-boards.greenhouse.io/hs/jobs/6572886,2026-05-14,"Hawaii Remote Licensed Mental HealthTherapist, 1099 Contractor ; Remote - United States; expired_or_closed",medium_job_board,public_job_posting
Headspace Health,official_greenhouse,https://job-boards.greenhouse.io/hs/jobs/6580527,2026-05-14,"Illinois Remote Licensed Mental Health Therapist, 1099 Contractor; Remote - United States; expired_or_closed",medium_job_board,public_job_posting
Headspace Health,official_greenhouse,https://job-boards.greenhouse.io/hs/jobs/4723824,2026-05-14,Join our Talent Community as an Online Mental Health Coach!; Remote - United States; expired_or_closed,medium_job_board,public_job_posting
Headspace Health,official_greenhouse,https://job-boards.greenhouse.io/hs/jobs/4723816,2026-05-14,Join our Talent Community as a Part Time Therapist!; Remote - United States; expired_or_closed,medium_job_board,public_job_posting
Headspace Health,official_greenhouse,https://job-boards.greenhouse.io/hs/jobs/6577648,2026-05-14,"Kansas- Remote Mental Health Licensed Therapist, 1099 Contractor; Remote - United States; expired_or_closed",medium_job_board,public_job_posting
Headspace Health,official_greenhouse,https://job-boards.greenhouse.io/hs/jobs/6626831,2026-05-14,"Kentucky Remote Mental Health Licensed Therapist, 1099 Contractor; Remote - United States; expired_or_closed",medium_job_board,public_job_posting
Headspace Health,official_greenhouse,https://job-boards.greenhouse.io/hs/jobs/6685572,2026-05-14,"Maine Remote Licensed Therapist, 1099 Contractor; Remote - United States; expired_or_closed",medium_job_board,public_job_posting
Headspace Health,official_greenhouse,https://job-boards.greenhouse.io/hs/jobs/6583377,2026-05-14,"Maryland Remote Licensed Therapist, 1099 Contractor; Remote - United States; expired_or_closed",medium_job_board,public_job_posting
Headspace Health,official_greenhouse,https://job-boards.greenhouse.io/hs/jobs/6581069,2026-05-14,"Massachusetts Remote Licensed Mental Health Therapist, 1099 Contractor; Remote - United States; expired_or_closed",medium_job_board,public_job_posting
Headspace Health,official_greenhouse,https://job-boards.greenhouse.io/hs/jobs/6679118,2026-05-14,"Mississippi Remote Licensed Therapist, 1099 Contractor; Remote - United States; expired_or_closed",medium_job_board,public_job_posting
Headspace Health,official_greenhouse,https://job-boards.greenhouse.io/hs/jobs/6583402,2026-05-14,"Missouri Remote Licensed Therapist, 1099 Contractor; Remote - United States; expired_or_closed",medium_job_board,public_job_posting
Headspace Health,official_greenhouse,https://job-boards.greenhouse.io/hs/jobs/6573069,2026-05-14,"New Jersey- Remote Licensed Therapist, 1099 Contractor; Remote - United States; expired_or_closed",medium_job_board,public_job_posting
Headspace Health,official_greenhouse,https://job-boards.greenhouse.io/hs/jobs/6582721,2026-05-14,"North Carolina Remote Licensed Therapist, 1099 Contractor; Remote - United States; expired_or_closed",medium_job_board,public_job_posting
Headspace Health,official_greenhouse,https://job-boards.greenhouse.io/hs/jobs/6577393,2026-05-14,"Ohio Remote Licensed Mental Health Therapist, 1099 Contractor; Remote - United States; expired_or_closed",medium_job_board,public_job_posting
Headspace Health,official_greenhouse,https://job-boards.greenhouse.io/hs/jobs/6572980,2026-05-14,"Pennsylvania-Remote Licensed Mental Health Therapist, 1099 Contractor; Remote - United States; expired_or_closed",medium_job_board,public_job_posting
Headspace Health,official_greenhouse,https://job-boards.greenhouse.io/hs/jobs/7914893,2026-05-14,Principal Data Scientist; Remote - United States; verified_active,strong_official_job,public_job_posting
Headspace Health,official_greenhouse,https://job-boards.greenhouse.io/hs/jobs/7891502,2026-05-14,Principal Machine Learning Engineer; Remote - United States; verified_active,strong_official_job,public_job_posting
Headspace Health,official_greenhouse,https://job-boards.greenhouse.io/hs/jobs/6572951,2026-05-14,"Rhode Island- Remote Licensed Therapist, 1099 Contractor ; Remote - United States; expired_or_closed",medium_job_board,public_job_posting
Headspace Health,official_greenhouse,https://job-boards.greenhouse.io/hs/jobs/7776483,2026-05-14,Senior Data Engineer; Remote - United States; verified_active,strong_official_job,public_job_posting
Headspace Health,official_greenhouse,https://job-boards.greenhouse.io/hs/jobs/7776472,2026-05-14,Staff Data Engineer; Remote - United States; verified_active,strong_official_job,public_job_posting
Headspace Health,official_greenhouse,https://job-boards.greenhouse.io/hs/jobs/7891873,2026-05-14,Staff Machine Learning Engineer; Remote - United States; verified_active,strong_official_job,public_job_posting
Headspace Health,official_greenhouse,https://job-boards.greenhouse.io/hs/jobs/7594957,2026-05-14,"Staff Product Manager, MarTech; Remote - New York City, NY; Remote - Seattle, WA; Remote - United States; San Francisco - Hybrid; verified_active",strong_official_job,public_job_posting
Headspace Health,official_greenhouse,https://job-boards.greenhouse.io/hs/jobs/7767283,2026-05-14,"Staff Software Engineer, Mobile; Remote - United States; verified_active",strong_official_job,public_job_posting
Headspace Health,official_greenhouse,https://job-boards.greenhouse.io/hs/jobs/6572957,2026-05-14," Tennessee-Remote Mental Health Licensed Therapist, 1099 Contractor; Remote - United States; expired_or_closed",medium_job_board,public_job_posting
Headspace Health,official_greenhouse,https://job-boards.greenhouse.io/hs/jobs/6581079,2026-05-14,"Utah Remote Licensed Therapist, 1099 Contractor; Remote - United States; expired_or_closed",medium_job_board,public_job_posting
Headspace Health,official_greenhouse,https://job-boards.greenhouse.io/hs/jobs/6581085,2026-05-14,"Wisconsin Remote Mental Health Licensed Therapist, 1099 Contractor; Remote - United States; expired_or_closed",medium_job_board,public_job_posting
Headspace Health,linkedin_jobs,,2026-05-14,browser_required_not_executed; query emitted in job_search_queries.csv,gated_job_source,browser_or_login_required
Headspace Health,indeed_jobs,,2026-05-14,browser_required_not_executed; query emitted in job_search_queries.csv,gated_job_source,browser_or_login_required
Headspace Health,boss_jobs,,2026-05-14,browser_required_not_executed; query emitted in job_search_queries.csv,gated_job_source,browser_or_login_required
Headspace Health,51job_jobs,,2026-05-14,browser_required_not_executed; query emitted in job_search_queries.csv,gated_job_source,browser_or_login_required
春雨医生,linkedin_jobs,,2026-05-14,browser_required_not_executed; query emitted in job_search_queries.csv,gated_job_source,browser_or_login_required
春雨医生,indeed_jobs,,2026-05-14,browser_required_not_executed; query emitted in job_search_queries.csv,gated_job_source,browser_or_login_required
春雨医生,boss_jobs,,2026-05-14,browser_required_not_executed; query emitted in job_search_queries.csv,gated_job_source,browser_or_login_required
春雨医生,51job_jobs,,2026-05-14,browser_required_not_executed; query emitted in job_search_queries.csv,gated_job_source,browser_or_login_required
"Big Health, Inc.",linkedin_jobs,,2026-05-14,browser_required_not_executed; query emitted in job_search_queries.csv,gated_job_source,browser_or_login_required
"Big Health, Inc.",indeed_jobs,,2026-05-14,browser_required_not_executed; query emitted in job_search_queries.csv,gated_job_source,browser_or_login_required
"Big Health, Inc.",boss_jobs,,2026-05-14,browser_required_not_executed; query emitted in job_search_queries.csv,gated_job_source,browser_or_login_required
"Big Health, Inc.",51job_jobs,,2026-05-14,browser_required_not_executed; query emitted in job_search_queries.csv,gated_job_source,browser_or_login_required
丁香园,linkedin_jobs,,2026-05-14,browser_required_not_executed; query emitted in job_search_queries.csv,gated_job_source,browser_or_login_required
丁香园,indeed_jobs,,2026-05-14,browser_required_not_executed; query emitted in job_search_queries.csv,gated_job_source,browser_or_login_required
丁香园,boss_jobs,,2026-05-14,browser_required_not_executed; query emitted in job_search_queries.csv,gated_job_source,browser_or_login_required
丁香园,51job_jobs,,2026-05-14,browser_required_not_executed; query emitted in job_search_queries.csv,gated_job_source,browser_or_login_required
广州安必平医药科技股份有限公司,linkedin_jobs,,2026-05-14,browser_required_not_executed; query emitted in job_search_queries.csv,gated_job_source,browser_or_login_required
广州安必平医药科技股份有限公司,indeed_jobs,,2026-05-14,browser_required_not_executed; query emitted in job_search_queries.csv,gated_job_source,browser_or_login_required
广州安必平医药科技股份有限公司,boss_jobs,,2026-05-14,browser_required_not_executed; query emitted in job_search_queries.csv,gated_job_source,browser_or_login_required
广州安必平医药科技股份有限公司,51job_jobs,,2026-05-14,browser_required_not_executed; query emitted in job_search_queries.csv,gated_job_source,browser_or_login_required
广西医准智能科技有限公司,linkedin_jobs,,2026-05-14,browser_required_not_executed; query emitted in job_search_queries.csv,gated_job_source,browser_or_login_required
广西医准智能科技有限公司,indeed_jobs,,2026-05-14,browser_required_not_executed; query emitted in job_search_queries.csv,gated_job_source,browser_or_login_required
广西医准智能科技有限公司,boss_jobs,,2026-05-14,browser_required_not_executed; query emitted in job_search_queries.csv,gated_job_source,browser_or_login_required
广西医准智能科技有限公司,51job_jobs,,2026-05-14,browser_required_not_executed; query emitted in job_search_queries.csv,gated_job_source,browser_or_login_required
Ada Health,official_greenhouse,https://job-boards.greenhouse.io/adahealth/jobs/8367927002,2026-05-14,Engineering Manager - Integrations and Onboarding; Remote Canada; verified_active,strong_official_job,public_job_posting
Ada Health,official_greenhouse,https://job-boards.greenhouse.io/adahealth/jobs/8488980002,2026-05-14,"Senior AI Engineer; Berlin, Remote Germany, Remote United Kingdom; verified_active",strong_official_job,public_job_posting
Ada Health,linkedin_jobs,,2026-05-14,browser_required_not_executed; query emitted in job_search_queries.csv,gated_job_source,browser_or_login_required
Ada Health,indeed_jobs,,2026-05-14,browser_required_not_executed; query emitted in job_search_queries.csv,gated_job_source,browser_or_login_required
Ada Health,boss_jobs,,2026-05-14,browser_required_not_executed; query emitted in job_search_queries.csv,gated_job_source,browser_or_login_required
Ada Health,51job_jobs,,2026-05-14,browser_required_not_executed; query emitted in job_search_queries.csv,gated_job_source,browser_or_login_required
mySugr,linkedin_jobs,,2026-05-14,browser_required_not_executed; query emitted in job_search_queries.csv,gated_job_source,browser_or_login_required
mySugr,indeed_jobs,,2026-05-14,browser_required_not_executed; query emitted in job_search_queries.csv,gated_job_source,browser_or_login_required
mySugr,boss_jobs,,2026-05-14,browser_required_not_executed; query emitted in job_search_queries.csv,gated_job_source,browser_or_login_required
mySugr,51job_jobs,,2026-05-14,browser_required_not_executed; query emitted in job_search_queries.csv,gated_job_source,browser_or_login_required
Babylon Health,linkedin_jobs,,2026-05-14,browser_required_not_executed; query emitted in job_search_queries.csv,gated_job_source,browser_or_login_required
Babylon Health,indeed_jobs,,2026-05-14,browser_required_not_executed; query emitted in job_search_queries.csv,gated_job_source,browser_or_login_required
Babylon Health,boss_jobs,,2026-05-14,browser_required_not_executed; query emitted in job_search_queries.csv,gated_job_source,browser_or_login_required
Babylon Health,51job_jobs,,2026-05-14,browser_required_not_executed; query emitted in job_search_queries.csv,gated_job_source,browser_or_login_required
medrhythms,official_careers_timeout,https://www.medrhythms.com/,2026-05-14,company verification timed out after 45000ms,gated_or_unavailable_job_source,timeout
Sword Health,official_careers_timeout,https://swordhealth.com/,2026-05-14,company verification timed out after 45000ms,gated_or_unavailable_job_source,timeout
深圳市保身欣科技电子有限公司,linkedin_jobs,,2026-05-14,browser_required_not_executed; query emitted in job_search_queries.csv,gated_job_source,browser_or_login_required
深圳市保身欣科技电子有限公司,indeed_jobs,,2026-05-14,browser_required_not_executed; query emitted in job_search_queries.csv,gated_job_source,browser_or_login_required
深圳市保身欣科技电子有限公司,boss_jobs,,2026-05-14,browser_required_not_executed; query emitted in job_search_queries.csv,gated_job_source,browser_or_login_required
深圳市保身欣科技电子有限公司,51job_jobs,,2026-05-14,browser_required_not_executed; query emitted in job_search_queries.csv,gated_job_source,browser_or_login_required
"Lifescan, Inc.",linkedin_jobs,,2026-05-14,browser_required_not_executed; query emitted in job_search_queries.csv,gated_job_source,browser_or_login_required
"Lifescan, Inc.",indeed_jobs,,2026-05-14,browser_required_not_executed; query emitted in job_search_queries.csv,gated_job_source,browser_or_login_required
"Lifescan, Inc.",boss_jobs,,2026-05-14,browser_required_not_executed; query emitted in job_search_queries.csv,gated_job_source,browser_or_login_required
"Lifescan, Inc.",51job_jobs,,2026-05-14,browser_required_not_executed; query emitted in job_search_queries.csv,gated_job_source,browser_or_login_required
上海远心医疗科技有限公司,linkedin_jobs,,2026-05-14,browser_required_not_executed; query emitted in job_search_queries.csv,gated_job_source,browser_or_login_required
上海远心医疗科技有限公司,indeed_jobs,,2026-05-14,browser_required_not_executed; query emitted in job_search_queries.csv,gated_job_source,browser_or_login_required
上海远心医疗科技有限公司,boss_jobs,,2026-05-14,browser_required_not_executed; query emitted in job_search_queries.csv,gated_job_source,browser_or_login_required
上海远心医疗科技有限公司,51job_jobs,,2026-05-14,browser_required_not_executed; query emitted in job_search_queries.csv,gated_job_source,browser_or_login_required
北京新网医讯技术有限公司,linkedin_jobs,,2026-05-14,browser_required_not_executed; query emitted in job_search_queries.csv,gated_job_source,browser_or_login_required
北京新网医讯技术有限公司,indeed_jobs,,2026-05-14,browser_required_not_executed; query emitted in job_search_queries.csv,gated_job_source,browser_or_login_required
北京新网医讯技术有限公司,boss_jobs,,2026-05-14,browser_required_not_executed; query emitted in job_search_queries.csv,gated_job_source,browser_or_login_required
北京新网医讯技术有限公司,51job_jobs,,2026-05-14,browser_required_not_executed; query emitted in job_search_queries.csv,gated_job_source,browser_or_login_required
海南齐佳智能科技有限公司,linkedin_jobs,,2026-05-14,browser_required_not_executed; query emitted in job_search_queries.csv,gated_job_source,browser_or_login_required
海南齐佳智能科技有限公司,indeed_jobs,,2026-05-14,browser_required_not_executed; query emitted in job_search_queries.csv,gated_job_source,browser_or_login_required
海南齐佳智能科技有限公司,boss_jobs,,2026-05-14,browser_required_not_executed; query emitted in job_search_queries.csv,gated_job_source,browser_or_login_required
海南齐佳智能科技有限公司,51job_jobs,,2026-05-14,browser_required_not_executed; query emitted in job_search_queries.csv,gated_job_source,browser_or_login_required
"Murata Vios, Inc.",linkedin_jobs,,2026-05-14,browser_required_not_executed; query emitted in job_search_queries.csv,gated_job_source,browser_or_login_required
"Murata Vios, Inc.",indeed_jobs,,2026-05-14,browser_required_not_executed; query emitted in job_search_queries.csv,gated_job_source,browser_or_login_required
"Murata Vios, Inc.",boss_jobs,,2026-05-14,browser_required_not_executed; query emitted in job_search_queries.csv,gated_job_source,browser_or_login_required
"Murata Vios, Inc.",51job_jobs,,2026-05-14,browser_required_not_executed; query emitted in job_search_queries.csv,gated_job_source,browser_or_login_required
Tomtec Imaging Systems GmbH,linkedin_jobs,,2026-05-14,browser_required_not_executed; query emitted in job_search_queries.csv,gated_job_source,browser_or_login_required
Tomtec Imaging Systems GmbH,indeed_jobs,,2026-05-14,browser_required_not_executed; query emitted in job_search_queries.csv,gated_job_source,browser_or_login_required
Tomtec Imaging Systems GmbH,boss_jobs,,2026-05-14,browser_required_not_executed; query emitted in job_search_queries.csv,gated_job_source,browser_or_login_required
Tomtec Imaging Systems GmbH,51job_jobs,,2026-05-14,browser_required_not_executed; query emitted in job_search_queries.csv,gated_job_source,browser_or_login_required
Virta Health,official_ashby,https://jobs.ashbyhq.com/virtahealth/83c5bd8d-1959-43bc-8e5e-9cb8e7a05f59,2026-05-14,"Senior Software Engineer,  Activation; ; verified_active",strong_official_job,public_job_posting
Virta Health,official_ashby,https://jobs.ashbyhq.com/virtahealth/d2d6501f-f1ea-4633-8d4f-03a1fc55b2e5,2026-05-14,Senior Data Scientist; ; verified_active,strong_official_job,public_job_posting
Virta Health,official_ashby,https://jobs.ashbyhq.com/virtahealth/c8e0c07a-0c8d-49c1-b180-af0299801bdf,2026-05-14,Senior Software Engineer - Care Delivery; ; verified_active,strong_official_job,public_job_posting
Virta Health,official_ashby,https://jobs.ashbyhq.com/virtahealth/fa511be9-9186-44ef-9b56-ef39a33e8ae4,2026-05-14,Cloud Security Engineer; ; verified_active,strong_official_job,public_job_posting
Virta Health,linkedin_jobs,,2026-05-14,browser_required_not_executed; query emitted in job_search_queries.csv,gated_job_source,browser_or_login_required
Virta Health,indeed_jobs,,2026-05-14,browser_required_not_executed; query emitted in job_search_queries.csv,gated_job_source,browser_or_login_required
Virta Health,boss_jobs,,2026-05-14,browser_required_not_executed; query emitted in job_search_queries.csv,gated_job_source,browser_or_login_required
Virta Health,51job_jobs,,2026-05-14,browser_required_not_executed; query emitted in job_search_queries.csv,gated_job_source,browser_or_login_required
京东健康,linkedin_jobs,,2026-05-14,browser_required_not_executed; query emitted in job_search_queries.csv,gated_job_source,browser_or_login_required
京东健康,indeed_jobs,,2026-05-14,browser_required_not_executed; query emitted in job_search_queries.csv,gated_job_source,browser_or_login_required
京东健康,boss_jobs,,2026-05-14,browser_required_not_executed; query emitted in job_search_queries.csv,gated_job_source,browser_or_login_required
京东健康,51job_jobs,,2026-05-14,browser_required_not_executed; query emitted in job_search_queries.csv,gated_job_source,browser_or_login_required
北京锐视康科技发展有限公司,linkedin_jobs,,2026-05-14,browser_required_not_executed; query emitted in job_search_queries.csv,gated_job_source,browser_or_login_required
北京锐视康科技发展有限公司,indeed_jobs,,2026-05-14,browser_required_not_executed; query emitted in job_search_queries.csv,gated_job_source,browser_or_login_required
北京锐视康科技发展有限公司,boss_jobs,,2026-05-14,browser_required_not_executed; query emitted in job_search_queries.csv,gated_job_source,browser_or_login_required
北京锐视康科技发展有限公司,51job_jobs,,2026-05-14,browser_required_not_executed; query emitted in job_search_queries.csv,gated_job_source,browser_or_login_required
微脉,linkedin_jobs,,2026-05-14,browser_required_not_executed; query emitted in job_search_queries.csv,gated_job_source,browser_or_login_required
微脉,indeed_jobs,,2026-05-14,browser_required_not_executed; query emitted in job_search_queries.csv,gated_job_source,browser_or_login_required
微脉,boss_jobs,,2026-05-14,browser_required_not_executed; query emitted in job_search_queries.csv,gated_job_source,browser_or_login_required
微脉,51job_jobs,,2026-05-14,browser_required_not_executed; query emitted in job_search_queries.csv,gated_job_source,browser_or_login_required
阿里健康,linkedin_jobs,,2026-05-14,browser_required_not_executed; query emitted in job_search_queries.csv,gated_job_source,browser_or_login_required
阿里健康,indeed_jobs,,2026-05-14,browser_required_not_executed; query emitted in job_search_queries.csv,gated_job_source,browser_or_login_required
阿里健康,boss_jobs,,2026-05-14,browser_required_not_executed; query emitted in job_search_queries.csv,gated_job_source,browser_or_login_required
阿里健康,51job_jobs,,2026-05-14,browser_required_not_executed; query emitted in job_search_queries.csv,gated_job_source,browser_or_login_required
伯乐实验有限公司,linkedin_jobs,,2026-05-14,browser_required_not_executed; query emitted in job_search_queries.csv,gated_job_source,browser_or_login_required
伯乐实验有限公司,indeed_jobs,,2026-05-14,browser_required_not_executed; query emitted in job_search_queries.csv,gated_job_source,browser_or_login_required
伯乐实验有限公司,boss_jobs,,2026-05-14,browser_required_not_executed; query emitted in job_search_queries.csv,gated_job_source,browser_or_login_required
伯乐实验有限公司,51job_jobs,,2026-05-14,browser_required_not_executed; query emitted in job_search_queries.csv,gated_job_source,browser_or_login_required
安徽爱视睿医疗科技有限公司,linkedin_jobs,,2026-05-14,browser_required_not_executed; query emitted in job_search_queries.csv,gated_job_source,browser_or_login_required
安徽爱视睿医疗科技有限公司,indeed_jobs,,2026-05-14,browser_required_not_executed; query emitted in job_search_queries.csv,gated_job_source,browser_or_login_required
安徽爱视睿医疗科技有限公司,boss_jobs,,2026-05-14,browser_required_not_executed; query emitted in job_search_queries.csv,gated_job_source,browser_or_login_required
安徽爱视睿医疗科技有限公司,51job_jobs,,2026-05-14,browser_required_not_executed; query emitted in job_search_queries.csv,gated_job_source,browser_or_login_required
英国雅培糖尿病护理公司Abbott Diabetes Care Ltd.,linkedin_jobs,,2026-05-14,browser_required_not_executed; query emitted in job_search_queries.csv,gated_job_source,browser_or_login_required
英国雅培糖尿病护理公司Abbott Diabetes Care Ltd.,indeed_jobs,,2026-05-14,browser_required_not_executed; query emitted in job_search_queries.csv,gated_job_source,browser_or_login_required
英国雅培糖尿病护理公司Abbott Diabetes Care Ltd.,boss_jobs,,2026-05-14,browser_required_not_executed; query emitted in job_search_queries.csv,gated_job_source,browser_or_login_required
英国雅培糖尿病护理公司Abbott Diabetes Care Ltd.,51job_jobs,,2026-05-14,browser_required_not_executed; query emitted in job_search_queries.csv,gated_job_source,browser_or_login_required
welldoc,linkedin_jobs,,2026-05-14,browser_required_not_executed; query emitted in job_search_queries.csv,gated_job_source,browser_or_login_required
welldoc,indeed_jobs,,2026-05-14,browser_required_not_executed; query emitted in job_search_queries.csv,gated_job_source,browser_or_login_required
welldoc,boss_jobs,,2026-05-14,browser_required_not_executed; query emitted in job_search_queries.csv,gated_job_source,browser_or_login_required
welldoc,51job_jobs,,2026-05-14,browser_required_not_executed; query emitted in job_search_queries.csv,gated_job_source,browser_or_login_required
深圳市安普康科技有限公司,linkedin_jobs,,2026-05-14,browser_required_not_executed; query emitted in job_search_queries.csv,gated_job_source,browser_or_login_required
深圳市安普康科技有限公司,indeed_jobs,,2026-05-14,browser_required_not_executed; query emitted in job_search_queries.csv,gated_job_source,browser_or_login_required
深圳市安普康科技有限公司,boss_jobs,,2026-05-14,browser_required_not_executed; query emitted in job_search_queries.csv,gated_job_source,browser_or_login_required
深圳市安普康科技有限公司,51job_jobs,,2026-05-14,browser_required_not_executed; query emitted in job_search_queries.csv,gated_job_source,browser_or_login_required
健客,linkedin_jobs,,2026-05-14,browser_required_not_executed; query emitted in job_search_queries.csv,gated_job_source,browser_or_login_required
健客,indeed_jobs,,2026-05-14,browser_required_not_executed; query emitted in job_search_queries.csv,gated_job_source,browser_or_login_required
健客,boss_jobs,,2026-05-14,browser_required_not_executed; query emitted in job_search_queries.csv,gated_job_source,browser_or_login_required
健客,51job_jobs,,2026-05-14,browser_required_not_executed; query emitted in job_search_queries.csv,gated_job_source,browser_or_login_required
叮当快药,linkedin_jobs,,2026-05-14,browser_required_not_executed; query emitted in job_search_queries.csv,gated_job_source,browser_or_login_required
叮当快药,indeed_jobs,,2026-05-14,browser_required_not_executed; query emitted in job_search_queries.csv,gated_job_source,browser_or_login_required
叮当快药,boss_jobs,,2026-05-14,browser_required_not_executed; query emitted in job_search_queries.csv,gated_job_source,browser_or_login_required
叮当快药,51job_jobs,,2026-05-14,browser_required_not_executed; query emitted in job_search_queries.csv,gated_job_source,browser_or_login_required
好大夫在线,linkedin_jobs,,2026-05-14,browser_required_not_executed; query emitted in job_search_queries.csv,gated_job_source,browser_or_login_required
好大夫在线,indeed_jobs,,2026-05-14,browser_required_not_executed; query emitted in job_search_queries.csv,gated_job_source,browser_or_login_required
好大夫在线,boss_jobs,,2026-05-14,browser_required_not_executed; query emitted in job_search_queries.csv,gated_job_source,browser_or_login_required
好大夫在线,51job_jobs,,2026-05-14,browser_required_not_executed; query emitted in job_search_queries.csv,gated_job_source,browser_or_login_required
深圳市绘云生物科技有限公司,linkedin_jobs,,2026-05-14,browser_required_not_executed; query emitted in job_search_queries.csv,gated_job_source,browser_or_login_required
深圳市绘云生物科技有限公司,indeed_jobs,,2026-05-14,browser_required_not_executed; query emitted in job_search_queries.csv,gated_job_source,browser_or_login_required
深圳市绘云生物科技有限公司,boss_jobs,,2026-05-14,browser_required_not_executed; query emitted in job_search_queries.csv,gated_job_source,browser_or_login_required
深圳市绘云生物科技有限公司,51job_jobs,,2026-05-14,browser_required_not_executed; query emitted in job_search_queries.csv,gated_job_source,browser_or_login_required
"Arkray Factory USA, Inc.",linkedin_jobs,,2026-05-14,browser_required_not_executed; query emitted in job_search_queries.csv,gated_job_source,browser_or_login_required
"Arkray Factory USA, Inc.",indeed_jobs,,2026-05-14,browser_required_not_executed; query emitted in job_search_queries.csv,gated_job_source,browser_or_login_required
"Arkray Factory USA, Inc.",boss_jobs,,2026-05-14,browser_required_not_executed; query emitted in job_search_queries.csv,gated_job_source,browser_or_login_required
"Arkray Factory USA, Inc.",51job_jobs,,2026-05-14,browser_required_not_executed; query emitted in job_search_queries.csv,gated_job_source,browser_or_login_required
"United Health Group, Inc.",linkedin_jobs,,2026-05-14,browser_required_not_executed; query emitted in job_search_queries.csv,gated_job_source,browser_or_login_required
"United Health Group, Inc.",indeed_jobs,,2026-05-14,browser_required_not_executed; query emitted in job_search_queries.csv,gated_job_source,browser_or_login_required
"United Health Group, Inc.",boss_jobs,,2026-05-14,browser_required_not_executed; query emitted in job_search_queries.csv,gated_job_source,browser_or_login_required
"United Health Group, Inc.",51job_jobs,,2026-05-14,browser_required_not_executed; query emitted in job_search_queries.csv,gated_job_source,browser_or_login_required
健康160,linkedin_jobs,,2026-05-14,browser_required_not_executed; query emitted in job_search_queries.csv,gated_job_source,browser_or_login_required
健康160,indeed_jobs,,2026-05-14,browser_required_not_executed; query emitted in job_search_queries.csv,gated_job_source,browser_or_login_required
健康160,boss_jobs,,2026-05-14,browser_required_not_executed; query emitted in job_search_queries.csv,gated_job_source,browser_or_login_required
健康160,51job_jobs,,2026-05-14,browser_required_not_executed; query emitted in job_search_queries.csv,gated_job_source,browser_or_login_required
苏州塞伯坦医疗科技有限公司,linkedin_jobs,,2026-05-14,browser_required_not_executed; query emitted in job_search_queries.csv,gated_job_source,browser_or_login_required
苏州塞伯坦医疗科技有限公司,indeed_jobs,,2026-05-14,browser_required_not_executed; query emitted in job_search_queries.csv,gated_job_source,browser_or_login_required
苏州塞伯坦医疗科技有限公司,boss_jobs,,2026-05-14,browser_required_not_executed; query emitted in job_search_queries.csv,gated_job_source,browser_or_login_required
苏州塞伯坦医疗科技有限公司,51job_jobs,,2026-05-14,browser_required_not_executed; query emitted in job_search_queries.csv,gated_job_source,browser_or_login_required
青岛远程科技有限公司,linkedin_jobs,,2026-05-14,browser_required_not_executed; query emitted in job_search_queries.csv,gated_job_source,browser_or_login_required
青岛远程科技有限公司,indeed_jobs,,2026-05-14,browser_required_not_executed; query emitted in job_search_queries.csv,gated_job_source,browser_or_login_required
青岛远程科技有限公司,boss_jobs,,2026-05-14,browser_required_not_executed; query emitted in job_search_queries.csv,gated_job_source,browser_or_login_required
青岛远程科技有限公司,51job_jobs,,2026-05-14,browser_required_not_executed; query emitted in job_search_queries.csv,gated_job_source,browser_or_login_required
麦康迪（绍兴）科技有限公司,linkedin_jobs,,2026-05-14,browser_required_not_executed; query emitted in job_search_queries.csv,gated_job_source,browser_or_login_required
麦康迪（绍兴）科技有限公司,indeed_jobs,,2026-05-14,browser_required_not_executed; query emitted in job_search_queries.csv,gated_job_source,browser_or_login_required
麦康迪（绍兴）科技有限公司,boss_jobs,,2026-05-14,browser_required_not_executed; query emitted in job_search_queries.csv,gated_job_source,browser_or_login_required
麦康迪（绍兴）科技有限公司,51job_jobs,,2026-05-14,browser_required_not_executed; query emitted in job_search_queries.csv,gated_job_source,browser_or_login_required
